named_timeout=F165_DEPTH_TWO_RECURSIVE_SECTION_HARD_TIMEOUT
timeout_seconds=600
command=["/usr/local/bin/sage", "-python", "/Users/zhou/autoresearch/IntegerFactoring/experiments/F165_recursive_section_feedback/search.py", "--output", "/Users/zhou/autoresearch/IntegerFactoring/experiments/F165_recursive_section_feedback/ATTEMPT_20260811T165315Z.json"]
working_directory=/Users/zhou/autoresearch/IntegerFactoring/experiments/F165_recursive_section_feedback
registration={"authoritative_command": "/usr/local/bin/sage -python run_with_timeout.py", "closest_prior": ["F156 V2 nonrecursive sparse decorated-section feedback", "F109 finite factor-assisted recursive feedback rescue"], "corpus_rule": "first 64 lexicographic distinct-prime pairs (p,q) in [10000,20000] with p<q<2p; public analysis receives only N=pq", "corpus_sha256": null, "experiment_id": "F165-D01", "frozen_files": {"DESIGN.md": "ea115dfa9b1a49e5371f758f91743278f02bc6a5d6ec7316c49db18bdad5ef57", "FAILED_RUNS.md": "ed44de769f8b53361768ea1199d9c3ba610d7cb5e2e3dffb0ef0b1bdb63a5ca8", "QUESTION.md": "45b42964446c5103c6bb1d81992451a7d4a21f2a8c4f7b7bc62bd03150ca4805", "run_with_timeout.py": "5530b2604cf3e4029fb8afbd8c72711a0558a5739727cd166b12dd931c4c26ea", "search.py": "2a7852f8438003f0db1dd49b7721d02ae2c1cfcea8b114f1e58cc69b74f04427"}, "inference_boundary": "Finite capability classification only. No density, minimality, all-input, or asymptotic inference.", "material_difference": "Retained level-one canonical-inverse records enter the public union decoder and can change the actual first-occurrence decorated-section basis used by the frozen level-two scan.", "parameters": {"base_seed_rule": "all units 2<=c<=n+1", "corpus_size": 64, "prime_high_inclusive": 20000, "prime_low_inclusive": 10000, "recursive_levels": 2, "support_cap": 2}, "positive_replay_rule": "Every reported positive certificate is replayed by replay_n_only_certificate(N, certificate), which has no p or q input.", "status": "FROZEN_BEFORE_AUTHORITATIVE_RUN", "timeout_name": "F165_DEPTH_TWO_RECURSIVE_SECTION_HARD_TIMEOUT", "timeout_seconds": 600, "upstream_pins": {"PROMPT.md": "a4a85d0fc0cc540af7d2ab410dc8d7b6e6bf8a72dc2037509cb0999ddc9ee938", "experiments/F152_decorated_squareclass_extension/V2_PROOF.md": "46b45cc752f5524670431cd288b5b5baa6cb246d1f536f447e095e85a3824c67", "experiments/F152_decorated_squareclass_extension/V2_STATEMENT.md": "3f5b232d6bdeb9ca6a70cecd2bdfc0e1307406de3f84a23c953c59323fcfc78e", "experiments/F156_sparse_section_feedback_source/V2_PROOF.md": "37e80fc0600eeb5a178f9e31c1f68f17b29ba3ed8837dcb5e391be0d6e5ef685", "experiments/F156_sparse_section_feedback_source/V2_STATEMENT.md": "71b640469c0f57440d8e290b63af411eb33ee08b08c814413b5a04fff1c7d3dc", "experiments/F157_sparse_section_feedback_capability/search.py": "1f9bf511a8a0d5783dfcbca891d7e4022e158382395b3925cb38241ee2d6cb69"}}
F165 instance 1/64: N=100160063
N=100160063 base: normalized round 1, entries=12, mask_incidences=12, large_masks=0
N=100160063 base: refine round 1, active=20, final=2, batch_splits=10, forced=0
N=100160063 base: normalized round 2, entries=20, mask_incidences=20, large_masks=0
N=100160063 base: refine round 2, active=14, final=12, batch_splits=10, forced=4
N=100160063 base: normalized round 3, entries=9, mask_incidences=14, large_masks=0
N=100160063 base: refine round 3, active=13, final=12, batch_splits=10, forced=8
N=100160063 base: normalized round 4, entries=6, mask_incidences=17, large_masks=0
N=100160063 base: refine round 4, active=4, final=15, batch_splits=11, forced=8
N=100160063 base: normalized round 5, entries=3, mask_incidences=7, large_masks=0
N=100160063 base: refine round 5, active=4, final=15, batch_splits=11, forced=9
N=100160063 base: normalized round 6, entries=2, mask_incidences=6, large_masks=0
N=100160063 base: refine round 6, active=0, final=17, batch_splits=11, forced=9
N=100160063 level_1 union: normalized round 1, entries=13, mask_incidences=13, large_masks=0
N=100160063 level_1 union: refine round 1, active=22, final=2, batch_splits=11, forced=0
N=100160063 level_1 union: normalized round 2, entries=22, mask_incidences=22, large_masks=0
N=100160063 level_1 union: refine round 2, active=15, final=13, batch_splits=11, forced=4
N=100160063 level_1 union: normalized round 3, entries=10, mask_incidences=13, large_masks=0
N=100160063 level_1 union: refine round 3, active=14, final=13, batch_splits=11, forced=8
N=100160063 level_1 union: normalized round 4, entries=8, mask_incidences=18, large_masks=0
N=100160063 level_1 union: refine round 4, active=11, final=13, batch_splits=11, forced=11
N=100160063 level_1 union: normalized round 5, entries=6, mask_incidences=19, large_masks=0
N=100160063 level_1 union: refine round 5, active=4, final=16, batch_splits=12, forced=11
N=100160063 level_1 union: normalized round 6, entries=3, mask_incidences=9, large_masks=0
N=100160063 level_1 union: refine round 6, active=4, final=16, batch_splits=12, forced=12
N=100160063 level_1 union: normalized round 7, entries=2, mask_incidences=8, large_masks=0
N=100160063 level_1 union: refine round 7, active=0, final=18, batch_splits=12, forced=12
N=100160063 level_2 union: normalized round 1, entries=13, mask_incidences=13, large_masks=0
N=100160063 level_2 union: refine round 1, active=22, final=2, batch_splits=11, forced=0
N=100160063 level_2 union: normalized round 2, entries=22, mask_incidences=22, large_masks=0
N=100160063 level_2 union: refine round 2, active=15, final=13, batch_splits=11, forced=4
N=100160063 level_2 union: normalized round 3, entries=10, mask_incidences=13, large_masks=0
N=100160063 level_2 union: refine round 3, active=14, final=13, batch_splits=11, forced=8
N=100160063 level_2 union: normalized round 4, entries=8, mask_incidences=18, large_masks=0
N=100160063 level_2 union: refine round 4, active=11, final=13, batch_splits=11, forced=11
N=100160063 level_2 union: normalized round 5, entries=6, mask_incidences=19, large_masks=0
N=100160063 level_2 union: refine round 5, active=4, final=16, batch_splits=12, forced=11
N=100160063 level_2 union: normalized round 6, entries=3, mask_incidences=9, large_masks=0
N=100160063 level_2 union: refine round 6, active=4, final=16, batch_splits=12, forced=12
N=100160063 level_2 union: normalized round 7, entries=2, mask_incidences=8, large_masks=0
N=100160063 level_2 union: refine round 7, active=0, final=18, batch_splits=12, forced=12
F165 instance 2/64: N=100440259
N=100440259 base: normalized round 1, entries=9, mask_incidences=9, large_masks=0
N=100440259 base: refine round 1, active=18, final=0, batch_splits=9, forced=0
N=100440259 base: normalized round 2, entries=16, mask_incidences=17, large_masks=0
N=100440259 base: refine round 2, active=13, final=6, batch_splits=12, forced=0
N=100440259 base: normalized round 3, entries=13, mask_incidences=14, large_masks=0
N=100440259 base: refine round 3, active=14, final=9, batch_splits=12, forced=4
N=100440259 base: normalized round 4, entries=8, mask_incidences=16, large_masks=0
N=100440259 base: refine round 4, active=11, final=9, batch_splits=12, forced=7
N=100440259 base: normalized round 5, entries=5, mask_incidences=11, large_masks=0
N=100440259 base: refine round 5, active=0, final=14, batch_splits=12, forced=7
N=100440259 level_1 union: normalized round 1, entries=13, mask_incidences=13, large_masks=0
N=100440259 level_1 union: refine round 1, active=26, final=0, batch_splits=13, forced=0
N=100440259 level_1 union: normalized round 2, entries=25, mask_incidences=26, large_masks=0
N=100440259 level_1 union: refine round 2, active=16, final=13, batch_splits=13, forced=4
N=100440259 level_1 union: normalized round 3, entries=12, mask_incidences=18, large_masks=0
N=100440259 level_1 union: refine round 3, active=13, final=13, batch_splits=14, forced=4
N=100440259 level_1 union: normalized round 4, entries=12, mask_incidences=18, large_masks=0
N=100440259 level_1 union: refine round 4, active=15, final=14, batch_splits=14, forced=8
N=100440259 level_1 union: normalized round 5, entries=11, mask_incidences=18, large_masks=0
N=100440259 level_1 union: refine round 5, active=13, final=15, batch_splits=14, forced=11
N=100440259 level_1 union: normalized round 6, entries=7, mask_incidences=19, large_masks=0
N=100440259 level_1 union: refine round 6, active=6, final=17, batch_splits=15, forced=11
N=100440259 level_1 union: normalized round 7, entries=5, mask_incidences=14, large_masks=0
N=100440259 level_1 union: refine round 7, active=6, final=17, batch_splits=15, forced=12
N=100440259 level_1 union: normalized round 8, entries=5, mask_incidences=13, large_masks=0
N=100440259 level_1 union: refine round 8, active=6, final=17, batch_splits=15, forced=13
N=100440259 level_1 union: normalized round 9, entries=5, mask_incidences=14, large_masks=0
N=100440259 level_1 union: refine round 9, active=7, final=17, batch_splits=15, forced=15
N=100440259 level_1 union: normalized round 10, entries=4, mask_incidences=16, large_masks=0
N=100440259 level_1 union: refine round 10, active=4, final=18, batch_splits=16, forced=15
N=100440259 level_1 union: normalized round 11, entries=3, mask_incidences=11, large_masks=0
N=100440259 level_1 union: refine round 11, active=4, final=18, batch_splits=16, forced=16
N=100440259 level_1 union: normalized round 12, entries=2, mask_incidences=10, large_masks=0
N=100440259 level_1 union: refine round 12, active=0, final=20, batch_splits=16, forced=16
N=100440259 level_2 union: normalized round 1, entries=15, mask_incidences=15, large_masks=0
N=100440259 level_2 union: refine round 1, active=30, final=0, batch_splits=15, forced=0
N=100440259 level_2 union: normalized round 2, entries=29, mask_incidences=30, large_masks=0
N=100440259 level_2 union: refine round 2, active=20, final=15, batch_splits=15, forced=6
N=100440259 level_2 union: normalized round 3, entries=16, mask_incidences=24, large_masks=0
N=100440259 level_2 union: refine round 3, active=23, final=15, batch_splits=15, forced=13
N=100440259 level_2 union: normalized round 4, entries=11, mask_incidences=30, large_masks=0
N=100440259 level_2 union: refine round 4, active=10, final=17, batch_splits=16, forced=13
N=100440259 level_2 union: normalized round 5, entries=8, mask_incidences=25, large_masks=0
N=100440259 level_2 union: refine round 5, active=11, final=17, batch_splits=16, forced=16
N=100440259 level_2 union: normalized round 6, entries=5, mask_incidences=27, large_masks=0
N=100440259 level_2 union: refine round 6, active=0, final=22, batch_splits=16, forced=16
F165 instance 3/64: N=100460273
N=100460273 base: normalized round 1, entries=10, mask_incidences=10, large_masks=0
N=100460273 base: refine round 1, active=18, final=1, batch_splits=9, forced=0
N=100460273 base: normalized round 2, entries=18, mask_incidences=18, large_masks=0
N=100460273 base: refine round 2, active=13, final=8, batch_splits=11, forced=0
N=100460273 base: normalized round 3, entries=13, mask_incidences=13, large_masks=0
N=100460273 base: refine round 3, active=15, final=10, batch_splits=11, forced=4
N=100460273 base: normalized round 4, entries=8, mask_incidences=13, large_masks=0
N=100460273 base: refine round 4, active=8, final=11, batch_splits=12, forced=4
N=100460273 base: normalized round 5, entries=7, mask_incidences=12, large_masks=0
N=100460273 base: refine round 5, active=10, final=11, batch_splits=12, forced=7
N=100460273 base: normalized round 6, entries=6, mask_incidences=14, large_masks=0
N=100460273 base: refine round 6, active=6, final=12, batch_splits=13, forced=7
N=100460273 base: normalized round 7, entries=5, mask_incidences=13, large_masks=0
N=100460273 base: refine round 7, active=7, final=12, batch_splits=13, forced=9
N=100460273 base: normalized round 8, entries=3, mask_incidences=11, large_masks=0
N=100460273 base: refine round 8, active=0, final=15, batch_splits=13, forced=9
N=100460273 level_1 union: normalized round 1, entries=14, mask_incidences=14, large_masks=0
N=100460273 level_1 union: refine round 1, active=28, final=0, batch_splits=14, forced=0
N=100460273 level_1 union: normalized round 2, entries=28, mask_incidences=28, large_masks=0
N=100460273 level_1 union: refine round 2, active=20, final=14, batch_splits=14, forced=6
N=100460273 level_1 union: normalized round 3, entries=12, mask_incidences=21, large_masks=0
N=100460273 level_1 union: refine round 3, active=15, final=15, batch_splits=14, forced=10
N=100460273 level_1 union: normalized round 4, entries=11, mask_incidences=24, large_masks=0
N=100460273 level_1 union: refine round 4, active=15, final=16, batch_splits=14, forced=15
N=100460273 level_1 union: normalized round 5, entries=7, mask_incidences=22, large_masks=0
N=100460273 level_1 union: refine round 5, active=6, final=18, batch_splits=15, forced=15
N=100460273 level_1 union: normalized round 6, entries=5, mask_incidences=18, large_masks=0
N=100460273 level_1 union: refine round 6, active=7, final=18, batch_splits=15, forced=17
N=100460273 level_1 union: normalized round 7, entries=4, mask_incidences=16, large_masks=0
N=100460273 level_1 union: refine round 7, active=4, final=19, batch_splits=16, forced=17
N=100460273 level_1 union: normalized round 8, entries=3, mask_incidences=8, large_masks=0
N=100460273 level_1 union: refine round 8, active=4, final=19, batch_splits=16, forced=18
N=100460273 level_1 union: normalized round 9, entries=2, mask_incidences=7, large_masks=0
N=100460273 level_1 union: refine round 9, active=0, final=21, batch_splits=16, forced=18
N=100460273 level_2 union: normalized round 1, entries=18, mask_incidences=18, large_masks=0
N=100460273 level_2 union: refine round 1, active=36, final=0, batch_splits=18, forced=0
N=100460273 level_2 union: normalized round 2, entries=36, mask_incidences=36, large_masks=0
N=100460273 level_2 union: refine round 2, active=26, final=18, batch_splits=18, forced=8
N=100460273 level_2 union: normalized round 3, entries=17, mask_incidences=27, large_masks=0
N=100460273 level_2 union: refine round 3, active=22, final=19, batch_splits=18, forced=14
N=100460273 level_2 union: normalized round 4, entries=13, mask_incidences=33, large_masks=0
N=100460273 level_2 union: refine round 4, active=17, final=20, batch_splits=18, forced=19
N=100460273 level_2 union: normalized round 5, entries=7, mask_incidences=31, large_masks=0
N=100460273 level_2 union: refine round 5, active=6, final=22, batch_splits=19, forced=19
N=100460273 level_2 union: normalized round 6, entries=5, mask_incidences=24, large_masks=0
N=100460273 level_2 union: refine round 6, active=7, final=22, batch_splits=19, forced=21
N=100460273 level_2 union: normalized round 7, entries=3, mask_incidences=23, large_masks=0
N=100460273 level_2 union: refine round 7, active=0, final=25, batch_splits=19, forced=21
F165 instance 4/64: N=100680427
N=100680427 base: normalized round 1, entries=14, mask_incidences=14, large_masks=0
N=100680427 base: refine round 1, active=26, final=1, batch_splits=13, forced=0
N=100680427 base: normalized round 2, entries=24, mask_incidences=24, large_masks=0
N=100680427 base: refine round 2, active=12, final=14, batch_splits=14, forced=0
N=100680427 base: normalized round 3, entries=12, mask_incidences=12, large_masks=0
N=100680427 base: refine round 3, active=17, final=14, batch_splits=14, forced=5
N=100680427 base: normalized round 4, entries=9, mask_incidences=17, large_masks=0
N=100680427 base: refine round 4, active=8, final=16, batch_splits=15, forced=5
N=100680427 base: normalized round 5, entries=7, mask_incidences=12, large_masks=0
N=100680427 base: refine round 5, active=10, final=16, batch_splits=15, forced=8
N=100680427 base: normalized round 6, entries=5, mask_incidences=13, large_masks=0
N=100680427 base: refine round 6, active=4, final=18, batch_splits=16, forced=8
N=100680427 base: normalized round 7, entries=3, mask_incidences=5, large_masks=0
N=100680427 base: refine round 7, active=4, final=18, batch_splits=16, forced=9
N=100680427 base: normalized round 8, entries=2, mask_incidences=6, large_masks=0
N=100680427 base: refine round 8, active=0, final=20, batch_splits=16, forced=9
N=100680427 level_1 union: normalized round 1, entries=16, mask_incidences=16, large_masks=0
N=100680427 level_1 union: refine round 1, active=30, final=1, batch_splits=15, forced=0
N=100680427 level_1 union: normalized round 2, entries=28, mask_incidences=28, large_masks=0
N=100680427 level_1 union: refine round 2, active=18, final=16, batch_splits=15, forced=5
N=100680427 level_1 union: normalized round 3, entries=12, mask_incidences=19, large_masks=0
N=100680427 level_1 union: refine round 3, active=14, final=18, batch_splits=15, forced=9
N=100680427 level_1 union: normalized round 4, entries=7, mask_incidences=18, large_masks=0
N=100680427 level_1 union: refine round 4, active=8, final=19, batch_splits=15, forced=11
N=100680427 level_1 union: normalized round 5, entries=5, mask_incidences=15, large_masks=0
N=100680427 level_1 union: refine round 5, active=5, final=20, batch_splits=16, forced=11
N=100680427 level_1 union: normalized round 6, entries=3, mask_incidences=11, large_masks=0
N=100680427 level_1 union: refine round 6, active=4, final=20, batch_splits=16, forced=12
N=100680427 level_1 union: normalized round 7, entries=2, mask_incidences=9, large_masks=0
N=100680427 level_1 union: refine round 7, active=0, final=22, batch_splits=16, forced=12
N=100680427 level_2 union: normalized round 1, entries=17, mask_incidences=17, large_masks=0
N=100680427 level_2 union: refine round 1, active=32, final=1, batch_splits=16, forced=0
N=100680427 level_2 union: normalized round 2, entries=30, mask_incidences=30, large_masks=0
N=100680427 level_2 union: refine round 2, active=19, final=17, batch_splits=16, forced=5
N=100680427 level_2 union: normalized round 3, entries=13, mask_incidences=20, large_masks=0
N=100680427 level_2 union: refine round 3, active=15, final=19, batch_splits=16, forced=9
N=100680427 level_2 union: normalized round 4, entries=7, mask_incidences=17, large_masks=0
N=100680427 level_2 union: refine round 4, active=8, final=20, batch_splits=16, forced=11
N=100680427 level_2 union: normalized round 5, entries=5, mask_incidences=12, large_masks=0
N=100680427 level_2 union: refine round 5, active=5, final=21, batch_splits=17, forced=11
N=100680427 level_2 union: normalized round 6, entries=3, mask_incidences=8, large_masks=0
N=100680427 level_2 union: refine round 6, active=4, final=21, batch_splits=17, forced=12
N=100680427 level_2 union: normalized round 7, entries=2, mask_incidences=9, large_masks=0
N=100680427 level_2 union: refine round 7, active=0, final=23, batch_splits=17, forced=12
F165 instance 5/64: N=100740469
N=100740469 base: normalized round 1, entries=9, mask_incidences=9, large_masks=0
N=100740469 base: refine round 1, active=18, final=0, batch_splits=9, forced=0
N=100740469 base: normalized round 2, entries=17, mask_incidences=17, large_masks=0
N=100740469 base: refine round 2, active=10, final=8, batch_splits=10, forced=0
N=100740469 base: normalized round 3, entries=10, mask_incidences=10, large_masks=0
N=100740469 base: refine round 3, active=11, final=9, batch_splits=10, forced=2
N=100740469 base: normalized round 4, entries=9, mask_incidences=11, large_masks=0
N=100740469 base: refine round 4, active=13, final=9, batch_splits=10, forced=6
N=100740469 base: normalized round 5, entries=9, mask_incidences=14, large_masks=0
N=100740469 base: refine round 5, active=12, final=9, batch_splits=10, forced=9
N=100740469 base: normalized round 6, entries=7, mask_incidences=13, large_masks=0
N=100740469 base: refine round 6, active=7, final=10, batch_splits=11, forced=9
N=100740469 base: normalized round 7, entries=6, mask_incidences=11, large_masks=0
N=100740469 base: refine round 7, active=8, final=10, batch_splits=11, forced=11
N=100740469 base: normalized round 8, entries=5, mask_incidences=11, large_masks=0
N=100740469 base: refine round 8, active=4, final=12, batch_splits=12, forced=11
N=100740469 base: normalized round 9, entries=3, mask_incidences=4, large_masks=0
N=100740469 base: refine round 9, active=4, final=12, batch_splits=12, forced=12
N=100740469 base: normalized round 10, entries=2, mask_incidences=3, large_masks=0
N=100740469 base: refine round 10, active=0, final=14, batch_splits=12, forced=12
N=100740469 level_1 union: normalized round 1, entries=11, mask_incidences=11, large_masks=0
N=100740469 level_1 union: refine round 1, active=22, final=0, batch_splits=11, forced=0
N=100740469 level_1 union: normalized round 2, entries=21, mask_incidences=21, large_masks=0
N=100740469 level_1 union: refine round 2, active=15, final=11, batch_splits=11, forced=5
N=100740469 level_1 union: normalized round 3, entries=9, mask_incidences=17, large_masks=0
N=100740469 level_1 union: refine round 3, active=11, final=11, batch_splits=13, forced=5
N=100740469 level_1 union: normalized round 4, entries=9, mask_incidences=20, large_masks=0
N=100740469 level_1 union: refine round 4, active=9, final=12, batch_splits=14, forced=5
N=100740469 level_1 union: normalized round 5, entries=8, mask_incidences=17, large_masks=0
N=100740469 level_1 union: refine round 5, active=12, final=12, batch_splits=14, forced=9
N=100740469 level_1 union: normalized round 6, entries=6, mask_incidences=17, large_masks=0
N=100740469 level_1 union: refine round 6, active=4, final=15, batch_splits=15, forced=9
N=100740469 level_1 union: normalized round 7, entries=3, mask_incidences=10, large_masks=0
N=100740469 level_1 union: refine round 7, active=4, final=15, batch_splits=15, forced=10
N=100740469 level_1 union: normalized round 8, entries=2, mask_incidences=9, large_masks=0
N=100740469 level_1 union: refine round 8, active=0, final=17, batch_splits=15, forced=10
N=100740469 level_2 union: normalized round 1, entries=14, mask_incidences=14, large_masks=0
N=100740469 level_2 union: refine round 1, active=28, final=0, batch_splits=14, forced=0
N=100740469 level_2 union: normalized round 2, entries=27, mask_incidences=27, large_masks=0
N=100740469 level_2 union: refine round 2, active=19, final=14, batch_splits=14, forced=6
N=100740469 level_2 union: normalized round 3, entries=11, mask_incidences=19, large_masks=0
N=100740469 level_2 union: refine round 3, active=12, final=14, batch_splits=15, forced=6
N=100740469 level_2 union: normalized round 4, entries=11, mask_incidences=21, large_masks=0
N=100740469 level_2 union: refine round 4, active=13, final=15, batch_splits=15, forced=9
N=100740469 level_2 union: normalized round 5, entries=9, mask_incidences=20, large_masks=0
N=100740469 level_2 union: refine round 5, active=10, final=15, batch_splits=16, forced=9
N=100740469 level_2 union: normalized round 6, entries=9, mask_incidences=21, large_masks=0
N=100740469 level_2 union: refine round 6, active=13, final=15, batch_splits=16, forced=13
N=100740469 level_2 union: normalized round 7, entries=7, mask_incidences=22, large_masks=0
N=100740469 level_2 union: refine round 7, active=6, final=17, batch_splits=17, forced=13
N=100740469 level_2 union: normalized round 8, entries=5, mask_incidences=15, large_masks=0
N=100740469 level_2 union: refine round 8, active=7, final=17, batch_splits=17, forced=15
N=100740469 level_2 union: normalized round 9, entries=5, mask_incidences=17, large_masks=0
N=100740469 level_2 union: refine round 9, active=5, final=18, batch_splits=18, forced=15
N=100740469 level_2 union: normalized round 10, entries=4, mask_incidences=14, large_masks=0
N=100740469 level_2 union: refine round 10, active=6, final=18, batch_splits=18, forced=17
N=100740469 level_2 union: normalized round 11, entries=3, mask_incidences=14, large_masks=0
N=100740469 level_2 union: refine round 11, active=0, final=21, batch_splits=18, forced=17
F165 instance 6/64: N=100760483
N=100760483 base: normalized round 1, entries=8, mask_incidences=8, large_masks=0
N=100760483 base: refine round 1, active=16, final=0, batch_splits=8, forced=0
N=100760483 base: normalized round 2, entries=15, mask_incidences=15, large_masks=0
N=100760483 base: refine round 2, active=9, final=7, batch_splits=9, forced=0
N=100760483 base: normalized round 3, entries=9, mask_incidences=9, large_masks=0
N=100760483 base: refine round 3, active=11, final=8, batch_splits=9, forced=3
N=100760483 base: normalized round 4, entries=6, mask_incidences=8, large_masks=0
N=100760483 base: refine round 4, active=7, final=8, batch_splits=10, forced=3
N=100760483 base: normalized round 5, entries=6, mask_incidences=9, large_masks=0
N=100760483 base: refine round 5, active=7, final=9, batch_splits=10, forced=5
N=100760483 base: normalized round 6, entries=4, mask_incidences=11, large_masks=0
N=100760483 base: refine round 6, active=4, final=10, batch_splits=11, forced=5
N=100760483 base: normalized round 7, entries=3, mask_incidences=9, large_masks=0
N=100760483 base: refine round 7, active=4, final=10, batch_splits=11, forced=6
N=100760483 base: normalized round 8, entries=2, mask_incidences=8, large_masks=0
N=100760483 base: refine round 8, active=0, final=12, batch_splits=11, forced=6
N=100760483 level_1 union: normalized round 1, entries=9, mask_incidences=9, large_masks=0
N=100760483 level_1 union: refine round 1, active=18, final=0, batch_splits=9, forced=0
N=100760483 level_1 union: normalized round 2, entries=17, mask_incidences=17, large_masks=0
N=100760483 level_1 union: refine round 2, active=10, final=8, batch_splits=10, forced=0
N=100760483 level_1 union: normalized round 3, entries=10, mask_incidences=10, large_masks=0
N=100760483 level_1 union: refine round 3, active=13, final=9, batch_splits=10, forced=4
N=100760483 level_1 union: normalized round 4, entries=9, mask_incidences=11, large_masks=0
N=100760483 level_1 union: refine round 4, active=10, final=9, batch_splits=11, forced=4
N=100760483 level_1 union: normalized round 5, entries=9, mask_incidences=12, large_masks=0
N=100760483 level_1 union: refine round 5, active=11, final=10, batch_splits=11, forced=7
N=100760483 level_1 union: normalized round 6, entries=7, mask_incidences=15, large_masks=0
N=100760483 level_1 union: refine round 6, active=7, final=11, batch_splits=12, forced=7
N=100760483 level_1 union: normalized round 7, entries=6, mask_incidences=15, large_masks=0
N=100760483 level_1 union: refine round 7, active=8, final=11, batch_splits=12, forced=9
N=100760483 level_1 union: normalized round 8, entries=4, mask_incidences=14, large_masks=0
N=100760483 level_1 union: refine round 8, active=4, final=12, batch_splits=13, forced=9
N=100760483 level_1 union: normalized round 9, entries=3, mask_incidences=10, large_masks=0
N=100760483 level_1 union: refine round 9, active=4, final=12, batch_splits=13, forced=10
N=100760483 level_1 union: normalized round 10, entries=2, mask_incidences=7, large_masks=0
N=100760483 level_1 union: refine round 10, active=0, final=14, batch_splits=13, forced=10
N=100760483 level_2 union: normalized round 1, entries=10, mask_incidences=10, large_masks=0
N=100760483 level_2 union: refine round 1, active=20, final=0, batch_splits=10, forced=0
N=100760483 level_2 union: normalized round 2, entries=19, mask_incidences=19, large_masks=0
N=100760483 level_2 union: refine round 2, active=13, final=10, batch_splits=10, forced=4
N=100760483 level_2 union: normalized round 3, entries=10, mask_incidences=15, large_masks=0
N=100760483 level_2 union: refine round 3, active=14, final=10, batch_splits=10, forced=8
N=100760483 level_2 union: normalized round 4, entries=8, mask_incidences=20, large_masks=0
N=100760483 level_2 union: refine round 4, active=8, final=11, batch_splits=11, forced=8
N=100760483 level_2 union: normalized round 5, entries=7, mask_incidences=18, large_masks=0
N=100760483 level_2 union: refine round 5, active=10, final=11, batch_splits=11, forced=11
N=100760483 level_2 union: normalized round 6, entries=6, mask_incidences=16, large_masks=0
N=100760483 level_2 union: refine round 6, active=6, final=12, batch_splits=12, forced=11
N=100760483 level_2 union: normalized round 7, entries=6, mask_incidences=13, large_masks=0
N=100760483 level_2 union: refine round 7, active=8, final=12, batch_splits=12, forced=13
N=100760483 level_2 union: normalized round 8, entries=5, mask_incidences=15, large_masks=0
N=100760483 level_2 union: refine round 8, active=5, final=13, batch_splits=12, forced=14
N=100760483 level_2 union: normalized round 9, entries=4, mask_incidences=12, large_masks=0
N=100760483 level_2 union: refine round 9, active=4, final=14, batch_splits=12, forced=15
N=100760483 level_2 union: normalized round 10, entries=2, mask_incidences=6, large_masks=0
N=100760483 level_2 union: refine round 10, active=0, final=16, batch_splits=12, forced=15
F165 instance 7/64: N=100860553
N=100860553 base: normalized round 1, entries=15, mask_incidences=15, large_masks=0
N=100860553 base: refine round 1, active=30, final=0, batch_splits=15, forced=0
N=100860553 base: normalized round 2, entries=28, mask_incidences=28, large_masks=0
N=100860553 base: refine round 2, active=17, final=15, batch_splits=15, forced=4
N=100860553 base: normalized round 3, entries=11, mask_incidences=18, large_masks=0
N=100860553 base: refine round 3, active=14, final=16, batch_splits=15, forced=8
N=100860553 base: normalized round 4, entries=7, mask_incidences=19, large_masks=0
N=100860553 base: refine round 4, active=6, final=18, batch_splits=16, forced=8
N=100860553 base: normalized round 5, entries=5, mask_incidences=15, large_masks=0
N=100860553 base: refine round 5, active=7, final=18, batch_splits=16, forced=10
N=100860553 base: normalized round 6, entries=5, mask_incidences=15, large_masks=0
N=100860553 base: refine round 6, active=5, final=19, batch_splits=17, forced=10
N=100860553 base: normalized round 7, entries=4, mask_incidences=11, large_masks=0
N=100860553 base: refine round 7, active=5, final=19, batch_splits=17, forced=11
N=100860553 base: normalized round 8, entries=4, mask_incidences=10, large_masks=0
N=100860553 base: refine round 8, active=4, final=20, batch_splits=17, forced=12
N=100860553 base: normalized round 9, entries=2, mask_incidences=6, large_masks=0
N=100860553 base: refine round 9, active=0, final=22, batch_splits=17, forced=12
N=100860553 level_1 union: normalized round 1, entries=16, mask_incidences=16, large_masks=0
N=100860553 level_1 union: refine round 1, active=32, final=0, batch_splits=16, forced=0
N=100860553 level_1 union: normalized round 2, entries=29, mask_incidences=29, large_masks=0
N=100860553 level_1 union: refine round 2, active=17, final=16, batch_splits=16, forced=4
N=100860553 level_1 union: normalized round 3, entries=11, mask_incidences=18, large_masks=0
N=100860553 level_1 union: refine round 3, active=14, final=17, batch_splits=16, forced=8
N=100860553 level_1 union: normalized round 4, entries=7, mask_incidences=19, large_masks=0
N=100860553 level_1 union: refine round 4, active=6, final=19, batch_splits=17, forced=8
N=100860553 level_1 union: normalized round 5, entries=5, mask_incidences=15, large_masks=0
N=100860553 level_1 union: refine round 5, active=7, final=19, batch_splits=17, forced=10
N=100860553 level_1 union: normalized round 6, entries=5, mask_incidences=15, large_masks=0
N=100860553 level_1 union: refine round 6, active=5, final=20, batch_splits=18, forced=10
N=100860553 level_1 union: normalized round 7, entries=4, mask_incidences=11, large_masks=0
N=100860553 level_1 union: refine round 7, active=5, final=20, batch_splits=18, forced=11
N=100860553 level_1 union: normalized round 8, entries=4, mask_incidences=10, large_masks=0
N=100860553 level_1 union: refine round 8, active=4, final=21, batch_splits=18, forced=12
N=100860553 level_1 union: normalized round 9, entries=2, mask_incidences=6, large_masks=0
N=100860553 level_1 union: refine round 9, active=0, final=23, batch_splits=18, forced=12
N=100860553 level_2 union: normalized round 1, entries=17, mask_incidences=17, large_masks=0
N=100860553 level_2 union: refine round 1, active=34, final=0, batch_splits=17, forced=0
N=100860553 level_2 union: normalized round 2, entries=31, mask_incidences=31, large_masks=0
N=100860553 level_2 union: refine round 2, active=18, final=17, batch_splits=17, forced=4
N=100860553 level_2 union: normalized round 3, entries=12, mask_incidences=19, large_masks=0
N=100860553 level_2 union: refine round 3, active=16, final=18, batch_splits=17, forced=9
N=100860553 level_2 union: normalized round 4, entries=8, mask_incidences=21, large_masks=0
N=100860553 level_2 union: refine round 4, active=9, final=20, batch_splits=17, forced=12
N=100860553 level_2 union: normalized round 5, entries=5, mask_incidences=19, large_masks=0
N=100860553 level_2 union: refine round 5, active=4, final=22, batch_splits=17, forced=13
N=100860553 level_2 union: normalized round 6, entries=2, mask_incidences=9, large_masks=0
N=100860553 level_2 union: refine round 6, active=0, final=24, batch_splits=17, forced=13
F165 instance 8/64: N=100980637
N=100980637 base: normalized round 1, entries=8, mask_incidences=8, large_masks=0
N=100980637 base: refine round 1, active=16, final=0, batch_splits=8, forced=0
N=100980637 base: normalized round 2, entries=16, mask_incidences=16, large_masks=0
N=100980637 base: refine round 2, active=10, final=7, batch_splits=9, forced=0
N=100980637 base: normalized round 3, entries=10, mask_incidences=10, large_masks=0
N=100980637 base: refine round 3, active=13, final=8, batch_splits=9, forced=4
N=100980637 base: normalized round 4, entries=5, mask_incidences=10, large_masks=0
N=100980637 base: refine round 4, active=6, final=8, batch_splits=10, forced=4
N=100980637 base: normalized round 5, entries=6, mask_incidences=11, large_masks=0
N=100980637 base: refine round 5, active=7, final=9, batch_splits=10, forced=6
N=100980637 base: normalized round 6, entries=5, mask_incidences=8, large_masks=0
N=100980637 base: refine round 6, active=7, final=9, batch_splits=10, forced=8
N=100980637 base: normalized round 7, entries=4, mask_incidences=10, large_masks=0
N=100980637 base: refine round 7, active=4, final=10, batch_splits=10, forced=9
N=100980637 base: normalized round 8, entries=2, mask_incidences=9, large_masks=0
N=100980637 base: refine round 8, active=0, final=12, batch_splits=10, forced=9
N=100980637 level_1 union: normalized round 1, entries=11, mask_incidences=11, large_masks=0
N=100980637 level_1 union: refine round 1, active=22, final=0, batch_splits=11, forced=0
N=100980637 level_1 union: normalized round 2, entries=22, mask_incidences=22, large_masks=0
N=100980637 level_1 union: refine round 2, active=16, final=11, batch_splits=11, forced=5
N=100980637 level_1 union: normalized round 3, entries=10, mask_incidences=17, large_masks=0
N=100980637 level_1 union: refine round 3, active=14, final=11, batch_splits=11, forced=9
N=100980637 level_1 union: normalized round 4, entries=9, mask_incidences=19, large_masks=0
N=100980637 level_1 union: refine round 4, active=11, final=12, batch_splits=11, forced=12
N=100980637 level_1 union: normalized round 5, entries=7, mask_incidences=18, large_masks=0
N=100980637 level_1 union: refine round 5, active=7, final=13, batch_splits=12, forced=12
N=100980637 level_1 union: normalized round 6, entries=6, mask_incidences=15, large_masks=0
N=100980637 level_1 union: refine round 6, active=8, final=13, batch_splits=12, forced=14
N=100980637 level_1 union: normalized round 7, entries=4, mask_incidences=14, large_masks=0
N=100980637 level_1 union: refine round 7, active=4, final=14, batch_splits=13, forced=14
N=100980637 level_1 union: normalized round 8, entries=3, mask_incidences=11, large_masks=0
N=100980637 level_1 union: refine round 8, active=4, final=14, batch_splits=13, forced=15
N=100980637 level_1 union: normalized round 9, entries=2, mask_incidences=12, large_masks=0
N=100980637 level_1 union: refine round 9, active=0, final=16, batch_splits=13, forced=15
N=100980637 level_2 union: normalized round 1, entries=18, mask_incidences=18, large_masks=0
N=100980637 level_2 union: refine round 1, active=36, final=0, batch_splits=18, forced=0
N=100980637 level_2 union: normalized round 2, entries=36, mask_incidences=36, large_masks=0
N=100980637 level_2 union: refine round 2, active=27, final=18, batch_splits=18, forced=9
N=100980637 level_2 union: normalized round 3, entries=20, mask_incidences=31, large_masks=0
N=100980637 level_2 union: refine round 3, active=21, final=18, batch_splits=19, forced=9
N=100980637 level_2 union: normalized round 4, entries=21, mask_incidences=33, large_masks=0
N=100980637 level_2 union: refine round 4, active=28, final=19, batch_splits=19, forced=17
N=100980637 level_2 union: normalized round 5, entries=12, mask_incidences=34, large_masks=0
N=100980637 level_2 union: refine round 5, active=14, final=21, batch_splits=19, forced=21
N=100980637 level_2 union: normalized round 6, entries=6, mask_incidences=28, large_masks=0
N=100980637 level_2 union: refine round 6, active=5, final=23, batch_splits=20, forced=21
N=100980637 level_2 union: normalized round 7, entries=4, mask_incidences=13, large_masks=0
N=100980637 level_2 union: refine round 7, active=5, final=23, batch_splits=20, forced=22
N=100980637 level_2 union: normalized round 8, entries=4, mask_incidences=12, large_masks=0
N=100980637 level_2 union: refine round 8, active=4, final=24, batch_splits=20, forced=23
N=100980637 level_2 union: normalized round 9, entries=2, mask_incidences=6, large_masks=0
N=100980637 level_2 union: refine round 9, active=0, final=26, batch_splits=20, forced=23
F165 instance 9/64: N=101000651
N=101000651 base: normalized round 1, entries=12, mask_incidences=12, large_masks=0
N=101000651 base: refine round 1, active=24, final=0, batch_splits=12, forced=0
N=101000651 base: normalized round 2, entries=23, mask_incidences=24, large_masks=0
N=101000651 base: refine round 2, active=15, final=10, batch_splits=14, forced=0
N=101000651 base: normalized round 3, entries=11, mask_incidences=12, large_masks=0
N=101000651 base: refine round 3, active=10, final=12, batch_splits=15, forced=0
N=101000651 base: normalized round 4, entries=10, mask_incidences=11, large_masks=0
N=101000651 base: refine round 4, active=13, final=13, batch_splits=15, forced=4
N=101000651 base: normalized round 5, entries=5, mask_incidences=13, large_masks=0
N=101000651 base: refine round 5, active=6, final=13, batch_splits=16, forced=4
N=101000651 base: normalized round 6, entries=5, mask_incidences=14, large_masks=0
N=101000651 base: refine round 6, active=7, final=13, batch_splits=16, forced=6
N=101000651 base: normalized round 7, entries=5, mask_incidences=12, large_masks=0
N=101000651 base: refine round 7, active=5, final=14, batch_splits=17, forced=6
N=101000651 base: normalized round 8, entries=4, mask_incidences=11, large_masks=0
N=101000651 base: refine round 8, active=6, final=14, batch_splits=17, forced=8
N=101000651 base: normalized round 9, entries=3, mask_incidences=12, large_masks=0
N=101000651 base: refine round 9, active=0, final=17, batch_splits=17, forced=8
N=101000651 level_1 union: normalized round 1, entries=19, mask_incidences=19, large_masks=0
N=101000651 level_1 union: refine round 1, active=38, final=0, batch_splits=19, forced=0
N=101000651 level_1 union: normalized round 2, entries=34, mask_incidences=35, large_masks=0
N=101000651 level_1 union: refine round 2, active=17, final=18, batch_splits=20, forced=0
N=101000651 level_1 union: normalized round 3, entries=17, mask_incidences=18, large_masks=0
N=101000651 level_1 union: refine round 3, active=22, final=19, batch_splits=20, forced=6
N=101000651 level_1 union: normalized round 4, entries=16, mask_incidences=25, large_masks=0
N=101000651 level_1 union: refine round 4, active=22, final=19, batch_splits=20, forced=12
N=101000651 level_1 union: normalized round 5, entries=11, mask_incidences=25, large_masks=0
N=101000651 level_1 union: refine round 5, active=14, final=20, batch_splits=20, forced=16
N=101000651 level_1 union: normalized round 6, entries=7, mask_incidences=29, large_masks=0
N=101000651 level_1 union: refine round 6, active=6, final=22, batch_splits=21, forced=16
N=101000651 level_1 union: normalized round 7, entries=5, mask_incidences=20, large_masks=0
N=101000651 level_1 union: refine round 7, active=7, final=22, batch_splits=21, forced=18
N=101000651 level_1 union: normalized round 8, entries=3, mask_incidences=21, large_masks=0
N=101000651 level_1 union: refine round 8, active=0, final=25, batch_splits=21, forced=18
N=101000651 level_2 union: normalized round 1, entries=28, mask_incidences=28, large_masks=0
N=101000651 level_2 union: refine round 1, active=56, final=0, batch_splits=28, forced=0
N=101000651 level_2 union: normalized round 2, entries=53, mask_incidences=53, large_masks=0
N=101000651 level_2 union: refine round 2, active=36, final=28, batch_splits=28, forced=11
N=101000651 level_2 union: normalized round 3, entries=25, mask_incidences=39, large_masks=0
N=101000651 level_2 union: refine round 3, active=35, final=28, batch_splits=28, forced=21
N=101000651 level_2 union: normalized round 4, entries=17, mask_incidences=48, large_masks=0
N=101000651 level_2 union: refine round 4, active=22, final=29, batch_splits=28, forced=27
N=101000651 level_2 union: normalized round 5, entries=10, mask_incidences=50, large_masks=0
N=101000651 level_2 union: refine round 5, active=11, final=31, batch_splits=28, forced=30
N=101000651 level_2 union: normalized round 6, entries=6, mask_incidences=41, large_masks=0
N=101000651 level_2 union: refine round 6, active=7, final=31, batch_splits=29, forced=30
N=101000651 level_2 union: normalized round 7, entries=6, mask_incidences=44, large_masks=0
N=101000651 level_2 union: refine round 7, active=8, final=31, batch_splits=29, forced=32
N=101000651 level_2 union: normalized round 8, entries=6, mask_incidences=44, large_masks=0
N=101000651 level_2 union: refine round 8, active=7, final=32, batch_splits=29, forced=34
N=101000651 level_2 union: normalized round 9, entries=3, mask_incidences=31, large_masks=0
N=101000651 level_2 union: refine round 9, active=0, final=35, batch_splits=29, forced=34
F165 instance 10/64: N=101060693
N=101060693 base: normalized round 1, entries=10, mask_incidences=10, large_masks=0
N=101060693 base: refine round 1, active=20, final=0, batch_splits=10, forced=0
N=101060693 base: normalized round 2, entries=19, mask_incidences=19, large_masks=0
N=101060693 base: refine round 2, active=11, final=9, batch_splits=11, forced=0
N=101060693 base: normalized round 3, entries=10, mask_incidences=11, large_masks=0
N=101060693 base: refine round 3, active=13, final=10, batch_splits=11, forced=4
N=101060693 base: normalized round 4, entries=9, mask_incidences=12, large_masks=0
N=101060693 base: refine round 4, active=11, final=11, batch_splits=11, forced=7
N=101060693 base: normalized round 5, entries=8, mask_incidences=13, large_masks=0
N=101060693 base: refine round 5, active=10, final=12, batch_splits=11, forced=10
N=101060693 base: normalized round 6, entries=4, mask_incidences=11, large_masks=0
N=101060693 base: refine round 6, active=0, final=16, batch_splits=11, forced=10
N=101060693 level_1 union: normalized round 1, entries=14, mask_incidences=14, large_masks=0
N=101060693 level_1 union: refine round 1, active=28, final=0, batch_splits=14, forced=0
N=101060693 level_1 union: normalized round 2, entries=27, mask_incidences=27, large_masks=0
N=101060693 level_1 union: refine round 2, active=19, final=14, batch_splits=14, forced=6
N=101060693 level_1 union: normalized round 3, entries=17, mask_incidences=22, large_masks=0
N=101060693 level_1 union: refine round 3, active=24, final=14, batch_splits=14, forced=13
N=101060693 level_1 union: normalized round 4, entries=12, mask_incidences=27, large_masks=0
N=101060693 level_1 union: refine round 4, active=14, final=16, batch_splits=14, forced=17
N=101060693 level_1 union: normalized round 5, entries=8, mask_incidences=22, large_masks=0
N=101060693 level_1 union: refine round 5, active=8, final=18, batch_splits=14, forced=19
N=101060693 level_1 union: normalized round 6, entries=5, mask_incidences=14, large_masks=0
N=101060693 level_1 union: refine round 6, active=6, final=18, batch_splits=15, forced=19
N=101060693 level_1 union: normalized round 7, entries=6, mask_incidences=15, large_masks=0
N=101060693 level_1 union: refine round 7, active=8, final=18, batch_splits=15, forced=21
N=101060693 level_1 union: normalized round 8, entries=4, mask_incidences=15, large_masks=0
N=101060693 level_1 union: refine round 8, active=5, final=18, batch_splits=16, forced=21
N=101060693 level_1 union: normalized round 9, entries=4, mask_incidences=14, large_masks=0
N=101060693 level_1 union: refine round 9, active=5, final=18, batch_splits=16, forced=22
N=101060693 level_1 union: normalized round 10, entries=4, mask_incidences=15, large_masks=0
N=101060693 level_1 union: refine round 10, active=4, final=19, batch_splits=16, forced=23
N=101060693 level_1 union: normalized round 11, entries=2, mask_incidences=8, large_masks=0
N=101060693 level_1 union: refine round 11, active=0, final=21, batch_splits=16, forced=23
N=101060693 level_2 union: normalized round 1, entries=20, mask_incidences=20, large_masks=0
N=101060693 level_2 union: refine round 1, active=40, final=0, batch_splits=20, forced=0
N=101060693 level_2 union: normalized round 2, entries=39, mask_incidences=39, large_masks=0
N=101060693 level_2 union: refine round 2, active=28, final=20, batch_splits=20, forced=9
N=101060693 level_2 union: normalized round 3, entries=21, mask_incidences=35, large_masks=0
N=101060693 level_2 union: refine round 3, active=29, final=20, batch_splits=20, forced=17
N=101060693 level_2 union: normalized round 4, entries=17, mask_incidences=46, large_masks=0
N=101060693 level_2 union: refine round 4, active=21, final=22, batch_splits=20, forced=23
N=101060693 level_2 union: normalized round 5, entries=10, mask_incidences=36, large_masks=0
N=101060693 level_2 union: refine round 5, active=11, final=24, batch_splits=20, forced=26
N=101060693 level_2 union: normalized round 6, entries=6, mask_incidences=28, large_masks=0
N=101060693 level_2 union: refine round 6, active=7, final=25, batch_splits=20, forced=28
N=101060693 level_2 union: normalized round 7, entries=5, mask_incidences=25, large_masks=0
N=101060693 level_2 union: refine round 7, active=5, final=26, batch_splits=21, forced=28
N=101060693 level_2 union: normalized round 8, entries=3, mask_incidences=17, large_masks=0
N=101060693 level_2 union: refine round 8, active=4, final=26, batch_splits=21, forced=29
N=101060693 level_2 union: normalized round 9, entries=2, mask_incidences=16, large_masks=0
N=101060693 level_2 union: refine round 9, active=0, final=28, batch_splits=21, forced=29
F165 instance 11/64: N=101100721
N=101100721 base: normalized round 1, entries=18, mask_incidences=18, large_masks=0
N=101100721 base: refine round 1, active=34, final=1, batch_splits=17, forced=0
N=101100721 base: normalized round 2, entries=29, mask_incidences=31, large_masks=0
N=101100721 base: refine round 2, active=13, final=18, batch_splits=18, forced=0
N=101100721 base: normalized round 3, entries=12, mask_incidences=14, large_masks=0
N=101100721 base: refine round 3, active=16, final=18, batch_splits=18, forced=4
N=101100721 base: normalized round 4, entries=11, mask_incidences=19, large_masks=0
N=101100721 base: refine round 4, active=15, final=19, batch_splits=18, forced=9
N=101100721 base: normalized round 5, entries=6, mask_incidences=21, large_masks=0
N=101100721 base: refine round 5, active=4, final=22, batch_splits=19, forced=9
N=101100721 base: normalized round 6, entries=3, mask_incidences=7, large_masks=0
N=101100721 base: refine round 6, active=4, final=22, batch_splits=19, forced=10
N=101100721 base: normalized round 7, entries=2, mask_incidences=8, large_masks=0
N=101100721 base: refine round 7, active=0, final=24, batch_splits=19, forced=10
N=101100721 level_1 union: normalized round 1, entries=23, mask_incidences=23, large_masks=0
N=101100721 level_1 union: refine round 1, active=44, final=1, batch_splits=22, forced=0
N=101100721 level_1 union: normalized round 2, entries=39, mask_incidences=41, large_masks=0
N=101100721 level_1 union: refine round 2, active=19, final=22, batch_splits=23, forced=0
N=101100721 level_1 union: normalized round 3, entries=19, mask_incidences=21, large_masks=0
N=101100721 level_1 union: refine round 3, active=26, final=23, batch_splits=23, forced=8
N=101100721 level_1 union: normalized round 4, entries=15, mask_incidences=30, large_masks=0
N=101100721 level_1 union: refine round 4, active=20, final=24, batch_splits=23, forced=14
N=101100721 level_1 union: normalized round 5, entries=9, mask_incidences=30, large_masks=0
N=101100721 level_1 union: refine round 5, active=10, final=24, batch_splits=24, forced=14
N=101100721 level_1 union: normalized round 6, entries=10, mask_incidences=31, large_masks=0
N=101100721 level_1 union: refine round 6, active=14, final=24, batch_splits=24, forced=18
N=101100721 level_1 union: normalized round 7, entries=7, mask_incidences=30, large_masks=0
N=101100721 level_1 union: refine round 7, active=7, final=25, batch_splits=25, forced=18
N=101100721 level_1 union: normalized round 8, entries=6, mask_incidences=24, large_masks=0
N=101100721 level_1 union: refine round 8, active=8, final=25, batch_splits=25, forced=20
N=101100721 level_1 union: normalized round 9, entries=4, mask_incidences=26, large_masks=0
N=101100721 level_1 union: refine round 9, active=0, final=29, batch_splits=25, forced=20
N=101100721 level_2 union: normalized round 1, entries=27, mask_incidences=27, large_masks=0
N=101100721 level_2 union: refine round 1, active=54, final=0, batch_splits=27, forced=0
N=101100721 level_2 union: normalized round 2, entries=49, mask_incidences=51, large_masks=0
N=101100721 level_2 union: refine round 2, active=31, final=27, batch_splits=27, forced=9
N=101100721 level_2 union: normalized round 3, entries=18, mask_incidences=35, large_masks=0
N=101100721 level_2 union: refine round 3, active=24, final=28, batch_splits=27, forced=16
N=101100721 level_2 union: normalized round 4, entries=15, mask_incidences=37, large_masks=0
N=101100721 level_2 union: refine round 4, active=20, final=29, batch_splits=27, forced=22
N=101100721 level_2 union: normalized round 5, entries=10, mask_incidences=40, large_masks=0
N=101100721 level_2 union: refine round 5, active=12, final=29, batch_splits=29, forced=22
N=101100721 level_2 union: normalized round 6, entries=10, mask_incidences=42, large_masks=0
N=101100721 level_2 union: refine round 6, active=14, final=29, batch_splits=29, forced=26
N=101100721 level_2 union: normalized round 7, entries=7, mask_incidences=44, large_masks=0
N=101100721 level_2 union: refine round 7, active=5, final=32, batch_splits=30, forced=26
N=101100721 level_2 union: normalized round 8, entries=4, mask_incidences=27, large_masks=0
N=101100721 level_2 union: refine round 8, active=5, final=32, batch_splits=30, forced=27
N=101100721 level_2 union: normalized round 9, entries=4, mask_incidences=26, large_masks=0
N=101100721 level_2 union: refine round 9, active=4, final=33, batch_splits=30, forced=28
N=101100721 level_2 union: normalized round 10, entries=2, mask_incidences=14, large_masks=0
N=101100721 level_2 union: refine round 10, active=0, final=35, batch_splits=30, forced=28
F165 instance 12/64: N=101180777
N=101180777 base: normalized round 1, entries=13, mask_incidences=13, large_masks=0
N=101180777 base: refine round 1, active=26, final=0, batch_splits=13, forced=0
N=101180777 base: normalized round 2, entries=23, mask_incidences=23, large_masks=0
N=101180777 base: refine round 2, active=12, final=12, batch_splits=14, forced=0
N=101180777 base: normalized round 3, entries=11, mask_incidences=11, large_masks=0
N=101180777 base: refine round 3, active=14, final=13, batch_splits=14, forced=4
N=101180777 base: normalized round 4, entries=9, mask_incidences=14, large_masks=0
N=101180777 base: refine round 4, active=10, final=15, batch_splits=14, forced=7
N=101180777 base: normalized round 5, entries=5, mask_incidences=13, large_masks=0
N=101180777 base: refine round 5, active=4, final=17, batch_splits=15, forced=7
N=101180777 base: normalized round 6, entries=3, mask_incidences=10, large_masks=0
N=101180777 base: refine round 6, active=4, final=17, batch_splits=15, forced=8
N=101180777 base: normalized round 7, entries=2, mask_incidences=9, large_masks=0
N=101180777 base: refine round 7, active=0, final=19, batch_splits=15, forced=8
N=101180777 level_1 union: normalized round 1, entries=20, mask_incidences=20, large_masks=0
N=101180777 level_1 union: refine round 1, active=40, final=0, batch_splits=20, forced=0
N=101180777 level_1 union: normalized round 2, entries=37, mask_incidences=37, large_masks=0
N=101180777 level_1 union: refine round 2, active=23, final=20, batch_splits=20, forced=6
N=101180777 level_1 union: normalized round 3, entries=17, mask_incidences=27, large_masks=0
N=101180777 level_1 union: refine round 3, active=18, final=20, batch_splits=21, forced=6
N=101180777 level_1 union: normalized round 4, entries=17, mask_incidences=28, large_masks=0
N=101180777 level_1 union: refine round 4, active=23, final=20, batch_splits=21, forced=12
N=101180777 level_1 union: normalized round 5, entries=13, mask_incidences=32, large_masks=0
N=101180777 level_1 union: refine round 5, active=13, final=23, batch_splits=21, forced=15
N=101180777 level_1 union: normalized round 6, entries=8, mask_incidences=21, large_masks=0
N=101180777 level_1 union: refine round 6, active=9, final=24, batch_splits=21, forced=17
N=101180777 level_1 union: normalized round 7, entries=6, mask_incidences=21, large_masks=0
N=101180777 level_1 union: refine round 7, active=7, final=24, batch_splits=22, forced=17
N=101180777 level_1 union: normalized round 8, entries=6, mask_incidences=22, large_masks=0
N=101180777 level_1 union: refine round 8, active=8, final=24, batch_splits=22, forced=19
N=101180777 level_1 union: normalized round 9, entries=5, mask_incidences=24, large_masks=0
N=101180777 level_1 union: refine round 9, active=6, final=24, batch_splits=23, forced=19
N=101180777 level_1 union: normalized round 10, entries=5, mask_incidences=25, large_masks=0
N=101180777 level_1 union: refine round 10, active=7, final=24, batch_splits=23, forced=21
N=101180777 level_1 union: normalized round 11, entries=5, mask_incidences=24, large_masks=0
N=101180777 level_1 union: refine round 11, active=5, final=25, batch_splits=24, forced=21
N=101180777 level_1 union: normalized round 12, entries=3, mask_incidences=15, large_masks=0
N=101180777 level_1 union: refine round 12, active=4, final=25, batch_splits=24, forced=22
N=101180777 level_1 union: normalized round 13, entries=2, mask_incidences=13, large_masks=0
N=101180777 level_1 union: refine round 13, active=0, final=27, batch_splits=24, forced=22
N=101180777 level_2 union: normalized round 1, entries=25, mask_incidences=25, large_masks=0
N=101180777 level_2 union: refine round 1, active=50, final=0, batch_splits=25, forced=0
N=101180777 level_2 union: normalized round 2, entries=46, mask_incidences=46, large_masks=0
N=101180777 level_2 union: refine round 2, active=31, final=25, batch_splits=25, forced=10
N=101180777 level_2 union: normalized round 3, entries=21, mask_incidences=33, large_masks=0
N=101180777 level_2 union: refine round 3, active=30, final=25, batch_splits=25, forced=19
N=101180777 level_2 union: normalized round 4, entries=13, mask_incidences=40, large_masks=0
N=101180777 level_2 union: refine round 4, active=12, final=27, batch_splits=26, forced=19
N=101180777 level_2 union: normalized round 5, entries=11, mask_incidences=38, large_masks=0
N=101180777 level_2 union: refine round 5, active=13, final=28, batch_splits=26, forced=22
N=101180777 level_2 union: normalized round 6, entries=7, mask_incidences=39, large_masks=0
N=101180777 level_2 union: refine round 6, active=6, final=30, batch_splits=27, forced=22
N=101180777 level_2 union: normalized round 7, entries=6, mask_incidences=30, large_masks=0
N=101180777 level_2 union: refine round 7, active=8, final=30, batch_splits=27, forced=24
N=101180777 level_2 union: normalized round 8, entries=5, mask_incidences=32, large_masks=0
N=101180777 level_2 union: refine round 8, active=5, final=31, batch_splits=27, forced=25
N=101180777 level_2 union: normalized round 9, entries=4, mask_incidences=23, large_masks=0
N=101180777 level_2 union: refine round 9, active=5, final=31, batch_splits=28, forced=25
N=101180777 level_2 union: normalized round 10, entries=3, mask_incidences=21, large_masks=0
N=101180777 level_2 union: refine round 10, active=4, final=31, batch_splits=28, forced=26
N=101180777 level_2 union: normalized round 11, entries=2, mask_incidences=17, large_masks=0
N=101180777 level_2 union: refine round 11, active=0, final=33, batch_splits=28, forced=26
F165 instance 13/64: N=101400931
N=101400931 base: normalized round 1, entries=13, mask_incidences=13, large_masks=0
N=101400931 base: refine round 1, active=26, final=0, batch_splits=13, forced=0
N=101400931 base: normalized round 2, entries=23, mask_incidences=23, large_masks=0
N=101400931 base: refine round 2, active=14, final=13, batch_splits=13, forced=4
N=101400931 base: normalized round 3, entries=9, mask_incidences=13, large_masks=0
N=101400931 base: refine round 3, active=10, final=14, batch_splits=13, forced=6
N=101400931 base: normalized round 4, entries=8, mask_incidences=13, large_masks=0
N=101400931 base: refine round 4, active=11, final=14, batch_splits=13, forced=9
N=101400931 base: normalized round 5, entries=6, mask_incidences=12, large_masks=0
N=101400931 base: refine round 5, active=4, final=17, batch_splits=13, forced=10
N=101400931 base: normalized round 6, entries=2, mask_incidences=6, large_masks=0
N=101400931 base: refine round 6, active=0, final=19, batch_splits=13, forced=10
N=101400931 level_1 union: normalized round 1, entries=17, mask_incidences=17, large_masks=0
N=101400931 level_1 union: refine round 1, active=34, final=0, batch_splits=17, forced=0
N=101400931 level_1 union: normalized round 2, entries=31, mask_incidences=31, large_masks=0
N=101400931 level_1 union: refine round 2, active=21, final=17, batch_splits=17, forced=7
N=101400931 level_1 union: normalized round 3, entries=11, mask_incidences=21, large_masks=0
N=101400931 level_1 union: refine round 3, active=14, final=18, batch_splits=17, forced=11
N=101400931 level_1 union: normalized round 4, entries=6, mask_incidences=19, large_masks=0
N=101400931 level_1 union: refine round 4, active=4, final=21, batch_splits=18, forced=11
N=101400931 level_1 union: normalized round 5, entries=3, mask_incidences=10, large_masks=0
N=101400931 level_1 union: refine round 5, active=4, final=21, batch_splits=18, forced=12
N=101400931 level_1 union: normalized round 6, entries=2, mask_incidences=12, large_masks=0
N=101400931 level_1 union: refine round 6, active=0, final=23, batch_splits=18, forced=12
N=101400931 level_2 union: normalized round 1, entries=21, mask_incidences=21, large_masks=0
N=101400931 level_2 union: refine round 1, active=42, final=0, batch_splits=21, forced=0
N=101400931 level_2 union: normalized round 2, entries=39, mask_incidences=39, large_masks=0
N=101400931 level_2 union: refine round 2, active=20, final=20, batch_splits=22, forced=0
N=101400931 level_2 union: normalized round 3, entries=20, mask_incidences=20, large_masks=0
N=101400931 level_2 union: refine round 3, active=26, final=21, batch_splits=22, forced=7
N=101400931 level_2 union: normalized round 4, entries=17, mask_incidences=26, large_masks=0
N=101400931 level_2 union: refine round 4, active=24, final=21, batch_splits=22, forced=14
N=101400931 level_2 union: normalized round 5, entries=12, mask_incidences=29, large_masks=0
N=101400931 level_2 union: refine round 5, active=14, final=23, batch_splits=22, forced=18
N=101400931 level_2 union: normalized round 6, entries=7, mask_incidences=28, large_masks=0
N=101400931 level_2 union: refine round 6, active=8, final=24, batch_splits=24, forced=18
N=101400931 level_2 union: normalized round 7, entries=6, mask_incidences=26, large_masks=0
N=101400931 level_2 union: refine round 7, active=8, final=24, batch_splits=24, forced=20
N=101400931 level_2 union: normalized round 8, entries=4, mask_incidences=24, large_masks=0
N=101400931 level_2 union: refine round 8, active=0, final=28, batch_splits=24, forced=20
F165 instance 14/64: N=101460973
N=101460973 base: normalized round 1, entries=12, mask_incidences=12, large_masks=0
N=101460973 base: refine round 1, active=24, final=0, batch_splits=12, forced=0
N=101460973 base: normalized round 2, entries=22, mask_incidences=22, large_masks=0
N=101460973 base: refine round 2, active=13, final=12, batch_splits=12, forced=3
N=101460973 base: normalized round 3, entries=8, mask_incidences=14, large_masks=0
N=101460973 base: refine round 3, active=9, final=13, batch_splits=14, forced=3
N=101460973 base: normalized round 4, entries=8, mask_incidences=14, large_masks=0
N=101460973 base: refine round 4, active=11, final=13, batch_splits=14, forced=6
N=101460973 base: normalized round 5, entries=7, mask_incidences=16, large_masks=0
N=101460973 base: refine round 5, active=6, final=15, batch_splits=15, forced=6
N=101460973 base: normalized round 6, entries=4, mask_incidences=10, large_masks=0
N=101460973 base: refine round 6, active=5, final=15, batch_splits=15, forced=7
N=101460973 base: normalized round 7, entries=4, mask_incidences=11, large_masks=0
N=101460973 base: refine round 7, active=4, final=16, batch_splits=15, forced=8
N=101460973 base: normalized round 8, entries=2, mask_incidences=7, large_masks=0
N=101460973 base: refine round 8, active=0, final=18, batch_splits=15, forced=8
N=101460973 level_1 union: normalized round 1, entries=13, mask_incidences=13, large_masks=0
N=101460973 level_1 union: refine round 1, active=26, final=0, batch_splits=13, forced=0
N=101460973 level_1 union: normalized round 2, entries=24, mask_incidences=24, large_masks=0
N=101460973 level_1 union: refine round 2, active=16, final=13, batch_splits=13, forced=5
N=101460973 level_1 union: normalized round 3, entries=10, mask_incidences=19, large_masks=0
N=101460973 level_1 union: refine round 3, active=11, final=15, batch_splits=13, forced=8
N=101460973 level_1 union: normalized round 4, entries=6, mask_incidences=15, large_masks=0
N=101460973 level_1 union: refine round 4, active=5, final=17, batch_splits=14, forced=8
N=101460973 level_1 union: normalized round 5, entries=4, mask_incidences=10, large_masks=0
N=101460973 level_1 union: refine round 5, active=5, final=17, batch_splits=14, forced=9
N=101460973 level_1 union: normalized round 6, entries=3, mask_incidences=11, large_masks=0
N=101460973 level_1 union: refine round 6, active=4, final=17, batch_splits=15, forced=9
N=101460973 level_1 union: normalized round 7, entries=3, mask_incidences=12, large_masks=0
N=101460973 level_1 union: refine round 7, active=4, final=17, batch_splits=15, forced=10
N=101460973 level_1 union: normalized round 8, entries=2, mask_incidences=11, large_masks=0
N=101460973 level_1 union: refine round 8, active=0, final=19, batch_splits=15, forced=10
N=101460973 level_2 union: normalized round 1, entries=13, mask_incidences=13, large_masks=0
N=101460973 level_2 union: refine round 1, active=26, final=0, batch_splits=13, forced=0
N=101460973 level_2 union: normalized round 2, entries=24, mask_incidences=24, large_masks=0
N=101460973 level_2 union: refine round 2, active=16, final=13, batch_splits=13, forced=5
N=101460973 level_2 union: normalized round 3, entries=10, mask_incidences=19, large_masks=0
N=101460973 level_2 union: refine round 3, active=11, final=15, batch_splits=13, forced=8
N=101460973 level_2 union: normalized round 4, entries=6, mask_incidences=15, large_masks=0
N=101460973 level_2 union: refine round 4, active=5, final=17, batch_splits=14, forced=8
N=101460973 level_2 union: normalized round 5, entries=4, mask_incidences=10, large_masks=0
N=101460973 level_2 union: refine round 5, active=5, final=17, batch_splits=14, forced=9
N=101460973 level_2 union: normalized round 6, entries=3, mask_incidences=11, large_masks=0
N=101460973 level_2 union: refine round 6, active=4, final=17, batch_splits=15, forced=9
N=101460973 level_2 union: normalized round 7, entries=3, mask_incidences=12, large_masks=0
N=101460973 level_2 union: refine round 7, active=4, final=17, batch_splits=15, forced=10
N=101460973 level_2 union: normalized round 8, entries=2, mask_incidences=11, large_masks=0
N=101460973 level_2 union: refine round 8, active=0, final=19, batch_splits=15, forced=10
F165 instance 15/64: N=101480987
N=101480987 base: normalized round 1, entries=10, mask_incidences=10, large_masks=0
N=101480987 base: refine round 1, active=18, final=1, batch_splits=9, forced=0
N=101480987 base: normalized round 2, entries=15, mask_incidences=15, large_masks=0
N=101480987 base: refine round 2, active=9, final=9, batch_splits=11, forced=0
N=101480987 base: normalized round 3, entries=7, mask_incidences=7, large_masks=0
N=101480987 base: refine round 3, active=7, final=10, batch_splits=12, forced=0
N=101480987 base: normalized round 4, entries=7, mask_incidences=7, large_masks=0
N=101480987 base: refine round 4, active=9, final=10, batch_splits=12, forced=2
N=101480987 base: normalized round 5, entries=6, mask_incidences=8, large_masks=0
N=101480987 base: refine round 5, active=7, final=10, batch_splits=13, forced=2
N=101480987 base: normalized round 6, entries=6, mask_incidences=8, large_masks=0
N=101480987 base: refine round 6, active=8, final=10, batch_splits=13, forced=4
N=101480987 base: normalized round 7, entries=5, mask_incidences=8, large_masks=0
N=101480987 base: refine round 7, active=5, final=11, batch_splits=14, forced=4
N=101480987 base: normalized round 8, entries=3, mask_incidences=5, large_masks=0
N=101480987 base: refine round 8, active=4, final=11, batch_splits=14, forced=5
N=101480987 base: normalized round 9, entries=2, mask_incidences=6, large_masks=0
N=101480987 base: refine round 9, active=0, final=13, batch_splits=14, forced=5
N=101480987 level_1 union: normalized round 1, entries=11, mask_incidences=11, large_masks=0
N=101480987 level_1 union: refine round 1, active=20, final=1, batch_splits=10, forced=0
N=101480987 level_1 union: normalized round 2, entries=17, mask_incidences=17, large_masks=0
N=101480987 level_1 union: refine round 2, active=9, final=11, batch_splits=10, forced=2
N=101480987 level_1 union: normalized round 3, entries=6, mask_incidences=8, large_masks=0
N=101480987 level_1 union: refine round 3, active=8, final=11, batch_splits=10, forced=4
N=101480987 level_1 union: normalized round 4, entries=5, mask_incidences=10, large_masks=0
N=101480987 level_1 union: refine round 4, active=6, final=11, batch_splits=11, forced=4
N=101480987 level_1 union: normalized round 5, entries=5, mask_incidences=10, large_masks=0
N=101480987 level_1 union: refine round 5, active=7, final=11, batch_splits=11, forced=6
N=101480987 level_1 union: normalized round 6, entries=3, mask_incidences=10, large_masks=0
N=101480987 level_1 union: refine round 6, active=0, final=14, batch_splits=11, forced=6
N=101480987 level_2 union: normalized round 1, entries=12, mask_incidences=12, large_masks=0
N=101480987 level_2 union: refine round 1, active=22, final=1, batch_splits=11, forced=0
N=101480987 level_2 union: normalized round 2, entries=19, mask_incidences=19, large_masks=0
N=101480987 level_2 union: refine round 2, active=11, final=12, batch_splits=11, forced=3
N=101480987 level_2 union: normalized round 3, entries=7, mask_incidences=10, large_masks=0
N=101480987 level_2 union: refine round 3, active=10, final=12, batch_splits=11, forced=6
N=101480987 level_2 union: normalized round 4, entries=6, mask_incidences=14, large_masks=0
N=101480987 level_2 union: refine round 4, active=8, final=12, batch_splits=11, forced=8
N=101480987 level_2 union: normalized round 5, entries=4, mask_incidences=15, large_masks=0
N=101480987 level_2 union: refine round 5, active=4, final=13, batch_splits=12, forced=8
N=101480987 level_2 union: normalized round 6, entries=3, mask_incidences=11, large_masks=0
N=101480987 level_2 union: refine round 6, active=4, final=13, batch_splits=12, forced=9
N=101480987 level_2 union: normalized round 7, entries=2, mask_incidences=8, large_masks=0
N=101480987 level_2 union: refine round 7, active=0, final=15, batch_splits=12, forced=9
F165 instance 16/64: N=101581057
N=101581057 base: normalized round 1, entries=13, mask_incidences=13, large_masks=0
N=101581057 base: refine round 1, active=24, final=1, batch_splits=12, forced=0
N=101581057 base: normalized round 2, entries=21, mask_incidences=22, large_masks=0
N=101581057 base: refine round 2, active=11, final=12, batch_splits=13, forced=0
N=101581057 base: normalized round 3, entries=11, mask_incidences=12, large_masks=0
N=101581057 base: refine round 3, active=14, final=13, batch_splits=13, forced=4
N=101581057 base: normalized round 4, entries=8, mask_incidences=15, large_masks=0
N=101581057 base: refine round 4, active=9, final=13, batch_splits=14, forced=4
N=101581057 base: normalized round 5, entries=9, mask_incidences=17, large_masks=0
N=101581057 base: refine round 5, active=11, final=14, batch_splits=14, forced=7
N=101581057 base: normalized round 6, entries=6, mask_incidences=11, large_masks=0
N=101581057 base: refine round 6, active=5, final=16, batch_splits=15, forced=7
N=101581057 base: normalized round 7, entries=4, mask_incidences=9, large_masks=0
N=101581057 base: refine round 7, active=5, final=16, batch_splits=15, forced=8
N=101581057 base: normalized round 8, entries=3, mask_incidences=10, large_masks=0
N=101581057 base: refine round 8, active=4, final=16, batch_splits=16, forced=8
N=101581057 base: normalized round 9, entries=3, mask_incidences=9, large_masks=0
N=101581057 base: refine round 9, active=4, final=16, batch_splits=16, forced=9
N=101581057 base: normalized round 10, entries=2, mask_incidences=10, large_masks=0
N=101581057 base: refine round 10, active=0, final=18, batch_splits=16, forced=9
N=101581057 level_1 union: normalized round 1, entries=16, mask_incidences=16, large_masks=0
N=101581057 level_1 union: refine round 1, active=30, final=1, batch_splits=15, forced=0
N=101581057 level_1 union: normalized round 2, entries=27, mask_incidences=28, large_masks=0
N=101581057 level_1 union: refine round 2, active=18, final=16, batch_splits=15, forced=6
N=101581057 level_1 union: normalized round 3, entries=13, mask_incidences=21, large_masks=0
N=101581057 level_1 union: refine round 3, active=17, final=17, batch_splits=15, forced=11
N=101581057 level_1 union: normalized round 4, entries=8, mask_incidences=22, large_masks=0
N=101581057 level_1 union: refine round 4, active=10, final=18, batch_splits=15, forced=14
N=101581057 level_1 union: normalized round 5, entries=4, mask_incidences=17, large_masks=0
N=101581057 level_1 union: refine round 5, active=0, final=22, batch_splits=15, forced=14
N=101581057 level_2 union: normalized round 1, entries=19, mask_incidences=19, large_masks=0
N=101581057 level_2 union: refine round 1, active=38, final=0, batch_splits=19, forced=0
N=101581057 level_2 union: normalized round 2, entries=35, mask_incidences=36, large_masks=0
N=101581057 level_2 union: refine round 2, active=23, final=19, batch_splits=19, forced=7
N=101581057 level_2 union: normalized round 3, entries=16, mask_incidences=26, large_masks=0
N=101581057 level_2 union: refine round 3, active=22, final=20, batch_splits=19, forced=14
N=101581057 level_2 union: normalized round 4, entries=11, mask_incidences=32, large_masks=0
N=101581057 level_2 union: refine round 4, active=11, final=21, batch_splits=20, forced=14
N=101581057 level_2 union: normalized round 5, entries=10, mask_incidences=30, large_masks=0
N=101581057 level_2 union: refine round 5, active=13, final=21, batch_splits=20, forced=17
N=101581057 level_2 union: normalized round 6, entries=8, mask_incidences=31, large_masks=0
N=101581057 level_2 union: refine round 6, active=10, final=22, batch_splits=20, forced=20
N=101581057 level_2 union: normalized round 7, entries=5, mask_incidences=21, large_masks=0
N=101581057 level_2 union: refine round 7, active=4, final=24, batch_splits=21, forced=20
N=101581057 level_2 union: normalized round 8, entries=3, mask_incidences=15, large_masks=0
N=101581057 level_2 union: refine round 8, active=4, final=24, batch_splits=21, forced=21
N=101581057 level_2 union: normalized round 9, entries=2, mask_incidences=16, large_masks=0
N=101581057 level_2 union: refine round 9, active=0, final=26, batch_splits=21, forced=21
F165 instance 17/64: N=101661113
N=101661113 base: normalized round 1, entries=15, mask_incidences=15, large_masks=0
N=101661113 base: refine round 1, active=30, final=0, batch_splits=15, forced=0
N=101661113 base: normalized round 2, entries=27, mask_incidences=28, large_masks=0
N=101661113 base: refine round 2, active=14, final=14, batch_splits=16, forced=0
N=101661113 base: normalized round 3, entries=14, mask_incidences=15, large_masks=0
N=101661113 base: refine round 3, active=18, final=15, batch_splits=16, forced=5
N=101661113 base: normalized round 4, entries=11, mask_incidences=18, large_masks=0
N=101661113 base: refine round 4, active=10, final=17, batch_splits=17, forced=5
N=101661113 base: normalized round 5, entries=10, mask_incidences=15, large_masks=0
N=101661113 base: refine round 5, active=12, final=18, batch_splits=17, forced=8
N=101661113 base: normalized round 6, entries=8, mask_incidences=16, large_masks=0
N=101661113 base: refine round 6, active=10, final=19, batch_splits=17, forced=11
N=101661113 base: normalized round 7, entries=4, mask_incidences=13, large_masks=0
N=101661113 base: refine round 7, active=4, final=20, batch_splits=17, forced=12
N=101661113 base: normalized round 8, entries=2, mask_incidences=8, large_masks=0
N=101661113 base: refine round 8, active=0, final=22, batch_splits=17, forced=12
N=101661113 level_1 union: normalized round 1, entries=25, mask_incidences=25, large_masks=0
N=101661113 level_1 union: refine round 1, active=50, final=0, batch_splits=25, forced=0
N=101661113 level_1 union: normalized round 2, entries=48, mask_incidences=48, large_masks=0
N=101661113 level_1 union: refine round 2, active=25, final=24, batch_splits=26, forced=0
N=101661113 level_1 union: normalized round 3, entries=25, mask_incidences=25, large_masks=0
N=101661113 level_1 union: refine round 3, active=34, final=25, batch_splits=26, forced=10
N=101661113 level_1 union: normalized round 4, entries=20, mask_incidences=35, large_masks=0
N=101661113 level_1 union: refine round 4, active=21, final=25, batch_splits=27, forced=10
N=101661113 level_1 union: normalized round 5, entries=21, mask_incidences=36, large_masks=0
N=101661113 level_1 union: refine round 5, active=28, final=26, batch_splits=27, forced=18
N=101661113 level_1 union: normalized round 6, entries=16, mask_incidences=45, large_masks=0
N=101661113 level_1 union: refine round 6, active=22, final=27, batch_splits=27, forced=25
N=101661113 level_1 union: normalized round 7, entries=10, mask_incidences=42, large_masks=0
N=101661113 level_1 union: refine round 7, active=8, final=30, batch_splits=28, forced=25
N=101661113 level_1 union: normalized round 8, entries=8, mask_incidences=33, large_masks=0
N=101661113 level_1 union: refine round 8, active=11, final=30, batch_splits=28, forced=28
N=101661113 level_1 union: normalized round 9, entries=6, mask_incidences=34, large_masks=0
N=101661113 level_1 union: refine round 9, active=8, final=30, batch_splits=28, forced=30
N=101661113 level_1 union: normalized round 10, entries=6, mask_incidences=35, large_masks=0
N=101661113 level_1 union: refine round 10, active=7, final=31, batch_splits=28, forced=32
N=101661113 level_1 union: normalized round 11, entries=3, mask_incidences=26, large_masks=0
N=101661113 level_1 union: refine round 11, active=0, final=34, batch_splits=28, forced=32
N=101661113 level_2 union: normalized round 1, entries=47, mask_incidences=47, large_masks=0
N=101661113 level_2 union: refine round 1, active=94, final=0, batch_splits=47, forced=0
N=101661113 level_2 union: normalized round 2, entries=91, mask_incidences=91, large_masks=0
N=101661113 level_2 union: refine round 2, active=61, final=47, batch_splits=47, forced=17
N=101661113 level_2 union: normalized round 3, entries=46, mask_incidences=68, large_masks=0
N=101661113 level_2 union: refine round 3, active=65, final=47, batch_splits=47, forced=36
N=101661113 level_2 union: normalized round 4, entries=35, mask_incidences=93, large_masks=0
N=101661113 level_2 union: refine round 4, active=49, final=48, batch_splits=47, forced=51
N=101661113 level_2 union: normalized round 5, entries=19, mask_incidences=101, large_masks=0
N=101661113 level_2 union: refine round 5, active=21, final=52, batch_splits=47, forced=57
N=101661113 level_2 union: normalized round 6, entries=11, mask_incidences=84, large_masks=0
N=101661113 level_2 union: refine round 6, active=13, final=53, batch_splits=47, forced=60
N=101661113 level_2 union: normalized round 7, entries=7, mask_incidences=81, large_masks=0
N=101661113 level_2 union: refine round 7, active=7, final=54, batch_splits=48, forced=60
N=101661113 level_2 union: normalized round 8, entries=7, mask_incidences=69, large_masks=0
N=101661113 level_2 union: refine round 8, active=9, final=54, batch_splits=48, forced=62
N=101661113 level_2 union: normalized round 9, entries=6, mask_incidences=69, large_masks=0
N=101661113 level_2 union: refine round 9, active=8, final=54, batch_splits=48, forced=64
N=101661113 level_2 union: normalized round 10, entries=5, mask_incidences=69, large_masks=0
N=101661113 level_2 union: refine round 10, active=5, final=55, batch_splits=49, forced=64
N=101661113 level_2 union: normalized round 11, entries=5, mask_incidences=52, large_masks=0
N=101661113 level_2 union: refine round 11, active=7, final=55, batch_splits=49, forced=66
N=101661113 level_2 union: normalized round 12, entries=4, mask_incidences=50, large_masks=0
N=101661113 level_2 union: refine round 12, active=4, final=56, batch_splits=49, forced=67
N=101661113 level_2 union: normalized round 13, entries=2, mask_incidences=34, large_masks=0
N=101661113 level_2 union: refine round 13, active=0, final=58, batch_splits=49, forced=67
F165 instance 18/64: N=101701141
N=101701141 base: normalized round 1, entries=13, mask_incidences=13, large_masks=0
N=101701141 base: refine round 1, active=26, final=0, batch_splits=13, forced=0
N=101701141 base: normalized round 2, entries=24, mask_incidences=24, large_masks=0
N=101701141 base: refine round 2, active=13, final=12, batch_splits=14, forced=0
N=101701141 base: normalized round 3, entries=11, mask_incidences=11, large_masks=0
N=101701141 base: refine round 3, active=11, final=13, batch_splits=15, forced=0
N=101701141 base: normalized round 4, entries=11, mask_incidences=11, large_masks=0
N=101701141 base: refine round 4, active=13, final=14, batch_splits=15, forced=3
N=101701141 base: normalized round 5, entries=9, mask_incidences=13, large_masks=0
N=101701141 base: refine round 5, active=10, final=14, batch_splits=16, forced=3
N=101701141 base: normalized round 6, entries=9, mask_incidences=13, large_masks=0
N=101701141 base: refine round 6, active=12, final=14, batch_splits=16, forced=6
N=101701141 base: normalized round 7, entries=7, mask_incidences=15, large_masks=0
N=101701141 base: refine round 7, active=9, final=14, batch_splits=18, forced=6
N=101701141 base: normalized round 8, entries=7, mask_incidences=17, large_masks=0
N=101701141 base: refine round 8, active=10, final=14, batch_splits=18, forced=9
N=101701141 base: normalized round 9, entries=5, mask_incidences=13, large_masks=0
N=101701141 base: refine round 9, active=4, final=16, batch_splits=19, forced=9
N=101701141 base: normalized round 10, entries=3, mask_incidences=6, large_masks=0
N=101701141 base: refine round 10, active=4, final=16, batch_splits=19, forced=10
N=101701141 base: normalized round 11, entries=2, mask_incidences=7, large_masks=0
N=101701141 base: refine round 11, active=0, final=18, batch_splits=19, forced=10
N=101701141 level_1 union: normalized round 1, entries=19, mask_incidences=19, large_masks=0
N=101701141 level_1 union: refine round 1, active=38, final=0, batch_splits=19, forced=0
N=101701141 level_1 union: normalized round 2, entries=36, mask_incidences=36, large_masks=0
N=101701141 level_1 union: refine round 2, active=24, final=19, batch_splits=19, forced=7
N=101701141 level_1 union: normalized round 3, entries=17, mask_incidences=25, large_masks=0
N=101701141 level_1 union: refine round 3, active=23, final=19, batch_splits=19, forced=13
N=101701141 level_1 union: normalized round 4, entries=12, mask_incidences=29, large_masks=0
N=101701141 level_1 union: refine round 4, active=11, final=21, batch_splits=20, forced=13
N=101701141 level_1 union: normalized round 5, entries=9, mask_incidences=24, large_masks=0
N=101701141 level_1 union: refine round 5, active=13, final=21, batch_splits=20, forced=17
N=101701141 level_1 union: normalized round 6, entries=8, mask_incidences=26, large_masks=0
N=101701141 level_1 union: refine round 6, active=9, final=22, batch_splits=20, forced=19
N=101701141 level_1 union: normalized round 7, entries=5, mask_incidences=21, large_masks=0
N=101701141 level_1 union: refine round 7, active=6, final=22, batch_splits=21, forced=19
N=101701141 level_1 union: normalized round 8, entries=5, mask_incidences=22, large_masks=0
N=101701141 level_1 union: refine round 8, active=7, final=22, batch_splits=21, forced=21
N=101701141 level_1 union: normalized round 9, entries=4, mask_incidences=20, large_masks=0
N=101701141 level_1 union: refine round 9, active=4, final=23, batch_splits=21, forced=22
N=101701141 level_1 union: normalized round 10, entries=2, mask_incidences=13, large_masks=0
N=101701141 level_1 union: refine round 10, active=0, final=25, batch_splits=21, forced=22
N=101701141 level_2 union: normalized round 1, entries=29, mask_incidences=29, large_masks=0
N=101701141 level_2 union: refine round 1, active=58, final=0, batch_splits=29, forced=0
N=101701141 level_2 union: normalized round 2, entries=56, mask_incidences=56, large_masks=0
N=101701141 level_2 union: refine round 2, active=38, final=29, batch_splits=29, forced=11
N=101701141 level_2 union: normalized round 3, entries=27, mask_incidences=45, large_masks=0
N=101701141 level_2 union: refine round 3, active=28, final=29, batch_splits=30, forced=11
N=101701141 level_2 union: normalized round 4, entries=27, mask_incidences=45, large_masks=0
N=101701141 level_2 union: refine round 4, active=38, final=29, batch_splits=30, forced=22
N=101701141 level_2 union: normalized round 5, entries=21, mask_incidences=59, large_masks=0
N=101701141 level_2 union: refine round 5, active=29, final=29, batch_splits=30, forced=30
N=101701141 level_2 union: normalized round 6, entries=14, mask_incidences=59, large_masks=0
N=101701141 level_2 union: refine round 6, active=14, final=32, batch_splits=30, forced=33
N=101701141 level_2 union: normalized round 7, entries=10, mask_incidences=52, large_masks=0
N=101701141 level_2 union: refine round 7, active=10, final=33, batch_splits=31, forced=33
N=101701141 level_2 union: normalized round 8, entries=9, mask_incidences=49, large_masks=0
N=101701141 level_2 union: refine round 8, active=12, final=33, batch_splits=31, forced=36
N=101701141 level_2 union: normalized round 9, entries=8, mask_incidences=51, large_masks=0
N=101701141 level_2 union: refine round 9, active=9, final=33, batch_splits=32, forced=36
N=101701141 level_2 union: normalized round 10, entries=8, mask_incidences=50, large_masks=0
N=101701141 level_2 union: refine round 10, active=11, final=33, batch_splits=32, forced=39
N=101701141 level_2 union: normalized round 11, entries=6, mask_incidences=48, large_masks=0
N=101701141 level_2 union: refine round 11, active=7, final=33, batch_splits=33, forced=39
N=101701141 level_2 union: normalized round 12, entries=7, mask_incidences=49, large_masks=0
N=101701141 level_2 union: refine round 12, active=9, final=33, batch_splits=33, forced=41
N=101701141 level_2 union: normalized round 13, entries=5, mask_incidences=47, large_masks=0
N=101701141 level_2 union: refine round 13, active=6, final=33, batch_splits=34, forced=41
N=101701141 level_2 union: normalized round 14, entries=5, mask_incidences=48, large_masks=0
N=101701141 level_2 union: refine round 14, active=6, final=33, batch_splits=34, forced=42
N=101701141 level_2 union: normalized round 15, entries=5, mask_incidences=47, large_masks=0
N=101701141 level_2 union: refine round 15, active=5, final=34, batch_splits=34, forced=43
N=101701141 level_2 union: normalized round 16, entries=4, mask_incidences=32, large_masks=0
N=101701141 level_2 union: refine round 16, active=4, final=35, batch_splits=34, forced=44
N=101701141 level_2 union: normalized round 17, entries=2, mask_incidences=23, large_masks=0
N=101701141 level_2 union: refine round 17, active=0, final=37, batch_splits=34, forced=44
F165 instance 19/64: N=101761183
N=101761183 base: normalized round 1, entries=9, mask_incidences=9, large_masks=0
N=101761183 base: refine round 1, active=16, final=1, batch_splits=8, forced=0
N=101761183 base: normalized round 2, entries=16, mask_incidences=16, large_masks=0
N=101761183 base: refine round 2, active=11, final=9, batch_splits=8, forced=3
N=101761183 base: normalized round 3, entries=7, mask_incidences=10, large_masks=0
N=101761183 base: refine round 3, active=9, final=9, batch_splits=8, forced=5
N=101761183 base: normalized round 4, entries=6, mask_incidences=10, large_masks=0
N=101761183 base: refine round 4, active=6, final=10, batch_splits=9, forced=5
N=101761183 base: normalized round 5, entries=5, mask_incidences=9, large_masks=0
N=101761183 base: refine round 5, active=7, final=10, batch_splits=9, forced=7
N=101761183 base: normalized round 6, entries=4, mask_incidences=9, large_masks=0
N=101761183 base: refine round 6, active=4, final=11, batch_splits=9, forced=8
N=101761183 base: normalized round 7, entries=2, mask_incidences=5, large_masks=0
N=101761183 base: refine round 7, active=0, final=13, batch_splits=9, forced=8
N=101761183 level_1 union: normalized round 1, entries=13, mask_incidences=13, large_masks=0
N=101761183 level_1 union: refine round 1, active=26, final=0, batch_splits=13, forced=0
N=101761183 level_1 union: normalized round 2, entries=25, mask_incidences=25, large_masks=0
N=101761183 level_1 union: refine round 2, active=17, final=13, batch_splits=13, forced=5
N=101761183 level_1 union: normalized round 3, entries=12, mask_incidences=15, large_masks=0
N=101761183 level_1 union: refine round 3, active=12, final=14, batch_splits=14, forced=5
N=101761183 level_1 union: normalized round 4, entries=11, mask_incidences=15, large_masks=0
N=101761183 level_1 union: refine round 4, active=14, final=15, batch_splits=14, forced=9
N=101761183 level_1 union: normalized round 5, entries=6, mask_incidences=17, large_masks=0
N=101761183 level_1 union: refine round 5, active=6, final=16, batch_splits=15, forced=9
N=101761183 level_1 union: normalized round 6, entries=5, mask_incidences=15, large_masks=0
N=101761183 level_1 union: refine round 6, active=7, final=16, batch_splits=15, forced=11
N=101761183 level_1 union: normalized round 7, entries=3, mask_incidences=14, large_masks=0
N=101761183 level_1 union: refine round 7, active=0, final=19, batch_splits=15, forced=11
N=101761183 level_2 union: normalized round 1, entries=16, mask_incidences=16, large_masks=0
N=101761183 level_2 union: refine round 1, active=32, final=0, batch_splits=16, forced=0
N=101761183 level_2 union: normalized round 2, entries=31, mask_incidences=31, large_masks=0
N=101761183 level_2 union: refine round 2, active=21, final=16, batch_splits=16, forced=6
N=101761183 level_2 union: normalized round 3, entries=17, mask_incidences=22, large_masks=0
N=101761183 level_2 union: refine round 3, active=23, final=17, batch_splits=16, forced=13
N=101761183 level_2 union: normalized round 4, entries=10, mask_incidences=27, large_masks=0
N=101761183 level_2 union: refine round 4, active=10, final=18, batch_splits=17, forced=13
N=101761183 level_2 union: normalized round 5, entries=8, mask_incidences=25, large_masks=0
N=101761183 level_2 union: refine round 5, active=9, final=18, batch_splits=18, forced=13
N=101761183 level_2 union: normalized round 6, entries=8, mask_incidences=25, large_masks=0
N=101761183 level_2 union: refine round 6, active=11, final=18, batch_splits=18, forced=16
N=101761183 level_2 union: normalized round 7, entries=7, mask_incidences=27, large_masks=0
N=101761183 level_2 union: refine round 7, active=6, final=20, batch_splits=19, forced=16
N=101761183 level_2 union: normalized round 8, entries=5, mask_incidences=18, large_masks=0
N=101761183 level_2 union: refine round 8, active=6, final=20, batch_splits=19, forced=17
N=101761183 level_2 union: normalized round 9, entries=5, mask_incidences=17, large_masks=0
N=101761183 level_2 union: refine round 9, active=5, final=21, batch_splits=19, forced=18
N=101761183 level_2 union: normalized round 10, entries=4, mask_incidences=11, large_masks=0
N=101761183 level_2 union: refine round 10, active=4, final=22, batch_splits=19, forced=19
N=101761183 level_2 union: normalized round 11, entries=2, mask_incidences=6, large_masks=0
N=101761183 level_2 union: refine round 11, active=0, final=24, batch_splits=19, forced=19
F165 instance 20/64: N=101841239
N=101841239 base: normalized round 1, entries=9, mask_incidences=9, large_masks=0
N=101841239 base: refine round 1, active=14, final=2, batch_splits=7, forced=0
N=101841239 base: normalized round 2, entries=13, mask_incidences=13, large_masks=0
N=101841239 base: refine round 2, active=10, final=7, batch_splits=9, forced=0
N=101841239 base: normalized round 3, entries=10, mask_incidences=10, large_masks=0
N=101841239 base: refine round 3, active=11, final=9, batch_splits=9, forced=3
N=101841239 base: normalized round 4, entries=9, mask_incidences=12, large_masks=0
N=101841239 base: refine round 4, active=12, final=10, batch_splits=9, forced=7
N=101841239 base: normalized round 5, entries=6, mask_incidences=10, large_masks=0
N=101841239 base: refine round 5, active=5, final=12, batch_splits=10, forced=7
N=101841239 base: normalized round 6, entries=4, mask_incidences=6, large_masks=0
N=101841239 base: refine round 6, active=4, final=13, batch_splits=11, forced=7
N=101841239 base: normalized round 7, entries=3, mask_incidences=6, large_masks=0
N=101841239 base: refine round 7, active=4, final=13, batch_splits=11, forced=8
N=101841239 base: normalized round 8, entries=2, mask_incidences=5, large_masks=0
N=101841239 base: refine round 8, active=0, final=15, batch_splits=11, forced=8
N=101841239 level_1 union: normalized round 1, entries=11, mask_incidences=11, large_masks=0
N=101841239 level_1 union: refine round 1, active=18, final=2, batch_splits=9, forced=0
N=101841239 level_1 union: normalized round 2, entries=18, mask_incidences=18, large_masks=0
N=101841239 level_1 union: refine round 2, active=13, final=11, batch_splits=9, forced=4
N=101841239 level_1 union: normalized round 3, entries=12, mask_incidences=16, large_masks=0
N=101841239 level_1 union: refine round 3, active=18, final=11, batch_splits=9, forced=10
N=101841239 level_1 union: normalized round 4, entries=9, mask_incidences=19, large_masks=0
N=101841239 level_1 union: refine round 4, active=8, final=13, batch_splits=10, forced=10
N=101841239 level_1 union: normalized round 5, entries=7, mask_incidences=15, large_masks=0
N=101841239 level_1 union: refine round 5, active=10, final=13, batch_splits=10, forced=13
N=101841239 level_1 union: normalized round 6, entries=6, mask_incidences=15, large_masks=0
N=101841239 level_1 union: refine round 6, active=6, final=14, batch_splits=11, forced=13
N=101841239 level_1 union: normalized round 7, entries=5, mask_incidences=12, large_masks=0
N=101841239 level_1 union: refine round 7, active=7, final=14, batch_splits=11, forced=15
N=101841239 level_1 union: normalized round 8, entries=3, mask_incidences=11, large_masks=0
N=101841239 level_1 union: refine round 8, active=0, final=17, batch_splits=11, forced=15
N=101841239 level_2 union: normalized round 1, entries=14, mask_incidences=14, large_masks=0
N=101841239 level_2 union: refine round 1, active=24, final=2, batch_splits=12, forced=0
N=101841239 level_2 union: normalized round 2, entries=23, mask_incidences=23, large_masks=0
N=101841239 level_2 union: refine round 2, active=15, final=14, batch_splits=12, forced=4
N=101841239 level_2 union: normalized round 3, entries=13, mask_incidences=18, large_masks=0
N=101841239 level_2 union: refine round 3, active=17, final=14, batch_splits=12, forced=8
N=101841239 level_2 union: normalized round 4, entries=12, mask_incidences=23, large_masks=0
N=101841239 level_2 union: refine round 4, active=16, final=14, batch_splits=12, forced=12
N=101841239 level_2 union: normalized round 5, entries=10, mask_incidences=25, large_masks=0
N=101841239 level_2 union: refine round 5, active=9, final=16, batch_splits=13, forced=12
N=101841239 level_2 union: normalized round 6, entries=8, mask_incidences=21, large_masks=0
N=101841239 level_2 union: refine round 6, active=11, final=16, batch_splits=13, forced=15
N=101841239 level_2 union: normalized round 7, entries=6, mask_incidences=19, large_masks=0
N=101841239 level_2 union: refine round 7, active=6, final=17, batch_splits=14, forced=15
N=101841239 level_2 union: normalized round 8, entries=5, mask_incidences=15, large_masks=0
N=101841239 level_2 union: refine round 8, active=7, final=17, batch_splits=14, forced=17
N=101841239 level_2 union: normalized round 9, entries=3, mask_incidences=13, large_masks=0
N=101841239 level_2 union: refine round 9, active=0, final=20, batch_splits=14, forced=17
F165 instance 21/64: N=101881267
N=101881267 base: normalized round 1, entries=13, mask_incidences=13, large_masks=0
N=101881267 base: refine round 1, active=26, final=0, batch_splits=13, forced=0
N=101881267 base: normalized round 2, entries=25, mask_incidences=25, large_masks=0
N=101881267 base: refine round 2, active=17, final=13, batch_splits=13, forced=5
N=101881267 base: normalized round 3, entries=9, mask_incidences=18, large_masks=0
N=101881267 base: refine round 3, active=9, final=15, batch_splits=13, forced=7
N=101881267 base: normalized round 4, entries=5, mask_incidences=14, large_masks=0
N=101881267 base: refine round 4, active=5, final=16, batch_splits=14, forced=7
N=101881267 base: normalized round 5, entries=4, mask_incidences=12, large_masks=0
N=101881267 base: refine round 5, active=5, final=16, batch_splits=14, forced=8
N=101881267 base: normalized round 6, entries=4, mask_incidences=14, large_masks=0
N=101881267 base: refine round 6, active=5, final=16, batch_splits=15, forced=8
N=101881267 base: normalized round 7, entries=4, mask_incidences=13, large_masks=0
N=101881267 base: refine round 7, active=5, final=16, batch_splits=15, forced=9
N=101881267 base: normalized round 8, entries=3, mask_incidences=13, large_masks=0
N=101881267 base: refine round 8, active=4, final=16, batch_splits=16, forced=9
N=101881267 base: normalized round 9, entries=3, mask_incidences=12, large_masks=0
N=101881267 base: refine round 9, active=4, final=16, batch_splits=16, forced=10
N=101881267 base: normalized round 10, entries=2, mask_incidences=11, large_masks=0
N=101881267 base: refine round 10, active=0, final=18, batch_splits=16, forced=10
N=101881267 level_1 union: normalized round 1, entries=15, mask_incidences=15, large_masks=0
N=101881267 level_1 union: refine round 1, active=30, final=0, batch_splits=15, forced=0
N=101881267 level_1 union: normalized round 2, entries=30, mask_incidences=30, large_masks=0
N=101881267 level_1 union: refine round 2, active=21, final=15, batch_splits=15, forced=6
N=101881267 level_1 union: normalized round 3, entries=11, mask_incidences=20, large_masks=0
N=101881267 level_1 union: refine round 3, active=14, final=16, batch_splits=15, forced=10
N=101881267 level_1 union: normalized round 4, entries=7, mask_incidences=24, large_masks=0
N=101881267 level_1 union: refine round 4, active=7, final=18, batch_splits=17, forced=10
N=101881267 level_1 union: normalized round 5, entries=5, mask_incidences=21, large_masks=0
N=101881267 level_1 union: refine round 5, active=7, final=18, batch_splits=17, forced=12
N=101881267 level_1 union: normalized round 6, entries=5, mask_incidences=21, large_masks=0
N=101881267 level_1 union: refine round 6, active=5, final=19, batch_splits=17, forced=13
N=101881267 level_1 union: normalized round 7, entries=4, mask_incidences=17, large_masks=0
N=101881267 level_1 union: refine round 7, active=5, final=19, batch_splits=17, forced=14
N=101881267 level_1 union: normalized round 8, entries=4, mask_incidences=16, large_masks=0
N=101881267 level_1 union: refine round 8, active=5, final=19, batch_splits=18, forced=14
N=101881267 level_1 union: normalized round 9, entries=3, mask_incidences=16, large_masks=0
N=101881267 level_1 union: refine round 9, active=4, final=19, batch_splits=18, forced=15
N=101881267 level_1 union: normalized round 10, entries=2, mask_incidences=15, large_masks=0
N=101881267 level_1 union: refine round 10, active=0, final=21, batch_splits=18, forced=15
N=101881267 level_2 union: normalized round 1, entries=16, mask_incidences=16, large_masks=0
N=101881267 level_2 union: refine round 1, active=32, final=0, batch_splits=16, forced=0
N=101881267 level_2 union: normalized round 2, entries=32, mask_incidences=32, large_masks=0
N=101881267 level_2 union: refine round 2, active=23, final=16, batch_splits=16, forced=7
N=101881267 level_2 union: normalized round 3, entries=16, mask_incidences=25, large_masks=0
N=101881267 level_2 union: refine round 3, active=22, final=16, batch_splits=16, forced=13
N=101881267 level_2 union: normalized round 4, entries=11, mask_incidences=30, large_masks=0
N=101881267 level_2 union: refine round 4, active=11, final=19, batch_splits=16, forced=16
N=101881267 level_2 union: normalized round 5, entries=6, mask_incidences=22, large_masks=0
N=101881267 level_2 union: refine round 5, active=8, final=19, batch_splits=18, forced=16
N=101881267 level_2 union: normalized round 6, entries=6, mask_incidences=21, large_masks=0
N=101881267 level_2 union: refine round 6, active=8, final=19, batch_splits=18, forced=18
N=101881267 level_2 union: normalized round 7, entries=4, mask_incidences=23, large_masks=0
N=101881267 level_2 union: refine round 7, active=0, final=23, batch_splits=18, forced=18
F165 instance 22/64: N=102001351
N=102001351 base: normalized round 1, entries=13, mask_incidences=13, large_masks=0
N=102001351 base: refine round 1, active=24, final=1, batch_splits=12, forced=0
N=102001351 base: normalized round 2, entries=21, mask_incidences=21, large_masks=0
N=102001351 base: refine round 2, active=12, final=13, batch_splits=12, forced=3
N=102001351 base: normalized round 3, entries=8, mask_incidences=11, large_masks=0
N=102001351 base: refine round 3, active=8, final=14, batch_splits=13, forced=3
N=102001351 base: normalized round 4, entries=7, mask_incidences=9, large_masks=0
N=102001351 base: refine round 4, active=10, final=14, batch_splits=13, forced=6
N=102001351 base: normalized round 5, entries=4, mask_incidences=8, large_masks=0
N=102001351 base: refine round 5, active=4, final=15, batch_splits=13, forced=7
N=102001351 base: normalized round 6, entries=2, mask_incidences=7, large_masks=0
N=102001351 base: refine round 6, active=0, final=17, batch_splits=13, forced=7
N=102001351 level_1 union: normalized round 1, entries=15, mask_incidences=15, large_masks=0
N=102001351 level_1 union: refine round 1, active=28, final=1, batch_splits=14, forced=0
N=102001351 level_1 union: normalized round 2, entries=25, mask_incidences=25, large_masks=0
N=102001351 level_1 union: refine round 2, active=15, final=15, batch_splits=14, forced=4
N=102001351 level_1 union: normalized round 3, entries=10, mask_incidences=15, large_masks=0
N=102001351 level_1 union: refine round 3, active=12, final=16, batch_splits=14, forced=7
N=102001351 level_1 union: normalized round 4, entries=6, mask_incidences=15, large_masks=0
N=102001351 level_1 union: refine round 4, active=7, final=16, batch_splits=15, forced=7
N=102001351 level_1 union: normalized round 5, entries=6, mask_incidences=14, large_masks=0
N=102001351 level_1 union: refine round 5, active=8, final=16, batch_splits=15, forced=9
N=102001351 level_1 union: normalized round 6, entries=5, mask_incidences=14, large_masks=0
N=102001351 level_1 union: refine round 6, active=5, final=17, batch_splits=16, forced=9
N=102001351 level_1 union: normalized round 7, entries=4, mask_incidences=11, large_masks=0
N=102001351 level_1 union: refine round 7, active=5, final=17, batch_splits=16, forced=10
N=102001351 level_1 union: normalized round 8, entries=3, mask_incidences=9, large_masks=0
N=102001351 level_1 union: refine round 8, active=4, final=17, batch_splits=17, forced=10
N=102001351 level_1 union: normalized round 9, entries=3, mask_incidences=8, large_masks=0
N=102001351 level_1 union: refine round 9, active=4, final=17, batch_splits=17, forced=11
N=102001351 level_1 union: normalized round 10, entries=2, mask_incidences=9, large_masks=0
N=102001351 level_1 union: refine round 10, active=0, final=19, batch_splits=17, forced=11
N=102001351 level_2 union: normalized round 1, entries=17, mask_incidences=17, large_masks=0
N=102001351 level_2 union: refine round 1, active=34, final=0, batch_splits=17, forced=0
N=102001351 level_2 union: normalized round 2, entries=31, mask_incidences=31, large_masks=0
N=102001351 level_2 union: refine round 2, active=16, final=16, batch_splits=18, forced=0
N=102001351 level_2 union: normalized round 3, entries=15, mask_incidences=16, large_masks=0
N=102001351 level_2 union: refine round 3, active=20, final=17, batch_splits=18, forced=6
N=102001351 level_2 union: normalized round 4, entries=10, mask_incidences=16, large_masks=0
N=102001351 level_2 union: refine round 4, active=10, final=18, batch_splits=19, forced=6
N=102001351 level_2 union: normalized round 5, entries=9, mask_incidences=16, large_masks=0
N=102001351 level_2 union: refine round 5, active=12, final=18, batch_splits=19, forced=9
N=102001351 level_2 union: normalized round 6, entries=7, mask_incidences=18, large_masks=0
N=102001351 level_2 union: refine round 6, active=8, final=18, batch_splits=20, forced=9
N=102001351 level_2 union: normalized round 7, entries=7, mask_incidences=17, large_masks=0
N=102001351 level_2 union: refine round 7, active=8, final=18, batch_splits=21, forced=9
N=102001351 level_2 union: normalized round 8, entries=7, mask_incidences=18, large_masks=0
N=102001351 level_2 union: refine round 8, active=9, final=18, batch_splits=21, forced=11
N=102001351 level_2 union: normalized round 9, entries=6, mask_incidences=20, large_masks=0
N=102001351 level_2 union: refine round 9, active=6, final=19, batch_splits=22, forced=11
N=102001351 level_2 union: normalized round 10, entries=5, mask_incidences=14, large_masks=0
N=102001351 level_2 union: refine round 10, active=7, final=19, batch_splits=22, forced=13
N=102001351 level_2 union: normalized round 11, entries=5, mask_incidences=16, large_masks=0
N=102001351 level_2 union: refine round 11, active=5, final=20, batch_splits=23, forced=13
N=102001351 level_2 union: normalized round 12, entries=4, mask_incidences=13, large_masks=0
N=102001351 level_2 union: refine round 12, active=5, final=20, batch_splits=23, forced=14
N=102001351 level_2 union: normalized round 13, entries=4, mask_incidences=12, large_masks=0
N=102001351 level_2 union: refine round 13, active=5, final=20, batch_splits=24, forced=14
N=102001351 level_2 union: normalized round 14, entries=4, mask_incidences=11, large_masks=0
N=102001351 level_2 union: refine round 14, active=5, final=20, batch_splits=24, forced=15
N=102001351 level_2 union: normalized round 15, entries=3, mask_incidences=12, large_masks=0
N=102001351 level_2 union: refine round 15, active=4, final=20, batch_splits=25, forced=15
N=102001351 level_2 union: normalized round 16, entries=3, mask_incidences=13, large_masks=0
N=102001351 level_2 union: refine round 16, active=4, final=20, batch_splits=25, forced=16
N=102001351 level_2 union: normalized round 17, entries=2, mask_incidences=12, large_masks=0
N=102001351 level_2 union: refine round 17, active=0, final=22, batch_splits=25, forced=16
F165 instance 23/64: N=102181477
N=102181477 base: normalized round 1, entries=11, mask_incidences=11, large_masks=0
N=102181477 base: refine round 1, active=22, final=0, batch_splits=11, forced=0
N=102181477 base: normalized round 2, entries=19, mask_incidences=19, large_masks=0
N=102181477 base: refine round 2, active=10, final=10, batch_splits=12, forced=0
N=102181477 base: normalized round 3, entries=10, mask_incidences=10, large_masks=0
N=102181477 base: refine round 3, active=12, final=11, batch_splits=12, forced=3
N=102181477 base: normalized round 4, entries=8, mask_incidences=9, large_masks=0
N=102181477 base: refine round 4, active=9, final=11, batch_splits=13, forced=3
N=102181477 base: normalized round 5, entries=9, mask_incidences=10, large_masks=0
N=102181477 base: refine round 5, active=11, final=12, batch_splits=13, forced=6
N=102181477 base: normalized round 6, entries=8, mask_incidences=12, large_masks=0
N=102181477 base: refine round 6, active=10, final=13, batch_splits=13, forced=9
N=102181477 base: normalized round 7, entries=4, mask_incidences=11, large_masks=0
N=102181477 base: refine round 7, active=0, final=17, batch_splits=13, forced=9
N=102181477 level_1 union: normalized round 1, entries=18, mask_incidences=18, large_masks=0
N=102181477 level_1 union: refine round 1, active=36, final=0, batch_splits=18, forced=0
N=102181477 level_1 union: normalized round 2, entries=33, mask_incidences=33, large_masks=0
N=102181477 level_1 union: refine round 2, active=22, final=18, batch_splits=18, forced=7
N=102181477 level_1 union: normalized round 3, entries=14, mask_incidences=26, large_masks=0
N=102181477 level_1 union: refine round 3, active=20, final=18, batch_splits=18, forced=13
N=102181477 level_1 union: normalized round 4, entries=12, mask_incidences=31, large_masks=0
N=102181477 level_1 union: refine round 4, active=14, final=20, batch_splits=18, forced=17
N=102181477 level_1 union: normalized round 5, entries=6, mask_incidences=21, large_masks=0
N=102181477 level_1 union: refine round 5, active=5, final=22, batch_splits=19, forced=17
N=102181477 level_1 union: normalized round 6, entries=4, mask_incidences=12, large_masks=0
N=102181477 level_1 union: refine round 6, active=5, final=22, batch_splits=19, forced=18
N=102181477 level_1 union: normalized round 7, entries=4, mask_incidences=13, large_masks=0
N=102181477 level_1 union: refine round 7, active=4, final=23, batch_splits=19, forced=19
N=102181477 level_1 union: normalized round 8, entries=2, mask_incidences=8, large_masks=0
N=102181477 level_1 union: refine round 8, active=0, final=25, batch_splits=19, forced=19
N=102181477 level_2 union: normalized round 1, entries=20, mask_incidences=20, large_masks=0
N=102181477 level_2 union: refine round 1, active=40, final=0, batch_splits=20, forced=0
N=102181477 level_2 union: normalized round 2, entries=37, mask_incidences=37, large_masks=0
N=102181477 level_2 union: refine round 2, active=25, final=20, batch_splits=20, forced=8
N=102181477 level_2 union: normalized round 3, entries=16, mask_incidences=30, large_masks=0
N=102181477 level_2 union: refine round 3, active=23, final=20, batch_splits=20, forced=15
N=102181477 level_2 union: normalized round 4, entries=14, mask_incidences=35, large_masks=0
N=102181477 level_2 union: refine round 4, active=14, final=21, batch_splits=21, forced=15
N=102181477 level_2 union: normalized round 5, entries=13, mask_incidences=32, large_masks=0
N=102181477 level_2 union: refine round 5, active=18, final=21, batch_splits=21, forced=20
N=102181477 level_2 union: normalized round 6, entries=7, mask_incidences=36, large_masks=0
N=102181477 level_2 union: refine round 6, active=5, final=24, batch_splits=22, forced=20
N=102181477 level_2 union: normalized round 7, entries=4, mask_incidences=15, large_masks=0
N=102181477 level_2 union: refine round 7, active=5, final=24, batch_splits=22, forced=21
N=102181477 level_2 union: normalized round 8, entries=4, mask_incidences=16, large_masks=0
N=102181477 level_2 union: refine round 8, active=4, final=25, batch_splits=22, forced=22
N=102181477 level_2 union: normalized round 9, entries=2, mask_incidences=10, large_masks=0
N=102181477 level_2 union: refine round 9, active=0, final=27, batch_splits=22, forced=22
F165 instance 24/64: N=102301561
N=102301561 base: normalized round 1, entries=14, mask_incidences=14, large_masks=0
N=102301561 base: refine round 1, active=26, final=1, batch_splits=13, forced=0
N=102301561 base: normalized round 2, entries=23, mask_incidences=23, large_masks=0
N=102301561 base: refine round 2, active=14, final=14, batch_splits=13, forced=4
N=102301561 base: normalized round 3, entries=8, mask_incidences=15, large_masks=0
N=102301561 base: refine round 3, active=11, final=14, batch_splits=13, forced=7
N=102301561 base: normalized round 4, entries=6, mask_incidences=16, large_masks=0
N=102301561 base: refine round 4, active=5, final=16, batch_splits=14, forced=7
N=102301561 base: normalized round 5, entries=4, mask_incidences=12, large_masks=0
N=102301561 base: refine round 5, active=5, final=16, batch_splits=14, forced=8
N=102301561 base: normalized round 6, entries=4, mask_incidences=11, large_masks=0
N=102301561 base: refine round 6, active=4, final=17, batch_splits=14, forced=9
N=102301561 base: normalized round 7, entries=2, mask_incidences=7, large_masks=0
N=102301561 base: refine round 7, active=0, final=19, batch_splits=14, forced=9
N=102301561 level_1 union: normalized round 1, entries=18, mask_incidences=18, large_masks=0
N=102301561 level_1 union: refine round 1, active=36, final=0, batch_splits=18, forced=0
N=102301561 level_1 union: normalized round 2, entries=33, mask_incidences=33, large_masks=0
N=102301561 level_1 union: refine round 2, active=21, final=18, batch_splits=18, forced=6
N=102301561 level_1 union: normalized round 3, entries=13, mask_incidences=22, large_masks=0
N=102301561 level_1 union: refine round 3, active=17, final=19, batch_splits=18, forced=11
N=102301561 level_1 union: normalized round 4, entries=7, mask_incidences=20, large_masks=0
N=102301561 level_1 union: refine round 4, active=7, final=20, batch_splits=19, forced=11
N=102301561 level_1 union: normalized round 5, entries=6, mask_incidences=18, large_masks=0
N=102301561 level_1 union: refine round 5, active=8, final=20, batch_splits=19, forced=13
N=102301561 level_1 union: normalized round 6, entries=6, mask_incidences=20, large_masks=0
N=102301561 level_1 union: refine round 6, active=6, final=21, batch_splits=20, forced=13
N=102301561 level_1 union: normalized round 7, entries=5, mask_incidences=16, large_masks=0
N=102301561 level_1 union: refine round 7, active=7, final=21, batch_splits=20, forced=15
N=102301561 level_1 union: normalized round 8, entries=3, mask_incidences=17, large_masks=0
N=102301561 level_1 union: refine round 8, active=0, final=24, batch_splits=20, forced=15
N=102301561 level_2 union: normalized round 1, entries=20, mask_incidences=20, large_masks=0
N=102301561 level_2 union: refine round 1, active=40, final=0, batch_splits=20, forced=0
N=102301561 level_2 union: normalized round 2, entries=38, mask_incidences=38, large_masks=0
N=102301561 level_2 union: refine round 2, active=26, final=20, batch_splits=20, forced=8
N=102301561 level_2 union: normalized round 3, entries=16, mask_incidences=27, large_masks=0
N=102301561 level_2 union: refine round 3, active=20, final=21, batch_splits=20, forced=13
N=102301561 level_2 union: normalized round 4, entries=11, mask_incidences=29, large_masks=0
N=102301561 level_2 union: refine round 4, active=16, final=21, batch_splits=20, forced=18
N=102301561 level_2 union: normalized round 5, entries=8, mask_incidences=30, large_masks=0
N=102301561 level_2 union: refine round 5, active=5, final=25, batch_splits=20, forced=19
N=102301561 level_2 union: normalized round 6, entries=3, mask_incidences=15, large_masks=0
N=102301561 level_2 union: refine round 6, active=4, final=25, batch_splits=21, forced=19
N=102301561 level_2 union: normalized round 7, entries=3, mask_incidences=16, large_masks=0
N=102301561 level_2 union: refine round 7, active=4, final=25, batch_splits=21, forced=20
N=102301561 level_2 union: normalized round 8, entries=2, mask_incidences=15, large_masks=0
N=102301561 level_2 union: refine round 8, active=0, final=27, batch_splits=21, forced=20
F165 instance 25/64: N=102501701
N=102501701 base: normalized round 1, entries=14, mask_incidences=14, large_masks=0
N=102501701 base: refine round 1, active=28, final=0, batch_splits=14, forced=0
N=102501701 base: normalized round 2, entries=25, mask_incidences=25, large_masks=0
N=102501701 base: refine round 2, active=13, final=13, batch_splits=15, forced=0
N=102501701 base: normalized round 3, entries=13, mask_incidences=13, large_masks=0
N=102501701 base: refine round 3, active=16, final=14, batch_splits=15, forced=4
N=102501701 base: normalized round 4, entries=11, mask_incidences=15, large_masks=0
N=102501701 base: refine round 4, active=11, final=15, batch_splits=16, forced=4
N=102501701 base: normalized round 5, entries=11, mask_incidences=14, large_masks=0
N=102501701 base: refine round 5, active=14, final=16, batch_splits=16, forced=8
N=102501701 base: normalized round 6, entries=8, mask_incidences=15, large_masks=0
N=102501701 base: refine round 6, active=7, final=18, batch_splits=17, forced=8
N=102501701 base: normalized round 7, entries=6, mask_incidences=10, large_masks=0
N=102501701 base: refine round 7, active=8, final=18, batch_splits=17, forced=10
N=102501701 base: normalized round 8, entries=5, mask_incidences=12, large_masks=0
N=102501701 base: refine round 8, active=5, final=19, batch_splits=18, forced=10
N=102501701 base: normalized round 9, entries=3, mask_incidences=9, large_masks=0
N=102501701 base: refine round 9, active=4, final=19, batch_splits=19, forced=10
N=102501701 base: normalized round 10, entries=3, mask_incidences=10, large_masks=0
N=102501701 base: refine round 10, active=4, final=19, batch_splits=19, forced=11
N=102501701 base: normalized round 11, entries=2, mask_incidences=9, large_masks=0
N=102501701 base: refine round 11, active=0, final=21, batch_splits=19, forced=11
N=102501701 level_1 union: normalized round 1, entries=23, mask_incidences=23, large_masks=0
N=102501701 level_1 union: refine round 1, active=46, final=0, batch_splits=23, forced=0
N=102501701 level_1 union: normalized round 2, entries=45, mask_incidences=45, large_masks=0
N=102501701 level_1 union: refine round 2, active=26, final=21, batch_splits=25, forced=0
N=102501701 level_1 union: normalized round 3, entries=26, mask_incidences=26, large_masks=0
N=102501701 level_1 union: refine round 3, active=32, final=23, batch_splits=25, forced=8
N=102501701 level_1 union: normalized round 4, entries=22, mask_incidences=32, large_masks=0
N=102501701 level_1 union: refine round 4, active=22, final=24, batch_splits=26, forced=8
N=102501701 level_1 union: normalized round 5, entries=22, mask_incidences=31, large_masks=0
N=102501701 level_1 union: refine round 5, active=29, final=25, batch_splits=26, forced=16
N=102501701 level_1 union: normalized round 6, entries=18, mask_incidences=35, large_masks=0
N=102501701 level_1 union: refine round 6, active=24, final=26, batch_splits=26, forced=23
N=102501701 level_1 union: normalized round 7, entries=14, mask_incidences=41, large_masks=0
N=102501701 level_1 union: refine round 7, active=14, final=27, batch_splits=27, forced=23
N=102501701 level_1 union: normalized round 8, entries=13, mask_incidences=39, large_masks=0
N=102501701 level_1 union: refine round 8, active=18, final=27, batch_splits=27, forced=28
N=102501701 level_1 union: normalized round 9, entries=10, mask_incidences=40, large_masks=0
N=102501701 level_1 union: refine round 9, active=8, final=30, batch_splits=28, forced=28
N=102501701 level_1 union: normalized round 10, entries=6, mask_incidences=28, large_masks=0
N=102501701 level_1 union: refine round 10, active=8, final=30, batch_splits=28, forced=30
N=102501701 level_1 union: normalized round 11, entries=5, mask_incidences=29, large_masks=0
N=102501701 level_1 union: refine round 11, active=4, final=32, batch_splits=28, forced=31
N=102501701 level_1 union: normalized round 12, entries=2, mask_incidences=11, large_masks=0
N=102501701 level_1 union: refine round 12, active=0, final=34, batch_splits=28, forced=31
N=102501701 level_2 union: normalized round 1, entries=42, mask_incidences=42, large_masks=0
N=102501701 level_2 union: refine round 1, active=84, final=0, batch_splits=42, forced=0
N=102501701 level_2 union: normalized round 2, entries=83, mask_incidences=83, large_masks=0
N=102501701 level_2 union: refine round 2, active=57, final=42, batch_splits=42, forced=16
N=102501701 level_2 union: normalized round 3, entries=43, mask_incidences=68, large_masks=0
N=102501701 level_2 union: refine round 3, active=58, final=43, batch_splits=42, forced=32
N=102501701 level_2 union: normalized round 4, entries=32, mask_incidences=87, large_masks=0
N=102501701 level_2 union: refine round 4, active=44, final=43, batch_splits=42, forced=44
N=102501701 level_2 union: normalized round 5, entries=24, mask_incidences=99, large_masks=0
N=102501701 level_2 union: refine round 5, active=32, final=44, batch_splits=42, forced=53
N=102501701 level_2 union: normalized round 6, entries=18, mask_incidences=97, large_masks=0
N=102501701 level_2 union: refine round 6, active=16, final=47, batch_splits=43, forced=53
N=102501701 level_2 union: normalized round 7, entries=15, mask_incidences=69, large_masks=0
N=102501701 level_2 union: refine round 7, active=20, final=47, batch_splits=43, forced=58
N=102501701 level_2 union: normalized round 8, entries=12, mask_incidences=68, large_masks=0
N=102501701 level_2 union: refine round 8, active=10, final=50, batch_splits=44, forced=58
N=102501701 level_2 union: normalized round 9, entries=9, mask_incidences=49, large_masks=0
N=102501701 level_2 union: refine round 9, active=12, final=50, batch_splits=44, forced=61
N=102501701 level_2 union: normalized round 10, entries=8, mask_incidences=52, large_masks=0
N=102501701 level_2 union: refine round 10, active=8, final=52, batch_splits=44, forced=63
N=102501701 level_2 union: normalized round 11, entries=4, mask_incidences=46, large_masks=0
N=102501701 level_2 union: refine round 11, active=4, final=53, batch_splits=45, forced=63
N=102501701 level_2 union: normalized round 12, entries=3, mask_incidences=37, large_masks=0
N=102501701 level_2 union: refine round 12, active=4, final=53, batch_splits=45, forced=64
N=102501701 level_2 union: normalized round 13, entries=2, mask_incidences=36, large_masks=0
N=102501701 level_2 union: refine round 13, active=0, final=55, batch_splits=45, forced=64
F165 instance 26/64: N=102541729
N=102541729 base: normalized round 1, entries=14, mask_incidences=14, large_masks=0
N=102541729 base: refine round 1, active=24, final=2, batch_splits=12, forced=0
N=102541729 base: normalized round 2, entries=21, mask_incidences=21, large_masks=0
N=102541729 base: refine round 2, active=13, final=12, batch_splits=14, forced=0
N=102541729 base: normalized round 3, entries=13, mask_incidences=13, large_masks=0
N=102541729 base: refine round 3, active=16, final=14, batch_splits=14, forced=5
N=102541729 base: normalized round 4, entries=8, mask_incidences=17, large_masks=0
N=102541729 base: refine round 4, active=8, final=15, batch_splits=15, forced=5
N=102541729 base: normalized round 5, entries=7, mask_incidences=15, large_masks=0
N=102541729 base: refine round 5, active=10, final=15, batch_splits=15, forced=8
N=102541729 base: normalized round 6, entries=5, mask_incidences=14, large_masks=0
N=102541729 base: refine round 6, active=4, final=17, batch_splits=16, forced=8
N=102541729 base: normalized round 7, entries=3, mask_incidences=7, large_masks=0
N=102541729 base: refine round 7, active=4, final=17, batch_splits=16, forced=9
N=102541729 base: normalized round 8, entries=2, mask_incidences=8, large_masks=0
N=102541729 base: refine round 8, active=0, final=19, batch_splits=16, forced=9
N=102541729 level_1 union: normalized round 1, entries=18, mask_incidences=18, large_masks=0
N=102541729 level_1 union: refine round 1, active=32, final=2, batch_splits=16, forced=0
N=102541729 level_1 union: normalized round 2, entries=30, mask_incidences=30, large_masks=0
N=102541729 level_1 union: refine round 2, active=16, final=17, batch_splits=17, forced=0
N=102541729 level_1 union: normalized round 3, entries=16, mask_incidences=16, large_masks=0
N=102541729 level_1 union: refine round 3, active=21, final=18, batch_splits=17, forced=6
N=102541729 level_1 union: normalized round 4, entries=14, mask_incidences=20, large_masks=0
N=102541729 level_1 union: refine round 4, active=15, final=18, batch_splits=18, forced=6
N=102541729 level_1 union: normalized round 5, entries=14, mask_incidences=20, large_masks=0
N=102541729 level_1 union: refine round 5, active=18, final=19, batch_splits=18, forced=11
N=102541729 level_1 union: normalized round 6, entries=12, mask_incidences=25, large_masks=0
N=102541729 level_1 union: refine round 6, active=13, final=19, batch_splits=19, forced=11
N=102541729 level_1 union: normalized round 7, entries=12, mask_incidences=25, large_masks=0
N=102541729 level_1 union: refine round 7, active=16, final=19, batch_splits=19, forced=15
N=102541729 level_1 union: normalized round 8, entries=9, mask_incidences=25, large_masks=0
N=102541729 level_1 union: refine round 8, active=10, final=21, batch_splits=19, forced=18
N=102541729 level_1 union: normalized round 9, entries=6, mask_incidences=22, large_masks=0
N=102541729 level_1 union: refine round 9, active=6, final=22, batch_splits=20, forced=18
N=102541729 level_1 union: normalized round 10, entries=5, mask_incidences=17, large_masks=0
N=102541729 level_1 union: refine round 10, active=7, final=22, batch_splits=20, forced=20
N=102541729 level_1 union: normalized round 11, entries=3, mask_incidences=16, large_masks=0
N=102541729 level_1 union: refine round 11, active=0, final=25, batch_splits=20, forced=20
N=102541729 level_2 union: normalized round 1, entries=30, mask_incidences=30, large_masks=0
N=102541729 level_2 union: refine round 1, active=60, final=0, batch_splits=30, forced=0
N=102541729 level_2 union: normalized round 2, entries=58, mask_incidences=58, large_masks=0
N=102541729 level_2 union: refine round 2, active=37, final=30, batch_splits=30, forced=9
N=102541729 level_2 union: normalized round 3, entries=31, mask_incidences=40, large_masks=0
N=102541729 level_2 union: refine round 3, active=40, final=31, batch_splits=30, forced=19
N=102541729 level_2 union: normalized round 4, entries=29, mask_incidences=48, large_masks=0
N=102541729 level_2 union: refine round 4, active=35, final=35, batch_splits=30, forced=29
N=102541729 level_2 union: normalized round 5, entries=20, mask_incidences=48, large_masks=0
N=102541729 level_2 union: refine round 5, active=24, final=38, batch_splits=30, forced=36
N=102541729 level_2 union: normalized round 6, entries=13, mask_incidences=50, large_masks=0
N=102541729 level_2 union: refine round 6, active=18, final=38, batch_splits=30, forced=41
N=102541729 level_2 union: normalized round 7, entries=8, mask_incidences=49, large_masks=0
N=102541729 level_2 union: refine round 7, active=9, final=39, batch_splits=30, forced=43
N=102541729 level_2 union: normalized round 8, entries=6, mask_incidences=46, large_masks=0
N=102541729 level_2 union: refine round 8, active=6, final=40, batch_splits=31, forced=43
N=102541729 level_2 union: normalized round 9, entries=6, mask_incidences=38, large_masks=0
N=102541729 level_2 union: refine round 9, active=8, final=40, batch_splits=31, forced=45
N=102541729 level_2 union: normalized round 10, entries=4, mask_incidences=34, large_masks=0
N=102541729 level_2 union: refine round 10, active=4, final=41, batch_splits=32, forced=45
N=102541729 level_2 union: normalized round 11, entries=3, mask_incidences=26, large_masks=0
N=102541729 level_2 union: refine round 11, active=4, final=41, batch_splits=32, forced=46
N=102541729 level_2 union: normalized round 12, entries=2, mask_incidences=25, large_masks=0
N=102541729 level_2 union: refine round 12, active=0, final=43, batch_splits=32, forced=46
F165 instance 27/64: N=102601771
N=102601771 base: normalized round 1, entries=12, mask_incidences=12, large_masks=0
N=102601771 base: refine round 1, active=22, final=1, batch_splits=11, forced=0
N=102601771 base: normalized round 2, entries=21, mask_incidences=21, large_masks=0
N=102601771 base: refine round 2, active=12, final=11, batch_splits=12, forced=0
N=102601771 base: normalized round 3, entries=12, mask_incidences=12, large_masks=0
N=102601771 base: refine round 3, active=15, final=12, batch_splits=12, forced=4
N=102601771 base: normalized round 4, entries=10, mask_incidences=16, large_masks=0
N=102601771 base: refine round 4, active=11, final=12, batch_splits=13, forced=4
N=102601771 base: normalized round 5, entries=10, mask_incidences=17, large_masks=0
N=102601771 base: refine round 5, active=13, final=12, batch_splits=13, forced=7
N=102601771 base: normalized round 6, entries=8, mask_incidences=14, large_masks=0
N=102601771 base: refine round 6, active=10, final=13, batch_splits=13, forced=10
N=102601771 base: normalized round 7, entries=6, mask_incidences=12, large_masks=0
N=102601771 base: refine round 7, active=4, final=16, batch_splits=13, forced=11
N=102601771 base: normalized round 8, entries=2, mask_incidences=5, large_masks=0
N=102601771 base: refine round 8, active=0, final=18, batch_splits=13, forced=11
N=102601771 level_1 union: normalized round 1, entries=16, mask_incidences=16, large_masks=0
N=102601771 level_1 union: refine round 1, active=32, final=0, batch_splits=16, forced=0
N=102601771 level_1 union: normalized round 2, entries=31, mask_incidences=31, large_masks=0
N=102601771 level_1 union: refine round 2, active=21, final=16, batch_splits=16, forced=6
N=102601771 level_1 union: normalized round 3, entries=15, mask_incidences=24, large_masks=0
N=102601771 level_1 union: refine round 3, active=20, final=17, batch_splits=16, forced=12
N=102601771 level_1 union: normalized round 4, entries=11, mask_incidences=30, large_masks=0
N=102601771 level_1 union: refine round 4, active=12, final=19, batch_splits=16, forced=15
N=102601771 level_1 union: normalized round 5, entries=7, mask_incidences=27, large_masks=0
N=102601771 level_1 union: refine round 5, active=6, final=21, batch_splits=17, forced=15
N=102601771 level_1 union: normalized round 6, entries=5, mask_incidences=18, large_masks=0
N=102601771 level_1 union: refine round 6, active=7, final=21, batch_splits=17, forced=17
N=102601771 level_1 union: normalized round 7, entries=3, mask_incidences=17, large_masks=0
N=102601771 level_1 union: refine round 7, active=0, final=24, batch_splits=17, forced=17
N=102601771 level_2 union: normalized round 1, entries=17, mask_incidences=17, large_masks=0
N=102601771 level_2 union: refine round 1, active=34, final=0, batch_splits=17, forced=0
N=102601771 level_2 union: normalized round 2, entries=33, mask_incidences=33, large_masks=0
N=102601771 level_2 union: refine round 2, active=22, final=17, batch_splits=17, forced=6
N=102601771 level_2 union: normalized round 3, entries=18, mask_incidences=25, large_masks=0
N=102601771 level_2 union: refine round 3, active=24, final=18, batch_splits=17, forced=13
N=102601771 level_2 union: normalized round 4, entries=16, mask_incidences=35, large_masks=0
N=102601771 level_2 union: refine round 4, active=20, final=20, batch_splits=17, forced=19
N=102601771 level_2 union: normalized round 5, entries=9, mask_incidences=27, large_masks=0
N=102601771 level_2 union: refine round 5, active=9, final=22, batch_splits=17, forced=21
N=102601771 level_2 union: normalized round 6, entries=5, mask_incidences=21, large_masks=0
N=102601771 level_2 union: refine round 6, active=5, final=23, batch_splits=17, forced=22
N=102601771 level_2 union: normalized round 7, entries=4, mask_incidences=16, large_masks=0
N=102601771 level_2 union: refine round 7, active=4, final=24, batch_splits=17, forced=23
N=102601771 level_2 union: normalized round 8, entries=2, mask_incidences=9, large_masks=0
N=102601771 level_2 union: refine round 8, active=0, final=26, batch_splits=17, forced=23
F165 instance 28/64: N=102661813
N=102661813 base: normalized round 1, entries=10, mask_incidences=10, large_masks=0
N=102661813 base: refine round 1, active=20, final=0, batch_splits=10, forced=0
N=102661813 base: normalized round 2, entries=20, mask_incidences=20, large_masks=0
N=102661813 base: refine round 2, active=13, final=10, batch_splits=10, forced=3
N=102661813 base: normalized round 3, entries=10, mask_incidences=14, large_masks=0
N=102661813 base: refine round 3, active=14, final=10, batch_splits=10, forced=7
N=102661813 base: normalized round 4, entries=8, mask_incidences=18, large_masks=0
N=102661813 base: refine round 4, active=11, final=10, batch_splits=10, forced=10
N=102661813 base: normalized round 5, entries=6, mask_incidences=18, large_masks=0
N=102661813 base: refine round 5, active=4, final=13, batch_splits=11, forced=10
N=102661813 base: normalized round 6, entries=3, mask_incidences=6, large_masks=0
N=102661813 base: refine round 6, active=4, final=13, batch_splits=11, forced=11
N=102661813 base: normalized round 7, entries=2, mask_incidences=7, large_masks=0
N=102661813 base: refine round 7, active=0, final=15, batch_splits=11, forced=11
N=102661813 level_1 union: normalized round 1, entries=12, mask_incidences=12, large_masks=0
N=102661813 level_1 union: refine round 1, active=24, final=0, batch_splits=12, forced=0
N=102661813 level_1 union: normalized round 2, entries=24, mask_incidences=24, large_masks=0
N=102661813 level_1 union: refine round 2, active=17, final=12, batch_splits=12, forced=5
N=102661813 level_1 union: normalized round 3, entries=11, mask_incidences=20, large_masks=0
N=102661813 level_1 union: refine round 3, active=16, final=12, batch_splits=12, forced=10
N=102661813 level_1 union: normalized round 4, entries=8, mask_incidences=25, large_masks=0
N=102661813 level_1 union: refine round 4, active=8, final=14, batch_splits=12, forced=12
N=102661813 level_1 union: normalized round 5, entries=4, mask_incidences=19, large_masks=0
N=102661813 level_1 union: refine round 5, active=4, final=15, batch_splits=13, forced=12
N=102661813 level_1 union: normalized round 6, entries=3, mask_incidences=13, large_masks=0
N=102661813 level_1 union: refine round 6, active=4, final=15, batch_splits=13, forced=13
N=102661813 level_1 union: normalized round 7, entries=2, mask_incidences=11, large_masks=0
N=102661813 level_1 union: refine round 7, active=0, final=17, batch_splits=13, forced=13
N=102661813 level_2 union: normalized round 1, entries=13, mask_incidences=13, large_masks=0
N=102661813 level_2 union: refine round 1, active=26, final=0, batch_splits=13, forced=0
N=102661813 level_2 union: normalized round 2, entries=26, mask_incidences=26, large_masks=0
N=102661813 level_2 union: refine round 2, active=18, final=13, batch_splits=13, forced=5
N=102661813 level_2 union: normalized round 3, entries=13, mask_incidences=20, large_masks=0
N=102661813 level_2 union: refine round 3, active=18, final=13, batch_splits=13, forced=10
N=102661813 level_2 union: normalized round 4, entries=8, mask_incidences=22, large_masks=0
N=102661813 level_2 union: refine round 4, active=8, final=14, batch_splits=14, forced=10
N=102661813 level_2 union: normalized round 5, entries=7, mask_incidences=21, large_masks=0
N=102661813 level_2 union: refine round 5, active=10, final=14, batch_splits=14, forced=13
N=102661813 level_2 union: normalized round 6, entries=5, mask_incidences=23, large_masks=0
N=102661813 level_2 union: refine round 6, active=4, final=16, batch_splits=15, forced=13
N=102661813 level_2 union: normalized round 7, entries=3, mask_incidences=11, large_masks=0
N=102661813 level_2 union: refine round 7, active=4, final=16, batch_splits=15, forced=14
N=102661813 level_2 union: normalized round 8, entries=2, mask_incidences=12, large_masks=0
N=102661813 level_2 union: refine round 8, active=0, final=18, batch_splits=15, forced=14
F165 instance 29/64: N=102741869
N=102741869 base: normalized round 1, entries=14, mask_incidences=14, large_masks=0
N=102741869 base: refine round 1, active=26, final=1, batch_splits=13, forced=0
N=102741869 base: normalized round 2, entries=24, mask_incidences=25, large_masks=0
N=102741869 base: refine round 2, active=13, final=13, batch_splits=14, forced=0
N=102741869 base: normalized round 3, entries=13, mask_incidences=14, large_masks=0
N=102741869 base: refine round 3, active=17, final=14, batch_splits=14, forced=5
N=102741869 base: normalized round 4, entries=10, mask_incidences=14, large_masks=0
N=102741869 base: refine round 4, active=14, final=14, batch_splits=14, forced=9
N=102741869 base: normalized round 5, entries=7, mask_incidences=19, large_masks=0
N=102741869 base: refine round 5, active=6, final=16, batch_splits=15, forced=9
N=102741869 base: normalized round 6, entries=5, mask_incidences=15, large_masks=0
N=102741869 base: refine round 6, active=4, final=18, batch_splits=15, forced=10
N=102741869 base: normalized round 7, entries=2, mask_incidences=7, large_masks=0
N=102741869 base: refine round 7, active=0, final=20, batch_splits=15, forced=10
N=102741869 level_1 union: normalized round 1, entries=18, mask_incidences=18, large_masks=0
N=102741869 level_1 union: refine round 1, active=36, final=0, batch_splits=18, forced=0
N=102741869 level_1 union: normalized round 2, entries=34, mask_incidences=35, large_masks=0
N=102741869 level_1 union: refine round 2, active=22, final=18, batch_splits=18, forced=6
N=102741869 level_1 union: normalized round 3, entries=17, mask_incidences=23, large_masks=0
N=102741869 level_1 union: refine round 3, active=22, final=19, batch_splits=18, forced=12
N=102741869 level_1 union: normalized round 4, entries=12, mask_incidences=27, large_masks=0
N=102741869 level_1 union: refine round 4, active=16, final=19, batch_splits=18, forced=16
N=102741869 level_1 union: normalized round 5, entries=10, mask_incidences=30, large_masks=0
N=102741869 level_1 union: refine round 5, active=10, final=21, batch_splits=20, forced=16
N=102741869 level_1 union: normalized round 6, entries=8, mask_incidences=26, large_masks=0
N=102741869 level_1 union: refine round 6, active=8, final=22, batch_splits=21, forced=16
N=102741869 level_1 union: normalized round 7, entries=7, mask_incidences=25, large_masks=0
N=102741869 level_1 union: refine round 7, active=9, final=22, batch_splits=21, forced=18
N=102741869 level_1 union: normalized round 8, entries=5, mask_incidences=23, large_masks=0
N=102741869 level_1 union: refine round 8, active=4, final=24, batch_splits=22, forced=18
N=102741869 level_1 union: normalized round 9, entries=3, mask_incidences=10, large_masks=0
N=102741869 level_1 union: refine round 9, active=4, final=24, batch_splits=22, forced=19
N=102741869 level_1 union: normalized round 10, entries=2, mask_incidences=9, large_masks=0
N=102741869 level_1 union: refine round 10, active=0, final=26, batch_splits=22, forced=19
N=102741869 level_2 union: normalized round 1, entries=22, mask_incidences=22, large_masks=0
N=102741869 level_2 union: refine round 1, active=44, final=0, batch_splits=22, forced=0
N=102741869 level_2 union: normalized round 2, entries=42, mask_incidences=43, large_masks=0
N=102741869 level_2 union: refine round 2, active=28, final=22, batch_splits=22, forced=8
N=102741869 level_2 union: normalized round 3, entries=19, mask_incidences=31, large_masks=0
N=102741869 level_2 union: refine round 3, active=25, final=23, batch_splits=22, forced=15
N=102741869 level_2 union: normalized round 4, entries=16, mask_incidences=38, large_masks=0
N=102741869 level_2 union: refine round 4, active=20, final=24, batch_splits=22, forced=20
N=102741869 level_2 union: normalized round 5, entries=12, mask_incidences=38, large_masks=0
N=102741869 level_2 union: refine round 5, active=16, final=25, batch_splits=22, forced=25
N=102741869 level_2 union: normalized round 6, entries=6, mask_incidences=34, large_masks=0
N=102741869 level_2 union: refine round 6, active=4, final=28, batch_splits=22, forced=26
N=102741869 level_2 union: normalized round 7, entries=2, mask_incidences=17, large_masks=0
N=102741869 level_2 union: refine round 7, active=0, final=30, batch_splits=22, forced=26
F165 instance 30/64: N=102781897
N=102781897 base: normalized round 1, entries=15, mask_incidences=15, large_masks=0
N=102781897 base: refine round 1, active=30, final=0, batch_splits=15, forced=0
N=102781897 base: normalized round 2, entries=26, mask_incidences=28, large_masks=0
N=102781897 base: refine round 2, active=13, final=14, batch_splits=16, forced=0
N=102781897 base: normalized round 3, entries=13, mask_incidences=15, large_masks=0
N=102781897 base: refine round 3, active=16, final=15, batch_splits=16, forced=4
N=102781897 base: normalized round 4, entries=9, mask_incidences=16, large_masks=0
N=102781897 base: refine round 4, active=10, final=15, batch_splits=17, forced=4
N=102781897 base: normalized round 5, entries=10, mask_incidences=17, large_masks=0
N=102781897 base: refine round 5, active=13, final=16, batch_splits=17, forced=8
N=102781897 base: normalized round 6, entries=6, mask_incidences=19, large_masks=0
N=102781897 base: refine round 6, active=7, final=16, batch_splits=18, forced=8
N=102781897 base: normalized round 7, entries=6, mask_incidences=20, large_masks=0
N=102781897 base: refine round 7, active=8, final=16, batch_splits=18, forced=10
N=102781897 base: normalized round 8, entries=4, mask_incidences=20, large_masks=0
N=102781897 base: refine round 8, active=0, final=20, batch_splits=18, forced=10
N=102781897 level_1 union: normalized round 1, entries=21, mask_incidences=21, large_masks=0
N=102781897 level_1 union: refine round 1, active=42, final=0, batch_splits=21, forced=0
N=102781897 level_1 union: normalized round 2, entries=39, mask_incidences=40, large_masks=0
N=102781897 level_1 union: refine round 2, active=26, final=21, batch_splits=21, forced=8
N=102781897 level_1 union: normalized round 3, entries=18, mask_incidences=32, large_masks=0
N=102781897 level_1 union: refine round 3, active=25, final=21, batch_splits=21, forced=15
N=102781897 level_1 union: normalized round 4, entries=11, mask_incidences=34, large_masks=0
N=102781897 level_1 union: refine round 4, active=13, final=22, batch_splits=21, forced=18
N=102781897 level_1 union: normalized round 5, entries=9, mask_incidences=33, large_masks=0
N=102781897 level_1 union: refine round 5, active=8, final=24, batch_splits=22, forced=18
N=102781897 level_1 union: normalized round 6, entries=7, mask_incidences=26, large_masks=0
N=102781897 level_1 union: refine round 6, active=10, final=24, batch_splits=22, forced=21
N=102781897 level_1 union: normalized round 7, entries=5, mask_incidences=25, large_masks=0
N=102781897 level_1 union: refine round 7, active=5, final=25, batch_splits=23, forced=21
N=102781897 level_1 union: normalized round 8, entries=4, mask_incidences=20, large_masks=0
N=102781897 level_1 union: refine round 8, active=5, final=25, batch_splits=23, forced=22
N=102781897 level_1 union: normalized round 9, entries=3, mask_incidences=20, large_masks=0
N=102781897 level_1 union: refine round 9, active=4, final=25, batch_splits=24, forced=22
N=102781897 level_1 union: normalized round 10, entries=3, mask_incidences=19, large_masks=0
N=102781897 level_1 union: refine round 10, active=4, final=25, batch_splits=24, forced=23
N=102781897 level_1 union: normalized round 11, entries=2, mask_incidences=18, large_masks=0
N=102781897 level_1 union: refine round 11, active=0, final=27, batch_splits=24, forced=23
N=102781897 level_2 union: normalized round 1, entries=27, mask_incidences=27, large_masks=0
N=102781897 level_2 union: refine round 1, active=54, final=0, batch_splits=27, forced=0
N=102781897 level_2 union: normalized round 2, entries=52, mask_incidences=52, large_masks=0
N=102781897 level_2 union: refine round 2, active=27, final=26, batch_splits=28, forced=0
N=102781897 level_2 union: normalized round 3, entries=27, mask_incidences=27, large_masks=0
N=102781897 level_2 union: refine round 3, active=35, final=27, batch_splits=28, forced=9
N=102781897 level_2 union: normalized round 4, entries=25, mask_incidences=37, large_masks=0
N=102781897 level_2 union: refine round 4, active=26, final=27, batch_splits=29, forced=9
N=102781897 level_2 union: normalized round 5, entries=26, mask_incidences=38, large_masks=0
N=102781897 level_2 union: refine round 5, active=34, final=28, batch_splits=29, forced=18
N=102781897 level_2 union: normalized round 6, entries=21, mask_incidences=49, large_masks=0
N=102781897 level_2 union: refine round 6, active=29, final=28, batch_splits=29, forced=26
N=102781897 level_2 union: normalized round 7, entries=15, mask_incidences=58, large_masks=0
N=102781897 level_2 union: refine round 7, active=16, final=31, batch_splits=29, forced=30
N=102781897 level_2 union: normalized round 8, entries=9, mask_incidences=50, large_masks=0
N=102781897 level_2 union: refine round 8, active=11, final=31, batch_splits=31, forced=30
N=102781897 level_2 union: normalized round 9, entries=9, mask_incidences=50, large_masks=0
N=102781897 level_2 union: refine round 9, active=13, final=31, batch_splits=31, forced=34
N=102781897 level_2 union: normalized round 10, entries=6, mask_incidences=50, large_masks=0
N=102781897 level_2 union: refine round 10, active=4, final=34, batch_splits=32, forced=34
N=102781897 level_2 union: normalized round 11, entries=3, mask_incidences=25, large_masks=0
N=102781897 level_2 union: refine round 11, active=4, final=34, batch_splits=32, forced=35
N=102781897 level_2 union: normalized round 12, entries=2, mask_incidences=23, large_masks=0
N=102781897 level_2 union: refine round 12, active=0, final=36, batch_splits=32, forced=35
F165 instance 31/64: N=102801911
N=102801911 base: normalized round 1, entries=9, mask_incidences=9, large_masks=0
N=102801911 base: refine round 1, active=18, final=0, batch_splits=9, forced=0
N=102801911 base: normalized round 2, entries=18, mask_incidences=18, large_masks=0
N=102801911 base: refine round 2, active=13, final=7, batch_splits=11, forced=0
N=102801911 base: normalized round 3, entries=13, mask_incidences=13, large_masks=0
N=102801911 base: refine round 3, active=15, final=9, batch_splits=11, forced=4
N=102801911 base: normalized round 4, entries=9, mask_incidences=15, large_masks=0
N=102801911 base: refine round 4, active=10, final=9, batch_splits=12, forced=4
N=102801911 base: normalized round 5, entries=9, mask_incidences=16, large_masks=0
N=102801911 base: refine round 5, active=11, final=10, batch_splits=12, forced=7
N=102801911 base: normalized round 6, entries=5, mask_incidences=13, large_masks=0
N=102801911 base: refine round 6, active=4, final=12, batch_splits=13, forced=7
N=102801911 base: normalized round 7, entries=3, mask_incidences=10, large_masks=0
N=102801911 base: refine round 7, active=4, final=12, batch_splits=13, forced=8
N=102801911 base: normalized round 8, entries=2, mask_incidences=9, large_masks=0
N=102801911 base: refine round 8, active=0, final=14, batch_splits=13, forced=8
N=102801911 level_1 union: normalized round 1, entries=13, mask_incidences=13, large_masks=0
N=102801911 level_1 union: refine round 1, active=26, final=0, batch_splits=13, forced=0
N=102801911 level_1 union: normalized round 2, entries=25, mask_incidences=25, large_masks=0
N=102801911 level_1 union: refine round 2, active=14, final=12, batch_splits=14, forced=0
N=102801911 level_1 union: normalized round 3, entries=14, mask_incidences=14, large_masks=0
N=102801911 level_1 union: refine round 3, active=18, final=13, batch_splits=14, forced=5
N=102801911 level_1 union: normalized round 4, entries=14, mask_incidences=19, large_masks=0
N=102801911 level_1 union: refine round 4, active=15, final=13, batch_splits=15, forced=5
N=102801911 level_1 union: normalized round 5, entries=15, mask_incidences=20, large_masks=0
N=102801911 level_1 union: refine round 5, active=19, final=14, batch_splits=15, forced=10
N=102801911 level_1 union: normalized round 6, entries=13, mask_incidences=22, large_masks=0
N=102801911 level_1 union: refine round 6, active=17, final=14, batch_splits=15, forced=14
N=102801911 level_1 union: normalized round 7, entries=10, mask_incidences=25, large_masks=0
N=102801911 level_1 union: refine round 7, active=9, final=16, batch_splits=16, forced=14
N=102801911 level_1 union: normalized round 8, entries=8, mask_incidences=21, large_masks=0
N=102801911 level_1 union: refine round 8, active=11, final=16, batch_splits=16, forced=17
N=102801911 level_1 union: normalized round 9, entries=6, mask_incidences=23, large_masks=0
N=102801911 level_1 union: refine round 9, active=4, final=19, batch_splits=17, forced=17
N=102801911 level_1 union: normalized round 10, entries=3, mask_incidences=13, large_masks=0
N=102801911 level_1 union: refine round 10, active=4, final=19, batch_splits=17, forced=18
N=102801911 level_1 union: normalized round 11, entries=2, mask_incidences=14, large_masks=0
N=102801911 level_1 union: refine round 11, active=0, final=21, batch_splits=17, forced=18
N=102801911 level_2 union: normalized round 1, entries=19, mask_incidences=19, large_masks=0
N=102801911 level_2 union: refine round 1, active=38, final=0, batch_splits=19, forced=0
N=102801911 level_2 union: normalized round 2, entries=37, mask_incidences=37, large_masks=0
N=102801911 level_2 union: refine round 2, active=27, final=19, batch_splits=19, forced=9
N=102801911 level_2 union: normalized round 3, entries=20, mask_incidences=34, large_masks=0
N=102801911 level_2 union: refine round 3, active=27, final=19, batch_splits=19, forced=16
N=102801911 level_2 union: normalized round 4, entries=18, mask_incidences=46, large_masks=0
N=102801911 level_2 union: refine round 4, active=25, final=20, batch_splits=19, forced=24
N=102801911 level_2 union: normalized round 5, entries=12, mask_incidences=47, large_masks=0
N=102801911 level_2 union: refine round 5, active=13, final=20, batch_splits=20, forced=24
N=102801911 level_2 union: normalized round 6, entries=12, mask_incidences=48, large_masks=0
N=102801911 level_2 union: refine round 6, active=17, final=20, batch_splits=20, forced=29
N=102801911 level_2 union: normalized round 7, entries=8, mask_incidences=47, large_masks=0
N=102801911 level_2 union: refine round 7, active=4, final=25, batch_splits=21, forced=29
N=102801911 level_2 union: normalized round 8, entries=3, mask_incidences=15, large_masks=0
N=102801911 level_2 union: refine round 8, active=4, final=25, batch_splits=21, forced=30
N=102801911 level_2 union: normalized round 9, entries=2, mask_incidences=17, large_masks=0
N=102801911 level_2 union: refine round 9, active=0, final=27, batch_splits=21, forced=30
F165 instance 32/64: N=102962023
N=102962023 base: normalized round 1, entries=11, mask_incidences=11, large_masks=0
N=102962023 base: refine round 1, active=20, final=1, batch_splits=10, forced=0
N=102962023 base: normalized round 2, entries=18, mask_incidences=18, large_masks=0
N=102962023 base: refine round 2, active=9, final=11, batch_splits=11, forced=0
N=102962023 base: normalized round 3, entries=9, mask_incidences=9, large_masks=0
N=102962023 base: refine round 3, active=12, final=11, batch_splits=11, forced=3
N=102962023 base: normalized round 4, entries=10, mask_incidences=12, large_masks=0
N=102962023 base: refine round 4, active=13, final=11, batch_splits=11, forced=6
N=102962023 base: normalized round 5, entries=10, mask_incidences=13, large_masks=0
N=102962023 base: refine round 5, active=11, final=11, batch_splits=12, forced=6
N=102962023 base: normalized round 6, entries=10, mask_incidences=14, large_masks=0
N=102962023 base: refine round 6, active=14, final=11, batch_splits=12, forced=10
N=102962023 base: normalized round 7, entries=7, mask_incidences=15, large_masks=0
N=102962023 base: refine round 7, active=6, final=13, batch_splits=13, forced=10
N=102962023 base: normalized round 8, entries=5, mask_incidences=10, large_masks=0
N=102962023 base: refine round 8, active=7, final=13, batch_splits=13, forced=12
N=102962023 base: normalized round 9, entries=5, mask_incidences=10, large_masks=0
N=102962023 base: refine round 9, active=5, final=14, batch_splits=13, forced=13
N=102962023 base: normalized round 10, entries=4, mask_incidences=8, large_masks=0
N=102962023 base: refine round 10, active=4, final=15, batch_splits=13, forced=14
N=102962023 base: normalized round 11, entries=2, mask_incidences=4, large_masks=0
N=102962023 base: refine round 11, active=0, final=17, batch_splits=13, forced=14
N=102962023 level_1 union: normalized round 1, entries=16, mask_incidences=16, large_masks=0
N=102962023 level_1 union: refine round 1, active=32, final=0, batch_splits=16, forced=0
N=102962023 level_1 union: normalized round 2, entries=29, mask_incidences=29, large_masks=0
N=102962023 level_1 union: refine round 2, active=18, final=16, batch_splits=16, forced=5
N=102962023 level_1 union: normalized round 3, entries=12, mask_incidences=20, large_masks=0
N=102962023 level_1 union: refine round 3, active=14, final=18, batch_splits=16, forced=9
N=102962023 level_1 union: normalized round 4, entries=10, mask_incidences=21, large_masks=0
N=102962023 level_1 union: refine round 4, active=12, final=19, batch_splits=16, forced=12
N=102962023 level_1 union: normalized round 5, entries=7, mask_incidences=23, large_masks=0
N=102962023 level_1 union: refine round 5, active=8, final=20, batch_splits=16, forced=14
N=102962023 level_1 union: normalized round 6, entries=6, mask_incidences=19, large_masks=0
N=102962023 level_1 union: refine round 6, active=8, final=20, batch_splits=16, forced=16
N=102962023 level_1 union: normalized round 7, entries=6, mask_incidences=18, large_masks=0
N=102962023 level_1 union: refine round 7, active=8, final=20, batch_splits=16, forced=18
N=102962023 level_1 union: normalized round 8, entries=6, mask_incidences=19, large_masks=0
N=102962023 level_1 union: refine round 8, active=7, final=20, batch_splits=17, forced=18
N=102962023 level_1 union: normalized round 9, entries=6, mask_incidences=20, large_masks=0
N=102962023 level_1 union: refine round 9, active=8, final=20, batch_splits=17, forced=20
N=102962023 level_1 union: normalized round 10, entries=5, mask_incidences=19, large_masks=0
N=102962023 level_1 union: refine round 10, active=6, final=20, batch_splits=18, forced=20
N=102962023 level_1 union: normalized round 11, entries=6, mask_incidences=20, large_masks=0
N=102962023 level_1 union: refine round 11, active=8, final=20, batch_splits=18, forced=22
N=102962023 level_1 union: normalized round 12, entries=4, mask_incidences=18, large_masks=0
N=102962023 level_1 union: refine round 12, active=5, final=20, batch_splits=19, forced=22
N=102962023 level_1 union: normalized round 13, entries=5, mask_incidences=19, large_masks=0
N=102962023 level_1 union: refine round 13, active=7, final=20, batch_splits=19, forced=24
N=102962023 level_1 union: normalized round 14, entries=4, mask_incidences=19, large_masks=0
N=102962023 level_1 union: refine round 14, active=4, final=21, batch_splits=19, forced=25
N=102962023 level_1 union: normalized round 15, entries=2, mask_incidences=11, large_masks=0
N=102962023 level_1 union: refine round 15, active=0, final=23, batch_splits=19, forced=25
N=102962023 level_2 union: normalized round 1, entries=27, mask_incidences=27, large_masks=0
N=102962023 level_2 union: refine round 1, active=54, final=0, batch_splits=27, forced=0
N=102962023 level_2 union: normalized round 2, entries=53, mask_incidences=53, large_masks=0
N=102962023 level_2 union: refine round 2, active=36, final=27, batch_splits=27, forced=10
N=102962023 level_2 union: normalized round 3, entries=30, mask_incidences=41, large_masks=0
N=102962023 level_2 union: refine round 3, active=42, final=27, batch_splits=27, forced=22
N=102962023 level_2 union: normalized round 4, entries=23, mask_incidences=54, large_masks=0
N=102962023 level_2 union: refine round 4, active=22, final=29, batch_splits=28, forced=22
N=102962023 level_2 union: normalized round 5, entries=21, mask_incidences=50, large_masks=0
N=102962023 level_2 union: refine round 5, active=30, final=29, batch_splits=28, forced=31
N=102962023 level_2 union: normalized round 6, entries=15, mask_incidences=58, large_masks=0
N=102962023 level_2 union: refine round 6, active=12, final=33, batch_splits=29, forced=31
N=102962023 level_2 union: normalized round 7, entries=11, mask_incidences=46, large_masks=0
N=102962023 level_2 union: refine round 7, active=15, final=33, batch_splits=29, forced=35
N=102962023 level_2 union: normalized round 8, entries=8, mask_incidences=45, large_masks=0
N=102962023 level_2 union: refine round 8, active=9, final=33, batch_splits=30, forced=35
N=102962023 level_2 union: normalized round 9, entries=8, mask_incidences=44, large_masks=0
N=102962023 level_2 union: refine round 9, active=11, final=33, batch_splits=30, forced=38
N=102962023 level_2 union: normalized round 10, entries=7, mask_incidences=43, large_masks=0
N=102962023 level_2 union: refine round 10, active=7, final=34, batch_splits=31, forced=38
N=102962023 level_2 union: normalized round 11, entries=6, mask_incidences=34, large_masks=0
N=102962023 level_2 union: refine round 11, active=8, final=34, batch_splits=31, forced=40
N=102962023 level_2 union: normalized round 12, entries=4, mask_incidences=33, large_masks=0
N=102962023 level_2 union: refine round 12, active=5, final=34, batch_splits=32, forced=40
N=102962023 level_2 union: normalized round 13, entries=5, mask_incidences=34, large_masks=0
N=102962023 level_2 union: refine round 13, active=7, final=34, batch_splits=32, forced=42
N=102962023 level_2 union: normalized round 14, entries=4, mask_incidences=35, large_masks=0
N=102962023 level_2 union: refine round 14, active=4, final=35, batch_splits=32, forced=43
N=102962023 level_2 union: normalized round 15, entries=2, mask_incidences=26, large_masks=0
N=102962023 level_2 union: refine round 15, active=0, final=37, batch_splits=32, forced=43
F165 instance 33/64: N=103082107
N=103082107 base: normalized round 1, entries=11, mask_incidences=11, large_masks=0
N=103082107 base: refine round 1, active=18, final=2, batch_splits=9, forced=0
N=103082107 base: normalized round 2, entries=16, mask_incidences=16, large_masks=0
N=103082107 base: refine round 2, active=11, final=9, batch_splits=11, forced=0
N=103082107 base: normalized round 3, entries=11, mask_incidences=11, large_masks=0
N=103082107 base: refine round 3, active=12, final=11, batch_splits=11, forced=3
N=103082107 base: normalized round 4, entries=9, mask_incidences=12, large_masks=0
N=103082107 base: refine round 4, active=10, final=11, batch_splits=12, forced=3
N=103082107 base: normalized round 5, entries=9, mask_incidences=13, large_masks=0
N=103082107 base: refine round 5, active=13, final=11, batch_splits=12, forced=7
N=103082107 base: normalized round 6, entries=7, mask_incidences=12, large_masks=0
N=103082107 base: refine round 6, active=7, final=13, batch_splits=12, forced=9
N=103082107 base: normalized round 7, entries=4, mask_incidences=11, large_masks=0
N=103082107 base: refine round 7, active=4, final=14, batch_splits=13, forced=9
N=103082107 base: normalized round 8, entries=3, mask_incidences=8, large_masks=0
N=103082107 base: refine round 8, active=4, final=14, batch_splits=13, forced=10
N=103082107 base: normalized round 9, entries=2, mask_incidences=7, large_masks=0
N=103082107 base: refine round 9, active=0, final=16, batch_splits=13, forced=10
N=103082107 level_1 union: normalized round 1, entries=17, mask_incidences=17, large_masks=0
N=103082107 level_1 union: refine round 1, active=32, final=1, batch_splits=16, forced=0
N=103082107 level_1 union: normalized round 2, entries=29, mask_incidences=29, large_masks=0
N=103082107 level_1 union: refine round 2, active=18, final=17, batch_splits=16, forced=5
N=103082107 level_1 union: normalized round 3, entries=12, mask_incidences=20, large_masks=0
N=103082107 level_1 union: refine round 3, active=16, final=18, batch_splits=16, forced=10
N=103082107 level_1 union: normalized round 4, entries=9, mask_incidences=21, large_masks=0
N=103082107 level_1 union: refine round 4, active=11, final=19, batch_splits=16, forced=13
N=103082107 level_1 union: normalized round 5, entries=6, mask_incidences=20, large_masks=0
N=103082107 level_1 union: refine round 5, active=7, final=19, batch_splits=17, forced=13
N=103082107 level_1 union: normalized round 6, entries=6, mask_incidences=21, large_masks=0
N=103082107 level_1 union: refine round 6, active=8, final=19, batch_splits=17, forced=15
N=103082107 level_1 union: normalized round 7, entries=6, mask_incidences=21, large_masks=0
N=103082107 level_1 union: refine round 7, active=6, final=20, batch_splits=17, forced=16
N=103082107 level_1 union: normalized round 8, entries=5, mask_incidences=17, large_masks=0
N=103082107 level_1 union: refine round 8, active=6, final=20, batch_splits=17, forced=17
N=103082107 level_1 union: normalized round 9, entries=5, mask_incidences=16, large_masks=0
N=103082107 level_1 union: refine round 9, active=6, final=20, batch_splits=18, forced=17
N=103082107 level_1 union: normalized round 10, entries=5, mask_incidences=17, large_masks=0
N=103082107 level_1 union: refine round 10, active=7, final=20, batch_splits=18, forced=19
N=103082107 level_1 union: normalized round 11, entries=4, mask_incidences=15, large_masks=0
N=103082107 level_1 union: refine round 11, active=4, final=21, batch_splits=19, forced=19
N=103082107 level_1 union: normalized round 12, entries=3, mask_incidences=9, large_masks=0
N=103082107 level_1 union: refine round 12, active=4, final=21, batch_splits=19, forced=20
N=103082107 level_1 union: normalized round 13, entries=2, mask_incidences=8, large_masks=0
N=103082107 level_1 union: refine round 13, active=0, final=23, batch_splits=19, forced=20
N=103082107 level_2 union: normalized round 1, entries=21, mask_incidences=21, large_masks=0
N=103082107 level_2 union: refine round 1, active=40, final=1, batch_splits=20, forced=0
N=103082107 level_2 union: normalized round 2, entries=36, mask_incidences=36, large_masks=0
N=103082107 level_2 union: refine round 2, active=23, final=21, batch_splits=20, forced=7
N=103082107 level_2 union: normalized round 3, entries=16, mask_incidences=24, large_masks=0
N=103082107 level_2 union: refine round 3, active=22, final=22, batch_splits=20, forced=14
N=103082107 level_2 union: normalized round 4, entries=13, mask_incidences=31, large_masks=0
N=103082107 level_2 union: refine round 4, active=18, final=22, batch_splits=20, forced=19
N=103082107 level_2 union: normalized round 5, entries=9, mask_incidences=31, large_masks=0
N=103082107 level_2 union: refine round 5, active=10, final=24, batch_splits=20, forced=22
N=103082107 level_2 union: normalized round 6, entries=6, mask_incidences=28, large_masks=0
N=103082107 level_2 union: refine round 6, active=5, final=26, batch_splits=21, forced=22
N=103082107 level_2 union: normalized round 7, entries=4, mask_incidences=17, large_masks=0
N=103082107 level_2 union: refine round 7, active=5, final=26, batch_splits=21, forced=23
N=103082107 level_2 union: normalized round 8, entries=3, mask_incidences=16, large_masks=0
N=103082107 level_2 union: refine round 8, active=4, final=26, batch_splits=22, forced=23
N=103082107 level_2 union: normalized round 9, entries=3, mask_incidences=15, large_masks=0
N=103082107 level_2 union: refine round 9, active=4, final=26, batch_splits=22, forced=24
N=103082107 level_2 union: normalized round 10, entries=2, mask_incidences=16, large_masks=0
N=103082107 level_2 union: refine round 10, active=0, final=28, batch_splits=22, forced=24
F165 instance 34/64: N=103102121
N=103102121 base: normalized round 1, entries=14, mask_incidences=14, large_masks=0
N=103102121 base: refine round 1, active=26, final=1, batch_splits=13, forced=0
N=103102121 base: normalized round 2, entries=25, mask_incidences=25, large_masks=0
N=103102121 base: refine round 2, active=18, final=14, batch_splits=13, forced=6
N=103102121 base: normalized round 3, entries=8, mask_incidences=19, large_masks=0
N=103102121 base: refine round 3, active=8, final=15, batch_splits=14, forced=6
N=103102121 base: normalized round 4, entries=7, mask_incidences=18, large_masks=0
N=103102121 base: refine round 4, active=10, final=15, batch_splits=14, forced=9
N=103102121 base: normalized round 5, entries=4, mask_incidences=17, large_masks=0
N=103102121 base: refine round 5, active=0, final=19, batch_splits=14, forced=9
N=103102121 level_1 union: normalized round 1, entries=18, mask_incidences=18, large_masks=0
N=103102121 level_1 union: refine round 1, active=34, final=1, batch_splits=17, forced=0
N=103102121 level_1 union: normalized round 2, entries=33, mask_incidences=33, large_masks=0
N=103102121 level_1 union: refine round 2, active=23, final=18, batch_splits=17, forced=7
N=103102121 level_1 union: normalized round 3, entries=13, mask_incidences=27, large_masks=0
N=103102121 level_1 union: refine round 3, active=18, final=18, batch_splits=17, forced=12
N=103102121 level_1 union: normalized round 4, entries=8, mask_incidences=30, large_masks=0
N=103102121 level_1 union: refine round 4, active=7, final=21, batch_splits=17, forced=14
N=103102121 level_1 union: normalized round 5, entries=4, mask_incidences=22, large_masks=0
N=103102121 level_1 union: refine round 5, active=4, final=22, batch_splits=18, forced=14
N=103102121 level_1 union: normalized round 6, entries=3, mask_incidences=15, large_masks=0
N=103102121 level_1 union: refine round 6, active=4, final=22, batch_splits=18, forced=15
N=103102121 level_1 union: normalized round 7, entries=2, mask_incidences=15, large_masks=0
N=103102121 level_1 union: refine round 7, active=0, final=24, batch_splits=18, forced=15
N=103102121 level_2 union: normalized round 1, entries=20, mask_incidences=20, large_masks=0
N=103102121 level_2 union: refine round 1, active=38, final=1, batch_splits=19, forced=0
N=103102121 level_2 union: normalized round 2, entries=38, mask_incidences=38, large_masks=0
N=103102121 level_2 union: refine round 2, active=27, final=20, batch_splits=19, forced=8
N=103102121 level_2 union: normalized round 3, entries=17, mask_incidences=32, large_masks=0
N=103102121 level_2 union: refine round 3, active=18, final=20, batch_splits=20, forced=8
N=103102121 level_2 union: normalized round 4, entries=17, mask_incidences=34, large_masks=0
N=103102121 level_2 union: refine round 4, active=22, final=21, batch_splits=20, forced=14
N=103102121 level_2 union: normalized round 5, entries=10, mask_incidences=33, large_masks=0
N=103102121 level_2 union: refine round 5, active=10, final=24, batch_splits=20, forced=17
N=103102121 level_2 union: normalized round 6, entries=6, mask_incidences=27, large_masks=0
N=103102121 level_2 union: refine round 6, active=8, final=24, batch_splits=22, forced=17
N=103102121 level_2 union: normalized round 7, entries=6, mask_incidences=28, large_masks=0
N=103102121 level_2 union: refine round 7, active=6, final=25, batch_splits=23, forced=17
N=103102121 level_2 union: normalized round 8, entries=5, mask_incidences=24, large_masks=0
N=103102121 level_2 union: refine round 8, active=7, final=25, batch_splits=23, forced=19
N=103102121 level_2 union: normalized round 9, entries=3, mask_incidences=23, large_masks=0
N=103102121 level_2 union: refine round 9, active=0, final=28, batch_splits=23, forced=19
F165 instance 35/64: N=103202191
N=103202191 base: normalized round 1, entries=15, mask_incidences=15, large_masks=0
N=103202191 base: refine round 1, active=30, final=0, batch_splits=15, forced=0
N=103202191 base: normalized round 2, entries=28, mask_incidences=28, large_masks=0
N=103202191 base: refine round 2, active=18, final=15, batch_splits=15, forced=5
N=103202191 base: normalized round 3, entries=11, mask_incidences=19, large_masks=0
N=103202191 base: refine round 3, active=10, final=17, batch_splits=16, forced=5
N=103202191 base: normalized round 4, entries=8, mask_incidences=15, large_masks=0
N=103202191 base: refine round 4, active=9, final=17, batch_splits=17, forced=5
N=103202191 base: normalized round 5, entries=8, mask_incidences=15, large_masks=0
N=103202191 base: refine round 5, active=11, final=17, batch_splits=17, forced=8
N=103202191 base: normalized round 6, entries=6, mask_incidences=15, large_masks=0
N=103202191 base: refine round 6, active=7, final=18, batch_splits=19, forced=8
N=103202191 base: normalized round 7, entries=5, mask_incidences=11, large_masks=0
N=103202191 base: refine round 7, active=7, final=18, batch_splits=19, forced=10
N=103202191 base: normalized round 8, entries=5, mask_incidences=13, large_masks=0
N=103202191 base: refine round 8, active=4, final=20, batch_splits=19, forced=11
N=103202191 base: normalized round 9, entries=2, mask_incidences=4, large_masks=0
N=103202191 base: refine round 9, active=0, final=22, batch_splits=19, forced=11
N=103202191 level_1 union: normalized round 1, entries=22, mask_incidences=22, large_masks=0
N=103202191 level_1 union: refine round 1, active=44, final=0, batch_splits=22, forced=0
N=103202191 level_1 union: normalized round 2, entries=42, mask_incidences=42, large_masks=0
N=103202191 level_1 union: refine round 2, active=29, final=22, batch_splits=22, forced=9
N=103202191 level_1 union: normalized round 3, entries=20, mask_incidences=30, large_masks=0
N=103202191 level_1 union: refine round 3, active=26, final=23, batch_splits=22, forced=16
N=103202191 level_1 union: normalized round 4, entries=13, mask_incidences=31, large_masks=0
N=103202191 level_1 union: refine round 4, active=15, final=25, batch_splits=22, forced=20
N=103202191 level_1 union: normalized round 5, entries=7, mask_incidences=31, large_masks=0
N=103202191 level_1 union: refine round 5, active=6, final=27, batch_splits=23, forced=20
N=103202191 level_1 union: normalized round 6, entries=5, mask_incidences=21, large_masks=0
N=103202191 level_1 union: refine round 6, active=7, final=27, batch_splits=23, forced=22
N=103202191 level_1 union: normalized round 7, entries=5, mask_incidences=22, large_masks=0
N=103202191 level_1 union: refine round 7, active=4, final=29, batch_splits=23, forced=23
N=103202191 level_1 union: normalized round 8, entries=2, mask_incidences=6, large_masks=0
N=103202191 level_1 union: refine round 8, active=0, final=31, batch_splits=23, forced=23
N=103202191 level_2 union: normalized round 1, entries=28, mask_incidences=28, large_masks=0
N=103202191 level_2 union: refine round 1, active=56, final=0, batch_splits=28, forced=0
N=103202191 level_2 union: normalized round 2, entries=54, mask_incidences=54, large_masks=0
N=103202191 level_2 union: refine round 2, active=37, final=28, batch_splits=28, forced=11
N=103202191 level_2 union: normalized round 3, entries=25, mask_incidences=38, large_masks=0
N=103202191 level_2 union: refine round 3, active=34, final=29, batch_splits=28, forced=21
N=103202191 level_2 union: normalized round 4, entries=16, mask_incidences=46, large_masks=0
N=103202191 level_2 union: refine round 4, active=16, final=30, batch_splits=29, forced=21
N=103202191 level_2 union: normalized round 5, entries=15, mask_incidences=45, large_masks=0
N=103202191 level_2 union: refine round 5, active=21, final=30, batch_splits=29, forced=27
N=103202191 level_2 union: normalized round 6, entries=10, mask_incidences=49, large_masks=0
N=103202191 level_2 union: refine round 6, active=10, final=31, batch_splits=30, forced=27
N=103202191 level_2 union: normalized round 7, entries=9, mask_incidences=47, large_masks=0
N=103202191 level_2 union: refine round 7, active=12, final=31, batch_splits=30, forced=30
N=103202191 level_2 union: normalized round 8, entries=8, mask_incidences=44, large_masks=0
N=103202191 level_2 union: refine round 8, active=7, final=33, batch_splits=31, forced=30
N=103202191 level_2 union: normalized round 9, entries=6, mask_incidences=34, large_masks=0
N=103202191 level_2 union: refine round 9, active=8, final=33, batch_splits=31, forced=32
N=103202191 level_2 union: normalized round 10, entries=5, mask_incidences=35, large_masks=0
N=103202191 level_2 union: refine round 10, active=5, final=34, batch_splits=32, forced=32
N=103202191 level_2 union: normalized round 11, entries=5, mask_incidences=28, large_masks=0
N=103202191 level_2 union: refine round 11, active=7, final=34, batch_splits=32, forced=34
N=103202191 level_2 union: normalized round 12, entries=4, mask_incidences=30, large_masks=0
N=103202191 level_2 union: refine round 12, active=4, final=35, batch_splits=32, forced=35
N=103202191 level_2 union: normalized round 13, entries=2, mask_incidences=22, large_masks=0
N=103202191 level_2 union: refine round 13, active=0, final=37, batch_splits=32, forced=35
F165 instance 36/64: N=103282247
N=103282247 base: normalized round 1, entries=12, mask_incidences=12, large_masks=0
N=103282247 base: refine round 1, active=24, final=0, batch_splits=12, forced=0
N=103282247 base: normalized round 2, entries=22, mask_incidences=22, large_masks=0
N=103282247 base: refine round 2, active=15, final=12, batch_splits=12, forced=5
N=103282247 base: normalized round 3, entries=10, mask_incidences=16, large_masks=0
N=103282247 base: refine round 3, active=14, final=12, batch_splits=12, forced=9
N=103282247 base: normalized round 4, entries=8, mask_incidences=20, large_masks=0
N=103282247 base: refine round 4, active=9, final=13, batch_splits=14, forced=9
N=103282247 base: normalized round 5, entries=7, mask_incidences=20, large_masks=0
N=103282247 base: refine round 5, active=9, final=13, batch_splits=14, forced=11
N=103282247 base: normalized round 6, entries=6, mask_incidences=18, large_masks=0
N=103282247 base: refine round 6, active=4, final=16, batch_splits=14, forced=12
N=103282247 base: normalized round 7, entries=2, mask_incidences=7, large_masks=0
N=103282247 base: refine round 7, active=0, final=18, batch_splits=14, forced=12
N=103282247 level_1 union: normalized round 1, entries=16, mask_incidences=16, large_masks=0
N=103282247 level_1 union: refine round 1, active=32, final=0, batch_splits=16, forced=0
N=103282247 level_1 union: normalized round 2, entries=31, mask_incidences=31, large_masks=0
N=103282247 level_1 union: refine round 2, active=22, final=16, batch_splits=16, forced=7
N=103282247 level_1 union: normalized round 3, entries=16, mask_incidences=25, large_masks=0
N=103282247 level_1 union: refine round 3, active=23, final=16, batch_splits=16, forced=14
N=103282247 level_1 union: normalized round 4, entries=15, mask_incidences=33, large_masks=0
N=103282247 level_1 union: refine round 4, active=20, final=17, batch_splits=16, forced=20
N=103282247 level_1 union: normalized round 5, entries=8, mask_incidences=32, large_masks=0
N=103282247 level_1 union: refine round 5, active=4, final=22, batch_splits=17, forced=20
N=103282247 level_1 union: normalized round 6, entries=3, mask_incidences=9, large_masks=0
N=103282247 level_1 union: refine round 6, active=4, final=22, batch_splits=17, forced=21
N=103282247 level_1 union: normalized round 7, entries=2, mask_incidences=8, large_masks=0
N=103282247 level_1 union: refine round 7, active=0, final=24, batch_splits=17, forced=21
N=103282247 level_2 union: normalized round 1, entries=22, mask_incidences=22, large_masks=0
N=103282247 level_2 union: refine round 1, active=44, final=0, batch_splits=22, forced=0
N=103282247 level_2 union: normalized round 2, entries=43, mask_incidences=43, large_masks=0
N=103282247 level_2 union: refine round 2, active=30, final=22, batch_splits=22, forced=9
N=103282247 level_2 union: normalized round 3, entries=19, mask_incidences=36, large_masks=0
N=103282247 level_2 union: refine round 3, active=27, final=22, batch_splits=22, forced=17
N=103282247 level_2 union: normalized round 4, entries=16, mask_incidences=50, large_masks=0
N=103282247 level_2 union: refine round 4, active=21, final=23, batch_splits=22, forced=23
N=103282247 level_2 union: normalized round 5, entries=11, mask_incidences=48, large_masks=0
N=103282247 level_2 union: refine round 5, active=12, final=25, batch_splits=22, forced=26
N=103282247 level_2 union: normalized round 6, entries=8, mask_incidences=44, large_masks=0
N=103282247 level_2 union: refine round 6, active=8, final=26, batch_splits=23, forced=26
N=103282247 level_2 union: normalized round 7, entries=7, mask_incidences=37, large_masks=0
N=103282247 level_2 union: refine round 7, active=10, final=26, batch_splits=23, forced=29
N=103282247 level_2 union: normalized round 8, entries=5, mask_incidences=32, large_masks=0
N=103282247 level_2 union: refine round 8, active=4, final=28, batch_splits=24, forced=29
N=103282247 level_2 union: normalized round 9, entries=3, mask_incidences=23, large_masks=0
N=103282247 level_2 union: refine round 9, active=4, final=28, batch_splits=24, forced=30
N=103282247 level_2 union: normalized round 10, entries=2, mask_incidences=22, large_masks=0
N=103282247 level_2 union: refine round 10, active=0, final=30, batch_splits=24, forced=30
F165 instance 37/64: N=103382317
N=103382317 base: normalized round 1, entries=14, mask_incidences=14, large_masks=0
N=103382317 base: refine round 1, active=28, final=0, batch_splits=14, forced=0
N=103382317 base: normalized round 2, entries=25, mask_incidences=26, large_masks=0
N=103382317 base: refine round 2, active=15, final=14, batch_splits=14, forced=4
N=103382317 base: normalized round 3, entries=9, mask_incidences=17, large_masks=0
N=103382317 base: refine round 3, active=13, final=14, batch_splits=14, forced=8
N=103382317 base: normalized round 4, entries=7, mask_incidences=19, large_masks=0
N=103382317 base: refine round 4, active=7, final=15, batch_splits=15, forced=8
N=103382317 base: normalized round 5, entries=6, mask_incidences=18, large_masks=0
N=103382317 base: refine round 5, active=8, final=15, batch_splits=15, forced=10
N=103382317 base: normalized round 6, entries=5, mask_incidences=18, large_masks=0
N=103382317 base: refine round 6, active=4, final=17, batch_splits=15, forced=11
N=103382317 base: normalized round 7, entries=2, mask_incidences=9, large_masks=0
N=103382317 base: refine round 7, active=0, final=19, batch_splits=15, forced=11
N=103382317 level_1 union: normalized round 1, entries=15, mask_incidences=15, large_masks=0
N=103382317 level_1 union: refine round 1, active=30, final=0, batch_splits=15, forced=0
N=103382317 level_1 union: normalized round 2, entries=27, mask_incidences=28, large_masks=0
N=103382317 level_1 union: refine round 2, active=17, final=15, batch_splits=15, forced=5
N=103382317 level_1 union: normalized round 3, entries=11, mask_incidences=20, large_masks=0
N=103382317 level_1 union: refine round 3, active=16, final=15, batch_splits=15, forced=10
N=103382317 level_1 union: normalized round 4, entries=8, mask_incidences=22, large_masks=0
N=103382317 level_1 union: refine round 4, active=10, final=16, batch_splits=15, forced=13
N=103382317 level_1 union: normalized round 5, entries=5, mask_incidences=20, large_masks=0
N=103382317 level_1 union: refine round 5, active=4, final=18, batch_splits=15, forced=14
N=103382317 level_1 union: normalized round 6, entries=2, mask_incidences=13, large_masks=0
N=103382317 level_1 union: refine round 6, active=0, final=20, batch_splits=15, forced=14
N=103382317 level_2 union: normalized round 1, entries=16, mask_incidences=16, large_masks=0
N=103382317 level_2 union: refine round 1, active=32, final=0, batch_splits=16, forced=0
N=103382317 level_2 union: normalized round 2, entries=29, mask_incidences=30, large_masks=0
N=103382317 level_2 union: refine round 2, active=18, final=16, batch_splits=16, forced=5
N=103382317 level_2 union: normalized round 3, entries=11, mask_incidences=20, large_masks=0
N=103382317 level_2 union: refine round 3, active=15, final=16, batch_splits=16, forced=9
N=103382317 level_2 union: normalized round 4, entries=8, mask_incidences=24, large_masks=0
N=103382317 level_2 union: refine round 4, active=8, final=17, batch_splits=17, forced=9
N=103382317 level_2 union: normalized round 5, entries=7, mask_incidences=22, large_masks=0
N=103382317 level_2 union: refine round 5, active=10, final=17, batch_splits=17, forced=12
N=103382317 level_2 union: normalized round 6, entries=6, mask_incidences=22, large_masks=0
N=103382317 level_2 union: refine round 6, active=5, final=19, batch_splits=17, forced=13
N=103382317 level_2 union: normalized round 7, entries=4, mask_incidences=15, large_masks=0
N=103382317 level_2 union: refine round 7, active=5, final=19, batch_splits=18, forced=13
N=103382317 level_2 union: normalized round 8, entries=3, mask_incidences=15, large_masks=0
N=103382317 level_2 union: refine round 8, active=4, final=19, batch_splits=18, forced=14
N=103382317 level_2 union: normalized round 9, entries=2, mask_incidences=14, large_masks=0
N=103382317 level_2 union: refine round 9, active=0, final=21, batch_splits=18, forced=14
F165 instance 38/64: N=103402331
N=103402331 base: normalized round 1, entries=10, mask_incidences=10, large_masks=0
N=103402331 base: refine round 1, active=20, final=0, batch_splits=10, forced=0
N=103402331 base: normalized round 2, entries=20, mask_incidences=20, large_masks=0
N=103402331 base: refine round 2, active=14, final=10, batch_splits=10, forced=4
N=103402331 base: normalized round 3, entries=9, mask_incidences=14, large_masks=0
N=103402331 base: refine round 3, active=11, final=11, batch_splits=10, forced=7
N=103402331 base: normalized round 4, entries=7, mask_incidences=15, large_masks=0
N=103402331 base: refine round 4, active=6, final=13, batch_splits=11, forced=7
N=103402331 base: normalized round 5, entries=5, mask_incidences=11, large_masks=0
N=103402331 base: refine round 5, active=6, final=13, batch_splits=11, forced=8
N=103402331 base: normalized round 6, entries=4, mask_incidences=9, large_masks=0
N=103402331 base: refine round 6, active=6, final=13, batch_splits=13, forced=8
N=103402331 base: normalized round 7, entries=4, mask_incidences=11, large_masks=0
N=103402331 base: refine round 7, active=5, final=13, batch_splits=13, forced=9
N=103402331 base: normalized round 8, entries=4, mask_incidences=10, large_masks=0
N=103402331 base: refine round 8, active=5, final=13, batch_splits=13, forced=10
N=103402331 base: normalized round 9, entries=3, mask_incidences=11, large_masks=0
N=103402331 base: refine round 9, active=4, final=13, batch_splits=14, forced=10
N=103402331 base: normalized round 10, entries=3, mask_incidences=10, large_masks=0
N=103402331 base: refine round 10, active=4, final=13, batch_splits=14, forced=11
N=103402331 base: normalized round 11, entries=2, mask_incidences=9, large_masks=0
N=103402331 base: refine round 11, active=0, final=15, batch_splits=14, forced=11
N=103402331 level_1 union: normalized round 1, entries=13, mask_incidences=13, large_masks=0
N=103402331 level_1 union: refine round 1, active=26, final=0, batch_splits=13, forced=0
N=103402331 level_1 union: normalized round 2, entries=26, mask_incidences=26, large_masks=0
N=103402331 level_1 union: refine round 2, active=18, final=13, batch_splits=13, forced=5
N=103402331 level_1 union: normalized round 3, entries=13, mask_incidences=20, large_masks=0
N=103402331 level_1 union: refine round 3, active=16, final=14, batch_splits=13, forced=9
N=103402331 level_1 union: normalized round 4, entries=9, mask_incidences=18, large_masks=0
N=103402331 level_1 union: refine round 4, active=12, final=14, batch_splits=13, forced=12
N=103402331 level_1 union: normalized round 5, entries=6, mask_incidences=18, large_masks=0
N=103402331 level_1 union: refine round 5, active=6, final=15, batch_splits=14, forced=12
N=103402331 level_1 union: normalized round 6, entries=6, mask_incidences=16, large_masks=0
N=103402331 level_1 union: refine round 6, active=7, final=15, batch_splits=15, forced=12
N=103402331 level_1 union: normalized round 7, entries=6, mask_incidences=17, large_masks=0
N=103402331 level_1 union: refine round 7, active=8, final=15, batch_splits=15, forced=14
N=103402331 level_1 union: normalized round 8, entries=6, mask_incidences=17, large_masks=0
N=103402331 level_1 union: refine round 8, active=8, final=15, batch_splits=15, forced=16
N=103402331 level_1 union: normalized round 9, entries=4, mask_incidences=17, large_masks=0
N=103402331 level_1 union: refine round 9, active=5, final=15, batch_splits=16, forced=16
N=103402331 level_1 union: normalized round 10, entries=4, mask_incidences=16, large_masks=0
N=103402331 level_1 union: refine round 10, active=5, final=15, batch_splits=16, forced=17
N=103402331 level_1 union: normalized round 11, entries=4, mask_incidences=15, large_masks=0
N=103402331 level_1 union: refine round 11, active=4, final=16, batch_splits=16, forced=18
N=103402331 level_1 union: normalized round 12, entries=2, mask_incidences=11, large_masks=0
N=103402331 level_1 union: refine round 12, active=0, final=18, batch_splits=16, forced=18
N=103402331 level_2 union: normalized round 1, entries=15, mask_incidences=15, large_masks=0
N=103402331 level_2 union: refine round 1, active=30, final=0, batch_splits=15, forced=0
N=103402331 level_2 union: normalized round 2, entries=30, mask_incidences=30, large_masks=0
N=103402331 level_2 union: refine round 2, active=21, final=15, batch_splits=15, forced=6
N=103402331 level_2 union: normalized round 3, entries=12, mask_incidences=22, large_masks=0
N=103402331 level_2 union: refine round 3, active=16, final=16, batch_splits=15, forced=11
N=103402331 level_2 union: normalized round 4, entries=8, mask_incidences=22, large_masks=0
N=103402331 level_2 union: refine round 4, active=10, final=16, batch_splits=17, forced=11
N=103402331 level_2 union: normalized round 5, entries=8, mask_incidences=24, large_masks=0
N=103402331 level_2 union: refine round 5, active=9, final=17, batch_splits=17, forced=13
N=103402331 level_2 union: normalized round 6, entries=5, mask_incidences=18, large_masks=0
N=103402331 level_2 union: refine round 6, active=6, final=17, batch_splits=18, forced=13
N=103402331 level_2 union: normalized round 7, entries=5, mask_incidences=19, large_masks=0
N=103402331 level_2 union: refine round 7, active=7, final=17, batch_splits=18, forced=15
N=103402331 level_2 union: normalized round 8, entries=4, mask_incidences=19, large_masks=0
N=103402331 level_2 union: refine round 8, active=4, final=18, batch_splits=18, forced=16
N=103402331 level_2 union: normalized round 9, entries=2, mask_incidences=11, large_masks=0
N=103402331 level_2 union: refine round 9, active=0, final=20, batch_splits=18, forced=16
F165 instance 39/64: N=103442359
N=103442359 base: normalized round 1, entries=10, mask_incidences=10, large_masks=0
N=103442359 base: refine round 1, active=20, final=0, batch_splits=10, forced=0
N=103442359 base: normalized round 2, entries=19, mask_incidences=19, large_masks=0
N=103442359 base: refine round 2, active=11, final=9, batch_splits=11, forced=0
N=103442359 base: normalized round 3, entries=11, mask_incidences=11, large_masks=0
N=103442359 base: refine round 3, active=13, final=10, batch_splits=11, forced=3
N=103442359 base: normalized round 4, entries=10, mask_incidences=14, large_masks=0
N=103442359 base: refine round 4, active=14, final=10, batch_splits=11, forced=7
N=103442359 base: normalized round 5, entries=7, mask_incidences=15, large_masks=0
N=103442359 base: refine round 5, active=6, final=12, batch_splits=12, forced=7
N=103442359 base: normalized round 6, entries=5, mask_incidences=12, large_masks=0
N=103442359 base: refine round 6, active=7, final=12, batch_splits=12, forced=9
N=103442359 base: normalized round 7, entries=3, mask_incidences=11, large_masks=0
N=103442359 base: refine round 7, active=0, final=15, batch_splits=12, forced=9
N=103442359 level_1 union: normalized round 1, entries=13, mask_incidences=13, large_masks=0
N=103442359 level_1 union: refine round 1, active=26, final=0, batch_splits=13, forced=0
N=103442359 level_1 union: normalized round 2, entries=25, mask_incidences=25, large_masks=0
N=103442359 level_1 union: refine round 2, active=17, final=13, batch_splits=13, forced=5
N=103442359 level_1 union: normalized round 3, entries=12, mask_incidences=19, large_masks=0
N=103442359 level_1 union: refine round 3, active=16, final=13, batch_splits=13, forced=9
N=103442359 level_1 union: normalized round 4, entries=9, mask_incidences=20, large_masks=0
N=103442359 level_1 union: refine round 4, active=13, final=13, batch_splits=13, forced=13
N=103442359 level_1 union: normalized round 5, entries=7, mask_incidences=22, large_masks=0
N=103442359 level_1 union: refine round 5, active=7, final=15, batch_splits=13, forced=15
N=103442359 level_1 union: normalized round 6, entries=4, mask_incidences=17, large_masks=0
N=103442359 level_1 union: refine round 6, active=4, final=16, batch_splits=14, forced=15
N=103442359 level_1 union: normalized round 7, entries=3, mask_incidences=11, large_masks=0
N=103442359 level_1 union: refine round 7, active=4, final=16, batch_splits=14, forced=16
N=103442359 level_1 union: normalized round 8, entries=2, mask_incidences=12, large_masks=0
N=103442359 level_1 union: refine round 8, active=0, final=18, batch_splits=14, forced=16
N=103442359 level_2 union: normalized round 1, entries=14, mask_incidences=14, large_masks=0
N=103442359 level_2 union: refine round 1, active=28, final=0, batch_splits=14, forced=0
N=103442359 level_2 union: normalized round 2, entries=27, mask_incidences=27, large_masks=0
N=103442359 level_2 union: refine round 2, active=18, final=14, batch_splits=14, forced=5
N=103442359 level_2 union: normalized round 3, entries=13, mask_incidences=19, large_masks=0
N=103442359 level_2 union: refine round 3, active=18, final=14, batch_splits=14, forced=10
N=103442359 level_2 union: normalized round 4, entries=9, mask_incidences=22, large_masks=0
N=103442359 level_2 union: refine round 4, active=13, final=14, batch_splits=14, forced=14
N=103442359 level_2 union: normalized round 5, entries=7, mask_incidences=23, large_masks=0
N=103442359 level_2 union: refine round 5, active=7, final=15, batch_splits=15, forced=14
N=103442359 level_2 union: normalized round 6, entries=7, mask_incidences=21, large_masks=0
N=103442359 level_2 union: refine round 6, active=10, final=15, batch_splits=15, forced=17
N=103442359 level_2 union: normalized round 7, entries=5, mask_incidences=22, large_masks=0
N=103442359 level_2 union: refine round 7, active=5, final=16, batch_splits=16, forced=17
N=103442359 level_2 union: normalized round 8, entries=4, mask_incidences=16, large_masks=0
N=103442359 level_2 union: refine round 8, active=5, final=16, batch_splits=16, forced=18
N=103442359 level_2 union: normalized round 9, entries=4, mask_incidences=17, large_masks=0
N=103442359 level_2 union: refine round 9, active=4, final=17, batch_splits=16, forced=19
N=103442359 level_2 union: normalized round 10, entries=2, mask_incidences=10, large_masks=0
N=103442359 level_2 union: refine round 10, active=0, final=19, batch_splits=16, forced=19
F165 instance 40/64: N=103502401
N=103502401 base: normalized round 1, entries=15, mask_incidences=15, large_masks=0
N=103502401 base: refine round 1, active=30, final=0, batch_splits=15, forced=0
N=103502401 base: normalized round 2, entries=28, mask_incidences=29, large_masks=0
N=103502401 base: refine round 2, active=17, final=15, batch_splits=15, forced=4
N=103502401 base: normalized round 3, entries=11, mask_incidences=19, large_masks=0
N=103502401 base: refine round 3, active=14, final=16, batch_splits=15, forced=8
N=103502401 base: normalized round 4, entries=9, mask_incidences=21, large_masks=0
N=103502401 base: refine round 4, active=10, final=16, batch_splits=16, forced=8
N=103502401 base: normalized round 5, entries=9, mask_incidences=22, large_masks=0
N=103502401 base: refine round 5, active=13, final=16, batch_splits=16, forced=12
N=103502401 base: normalized round 6, entries=6, mask_incidences=20, large_masks=0
N=103502401 base: refine round 6, active=6, final=17, batch_splits=17, forced=12
N=103502401 base: normalized round 7, entries=5, mask_incidences=13, large_masks=0
N=103502401 base: refine round 7, active=7, final=17, batch_splits=17, forced=14
N=103502401 base: normalized round 8, entries=5, mask_incidences=13, large_masks=0
N=103502401 base: refine round 8, active=4, final=19, batch_splits=17, forced=15
N=103502401 base: normalized round 9, entries=2, mask_incidences=5, large_masks=0
N=103502401 base: refine round 9, active=0, final=21, batch_splits=17, forced=15
N=103502401 level_1 union: normalized round 1, entries=20, mask_incidences=20, large_masks=0
N=103502401 level_1 union: refine round 1, active=40, final=0, batch_splits=20, forced=0
N=103502401 level_1 union: normalized round 2, entries=40, mask_incidences=40, large_masks=0
N=103502401 level_1 union: refine round 2, active=22, final=19, batch_splits=21, forced=0
N=103502401 level_1 union: normalized round 3, entries=22, mask_incidences=22, large_masks=0
N=103502401 level_1 union: refine round 3, active=29, final=20, batch_splits=21, forced=8
N=103502401 level_1 union: normalized round 4, entries=17, mask_incidences=30, large_masks=0
N=103502401 level_1 union: refine round 4, active=17, final=21, batch_splits=22, forced=8
N=103502401 level_1 union: normalized round 5, entries=17, mask_incidences=29, large_masks=0
N=103502401 level_1 union: refine round 5, active=23, final=21, batch_splits=22, forced=14
N=103502401 level_1 union: normalized round 6, entries=15, mask_incidences=34, large_masks=0
N=103502401 level_1 union: refine round 6, active=19, final=22, batch_splits=22, forced=19
N=103502401 level_1 union: normalized round 7, entries=11, mask_incidences=37, large_masks=0
N=103502401 level_1 union: refine round 7, active=12, final=22, batch_splits=23, forced=19
N=103502401 level_1 union: normalized round 8, entries=11, mask_incidences=36, large_masks=0
N=103502401 level_1 union: refine round 8, active=15, final=22, batch_splits=23, forced=23
N=103502401 level_1 union: normalized round 9, entries=11, mask_incidences=36, large_masks=0
N=103502401 level_1 union: refine round 9, active=13, final=23, batch_splits=23, forced=26
N=103502401 level_1 union: normalized round 10, entries=10, mask_incidences=35, large_masks=0
N=103502401 level_1 union: refine round 10, active=9, final=25, batch_splits=24, forced=26
N=103502401 level_1 union: normalized round 11, entries=8, mask_incidences=30, large_masks=0
N=103502401 level_1 union: refine round 11, active=11, final=25, batch_splits=24, forced=29
N=103502401 level_1 union: normalized round 12, entries=6, mask_incidences=31, large_masks=0
N=103502401 level_1 union: refine round 12, active=4, final=28, batch_splits=24, forced=30
N=103502401 level_1 union: normalized round 13, entries=2, mask_incidences=15, large_masks=0
N=103502401 level_1 union: refine round 13, active=0, final=30, batch_splits=24, forced=30
N=103502401 level_2 union: normalized round 1, entries=31, mask_incidences=31, large_masks=0
N=103502401 level_2 union: refine round 1, active=62, final=0, batch_splits=31, forced=0
N=103502401 level_2 union: normalized round 2, entries=62, mask_incidences=62, large_masks=0
N=103502401 level_2 union: refine round 2, active=42, final=31, batch_splits=31, forced=11
N=103502401 level_2 union: normalized round 3, entries=33, mask_incidences=49, large_masks=0
N=103502401 level_2 union: refine round 3, active=44, final=32, batch_splits=31, forced=23
N=103502401 level_2 union: normalized round 4, entries=32, mask_incidences=66, large_masks=0
N=103502401 level_2 union: refine round 4, active=43, final=34, batch_splits=31, forced=36
N=103502401 level_2 union: normalized round 5, entries=22, mask_incidences=74, large_masks=0
N=103502401 level_2 union: refine round 5, active=28, final=36, batch_splits=31, forced=44
N=103502401 level_2 union: normalized round 6, entries=13, mask_incidences=66, large_masks=0
N=103502401 level_2 union: refine round 6, active=15, final=38, batch_splits=31, forced=48
N=103502401 level_2 union: normalized round 7, entries=9, mask_incidences=56, large_masks=0
N=103502401 level_2 union: refine round 7, active=7, final=42, batch_splits=31, forced=50
N=103502401 level_2 union: normalized round 8, entries=3, mask_incidences=28, large_masks=0
N=103502401 level_2 union: refine round 8, active=0, final=45, batch_splits=31, forced=50
F165 instance 41/64: N=103642499
N=103642499 base: normalized round 1, entries=10, mask_incidences=10, large_masks=0
N=103642499 base: refine round 1, active=18, final=1, batch_splits=9, forced=0
N=103642499 base: normalized round 2, entries=16, mask_incidences=16, large_masks=0
N=103642499 base: refine round 2, active=9, final=9, batch_splits=10, forced=0
N=103642499 base: normalized round 3, entries=8, mask_incidences=9, large_masks=0
N=103642499 base: refine round 3, active=10, final=10, batch_splits=10, forced=3
N=103642499 base: normalized round 4, entries=6, mask_incidences=9, large_masks=0
N=103642499 base: refine round 4, active=7, final=11, batch_splits=10, forced=5
N=103642499 base: normalized round 5, entries=3, mask_incidences=10, large_masks=0
N=103642499 base: refine round 5, active=0, final=14, batch_splits=10, forced=5
N=103642499 level_1 union: normalized round 1, entries=12, mask_incidences=12, large_masks=0
N=103642499 level_1 union: refine round 1, active=24, final=0, batch_splits=12, forced=0
N=103642499 level_1 union: normalized round 2, entries=22, mask_incidences=22, large_masks=0
N=103642499 level_1 union: refine round 2, active=12, final=11, batch_splits=13, forced=0
N=103642499 level_1 union: normalized round 3, entries=11, mask_incidences=11, large_masks=0
N=103642499 level_1 union: refine round 3, active=12, final=11, batch_splits=14, forced=0
N=103642499 level_1 union: normalized round 4, entries=12, mask_incidences=12, large_masks=0
N=103642499 level_1 union: refine round 4, active=16, final=12, batch_splits=14, forced=5
N=103642499 level_1 union: normalized round 5, entries=9, mask_incidences=15, large_masks=0
N=103642499 level_1 union: refine round 5, active=9, final=14, batch_splits=16, forced=5
N=103642499 level_1 union: normalized round 6, entries=8, mask_incidences=12, large_masks=0
N=103642499 level_1 union: refine round 6, active=10, final=15, batch_splits=16, forced=8
N=103642499 level_1 union: normalized round 7, entries=6, mask_incidences=13, large_masks=0
N=103642499 level_1 union: refine round 7, active=7, final=15, batch_splits=17, forced=8
N=103642499 level_1 union: normalized round 8, entries=6, mask_incidences=13, large_masks=0
N=103642499 level_1 union: refine round 8, active=8, final=15, batch_splits=17, forced=10
N=103642499 level_1 union: normalized round 9, entries=5, mask_incidences=12, large_masks=0
N=103642499 level_1 union: refine round 9, active=5, final=16, batch_splits=18, forced=10
N=103642499 level_1 union: normalized round 10, entries=4, mask_incidences=8, large_masks=0
N=103642499 level_1 union: refine round 10, active=5, final=16, batch_splits=18, forced=11
N=103642499 level_1 union: normalized round 11, entries=3, mask_incidences=10, large_masks=0
N=103642499 level_1 union: refine round 11, active=4, final=16, batch_splits=19, forced=11
N=103642499 level_1 union: normalized round 12, entries=3, mask_incidences=9, large_masks=0
N=103642499 level_1 union: refine round 12, active=4, final=16, batch_splits=19, forced=12
N=103642499 level_1 union: normalized round 13, entries=2, mask_incidences=8, large_masks=0
N=103642499 level_1 union: refine round 13, active=0, final=18, batch_splits=19, forced=12
N=103642499 level_2 union: normalized round 1, entries=17, mask_incidences=17, large_masks=0
N=103642499 level_2 union: refine round 1, active=34, final=0, batch_splits=17, forced=0
N=103642499 level_2 union: normalized round 2, entries=32, mask_incidences=32, large_masks=0
N=103642499 level_2 union: refine round 2, active=17, final=16, batch_splits=18, forced=0
N=103642499 level_2 union: normalized round 3, entries=17, mask_incidences=17, large_masks=0
N=103642499 level_2 union: refine round 3, active=23, final=17, batch_splits=18, forced=7
N=103642499 level_2 union: normalized round 4, entries=16, mask_incidences=24, large_masks=0
N=103642499 level_2 union: refine round 4, active=20, final=18, batch_splits=18, forced=12
N=103642499 level_2 union: normalized round 5, entries=12, mask_incidences=24, large_masks=0
N=103642499 level_2 union: refine round 5, active=12, final=19, batch_splits=19, forced=12
N=103642499 level_2 union: normalized round 6, entries=11, mask_incidences=24, large_masks=0
N=103642499 level_2 union: refine round 6, active=16, final=19, batch_splits=19, forced=17
N=103642499 level_2 union: normalized round 7, entries=7, mask_incidences=28, large_masks=0
N=103642499 level_2 union: refine round 7, active=7, final=21, batch_splits=19, forced=19
N=103642499 level_2 union: normalized round 8, entries=4, mask_incidences=17, large_masks=0
N=103642499 level_2 union: refine round 8, active=4, final=22, batch_splits=19, forced=20
N=103642499 level_2 union: normalized round 9, entries=2, mask_incidences=13, large_masks=0
N=103642499 level_2 union: refine round 9, active=0, final=24, batch_splits=19, forced=20
F165 instance 42/64: N=103762583
N=103762583 base: normalized round 1, entries=10, mask_incidences=10, large_masks=0
N=103762583 base: refine round 1, active=16, final=2, batch_splits=8, forced=0
N=103762583 base: normalized round 2, entries=15, mask_incidences=15, large_masks=0
N=103762583 base: refine round 2, active=9, final=9, batch_splits=9, forced=0
N=103762583 base: normalized round 3, entries=8, mask_incidences=8, large_masks=0
N=103762583 base: refine round 3, active=10, final=10, batch_splits=9, forced=3
N=103762583 base: normalized round 4, entries=9, mask_incidences=11, large_masks=0
N=103762583 base: refine round 4, active=11, final=11, batch_splits=9, forced=6
N=103762583 base: normalized round 5, entries=7, mask_incidences=10, large_masks=0
N=103762583 base: refine round 5, active=6, final=14, batch_splits=9, forced=8
N=103762583 base: normalized round 6, entries=4, mask_incidences=6, large_masks=0
N=103762583 base: refine round 6, active=5, final=14, batch_splits=9, forced=9
N=103762583 base: normalized round 7, entries=3, mask_incidences=7, large_masks=0
N=103762583 base: refine round 7, active=4, final=14, batch_splits=10, forced=9
N=103762583 base: normalized round 8, entries=3, mask_incidences=7, large_masks=0
N=103762583 base: refine round 8, active=4, final=14, batch_splits=10, forced=10
N=103762583 base: normalized round 9, entries=2, mask_incidences=5, large_masks=0
N=103762583 base: refine round 9, active=0, final=16, batch_splits=10, forced=10
N=103762583 level_1 union: normalized round 1, entries=11, mask_incidences=11, large_masks=0
N=103762583 level_1 union: refine round 1, active=18, final=2, batch_splits=9, forced=0
N=103762583 level_1 union: normalized round 2, entries=17, mask_incidences=17, large_masks=0
N=103762583 level_1 union: refine round 2, active=10, final=10, batch_splits=10, forced=0
N=103762583 level_1 union: normalized round 3, entries=10, mask_incidences=10, large_masks=0
N=103762583 level_1 union: refine round 3, active=13, final=11, batch_splits=10, forced=4
N=103762583 level_1 union: normalized round 4, entries=10, mask_incidences=14, large_masks=0
N=103762583 level_1 union: refine round 4, active=12, final=12, batch_splits=10, forced=7
N=103762583 level_1 union: normalized round 5, entries=8, mask_incidences=15, large_masks=0
N=103762583 level_1 union: refine round 5, active=9, final=13, batch_splits=10, forced=9
N=103762583 level_1 union: normalized round 6, entries=6, mask_incidences=13, large_masks=0
N=103762583 level_1 union: refine round 6, active=6, final=14, batch_splits=11, forced=9
N=103762583 level_1 union: normalized round 7, entries=5, mask_incidences=11, large_masks=0
N=103762583 level_1 union: refine round 7, active=7, final=14, batch_splits=11, forced=11
N=103762583 level_1 union: normalized round 8, entries=4, mask_incidences=11, large_masks=0
N=103762583 level_1 union: refine round 8, active=4, final=15, batch_splits=11, forced=12
N=103762583 level_1 union: normalized round 9, entries=2, mask_incidences=7, large_masks=0
N=103762583 level_1 union: refine round 9, active=0, final=17, batch_splits=11, forced=12
N=103762583 level_2 union: normalized round 1, entries=11, mask_incidences=11, large_masks=0
N=103762583 level_2 union: refine round 1, active=18, final=2, batch_splits=9, forced=0
N=103762583 level_2 union: normalized round 2, entries=17, mask_incidences=17, large_masks=0
N=103762583 level_2 union: refine round 2, active=10, final=10, batch_splits=10, forced=0
N=103762583 level_2 union: normalized round 3, entries=10, mask_incidences=10, large_masks=0
N=103762583 level_2 union: refine round 3, active=13, final=11, batch_splits=10, forced=4
N=103762583 level_2 union: normalized round 4, entries=10, mask_incidences=14, large_masks=0
N=103762583 level_2 union: refine round 4, active=12, final=12, batch_splits=10, forced=7
N=103762583 level_2 union: normalized round 5, entries=8, mask_incidences=15, large_masks=0
N=103762583 level_2 union: refine round 5, active=9, final=13, batch_splits=10, forced=9
N=103762583 level_2 union: normalized round 6, entries=6, mask_incidences=13, large_masks=0
N=103762583 level_2 union: refine round 6, active=6, final=14, batch_splits=11, forced=9
N=103762583 level_2 union: normalized round 7, entries=5, mask_incidences=11, large_masks=0
N=103762583 level_2 union: refine round 7, active=7, final=14, batch_splits=11, forced=11
N=103762583 level_2 union: normalized round 8, entries=4, mask_incidences=11, large_masks=0
N=103762583 level_2 union: refine round 8, active=4, final=15, batch_splits=11, forced=12
N=103762583 level_2 union: normalized round 9, entries=2, mask_incidences=7, large_masks=0
N=103762583 level_2 union: refine round 9, active=0, final=17, batch_splits=11, forced=12
F165 instance 43/64: N=103982737
N=103982737 base: normalized round 1, entries=13, mask_incidences=13, large_masks=0
N=103982737 base: refine round 1, active=26, final=0, batch_splits=13, forced=0
N=103982737 base: normalized round 2, entries=23, mask_incidences=24, large_masks=0
N=103982737 base: refine round 2, active=12, final=12, batch_splits=14, forced=0
N=103982737 base: normalized round 3, entries=11, mask_incidences=12, large_masks=0
N=103982737 base: refine round 3, active=14, final=13, batch_splits=14, forced=4
N=103982737 base: normalized round 4, entries=9, mask_incidences=16, large_masks=0
N=103982737 base: refine round 4, active=10, final=15, batch_splits=14, forced=7
N=103982737 base: normalized round 5, entries=5, mask_incidences=14, large_masks=0
N=103982737 base: refine round 5, active=4, final=17, batch_splits=15, forced=7
N=103982737 base: normalized round 6, entries=3, mask_incidences=8, large_masks=0
N=103982737 base: refine round 6, active=4, final=17, batch_splits=15, forced=8
N=103982737 base: normalized round 7, entries=2, mask_incidences=9, large_masks=0
N=103982737 base: refine round 7, active=0, final=19, batch_splits=15, forced=8
N=103982737 level_1 union: normalized round 1, entries=16, mask_incidences=16, large_masks=0
N=103982737 level_1 union: refine round 1, active=32, final=0, batch_splits=16, forced=0
N=103982737 level_1 union: normalized round 2, entries=29, mask_incidences=30, large_masks=0
N=103982737 level_1 union: refine round 2, active=18, final=16, batch_splits=16, forced=5
N=103982737 level_1 union: normalized round 3, entries=12, mask_incidences=20, large_masks=0
N=103982737 level_1 union: refine round 3, active=16, final=17, batch_splits=16, forced=10
N=103982737 level_1 union: normalized round 4, entries=8, mask_incidences=23, large_masks=0
N=103982737 level_1 union: refine round 4, active=8, final=19, batch_splits=16, forced=12
N=103982737 level_1 union: normalized round 5, entries=5, mask_incidences=17, large_masks=0
N=103982737 level_1 union: refine round 5, active=5, final=20, batch_splits=16, forced=13
N=103982737 level_1 union: normalized round 6, entries=3, mask_incidences=13, large_masks=0
N=103982737 level_1 union: refine round 6, active=4, final=20, batch_splits=17, forced=13
N=103982737 level_1 union: normalized round 7, entries=3, mask_incidences=14, large_masks=0
N=103982737 level_1 union: refine round 7, active=4, final=20, batch_splits=17, forced=14
N=103982737 level_1 union: normalized round 8, entries=2, mask_incidences=13, large_masks=0
N=103982737 level_1 union: refine round 8, active=0, final=22, batch_splits=17, forced=14
N=103982737 level_2 union: normalized round 1, entries=20, mask_incidences=20, large_masks=0
N=103982737 level_2 union: refine round 1, active=40, final=0, batch_splits=20, forced=0
N=103982737 level_2 union: normalized round 2, entries=36, mask_incidences=37, large_masks=0
N=103982737 level_2 union: refine round 2, active=23, final=20, batch_splits=20, forced=7
N=103982737 level_2 union: normalized round 3, entries=13, mask_incidences=27, large_masks=0
N=103982737 level_2 union: refine round 3, active=16, final=21, batch_splits=20, forced=11
N=103982737 level_2 union: normalized round 4, entries=9, mask_incidences=28, large_masks=0
N=103982737 level_2 union: refine round 4, active=9, final=23, batch_splits=20, forced=13
N=103982737 level_2 union: normalized round 5, entries=7, mask_incidences=23, large_masks=0
N=103982737 level_2 union: refine round 5, active=10, final=23, batch_splits=20, forced=16
N=103982737 level_2 union: normalized round 6, entries=4, mask_incidences=26, large_masks=0
N=103982737 level_2 union: refine round 6, active=4, final=24, batch_splits=20, forced=17
N=103982737 level_2 union: normalized round 7, entries=2, mask_incidences=17, large_masks=0
N=103982737 level_2 union: refine round 7, active=0, final=26, batch_splits=20, forced=17
F165 instance 44/64: N=104062793
N=104062793 base: normalized round 1, entries=11, mask_incidences=11, large_masks=0
N=104062793 base: refine round 1, active=22, final=0, batch_splits=11, forced=0
N=104062793 base: normalized round 2, entries=20, mask_incidences=20, large_masks=0
N=104062793 base: refine round 2, active=13, final=11, batch_splits=11, forced=4
N=104062793 base: normalized round 3, entries=7, mask_incidences=14, large_masks=0
N=104062793 base: refine round 3, active=9, final=12, batch_splits=11, forced=7
N=104062793 base: normalized round 4, entries=6, mask_incidences=12, large_masks=0
N=104062793 base: refine round 4, active=6, final=13, batch_splits=12, forced=7
N=104062793 base: normalized round 5, entries=5, mask_incidences=11, large_masks=0
N=104062793 base: refine round 5, active=7, final=13, batch_splits=12, forced=9
N=104062793 base: normalized round 6, entries=3, mask_incidences=9, large_masks=0
N=104062793 base: refine round 6, active=0, final=16, batch_splits=12, forced=9
N=104062793 level_1 union: normalized round 1, entries=16, mask_incidences=16, large_masks=0
N=104062793 level_1 union: refine round 1, active=32, final=0, batch_splits=16, forced=0
N=104062793 level_1 union: normalized round 2, entries=30, mask_incidences=30, large_masks=0
N=104062793 level_1 union: refine round 2, active=20, final=16, batch_splits=16, forced=6
N=104062793 level_1 union: normalized round 3, entries=16, mask_incidences=23, large_masks=0
N=104062793 level_1 union: refine round 3, active=22, final=16, batch_splits=16, forced=12
N=104062793 level_1 union: normalized round 4, entries=15, mask_incidences=29, large_masks=0
N=104062793 level_1 union: refine round 4, active=18, final=18, batch_splits=16, forced=17
N=104062793 level_1 union: normalized round 5, entries=10, mask_incidences=27, large_masks=0
N=104062793 level_1 union: refine round 5, active=10, final=19, batch_splits=17, forced=17
N=104062793 level_1 union: normalized round 6, entries=9, mask_incidences=25, large_masks=0
N=104062793 level_1 union: refine round 6, active=13, final=19, batch_splits=17, forced=21
N=104062793 level_1 union: normalized round 7, entries=8, mask_incidences=25, large_masks=0
N=104062793 level_1 union: refine round 7, active=8, final=20, batch_splits=18, forced=21
N=104062793 level_1 union: normalized round 8, entries=7, mask_incidences=22, large_masks=0
N=104062793 level_1 union: refine round 8, active=9, final=20, batch_splits=18, forced=23
N=104062793 level_1 union: normalized round 9, entries=6, mask_incidences=22, large_masks=0
N=104062793 level_1 union: refine round 9, active=4, final=23, batch_splits=18, forced=24
N=104062793 level_1 union: normalized round 10, entries=2, mask_incidences=11, large_masks=0
N=104062793 level_1 union: refine round 10, active=0, final=25, batch_splits=18, forced=24
N=104062793 level_2 union: normalized round 1, entries=31, mask_incidences=31, large_masks=0
N=104062793 level_2 union: refine round 1, active=62, final=0, batch_splits=31, forced=0
N=104062793 level_2 union: normalized round 2, entries=60, mask_incidences=60, large_masks=0
N=104062793 level_2 union: refine round 2, active=41, final=31, batch_splits=31, forced=12
N=104062793 level_2 union: normalized round 3, entries=33, mask_incidences=49, large_masks=0
N=104062793 level_2 union: refine round 3, active=45, final=31, batch_splits=31, forced=24
N=104062793 level_2 union: normalized round 4, entries=24, mask_incidences=67, large_masks=0
N=104062793 level_2 union: refine round 4, active=34, final=31, batch_splits=31, forced=34
N=104062793 level_2 union: normalized round 5, entries=17, mask_incidences=74, large_masks=0
N=104062793 level_2 union: refine round 5, active=20, final=34, batch_splits=31, forced=40
N=104062793 level_2 union: normalized round 6, entries=11, mask_incidences=67, large_masks=0
N=104062793 level_2 union: refine round 6, active=13, final=35, batch_splits=31, forced=43
N=104062793 level_2 union: normalized round 7, entries=9, mask_incidences=58, large_masks=0
N=104062793 level_2 union: refine round 7, active=10, final=37, batch_splits=31, forced=46
N=104062793 level_2 union: normalized round 8, entries=6, mask_incidences=46, large_masks=0
N=104062793 level_2 union: refine round 8, active=6, final=38, batch_splits=32, forced=46
N=104062793 level_2 union: normalized round 9, entries=5, mask_incidences=44, large_masks=0
N=104062793 level_2 union: refine round 9, active=7, final=38, batch_splits=32, forced=48
N=104062793 level_2 union: normalized round 10, entries=5, mask_incidences=43, large_masks=0
N=104062793 level_2 union: refine round 10, active=5, final=39, batch_splits=33, forced=48
N=104062793 level_2 union: normalized round 11, entries=4, mask_incidences=31, large_masks=0
N=104062793 level_2 union: refine round 11, active=5, final=39, batch_splits=33, forced=49
N=104062793 level_2 union: normalized round 12, entries=3, mask_incidences=31, large_masks=0
N=104062793 level_2 union: refine round 12, active=4, final=39, batch_splits=34, forced=49
N=104062793 level_2 union: normalized round 13, entries=3, mask_incidences=32, large_masks=0
N=104062793 level_2 union: refine round 13, active=4, final=39, batch_splits=34, forced=50
N=104062793 level_2 union: normalized round 14, entries=2, mask_incidences=31, large_masks=0
N=104062793 level_2 union: refine round 14, active=0, final=41, batch_splits=34, forced=50
F165 instance 45/64: N=104342989
N=104342989 base: normalized round 1, entries=12, mask_incidences=12, large_masks=0
N=104342989 base: refine round 1, active=24, final=0, batch_splits=12, forced=0
N=104342989 base: normalized round 2, entries=19, mask_incidences=19, large_masks=0
N=104342989 base: refine round 2, active=9, final=12, batch_splits=12, forced=2
N=104342989 base: normalized round 3, entries=7, mask_incidences=9, large_masks=0
N=104342989 base: refine round 3, active=10, final=12, batch_splits=12, forced=5
N=104342989 base: normalized round 4, entries=5, mask_incidences=12, large_masks=0
N=104342989 base: refine round 4, active=6, final=13, batch_splits=14, forced=5
N=104342989 base: normalized round 5, entries=5, mask_incidences=12, large_masks=0
N=104342989 base: refine round 5, active=5, final=14, batch_splits=14, forced=6
N=104342989 base: normalized round 6, entries=3, mask_incidences=9, large_masks=0
N=104342989 base: refine round 6, active=4, final=14, batch_splits=15, forced=6
N=104342989 base: normalized round 7, entries=3, mask_incidences=10, large_masks=0
N=104342989 base: refine round 7, active=4, final=14, batch_splits=15, forced=7
N=104342989 base: normalized round 8, entries=2, mask_incidences=7, large_masks=0
N=104342989 base: refine round 8, active=0, final=16, batch_splits=15, forced=7
N=104342989 level_1 union: normalized round 1, entries=13, mask_incidences=13, large_masks=0
N=104342989 level_1 union: refine round 1, active=26, final=0, batch_splits=13, forced=0
N=104342989 level_1 union: normalized round 2, entries=21, mask_incidences=21, large_masks=0
N=104342989 level_1 union: refine round 2, active=11, final=13, batch_splits=13, forced=3
N=104342989 level_1 union: normalized round 3, entries=7, mask_incidences=10, large_masks=0
N=104342989 level_1 union: refine round 3, active=10, final=13, batch_splits=13, forced=6
N=104342989 level_1 union: normalized round 4, entries=4, mask_incidences=13, large_masks=0
N=104342989 level_1 union: refine round 4, active=3, final=15, batch_splits=14, forced=6
N=104342989 level_1 union: normalized round 5, entries=2, mask_incidences=7, large_masks=0
N=104342989 level_1 union: refine round 5, active=0, final=17, batch_splits=14, forced=6
N=104342989 level_2 union: normalized round 1, entries=13, mask_incidences=13, large_masks=0
N=104342989 level_2 union: refine round 1, active=26, final=0, batch_splits=13, forced=0
N=104342989 level_2 union: normalized round 2, entries=21, mask_incidences=21, large_masks=0
N=104342989 level_2 union: refine round 2, active=11, final=13, batch_splits=13, forced=3
N=104342989 level_2 union: normalized round 3, entries=7, mask_incidences=10, large_masks=0
N=104342989 level_2 union: refine round 3, active=10, final=13, batch_splits=13, forced=6
N=104342989 level_2 union: normalized round 4, entries=4, mask_incidences=13, large_masks=0
N=104342989 level_2 union: refine round 4, active=3, final=15, batch_splits=14, forced=6
N=104342989 level_2 union: normalized round 5, entries=2, mask_incidences=7, large_masks=0
N=104342989 level_2 union: refine round 5, active=0, final=17, batch_splits=14, forced=6
F165 instance 46/64: N=104363003
N=104363003 base: normalized round 1, entries=12, mask_incidences=12, large_masks=0
N=104363003 base: refine round 1, active=24, final=0, batch_splits=12, forced=0
N=104363003 base: normalized round 2, entries=21, mask_incidences=22, large_masks=0
N=104363003 base: refine round 2, active=11, final=11, batch_splits=13, forced=0
N=104363003 base: normalized round 3, entries=11, mask_incidences=12, large_masks=0
N=104363003 base: refine round 3, active=15, final=12, batch_splits=13, forced=5
N=104363003 base: normalized round 4, entries=9, mask_incidences=16, large_masks=0
N=104363003 base: refine round 4, active=9, final=13, batch_splits=14, forced=5
N=104363003 base: normalized round 5, entries=8, mask_incidences=15, large_masks=0
N=104363003 base: refine round 5, active=11, final=13, batch_splits=14, forced=8
N=104363003 base: normalized round 6, entries=6, mask_incidences=14, large_masks=0
N=104363003 base: refine round 6, active=5, final=15, batch_splits=15, forced=8
N=104363003 base: normalized round 7, entries=4, mask_incidences=10, large_masks=0
N=104363003 base: refine round 7, active=4, final=16, batch_splits=16, forced=8
N=104363003 base: normalized round 8, entries=3, mask_incidences=9, large_masks=0
N=104363003 base: refine round 8, active=4, final=16, batch_splits=16, forced=9
N=104363003 base: normalized round 9, entries=2, mask_incidences=6, large_masks=0
N=104363003 base: refine round 9, active=0, final=18, batch_splits=16, forced=9
N=104363003 level_1 union: normalized round 1, entries=17, mask_incidences=17, large_masks=0
N=104363003 level_1 union: refine round 1, active=34, final=0, batch_splits=17, forced=0
N=104363003 level_1 union: normalized round 2, entries=31, mask_incidences=32, large_masks=0
N=104363003 level_1 union: refine round 2, active=21, final=17, batch_splits=17, forced=7
N=104363003 level_1 union: normalized round 3, entries=16, mask_incidences=27, large_masks=0
N=104363003 level_1 union: refine round 3, active=22, final=17, batch_splits=17, forced=13
N=104363003 level_1 union: normalized round 4, entries=13, mask_incidences=29, large_masks=0
N=104363003 level_1 union: refine round 4, active=16, final=19, batch_splits=17, forced=18
N=104363003 level_1 union: normalized round 5, entries=7, mask_incidences=27, large_masks=0
N=104363003 level_1 union: refine round 5, active=5, final=22, batch_splits=18, forced=18
N=104363003 level_1 union: normalized round 6, entries=4, mask_incidences=17, large_masks=0
N=104363003 level_1 union: refine round 6, active=5, final=22, batch_splits=18, forced=19
N=104363003 level_1 union: normalized round 7, entries=3, mask_incidences=14, large_masks=0
N=104363003 level_1 union: refine round 7, active=4, final=22, batch_splits=19, forced=19
N=104363003 level_1 union: normalized round 8, entries=3, mask_incidences=15, large_masks=0
N=104363003 level_1 union: refine round 8, active=4, final=22, batch_splits=19, forced=20
N=104363003 level_1 union: normalized round 9, entries=2, mask_incidences=12, large_masks=0
N=104363003 level_1 union: refine round 9, active=0, final=24, batch_splits=19, forced=20
N=104363003 level_2 union: normalized round 1, entries=20, mask_incidences=20, large_masks=0
N=104363003 level_2 union: refine round 1, active=40, final=0, batch_splits=20, forced=0
N=104363003 level_2 union: normalized round 2, entries=39, mask_incidences=39, large_masks=0
N=104363003 level_2 union: refine round 2, active=23, final=18, batch_splits=22, forced=0
N=104363003 level_2 union: normalized round 3, entries=22, mask_incidences=22, large_masks=0
N=104363003 level_2 union: refine round 3, active=28, final=20, batch_splits=22, forced=8
N=104363003 level_2 union: normalized round 4, entries=23, mask_incidences=32, large_masks=0
N=104363003 level_2 union: refine round 4, active=32, final=20, batch_splits=22, forced=17
N=104363003 level_2 union: normalized round 5, entries=21, mask_incidences=39, large_masks=0
N=104363003 level_2 union: refine round 5, active=25, final=23, batch_splits=22, forced=24
N=104363003 level_2 union: normalized round 6, entries=10, mask_incidences=31, large_masks=0
N=104363003 level_2 union: refine round 6, active=11, final=25, batch_splits=22, forced=27
N=104363003 level_2 union: normalized round 7, entries=7, mask_incidences=23, large_masks=0
N=104363003 level_2 union: refine round 7, active=7, final=27, batch_splits=22, forced=29
N=104363003 level_2 union: normalized round 8, entries=3, mask_incidences=15, large_masks=0
N=104363003 level_2 union: refine round 8, active=0, final=30, batch_splits=22, forced=29
F165 instance 47/64: N=104403031
N=104403031 base: normalized round 1, entries=12, mask_incidences=12, large_masks=0
N=104403031 base: refine round 1, active=24, final=0, batch_splits=12, forced=0
N=104403031 base: normalized round 2, entries=21, mask_incidences=22, large_masks=0
N=104403031 base: refine round 2, active=11, final=11, batch_splits=13, forced=0
N=104403031 base: normalized round 3, entries=11, mask_incidences=12, large_masks=0
N=104403031 base: refine round 3, active=14, final=12, batch_splits=13, forced=4
N=104403031 base: normalized round 4, entries=8, mask_incidences=15, large_masks=0
N=104403031 base: refine round 4, active=9, final=13, batch_splits=15, forced=4
N=104403031 base: normalized round 5, entries=7, mask_incidences=14, large_masks=0
N=104403031 base: refine round 5, active=10, final=13, batch_splits=15, forced=7
N=104403031 base: normalized round 6, entries=5, mask_incidences=14, large_masks=0
N=104403031 base: refine round 6, active=5, final=14, batch_splits=16, forced=7
N=104403031 base: normalized round 7, entries=4, mask_incidences=8, large_masks=0
N=104403031 base: refine round 7, active=6, final=14, batch_splits=16, forced=9
N=104403031 base: normalized round 8, entries=3, mask_incidences=11, large_masks=0
N=104403031 base: refine round 8, active=0, final=17, batch_splits=16, forced=9
N=104403031 level_1 union: normalized round 1, entries=16, mask_incidences=16, large_masks=0
N=104403031 level_1 union: refine round 1, active=32, final=0, batch_splits=16, forced=0
N=104403031 level_1 union: normalized round 2, entries=29, mask_incidences=30, large_masks=0
N=104403031 level_1 union: refine round 2, active=18, final=16, batch_splits=16, forced=5
N=104403031 level_1 union: normalized round 3, entries=11, mask_incidences=20, large_masks=0
N=104403031 level_1 union: refine round 3, active=15, final=16, batch_splits=16, forced=9
N=104403031 level_1 union: normalized round 4, entries=11, mask_incidences=24, large_masks=0
N=104403031 level_1 union: refine round 4, active=12, final=16, batch_splits=17, forced=9
N=104403031 level_1 union: normalized round 5, entries=11, mask_incidences=25, large_masks=0
N=104403031 level_1 union: refine round 5, active=16, final=16, batch_splits=17, forced=14
N=104403031 level_1 union: normalized round 6, entries=6, mask_incidences=26, large_masks=0
N=104403031 level_1 union: refine round 6, active=4, final=19, batch_splits=18, forced=14
N=104403031 level_1 union: normalized round 7, entries=3, mask_incidences=10, large_masks=0
N=104403031 level_1 union: refine round 7, active=4, final=19, batch_splits=18, forced=15
N=104403031 level_1 union: normalized round 8, entries=2, mask_incidences=11, large_masks=0
N=104403031 level_1 union: refine round 8, active=0, final=21, batch_splits=18, forced=15
N=104403031 level_2 union: normalized round 1, entries=21, mask_incidences=21, large_masks=0
N=104403031 level_2 union: refine round 1, active=42, final=0, batch_splits=21, forced=0
N=104403031 level_2 union: normalized round 2, entries=38, mask_incidences=39, large_masks=0
N=104403031 level_2 union: refine round 2, active=24, final=21, batch_splits=21, forced=7
N=104403031 level_2 union: normalized round 3, entries=19, mask_incidences=28, large_masks=0
N=104403031 level_2 union: refine round 3, active=26, final=21, batch_splits=21, forced=14
N=104403031 level_2 union: normalized round 4, entries=10, mask_incidences=36, large_masks=0
N=104403031 level_2 union: refine round 4, active=13, final=21, batch_splits=21, forced=17
N=104403031 level_2 union: normalized round 5, entries=9, mask_incidences=38, large_masks=0
N=104403031 level_2 union: refine round 5, active=8, final=24, batch_splits=21, forced=19
N=104403031 level_2 union: normalized round 6, entries=4, mask_incidences=20, large_masks=0
N=104403031 level_2 union: refine round 6, active=5, final=24, batch_splits=22, forced=19
N=104403031 level_2 union: normalized round 7, entries=4, mask_incidences=21, large_masks=0
N=104403031 level_2 union: refine round 7, active=6, final=24, batch_splits=22, forced=21
N=104403031 level_2 union: normalized round 8, entries=4, mask_incidences=21, large_masks=0
N=104403031 level_2 union: refine round 8, active=4, final=25, batch_splits=23, forced=21
N=104403031 level_2 union: normalized round 9, entries=3, mask_incidences=11, large_masks=0
N=104403031 level_2 union: refine round 9, active=4, final=25, batch_splits=23, forced=22
N=104403031 level_2 union: normalized round 10, entries=2, mask_incidences=12, large_masks=0
N=104403031 level_2 union: refine round 10, active=0, final=27, batch_splits=23, forced=22
F165 instance 48/64: N=104603171
N=104603171 base: normalized round 1, entries=10, mask_incidences=10, large_masks=0
N=104603171 base: refine round 1, active=18, final=1, batch_splits=9, forced=0
N=104603171 base: normalized round 2, entries=17, mask_incidences=17, large_masks=0
N=104603171 base: refine round 2, active=10, final=9, batch_splits=10, forced=0
N=104603171 base: normalized round 3, entries=10, mask_incidences=10, large_masks=0
N=104603171 base: refine round 3, active=13, final=10, batch_splits=10, forced=4
N=104603171 base: normalized round 4, entries=9, mask_incidences=13, large_masks=0
N=104603171 base: refine round 4, active=11, final=11, batch_splits=10, forced=7
N=104603171 base: normalized round 5, entries=5, mask_incidences=12, large_masks=0
N=104603171 base: refine round 5, active=5, final=12, batch_splits=11, forced=7
N=104603171 base: normalized round 6, entries=4, mask_incidences=10, large_masks=0
N=104603171 base: refine round 6, active=5, final=12, batch_splits=11, forced=8
N=104603171 base: normalized round 7, entries=3, mask_incidences=8, large_masks=0
N=104603171 base: refine round 7, active=4, final=12, batch_splits=12, forced=8
N=104603171 base: normalized round 8, entries=3, mask_incidences=7, large_masks=0
N=104603171 base: refine round 8, active=4, final=12, batch_splits=12, forced=9
N=104603171 base: normalized round 9, entries=2, mask_incidences=8, large_masks=0
N=104603171 base: refine round 9, active=0, final=14, batch_splits=12, forced=9
N=104603171 level_1 union: normalized round 1, entries=12, mask_incidences=12, large_masks=0
N=104603171 level_1 union: refine round 1, active=22, final=1, batch_splits=11, forced=0
N=104603171 level_1 union: normalized round 2, entries=22, mask_incidences=22, large_masks=0
N=104603171 level_1 union: refine round 2, active=15, final=12, batch_splits=11, forced=4
N=104603171 level_1 union: normalized round 3, entries=9, mask_incidences=14, large_masks=0
N=104603171 level_1 union: refine round 3, active=9, final=13, batch_splits=12, forced=4
N=104603171 level_1 union: normalized round 4, entries=8, mask_incidences=13, large_masks=0
N=104603171 level_1 union: refine round 4, active=11, final=13, batch_splits=12, forced=7
N=104603171 level_1 union: normalized round 5, entries=8, mask_incidences=18, large_masks=0
N=104603171 level_1 union: refine round 5, active=9, final=13, batch_splits=13, forced=7
N=104603171 level_1 union: normalized round 6, entries=8, mask_incidences=17, large_masks=0
N=104603171 level_1 union: refine round 6, active=11, final=13, batch_splits=13, forced=10
N=104603171 level_1 union: normalized round 7, entries=6, mask_incidences=19, large_masks=0
N=104603171 level_1 union: refine round 7, active=7, final=14, batch_splits=13, forced=12
N=104603171 level_1 union: normalized round 8, entries=4, mask_incidences=12, large_masks=0
N=104603171 level_1 union: refine round 8, active=4, final=15, batch_splits=13, forced=13
N=104603171 level_1 union: normalized round 9, entries=2, mask_incidences=11, large_masks=0
N=104603171 level_1 union: refine round 9, active=0, final=17, batch_splits=13, forced=13
N=104603171 level_2 union: normalized round 1, entries=14, mask_incidences=14, large_masks=0
N=104603171 level_2 union: refine round 1, active=26, final=1, batch_splits=13, forced=0
N=104603171 level_2 union: normalized round 2, entries=25, mask_incidences=25, large_masks=0
N=104603171 level_2 union: refine round 2, active=17, final=14, batch_splits=13, forced=5
N=104603171 level_2 union: normalized round 3, entries=10, mask_incidences=17, large_masks=0
N=104603171 level_2 union: refine round 3, active=12, final=15, batch_splits=13, forced=8
N=104603171 level_2 union: normalized round 4, entries=8, mask_incidences=18, large_masks=0
N=104603171 level_2 union: refine round 4, active=11, final=15, batch_splits=13, forced=11
N=104603171 level_2 union: normalized round 5, entries=5, mask_incidences=18, large_masks=0
N=104603171 level_2 union: refine round 5, active=4, final=17, batch_splits=14, forced=11
N=104603171 level_2 union: normalized round 6, entries=3, mask_incidences=10, large_masks=0
N=104603171 level_2 union: refine round 6, active=4, final=17, batch_splits=14, forced=12
N=104603171 level_2 union: normalized round 7, entries=2, mask_incidences=11, large_masks=0
N=104603171 level_2 union: refine round 7, active=0, final=19, batch_splits=14, forced=12
F165 instance 49/64: N=104643199
N=104643199 base: normalized round 1, entries=12, mask_incidences=12, large_masks=0
N=104643199 base: refine round 1, active=24, final=0, batch_splits=12, forced=0
N=104643199 base: normalized round 2, entries=20, mask_incidences=20, large_masks=0
N=104643199 base: refine round 2, active=10, final=11, batch_splits=13, forced=0
N=104643199 base: normalized round 3, entries=10, mask_incidences=10, large_masks=0
N=104643199 base: refine round 3, active=12, final=12, batch_splits=13, forced=3
N=104643199 base: normalized round 4, entries=8, mask_incidences=10, large_masks=0
N=104643199 base: refine round 4, active=8, final=13, batch_splits=14, forced=3
N=104643199 base: normalized round 5, entries=7, mask_incidences=9, large_masks=0
N=104643199 base: refine round 5, active=7, final=14, batch_splits=15, forced=3
N=104643199 base: normalized round 6, entries=6, mask_incidences=8, large_masks=0
N=104643199 base: refine round 6, active=8, final=14, batch_splits=15, forced=5
N=104643199 base: normalized round 7, entries=5, mask_incidences=9, large_masks=0
N=104643199 base: refine round 7, active=5, final=15, batch_splits=15, forced=6
N=104643199 base: normalized round 8, entries=4, mask_incidences=8, large_masks=0
N=104643199 base: refine round 8, active=5, final=15, batch_splits=16, forced=6
N=104643199 base: normalized round 9, entries=4, mask_incidences=7, large_masks=0
N=104643199 base: refine round 9, active=5, final=15, batch_splits=16, forced=7
N=104643199 base: normalized round 10, entries=4, mask_incidences=8, large_masks=0
N=104643199 base: refine round 10, active=5, final=15, batch_splits=17, forced=7
N=104643199 base: normalized round 11, entries=4, mask_incidences=9, large_masks=0
N=104643199 base: refine round 11, active=5, final=15, batch_splits=17, forced=8
N=104643199 base: normalized round 12, entries=3, mask_incidences=8, large_masks=0
N=104643199 base: refine round 12, active=4, final=15, batch_splits=18, forced=8
N=104643199 base: normalized round 13, entries=3, mask_incidences=7, large_masks=0
N=104643199 base: refine round 13, active=4, final=15, batch_splits=18, forced=9
N=104643199 base: normalized round 14, entries=2, mask_incidences=6, large_masks=0
N=104643199 base: refine round 14, active=0, final=17, batch_splits=18, forced=9
N=104643199 level_1 union: normalized round 1, entries=20, mask_incidences=20, large_masks=0
N=104643199 level_1 union: refine round 1, active=40, final=0, batch_splits=20, forced=0
N=104643199 level_1 union: normalized round 2, entries=36, mask_incidences=36, large_masks=0
N=104643199 level_1 union: refine round 2, active=23, final=20, batch_splits=20, forced=7
N=104643199 level_1 union: normalized round 3, entries=16, mask_incidences=27, large_masks=0
N=104643199 level_1 union: refine round 3, active=22, final=20, batch_splits=20, forced=13
N=104643199 level_1 union: normalized round 4, entries=13, mask_incidences=35, large_masks=0
N=104643199 level_1 union: refine round 4, active=14, final=20, batch_splits=21, forced=13
N=104643199 level_1 union: normalized round 5, entries=13, mask_incidences=36, large_masks=0
N=104643199 level_1 union: refine round 5, active=18, final=20, batch_splits=21, forced=18
N=104643199 level_1 union: normalized round 6, entries=8, mask_incidences=35, large_masks=0
N=104643199 level_1 union: refine round 6, active=9, final=21, batch_splits=23, forced=18
N=104643199 level_1 union: normalized round 7, entries=7, mask_incidences=31, large_masks=0
N=104643199 level_1 union: refine round 7, active=10, final=21, batch_splits=23, forced=21
N=104643199 level_1 union: normalized round 8, entries=6, mask_incidences=32, large_masks=0
N=104643199 level_1 union: refine round 8, active=5, final=23, batch_splits=24, forced=21
N=104643199 level_1 union: normalized round 9, entries=4, mask_incidences=19, large_masks=0
N=104643199 level_1 union: refine round 9, active=6, final=23, batch_splits=24, forced=23
N=104643199 level_1 union: normalized round 10, entries=3, mask_incidences=21, large_masks=0
N=104643199 level_1 union: refine round 10, active=3, final=24, batch_splits=25, forced=23
N=104643199 level_1 union: normalized round 11, entries=2, mask_incidences=11, large_masks=0
N=104643199 level_1 union: refine round 11, active=0, final=26, batch_splits=25, forced=23
N=104643199 level_2 union: normalized round 1, entries=32, mask_incidences=32, large_masks=0
N=104643199 level_2 union: refine round 1, active=64, final=0, batch_splits=32, forced=0
N=104643199 level_2 union: normalized round 2, entries=61, mask_incidences=61, large_masks=0
N=104643199 level_2 union: refine round 2, active=31, final=31, batch_splits=33, forced=0
N=104643199 level_2 union: normalized round 3, entries=31, mask_incidences=31, large_masks=0
N=104643199 level_2 union: refine round 3, active=44, final=32, batch_splits=33, forced=14
N=104643199 level_2 union: normalized round 4, entries=35, mask_incidences=49, large_masks=0
N=104643199 level_2 union: refine round 4, active=37, final=32, batch_splits=35, forced=14
N=104643199 level_2 union: normalized round 5, entries=35, mask_incidences=52, large_masks=0
N=104643199 level_2 union: refine round 5, active=47, final=34, batch_splits=35, forced=28
N=104643199 level_2 union: normalized round 6, entries=25, mask_incidences=74, large_masks=0
N=104643199 level_2 union: refine round 6, active=34, final=35, batch_splits=35, forced=38
N=104643199 level_2 union: normalized round 7, entries=15, mask_incidences=77, large_masks=0
N=104643199 level_2 union: refine round 7, active=14, final=38, batch_splits=37, forced=38
N=104643199 level_2 union: normalized round 8, entries=12, mask_incidences=68, large_masks=0
N=104643199 level_2 union: refine round 8, active=17, final=38, batch_splits=37, forced=43
N=104643199 level_2 union: normalized round 9, entries=8, mask_incidences=70, large_masks=0
N=104643199 level_2 union: refine round 9, active=8, final=39, batch_splits=38, forced=43
N=104643199 level_2 union: normalized round 10, entries=7, mask_incidences=64, large_masks=0
N=104643199 level_2 union: refine round 10, active=10, final=39, batch_splits=38, forced=46
N=104643199 level_2 union: normalized round 11, entries=4, mask_incidences=57, large_masks=0
N=104643199 level_2 union: refine round 11, active=0, final=43, batch_splits=38, forced=46
F165 instance 50/64: N=104663213
N=104663213 base: normalized round 1, entries=12, mask_incidences=12, large_masks=0
N=104663213 base: refine round 1, active=20, final=2, batch_splits=10, forced=0
N=104663213 base: normalized round 2, entries=18, mask_incidences=18, large_masks=0
N=104663213 base: refine round 2, active=11, final=12, batch_splits=10, forced=3
N=104663213 base: normalized round 3, entries=6, mask_incidences=13, large_masks=0
N=104663213 base: refine round 3, active=7, final=13, batch_splits=10, forced=5
N=104663213 base: normalized round 4, entries=3, mask_incidences=11, large_masks=0
N=104663213 base: refine round 4, active=0, final=16, batch_splits=10, forced=5
N=104663213 level_1 union: normalized round 1, entries=13, mask_incidences=13, large_masks=0
N=104663213 level_1 union: refine round 1, active=22, final=2, batch_splits=11, forced=0
N=104663213 level_1 union: normalized round 2, entries=20, mask_incidences=20, large_masks=0
N=104663213 level_1 union: refine round 2, active=12, final=13, batch_splits=11, forced=3
N=104663213 level_1 union: normalized round 3, entries=7, mask_incidences=13, large_masks=0
N=104663213 level_1 union: refine round 3, active=10, final=13, batch_splits=11, forced=6
N=104663213 level_1 union: normalized round 4, entries=4, mask_incidences=13, large_masks=0
N=104663213 level_1 union: refine round 4, active=3, final=15, batch_splits=12, forced=6
N=104663213 level_1 union: normalized round 5, entries=2, mask_incidences=8, large_masks=0
N=104663213 level_1 union: refine round 5, active=0, final=17, batch_splits=12, forced=6
N=104663213 level_2 union: normalized round 1, entries=13, mask_incidences=13, large_masks=0
N=104663213 level_2 union: refine round 1, active=22, final=2, batch_splits=11, forced=0
N=104663213 level_2 union: normalized round 2, entries=20, mask_incidences=20, large_masks=0
N=104663213 level_2 union: refine round 2, active=12, final=13, batch_splits=11, forced=3
N=104663213 level_2 union: normalized round 3, entries=7, mask_incidences=13, large_masks=0
N=104663213 level_2 union: refine round 3, active=10, final=13, batch_splits=11, forced=6
N=104663213 level_2 union: normalized round 4, entries=4, mask_incidences=13, large_masks=0
N=104663213 level_2 union: refine round 4, active=3, final=15, batch_splits=12, forced=6
N=104663213 level_2 union: normalized round 5, entries=2, mask_incidences=8, large_masks=0
N=104663213 level_2 union: refine round 5, active=0, final=17, batch_splits=12, forced=6
F165 instance 51/64: N=104703241
N=104703241 base: normalized round 1, entries=16, mask_incidences=16, large_masks=0
N=104703241 base: refine round 1, active=28, final=2, batch_splits=14, forced=0
N=104703241 base: normalized round 2, entries=26, mask_incidences=26, large_masks=0
N=104703241 base: refine round 2, active=17, final=16, batch_splits=14, forced=5
N=104703241 base: normalized round 3, entries=11, mask_incidences=19, large_masks=0
N=104703241 base: refine round 3, active=14, final=17, batch_splits=14, forced=9
N=104703241 base: normalized round 4, entries=6, mask_incidences=18, large_masks=0
N=104703241 base: refine round 4, active=4, final=20, batch_splits=15, forced=9
N=104703241 base: normalized round 5, entries=3, mask_incidences=7, large_masks=0
N=104703241 base: refine round 5, active=4, final=20, batch_splits=15, forced=10
N=104703241 base: normalized round 6, entries=2, mask_incidences=8, large_masks=0
N=104703241 base: refine round 6, active=0, final=22, batch_splits=15, forced=10
N=104703241 level_1 union: normalized round 1, entries=21, mask_incidences=21, large_masks=0
N=104703241 level_1 union: refine round 1, active=42, final=0, batch_splits=21, forced=0
N=104703241 level_1 union: normalized round 2, entries=40, mask_incidences=40, large_masks=0
N=104703241 level_1 union: refine round 2, active=27, final=21, batch_splits=21, forced=8
N=104703241 level_1 union: normalized round 3, entries=16, mask_incidences=30, large_masks=0
N=104703241 level_1 union: refine round 3, active=21, final=22, batch_splits=21, forced=14
N=104703241 level_1 union: normalized round 4, entries=10, mask_incidences=29, large_masks=0
N=104703241 level_1 union: refine round 4, active=9, final=24, batch_splits=22, forced=14
N=104703241 level_1 union: normalized round 5, entries=7, mask_incidences=25, large_masks=0
N=104703241 level_1 union: refine round 5, active=8, final=24, batch_splits=23, forced=14
N=104703241 level_1 union: normalized round 6, entries=7, mask_incidences=26, large_masks=0
N=104703241 level_1 union: refine round 6, active=9, final=24, batch_splits=23, forced=16
N=104703241 level_1 union: normalized round 7, entries=6, mask_incidences=28, large_masks=0
N=104703241 level_1 union: refine round 7, active=5, final=26, batch_splits=23, forced=17
N=104703241 level_1 union: normalized round 8, entries=4, mask_incidences=16, large_masks=0
N=104703241 level_1 union: refine round 8, active=4, final=27, batch_splits=23, forced=18
N=104703241 level_1 union: normalized round 9, entries=2, mask_incidences=10, large_masks=0
N=104703241 level_1 union: refine round 9, active=0, final=29, batch_splits=23, forced=18
N=104703241 level_2 union: normalized round 1, entries=24, mask_incidences=24, large_masks=0
N=104703241 level_2 union: refine round 1, active=48, final=0, batch_splits=24, forced=0
N=104703241 level_2 union: normalized round 2, entries=46, mask_incidences=46, large_masks=0
N=104703241 level_2 union: refine round 2, active=31, final=24, batch_splits=24, forced=9
N=104703241 level_2 union: normalized round 3, entries=19, mask_incidences=33, large_masks=0
N=104703241 level_2 union: refine round 3, active=25, final=26, batch_splits=24, forced=17
N=104703241 level_2 union: normalized round 4, entries=14, mask_incidences=35, large_masks=0
N=104703241 level_2 union: refine round 4, active=17, final=28, batch_splits=24, forced=22
N=104703241 level_2 union: normalized round 5, entries=8, mask_incidences=35, large_masks=0
N=104703241 level_2 union: refine round 5, active=10, final=29, batch_splits=24, forced=25
N=104703241 level_2 union: normalized round 6, entries=6, mask_incidences=31, large_masks=0
N=104703241 level_2 union: refine round 6, active=5, final=31, batch_splits=24, forced=26
N=104703241 level_2 union: normalized round 7, entries=3, mask_incidences=22, large_masks=0
N=104703241 level_2 union: refine round 7, active=4, final=31, batch_splits=25, forced=26
N=104703241 level_2 union: normalized round 8, entries=3, mask_incidences=24, large_masks=0
N=104703241 level_2 union: refine round 8, active=4, final=31, batch_splits=25, forced=27
N=104703241 level_2 union: normalized round 9, entries=2, mask_incidences=20, large_masks=0
N=104703241 level_2 union: refine round 9, active=0, final=33, batch_splits=25, forced=27
F165 instance 52/64: N=104843339
N=104843339 base: normalized round 1, entries=10, mask_incidences=10, large_masks=0
N=104843339 base: refine round 1, active=18, final=1, batch_splits=9, forced=0
N=104843339 base: normalized round 2, entries=17, mask_incidences=18, large_masks=0
N=104843339 base: refine round 2, active=12, final=8, batch_splits=11, forced=0
N=104843339 base: normalized round 3, entries=12, mask_incidences=13, large_masks=0
N=104843339 base: refine round 3, active=14, final=10, batch_splits=11, forced=4
N=104843339 base: normalized round 4, entries=8, mask_incidences=13, large_masks=0
N=104843339 base: refine round 4, active=9, final=10, batch_splits=12, forced=4
N=104843339 base: normalized round 5, entries=9, mask_incidences=14, large_masks=0
N=104843339 base: refine round 5, active=11, final=11, batch_splits=12, forced=7
N=104843339 base: normalized round 6, entries=6, mask_incidences=14, large_masks=0
N=104843339 base: refine round 6, active=7, final=12, batch_splits=12, forced=9
N=104843339 base: normalized round 7, entries=3, mask_incidences=9, large_masks=0
N=104843339 base: refine round 7, active=0, final=15, batch_splits=12, forced=9
N=104843339 level_1 union: normalized round 1, entries=12, mask_incidences=12, large_masks=0
N=104843339 level_1 union: refine round 1, active=22, final=1, batch_splits=11, forced=0
N=104843339 level_1 union: normalized round 2, entries=21, mask_incidences=22, large_masks=0
N=104843339 level_1 union: refine round 2, active=12, final=11, batch_splits=12, forced=0
N=104843339 level_1 union: normalized round 3, entries=12, mask_incidences=13, large_masks=0
N=104843339 level_1 union: refine round 3, active=15, final=12, batch_splits=12, forced=4
N=104843339 level_1 union: normalized round 4, entries=8, mask_incidences=13, large_masks=0
N=104843339 level_1 union: refine round 4, active=9, final=12, batch_splits=13, forced=4
N=104843339 level_1 union: normalized round 5, entries=8, mask_incidences=13, large_masks=0
N=104843339 level_1 union: refine round 5, active=10, final=13, batch_splits=13, forced=7
N=104843339 level_1 union: normalized round 6, entries=7, mask_incidences=15, large_masks=0
N=104843339 level_1 union: refine round 6, active=10, final=13, batch_splits=13, forced=10
N=104843339 level_1 union: normalized round 7, entries=5, mask_incidences=17, large_masks=0
N=104843339 level_1 union: refine round 7, active=4, final=15, batch_splits=13, forced=11
N=104843339 level_1 union: normalized round 8, entries=2, mask_incidences=11, large_masks=0
N=104843339 level_1 union: refine round 8, active=0, final=17, batch_splits=13, forced=11
N=104843339 level_2 union: normalized round 1, entries=12, mask_incidences=12, large_masks=0
N=104843339 level_2 union: refine round 1, active=22, final=1, batch_splits=11, forced=0
N=104843339 level_2 union: normalized round 2, entries=21, mask_incidences=22, large_masks=0
N=104843339 level_2 union: refine round 2, active=12, final=11, batch_splits=12, forced=0
N=104843339 level_2 union: normalized round 3, entries=12, mask_incidences=13, large_masks=0
N=104843339 level_2 union: refine round 3, active=15, final=12, batch_splits=12, forced=4
N=104843339 level_2 union: normalized round 4, entries=8, mask_incidences=13, large_masks=0
N=104843339 level_2 union: refine round 4, active=9, final=12, batch_splits=13, forced=4
N=104843339 level_2 union: normalized round 5, entries=8, mask_incidences=13, large_masks=0
N=104843339 level_2 union: refine round 5, active=10, final=13, batch_splits=13, forced=7
N=104843339 level_2 union: normalized round 6, entries=7, mask_incidences=15, large_masks=0
N=104843339 level_2 union: refine round 6, active=10, final=13, batch_splits=13, forced=10
N=104843339 level_2 union: normalized round 7, entries=5, mask_incidences=17, large_masks=0
N=104843339 level_2 union: refine round 7, active=4, final=15, batch_splits=13, forced=11
N=104843339 level_2 union: normalized round 8, entries=2, mask_incidences=11, large_masks=0
N=104843339 level_2 union: refine round 8, active=0, final=17, batch_splits=13, forced=11
F165 instance 53/64: N=104943409
N=104943409 base: normalized round 1, entries=11, mask_incidences=11, large_masks=0
N=104943409 base: refine round 1, active=22, final=0, batch_splits=11, forced=0
N=104943409 base: normalized round 2, entries=20, mask_incidences=21, large_masks=0
N=104943409 base: refine round 2, active=11, final=10, batch_splits=12, forced=0
N=104943409 base: normalized round 3, entries=10, mask_incidences=11, large_masks=0
N=104943409 base: refine round 3, active=11, final=10, batch_splits=13, forced=0
N=104943409 base: normalized round 4, entries=11, mask_incidences=12, large_masks=0
N=104943409 base: refine round 4, active=14, final=11, batch_splits=13, forced=4
N=104943409 base: normalized round 5, entries=11, mask_incidences=16, large_masks=0
N=104943409 base: refine round 5, active=14, final=12, batch_splits=13, forced=8
N=104943409 base: normalized round 6, entries=7, mask_incidences=13, large_masks=0
N=104943409 base: refine round 6, active=7, final=13, batch_splits=14, forced=8
N=104943409 base: normalized round 7, entries=6, mask_incidences=11, large_masks=0
N=104943409 base: refine round 7, active=6, final=14, batch_splits=15, forced=8
N=104943409 base: normalized round 8, entries=5, mask_incidences=11, large_masks=0
N=104943409 base: refine round 8, active=7, final=14, batch_splits=15, forced=10
N=104943409 base: normalized round 9, entries=3, mask_incidences=10, large_masks=0
N=104943409 base: refine round 9, active=0, final=17, batch_splits=15, forced=10
N=104943409 level_1 union: normalized round 1, entries=15, mask_incidences=15, large_masks=0
N=104943409 level_1 union: refine round 1, active=30, final=0, batch_splits=15, forced=0
N=104943409 level_1 union: normalized round 2, entries=29, mask_incidences=29, large_masks=0
N=104943409 level_1 union: refine round 2, active=19, final=15, batch_splits=15, forced=5
N=104943409 level_1 union: normalized round 3, entries=15, mask_incidences=19, large_masks=0
N=104943409 level_1 union: refine round 3, active=20, final=15, batch_splits=15, forced=10
N=104943409 level_1 union: normalized round 4, entries=13, mask_incidences=22, large_masks=0
N=104943409 level_1 union: refine round 4, active=15, final=17, batch_splits=15, forced=14
N=104943409 level_1 union: normalized round 5, entries=9, mask_incidences=18, large_masks=0
N=104943409 level_1 union: refine round 5, active=10, final=19, batch_splits=15, forced=17
N=104943409 level_1 union: normalized round 6, entries=7, mask_incidences=15, large_masks=0
N=104943409 level_1 union: refine round 6, active=8, final=20, batch_splits=15, forced=19
N=104943409 level_1 union: normalized round 7, entries=6, mask_incidences=13, large_masks=0
N=104943409 level_1 union: refine round 7, active=8, final=20, batch_splits=17, forced=19
N=104943409 level_1 union: normalized round 8, entries=6, mask_incidences=15, large_masks=0
N=104943409 level_1 union: refine round 8, active=8, final=20, batch_splits=17, forced=21
N=104943409 level_1 union: normalized round 9, entries=6, mask_incidences=15, large_masks=0
N=104943409 level_1 union: refine round 9, active=6, final=21, batch_splits=17, forced=22
N=104943409 level_1 union: normalized round 10, entries=5, mask_incidences=14, large_masks=0
N=104943409 level_1 union: refine round 10, active=7, final=21, batch_splits=17, forced=24
N=104943409 level_1 union: normalized round 11, entries=5, mask_incidences=14, large_masks=0
N=104943409 level_1 union: refine round 11, active=5, final=22, batch_splits=17, forced=25
N=104943409 level_1 union: normalized round 12, entries=3, mask_incidences=7, large_masks=0
N=104943409 level_1 union: refine round 12, active=4, final=22, batch_splits=18, forced=25
N=104943409 level_1 union: normalized round 13, entries=3, mask_incidences=8, large_masks=0
N=104943409 level_1 union: refine round 13, active=4, final=22, batch_splits=18, forced=26
N=104943409 level_1 union: normalized round 14, entries=2, mask_incidences=7, large_masks=0
N=104943409 level_1 union: refine round 14, active=0, final=24, batch_splits=18, forced=26
N=104943409 level_2 union: normalized round 1, entries=29, mask_incidences=29, large_masks=0
N=104943409 level_2 union: refine round 1, active=58, final=0, batch_splits=29, forced=0
N=104943409 level_2 union: normalized round 2, entries=55, mask_incidences=55, large_masks=0
N=104943409 level_2 union: refine round 2, active=38, final=29, batch_splits=29, forced=12
N=104943409 level_2 union: normalized round 3, entries=30, mask_incidences=43, large_masks=0
N=104943409 level_2 union: refine round 3, active=42, final=29, batch_splits=29, forced=24
N=104943409 level_2 union: normalized round 4, entries=26, mask_incidences=60, large_masks=0
N=104943409 level_2 union: refine round 4, active=33, final=32, batch_splits=29, forced=34
N=104943409 level_2 union: normalized round 5, entries=15, mask_incidences=63, large_masks=0
N=104943409 level_2 union: refine round 5, active=20, final=33, batch_splits=29, forced=40
N=104943409 level_2 union: normalized round 6, entries=8, mask_incidences=62, large_masks=0
N=104943409 level_2 union: refine round 6, active=6, final=36, batch_splits=30, forced=40
N=104943409 level_2 union: normalized round 7, entries=5, mask_incidences=42, large_masks=0
N=104943409 level_2 union: refine round 7, active=7, final=36, batch_splits=30, forced=42
N=104943409 level_2 union: normalized round 8, entries=3, mask_incidences=40, large_masks=0
N=104943409 level_2 union: refine round 8, active=0, final=39, batch_splits=30, forced=42
F165 instance 54/64: N=105063493
N=105063493 base: normalized round 1, entries=12, mask_incidences=12, large_masks=0
N=105063493 base: refine round 1, active=24, final=0, batch_splits=12, forced=0
N=105063493 base: normalized round 2, entries=23, mask_incidences=24, large_masks=0
N=105063493 base: refine round 2, active=15, final=10, batch_splits=14, forced=0
N=105063493 base: normalized round 3, entries=14, mask_incidences=16, large_masks=0
N=105063493 base: refine round 3, active=18, final=12, batch_splits=14, forced=6
N=105063493 base: normalized round 4, entries=9, mask_incidences=17, large_masks=0
N=105063493 base: refine round 4, active=10, final=13, batch_splits=16, forced=6
N=105063493 base: normalized round 5, entries=8, mask_incidences=18, large_masks=0
N=105063493 base: refine round 5, active=9, final=13, batch_splits=17, forced=6
N=105063493 base: normalized round 6, entries=8, mask_incidences=18, large_masks=0
N=105063493 base: refine round 6, active=8, final=14, batch_splits=18, forced=6
N=105063493 base: normalized round 7, entries=7, mask_incidences=19, large_masks=0
N=105063493 base: refine round 7, active=9, final=14, batch_splits=18, forced=8
N=105063493 base: normalized round 8, entries=5, mask_incidences=18, large_masks=0
N=105063493 base: refine round 8, active=4, final=16, batch_splits=19, forced=8
N=105063493 base: normalized round 9, entries=3, mask_incidences=7, large_masks=0
N=105063493 base: refine round 9, active=4, final=16, batch_splits=19, forced=9
N=105063493 base: normalized round 10, entries=2, mask_incidences=8, large_masks=0
N=105063493 base: refine round 10, active=0, final=18, batch_splits=19, forced=9
N=105063493 level_1 union: normalized round 1, entries=19, mask_incidences=19, large_masks=0
N=105063493 level_1 union: refine round 1, active=38, final=0, batch_splits=19, forced=0
N=105063493 level_1 union: normalized round 2, entries=37, mask_incidences=38, large_masks=0
N=105063493 level_1 union: refine round 2, active=25, final=19, batch_splits=19, forced=7
N=105063493 level_1 union: normalized round 3, entries=19, mask_incidences=30, large_masks=0
N=105063493 level_1 union: refine round 3, active=26, final=19, batch_splits=19, forced=14
N=105063493 level_1 union: normalized round 4, entries=12, mask_incidences=35, large_masks=0
N=105063493 level_1 union: refine round 4, active=13, final=19, batch_splits=20, forced=14
N=105063493 level_1 union: normalized round 5, entries=12, mask_incidences=36, large_masks=0
N=105063493 level_1 union: refine round 5, active=16, final=19, batch_splits=20, forced=18
N=105063493 level_1 union: normalized round 6, entries=10, mask_incidences=35, large_masks=0
N=105063493 level_1 union: refine round 6, active=10, final=20, batch_splits=21, forced=18
N=105063493 level_1 union: normalized round 7, entries=9, mask_incidences=32, large_masks=0
N=105063493 level_1 union: refine round 7, active=12, final=20, batch_splits=21, forced=21
N=105063493 level_1 union: normalized round 8, entries=7, mask_incidences=34, large_masks=0
N=105063493 level_1 union: refine round 8, active=8, final=21, batch_splits=21, forced=23
N=105063493 level_1 union: normalized round 9, entries=5, mask_incidences=27, large_masks=0
N=105063493 level_1 union: refine round 9, active=5, final=22, batch_splits=21, forced=24
N=105063493 level_1 union: normalized round 10, entries=4, mask_incidences=22, large_masks=0
N=105063493 level_1 union: refine round 10, active=4, final=23, batch_splits=21, forced=25
N=105063493 level_1 union: normalized round 11, entries=2, mask_incidences=12, large_masks=0
N=105063493 level_1 union: refine round 11, active=0, final=25, batch_splits=21, forced=25
N=105063493 level_2 union: normalized round 1, entries=26, mask_incidences=26, large_masks=0
N=105063493 level_2 union: refine round 1, active=52, final=0, batch_splits=26, forced=0
N=105063493 level_2 union: normalized round 2, entries=52, mask_incidences=52, large_masks=0
N=105063493 level_2 union: refine round 2, active=36, final=26, batch_splits=26, forced=10
N=105063493 level_2 union: normalized round 3, entries=26, mask_incidences=40, large_masks=0
N=105063493 level_2 union: refine round 3, active=35, final=26, batch_splits=26, forced=19
N=105063493 level_2 union: normalized round 4, entries=22, mask_incidences=50, large_masks=0
N=105063493 level_2 union: refine round 4, active=31, final=26, batch_splits=26, forced=28
N=105063493 level_2 union: normalized round 5, entries=13, mask_incidences=53, large_masks=0
N=105063493 level_2 union: refine round 5, active=12, final=28, batch_splits=27, forced=28
N=105063493 level_2 union: normalized round 6, entries=11, mask_incidences=44, large_masks=0
N=105063493 level_2 union: refine round 6, active=14, final=29, batch_splits=27, forced=32
N=105063493 level_2 union: normalized round 7, entries=8, mask_incidences=44, large_masks=0
N=105063493 level_2 union: refine round 7, active=9, final=29, batch_splits=28, forced=32
N=105063493 level_2 union: normalized round 8, entries=8, mask_incidences=45, large_masks=0
N=105063493 level_2 union: refine round 8, active=11, final=29, batch_splits=28, forced=35
N=105063493 level_2 union: normalized round 9, entries=6, mask_incidences=44, large_masks=0
N=105063493 level_2 union: refine round 9, active=6, final=30, batch_splits=29, forced=35
N=105063493 level_2 union: normalized round 10, entries=5, mask_incidences=37, large_masks=0
N=105063493 level_2 union: refine round 10, active=6, final=30, batch_splits=29, forced=36
N=105063493 level_2 union: normalized round 11, entries=5, mask_incidences=38, large_masks=0
N=105063493 level_2 union: refine round 11, active=5, final=31, batch_splits=29, forced=37
N=105063493 level_2 union: normalized round 12, entries=4, mask_incidences=26, large_masks=0
N=105063493 level_2 union: refine round 12, active=4, final=32, batch_splits=29, forced=38
N=105063493 level_2 union: normalized round 13, entries=2, mask_incidences=14, large_masks=0
N=105063493 level_2 union: refine round 13, active=0, final=34, batch_splits=29, forced=38
F165 instance 55/64: N=105083507
N=105083507 base: normalized round 1, entries=12, mask_incidences=12, large_masks=0
N=105083507 base: refine round 1, active=24, final=0, batch_splits=12, forced=0
N=105083507 base: normalized round 2, entries=23, mask_incidences=23, large_masks=0
N=105083507 base: refine round 2, active=15, final=10, batch_splits=14, forced=0
N=105083507 base: normalized round 3, entries=15, mask_incidences=15, large_masks=0
N=105083507 base: refine round 3, active=19, final=12, batch_splits=14, forced=6
N=105083507 base: normalized round 4, entries=8, mask_incidences=16, large_masks=0
N=105083507 base: refine round 4, active=7, final=14, batch_splits=15, forced=6
N=105083507 base: normalized round 5, entries=6, mask_incidences=12, large_masks=0
N=105083507 base: refine round 5, active=7, final=14, batch_splits=16, forced=6
N=105083507 base: normalized round 6, entries=6, mask_incidences=12, large_masks=0
N=105083507 base: refine round 6, active=7, final=15, batch_splits=16, forced=8
N=105083507 base: normalized round 7, entries=4, mask_incidences=12, large_masks=0
N=105083507 base: refine round 7, active=4, final=16, batch_splits=17, forced=8
N=105083507 base: normalized round 8, entries=3, mask_incidences=10, large_masks=0
N=105083507 base: refine round 8, active=4, final=16, batch_splits=17, forced=9
N=105083507 base: normalized round 9, entries=2, mask_incidences=9, large_masks=0
N=105083507 base: refine round 9, active=0, final=18, batch_splits=17, forced=9
N=105083507 level_1 union: normalized round 1, entries=23, mask_incidences=23, large_masks=0
N=105083507 level_1 union: refine round 1, active=46, final=0, batch_splits=23, forced=0
N=105083507 level_1 union: normalized round 2, entries=45, mask_incidences=45, large_masks=0
N=105083507 level_1 union: refine round 2, active=31, final=23, batch_splits=23, forced=9
N=105083507 level_1 union: normalized round 3, entries=22, mask_incidences=32, large_masks=0
N=105083507 level_1 union: refine round 3, active=31, final=23, batch_splits=23, forced=18
N=105083507 level_1 union: normalized round 4, entries=16, mask_incidences=42, large_masks=0
N=105083507 level_1 union: refine round 4, active=17, final=23, batch_splits=24, forced=18
N=105083507 level_1 union: normalized round 5, entries=16, mask_incidences=43, large_masks=0
N=105083507 level_1 union: refine round 5, active=22, final=23, batch_splits=24, forced=24
N=105083507 level_1 union: normalized round 6, entries=11, mask_incidences=44, large_masks=0
N=105083507 level_1 union: refine round 6, active=9, final=26, batch_splits=25, forced=24
N=105083507 level_1 union: normalized round 7, entries=8, mask_incidences=29, large_masks=0
N=105083507 level_1 union: refine round 7, active=11, final=26, batch_splits=25, forced=27
N=105083507 level_1 union: normalized round 8, entries=7, mask_incidences=32, large_masks=0
N=105083507 level_1 union: refine round 8, active=7, final=28, batch_splits=25, forced=29
N=105083507 level_1 union: normalized round 9, entries=3, mask_incidences=18, large_masks=0
N=105083507 level_1 union: refine round 9, active=0, final=31, batch_splits=25, forced=29
N=105083507 level_2 union: normalized round 1, entries=35, mask_incidences=35, large_masks=0
N=105083507 level_2 union: refine round 1, active=70, final=0, batch_splits=35, forced=0
N=105083507 level_2 union: normalized round 2, entries=69, mask_incidences=69, large_masks=0
N=105083507 level_2 union: refine round 2, active=46, final=35, batch_splits=35, forced=12
N=105083507 level_2 union: normalized round 3, entries=34, mask_incidences=51, large_masks=0
N=105083507 level_2 union: refine round 3, active=47, final=35, batch_splits=35, forced=25
N=105083507 level_2 union: normalized round 4, entries=24, mask_incidences=72, large_masks=0
N=105083507 level_2 union: refine round 4, active=33, final=35, batch_splits=35, forced=34
N=105083507 level_2 union: normalized round 5, entries=18, mask_incidences=77, large_masks=0
N=105083507 level_2 union: refine round 5, active=21, final=38, batch_splits=35, forced=40
N=105083507 level_2 union: normalized round 6, entries=11, mask_incidences=72, large_masks=0
N=105083507 level_2 union: refine round 6, active=12, final=39, batch_splits=37, forced=40
N=105083507 level_2 union: normalized round 7, entries=9, mask_incidences=71, large_masks=0
N=105083507 level_2 union: refine round 7, active=10, final=39, batch_splits=38, forced=40
N=105083507 level_2 union: normalized round 8, entries=9, mask_incidences=71, large_masks=0
N=105083507 level_2 union: refine round 8, active=13, final=39, batch_splits=38, forced=44
N=105083507 level_2 union: normalized round 9, entries=8, mask_incidences=70, large_masks=0
N=105083507 level_2 union: refine round 9, active=4, final=44, batch_splits=38, forced=45
N=105083507 level_2 union: normalized round 10, entries=2, mask_incidences=5, large_masks=0
N=105083507 level_2 union: refine round 10, active=0, final=46, batch_splits=38, forced=45
F165 instance 56/64: N=105203591
N=105203591 base: normalized round 1, entries=10, mask_incidences=10, large_masks=0
N=105203591 base: refine round 1, active=20, final=0, batch_splits=10, forced=0
N=105203591 base: normalized round 2, entries=20, mask_incidences=20, large_masks=0
N=105203591 base: refine round 2, active=12, final=9, batch_splits=11, forced=0
N=105203591 base: normalized round 3, entries=10, mask_incidences=10, large_masks=0
N=105203591 base: refine round 3, active=10, final=10, batch_splits=12, forced=0
N=105203591 base: normalized round 4, entries=9, mask_incidences=10, large_masks=0
N=105203591 base: refine round 4, active=9, final=11, batch_splits=13, forced=0
N=105203591 base: normalized round 5, entries=8, mask_incidences=9, large_masks=0
N=105203591 base: refine round 5, active=11, final=11, batch_splits=13, forced=3
N=105203591 base: normalized round 6, entries=8, mask_incidences=12, large_masks=0
N=105203591 base: refine round 6, active=11, final=11, batch_splits=13, forced=6
N=105203591 base: normalized round 7, entries=7, mask_incidences=11, large_masks=0
N=105203591 base: refine round 7, active=7, final=12, batch_splits=14, forced=6
N=105203591 base: normalized round 8, entries=6, mask_incidences=10, large_masks=0
N=105203591 base: refine round 8, active=8, final=12, batch_splits=14, forced=8
N=105203591 base: normalized round 9, entries=6, mask_incidences=12, large_masks=0
N=105203591 base: refine round 9, active=7, final=13, batch_splits=14, forced=10
N=105203591 base: normalized round 10, entries=4, mask_incidences=9, large_masks=0
N=105203591 base: refine round 10, active=4, final=14, batch_splits=14, forced=11
N=105203591 base: normalized round 11, entries=2, mask_incidences=6, large_masks=0
N=105203591 base: refine round 11, active=0, final=16, batch_splits=14, forced=11
N=105203591 level_1 union: normalized round 1, entries=17, mask_incidences=17, large_masks=0
N=105203591 level_1 union: refine round 1, active=34, final=0, batch_splits=17, forced=0
N=105203591 level_1 union: normalized round 2, entries=33, mask_incidences=33, large_masks=0
N=105203591 level_1 union: refine round 2, active=23, final=17, batch_splits=17, forced=7
N=105203591 level_1 union: normalized round 3, entries=14, mask_incidences=22, large_masks=0
N=105203591 level_1 union: refine round 3, active=19, final=17, batch_splits=17, forced=12
N=105203591 level_1 union: normalized round 4, entries=10, mask_incidences=25, large_masks=0
N=105203591 level_1 union: refine round 4, active=12, final=17, batch_splits=19, forced=12
N=105203591 level_1 union: normalized round 5, entries=10, mask_incidences=27, large_masks=0
N=105203591 level_1 union: refine round 5, active=14, final=17, batch_splits=19, forced=16
N=105203591 level_1 union: normalized round 6, entries=9, mask_incidences=29, large_masks=0
N=105203591 level_1 union: refine round 6, active=8, final=19, batch_splits=20, forced=16
N=105203591 level_1 union: normalized round 7, entries=7, mask_incidences=20, large_masks=0
N=105203591 level_1 union: refine round 7, active=9, final=19, batch_splits=20, forced=18
N=105203591 level_1 union: normalized round 8, entries=7, mask_incidences=22, large_masks=0
N=105203591 level_1 union: refine round 8, active=7, final=20, batch_splits=21, forced=18
N=105203591 level_1 union: normalized round 9, entries=6, mask_incidences=18, large_masks=0
N=105203591 level_1 union: refine round 9, active=8, final=20, batch_splits=21, forced=20
N=105203591 level_1 union: normalized round 10, entries=4, mask_incidences=16, large_masks=0
N=105203591 level_1 union: refine round 10, active=0, final=24, batch_splits=21, forced=20
N=105203591 level_2 union: normalized round 1, entries=26, mask_incidences=26, large_masks=0
N=105203591 level_2 union: refine round 1, active=52, final=0, batch_splits=26, forced=0
N=105203591 level_2 union: normalized round 2, entries=51, mask_incidences=51, large_masks=0
N=105203591 level_2 union: refine round 2, active=34, final=26, batch_splits=26, forced=9
N=105203591 level_2 union: normalized round 3, entries=26, mask_incidences=37, large_masks=0
N=105203591 level_2 union: refine round 3, active=37, final=26, batch_splits=26, forced=20
N=105203591 level_2 union: normalized round 4, entries=24, mask_incidences=52, large_masks=0
N=105203591 level_2 union: refine round 4, active=34, final=26, batch_splits=26, forced=30
N=105203591 level_2 union: normalized round 5, entries=15, mask_incidences=57, large_masks=0
N=105203591 level_2 union: refine round 5, active=12, final=30, batch_splits=27, forced=30
N=105203591 level_2 union: normalized round 6, entries=11, mask_incidences=51, large_masks=0
N=105203591 level_2 union: refine round 6, active=15, final=30, batch_splits=27, forced=34
N=105203591 level_2 union: normalized round 7, entries=8, mask_incidences=48, large_masks=0
N=105203591 level_2 union: refine round 7, active=8, final=32, batch_splits=27, forced=36
N=105203591 level_2 union: normalized round 8, entries=5, mask_incidences=33, large_masks=0
N=105203591 level_2 union: refine round 8, active=5, final=33, batch_splits=27, forced=37
N=105203591 level_2 union: normalized round 9, entries=4, mask_incidences=26, large_masks=0
N=105203591 level_2 union: refine round 9, active=4, final=34, batch_splits=27, forced=38
N=105203591 level_2 union: normalized round 10, entries=2, mask_incidences=14, large_masks=0
N=105203591 level_2 union: refine round 10, active=0, final=36, batch_splits=27, forced=38
F165 instance 57/64: N=105363703
N=105363703 base: normalized round 1, entries=11, mask_incidences=11, large_masks=0
N=105363703 base: refine round 1, active=22, final=0, batch_splits=11, forced=0
N=105363703 base: normalized round 2, entries=20, mask_incidences=21, large_masks=0
N=105363703 base: refine round 2, active=12, final=11, batch_splits=11, forced=3
N=105363703 base: normalized round 3, entries=8, mask_incidences=14, large_masks=0
N=105363703 base: refine round 3, active=9, final=12, batch_splits=11, forced=5
N=105363703 base: normalized round 4, entries=7, mask_incidences=14, large_masks=0
N=105363703 base: refine round 4, active=8, final=13, batch_splits=11, forced=7
N=105363703 base: normalized round 5, entries=4, mask_incidences=9, large_masks=0
N=105363703 base: refine round 5, active=4, final=14, batch_splits=12, forced=7
N=105363703 base: normalized round 6, entries=4, mask_incidences=8, large_masks=0
N=105363703 base: refine round 6, active=5, final=14, batch_splits=12, forced=8
N=105363703 base: normalized round 7, entries=3, mask_incidences=9, large_masks=0
N=105363703 base: refine round 7, active=4, final=14, batch_splits=13, forced=8
N=105363703 base: normalized round 8, entries=3, mask_incidences=8, large_masks=0
N=105363703 base: refine round 8, active=4, final=14, batch_splits=13, forced=9
N=105363703 base: normalized round 9, entries=2, mask_incidences=7, large_masks=0
N=105363703 base: refine round 9, active=0, final=16, batch_splits=13, forced=9
N=105363703 level_1 union: normalized round 1, entries=14, mask_incidences=14, large_masks=0
N=105363703 level_1 union: refine round 1, active=28, final=0, batch_splits=14, forced=0
N=105363703 level_1 union: normalized round 2, entries=27, mask_incidences=27, large_masks=0
N=105363703 level_1 union: refine round 2, active=17, final=14, batch_splits=14, forced=4
N=105363703 level_1 union: normalized round 3, entries=11, mask_incidences=18, large_masks=0
N=105363703 level_1 union: refine round 3, active=15, final=15, batch_splits=14, forced=9
N=105363703 level_1 union: normalized round 4, entries=10, mask_incidences=24, large_masks=0
N=105363703 level_1 union: refine round 4, active=12, final=16, batch_splits=14, forced=12
N=105363703 level_1 union: normalized round 5, entries=6, mask_incidences=20, large_masks=0
N=105363703 level_1 union: refine round 5, active=7, final=17, batch_splits=14, forced=14
N=105363703 level_1 union: normalized round 6, entries=4, mask_incidences=19, large_masks=0
N=105363703 level_1 union: refine round 6, active=4, final=18, batch_splits=15, forced=14
N=105363703 level_1 union: normalized round 7, entries=3, mask_incidences=12, large_masks=0
N=105363703 level_1 union: refine round 7, active=4, final=18, batch_splits=15, forced=15
N=105363703 level_1 union: normalized round 8, entries=2, mask_incidences=11, large_masks=0
N=105363703 level_1 union: refine round 8, active=0, final=20, batch_splits=15, forced=15
N=105363703 level_2 union: normalized round 1, entries=15, mask_incidences=15, large_masks=0
N=105363703 level_2 union: refine round 1, active=30, final=0, batch_splits=15, forced=0
N=105363703 level_2 union: normalized round 2, entries=29, mask_incidences=29, large_masks=0
N=105363703 level_2 union: refine round 2, active=19, final=15, batch_splits=15, forced=5
N=105363703 level_2 union: normalized round 3, entries=11, mask_incidences=21, large_masks=0
N=105363703 level_2 union: refine round 3, active=13, final=17, batch_splits=15, forced=9
N=105363703 level_2 union: normalized round 4, entries=9, mask_incidences=25, large_masks=0
N=105363703 level_2 union: refine round 4, active=12, final=17, batch_splits=15, forced=12
N=105363703 level_2 union: normalized round 5, entries=7, mask_incidences=27, large_masks=0
N=105363703 level_2 union: refine round 5, active=8, final=18, batch_splits=15, forced=14
N=105363703 level_2 union: normalized round 6, entries=5, mask_incidences=24, large_masks=0
N=105363703 level_2 union: refine round 6, active=5, final=19, batch_splits=16, forced=14
N=105363703 level_2 union: normalized round 7, entries=4, mask_incidences=19, large_masks=0
N=105363703 level_2 union: refine round 7, active=5, final=19, batch_splits=16, forced=15
N=105363703 level_2 union: normalized round 8, entries=3, mask_incidences=13, large_masks=0
N=105363703 level_2 union: refine round 8, active=4, final=19, batch_splits=17, forced=15
N=105363703 level_2 union: normalized round 9, entries=3, mask_incidences=12, large_masks=0
N=105363703 level_2 union: refine round 9, active=4, final=19, batch_splits=17, forced=16
N=105363703 level_2 union: normalized round 10, entries=2, mask_incidences=11, large_masks=0
N=105363703 level_2 union: refine round 10, active=0, final=21, batch_splits=17, forced=16
F165 instance 58/64: N=105383717
N=105383717 base: normalized round 1, entries=9, mask_incidences=9, large_masks=0
N=105383717 base: refine round 1, active=18, final=0, batch_splits=9, forced=0
N=105383717 base: normalized round 2, entries=17, mask_incidences=17, large_masks=0
N=105383717 base: refine round 2, active=11, final=9, batch_splits=9, forced=3
N=105383717 base: normalized round 3, entries=9, mask_incidences=13, large_masks=0
N=105383717 base: refine round 3, active=10, final=9, batch_splits=10, forced=3
N=105383717 base: normalized round 4, entries=9, mask_incidences=14, large_masks=0
N=105383717 base: refine round 4, active=12, final=9, batch_splits=10, forced=6
N=105383717 base: normalized round 5, entries=7, mask_incidences=12, large_masks=0
N=105383717 base: refine round 5, active=7, final=10, batch_splits=11, forced=6
N=105383717 base: normalized round 6, entries=6, mask_incidences=9, large_masks=0
N=105383717 base: refine round 6, active=8, final=10, batch_splits=11, forced=8
N=105383717 base: normalized round 7, entries=4, mask_incidences=11, large_masks=0
N=105383717 base: refine round 7, active=0, final=14, batch_splits=11, forced=8
N=105383717 level_1 union: normalized round 1, entries=10, mask_incidences=10, large_masks=0
N=105383717 level_1 union: refine round 1, active=20, final=0, batch_splits=10, forced=0
N=105383717 level_1 union: normalized round 2, entries=19, mask_incidences=19, large_masks=0
N=105383717 level_1 union: refine round 2, active=12, final=10, batch_splits=10, forced=3
N=105383717 level_1 union: normalized round 3, entries=10, mask_incidences=14, large_masks=0
N=105383717 level_1 union: refine round 3, active=13, final=10, batch_splits=10, forced=6
N=105383717 level_1 union: normalized round 4, entries=8, mask_incidences=14, large_masks=0
N=105383717 level_1 union: refine round 4, active=9, final=10, batch_splits=11, forced=6
N=105383717 level_1 union: normalized round 5, entries=8, mask_incidences=14, large_masks=0
N=105383717 level_1 union: refine round 5, active=10, final=10, batch_splits=11, forced=8
N=105383717 level_1 union: normalized round 6, entries=8, mask_incidences=14, large_masks=0
N=105383717 level_1 union: refine round 6, active=9, final=10, batch_splits=12, forced=8
N=105383717 level_1 union: normalized round 7, entries=9, mask_incidences=15, large_masks=0
N=105383717 level_1 union: refine round 7, active=13, final=10, batch_splits=12, forced=12
N=105383717 level_1 union: normalized round 8, entries=6, mask_incidences=17, large_masks=0
N=105383717 level_1 union: refine round 8, active=4, final=13, batch_splits=13, forced=12
N=105383717 level_1 union: normalized round 9, entries=3, mask_incidences=9, large_masks=0
N=105383717 level_1 union: refine round 9, active=4, final=13, batch_splits=13, forced=13
N=105383717 level_1 union: normalized round 10, entries=2, mask_incidences=8, large_masks=0
N=105383717 level_1 union: refine round 10, active=0, final=15, batch_splits=13, forced=13
N=105383717 level_2 union: normalized round 1, entries=11, mask_incidences=11, large_masks=0
N=105383717 level_2 union: refine round 1, active=22, final=0, batch_splits=11, forced=0
N=105383717 level_2 union: normalized round 2, entries=21, mask_incidences=21, large_masks=0
N=105383717 level_2 union: refine round 2, active=14, final=11, batch_splits=11, forced=4
N=105383717 level_2 union: normalized round 3, entries=11, mask_incidences=16, large_masks=0
N=105383717 level_2 union: refine round 3, active=15, final=11, batch_splits=11, forced=8
N=105383717 level_2 union: normalized round 4, entries=10, mask_incidences=22, large_masks=0
N=105383717 level_2 union: refine round 4, active=12, final=11, batch_splits=13, forced=8
N=105383717 level_2 union: normalized round 5, entries=10, mask_incidences=23, large_masks=0
N=105383717 level_2 union: refine round 5, active=13, final=11, batch_splits=13, forced=11
N=105383717 level_2 union: normalized round 6, entries=8, mask_incidences=22, large_masks=0
N=105383717 level_2 union: refine round 6, active=6, final=14, batch_splits=14, forced=11
N=105383717 level_2 union: normalized round 7, entries=5, mask_incidences=13, large_masks=0
N=105383717 level_2 union: refine round 7, active=7, final=14, batch_splits=14, forced=13
N=105383717 level_2 union: normalized round 8, entries=4, mask_incidences=14, large_masks=0
N=105383717 level_2 union: refine round 8, active=4, final=15, batch_splits=14, forced=14
N=105383717 level_2 union: normalized round 9, entries=2, mask_incidences=9, large_masks=0
N=105383717 level_2 union: refine round 9, active=0, final=17, batch_splits=14, forced=14
F165 instance 59/64: N=105663913
N=105663913 base: normalized round 1, entries=12, mask_incidences=12, large_masks=0
N=105663913 base: refine round 1, active=20, final=2, batch_splits=10, forced=0
N=105663913 base: normalized round 2, entries=19, mask_incidences=20, large_masks=0
N=105663913 base: refine round 2, active=11, final=11, batch_splits=11, forced=0
N=105663913 base: normalized round 3, entries=10, mask_incidences=11, large_masks=0
N=105663913 base: refine round 3, active=12, final=12, batch_splits=11, forced=3
N=105663913 base: normalized round 4, entries=8, mask_incidences=14, large_masks=0
N=105663913 base: refine round 4, active=9, final=13, batch_splits=11, forced=5
N=105663913 base: normalized round 5, entries=5, mask_incidences=11, large_masks=0
N=105663913 base: refine round 5, active=6, final=13, batch_splits=12, forced=5
N=105663913 base: normalized round 6, entries=6, mask_incidences=12, large_masks=0
N=105663913 base: refine round 6, active=8, final=13, batch_splits=12, forced=7
N=105663913 base: normalized round 7, entries=5, mask_incidences=14, large_masks=0
N=105663913 base: refine round 7, active=6, final=13, batch_splits=13, forced=7
N=105663913 base: normalized round 8, entries=5, mask_incidences=15, large_masks=0
N=105663913 base: refine round 8, active=7, final=13, batch_splits=13, forced=9
N=105663913 base: normalized round 9, entries=3, mask_incidences=11, large_masks=0
N=105663913 base: refine round 9, active=0, final=16, batch_splits=13, forced=9
N=105663913 level_1 union: normalized round 1, entries=12, mask_incidences=12, large_masks=0
N=105663913 level_1 union: refine round 1, active=20, final=2, batch_splits=10, forced=0
N=105663913 level_1 union: normalized round 2, entries=19, mask_incidences=20, large_masks=0
N=105663913 level_1 union: refine round 2, active=11, final=11, batch_splits=11, forced=0
N=105663913 level_1 union: normalized round 3, entries=10, mask_incidences=11, large_masks=0
N=105663913 level_1 union: refine round 3, active=12, final=12, batch_splits=11, forced=3
N=105663913 level_1 union: normalized round 4, entries=8, mask_incidences=14, large_masks=0
N=105663913 level_1 union: refine round 4, active=9, final=13, batch_splits=11, forced=5
N=105663913 level_1 union: normalized round 5, entries=5, mask_incidences=11, large_masks=0
N=105663913 level_1 union: refine round 5, active=6, final=13, batch_splits=12, forced=5
N=105663913 level_1 union: normalized round 6, entries=6, mask_incidences=12, large_masks=0
N=105663913 level_1 union: refine round 6, active=8, final=13, batch_splits=12, forced=7
N=105663913 level_1 union: normalized round 7, entries=5, mask_incidences=14, large_masks=0
N=105663913 level_1 union: refine round 7, active=6, final=13, batch_splits=13, forced=7
N=105663913 level_1 union: normalized round 8, entries=5, mask_incidences=15, large_masks=0
N=105663913 level_1 union: refine round 8, active=7, final=13, batch_splits=13, forced=9
N=105663913 level_1 union: normalized round 9, entries=3, mask_incidences=11, large_masks=0
N=105663913 level_1 union: refine round 9, active=0, final=16, batch_splits=13, forced=9
N=105663913 level_2 union: normalized round 1, entries=12, mask_incidences=12, large_masks=0
N=105663913 level_2 union: refine round 1, active=20, final=2, batch_splits=10, forced=0
N=105663913 level_2 union: normalized round 2, entries=19, mask_incidences=20, large_masks=0
N=105663913 level_2 union: refine round 2, active=11, final=11, batch_splits=11, forced=0
N=105663913 level_2 union: normalized round 3, entries=10, mask_incidences=11, large_masks=0
N=105663913 level_2 union: refine round 3, active=12, final=12, batch_splits=11, forced=3
N=105663913 level_2 union: normalized round 4, entries=8, mask_incidences=14, large_masks=0
N=105663913 level_2 union: refine round 4, active=9, final=13, batch_splits=11, forced=5
N=105663913 level_2 union: normalized round 5, entries=5, mask_incidences=11, large_masks=0
N=105663913 level_2 union: refine round 5, active=6, final=13, batch_splits=12, forced=5
N=105663913 level_2 union: normalized round 6, entries=6, mask_incidences=12, large_masks=0
N=105663913 level_2 union: refine round 6, active=8, final=13, batch_splits=12, forced=7
N=105663913 level_2 union: normalized round 7, entries=5, mask_incidences=14, large_masks=0
N=105663913 level_2 union: refine round 7, active=6, final=13, batch_splits=13, forced=7
N=105663913 level_2 union: normalized round 8, entries=5, mask_incidences=15, large_masks=0
N=105663913 level_2 union: refine round 8, active=7, final=13, batch_splits=13, forced=9
N=105663913 level_2 union: normalized round 9, entries=3, mask_incidences=11, large_masks=0
N=105663913 level_2 union: refine round 9, active=0, final=16, batch_splits=13, forced=9
F165 instance 60/64: N=105743969
N=105743969 base: normalized round 1, entries=10, mask_incidences=10, large_masks=0
N=105743969 base: refine round 1, active=16, final=2, batch_splits=8, forced=0
N=105743969 base: normalized round 2, entries=16, mask_incidences=16, large_masks=0
N=105743969 base: refine round 2, active=10, final=9, batch_splits=9, forced=0
N=105743969 base: normalized round 3, entries=10, mask_incidences=10, large_masks=0
N=105743969 base: refine round 3, active=12, final=10, batch_splits=9, forced=3
N=105743969 base: normalized round 4, entries=9, mask_incidences=11, large_masks=0
N=105743969 base: refine round 4, active=11, final=11, batch_splits=9, forced=6
N=105743969 base: normalized round 5, entries=8, mask_incidences=12, large_masks=0
N=105743969 base: refine round 5, active=10, final=11, batch_splits=11, forced=6
N=105743969 base: normalized round 6, entries=8, mask_incidences=12, large_masks=0
N=105743969 base: refine round 6, active=11, final=11, batch_splits=11, forced=9
N=105743969 base: normalized round 7, entries=6, mask_incidences=9, large_masks=0
N=105743969 base: refine round 7, active=6, final=13, batch_splits=13, forced=9
N=105743969 base: normalized round 8, entries=4, mask_incidences=8, large_masks=0
N=105743969 base: refine round 8, active=6, final=13, batch_splits=13, forced=11
N=105743969 base: normalized round 9, entries=3, mask_incidences=6, large_masks=0
N=105743969 base: refine round 9, active=0, final=16, batch_splits=13, forced=11
N=105743969 level_1 union: normalized round 1, entries=14, mask_incidences=14, large_masks=0
N=105743969 level_1 union: refine round 1, active=26, final=1, batch_splits=13, forced=0
N=105743969 level_1 union: normalized round 2, entries=26, mask_incidences=26, large_masks=0
N=105743969 level_1 union: refine round 2, active=18, final=14, batch_splits=13, forced=5
N=105743969 level_1 union: normalized round 3, entries=13, mask_incidences=17, large_masks=0
N=105743969 level_1 union: refine round 3, active=15, final=16, batch_splits=13, forced=9
N=105743969 level_1 union: normalized round 4, entries=10, mask_incidences=18, large_masks=0
N=105743969 level_1 union: refine round 4, active=14, final=16, batch_splits=13, forced=13
N=105743969 level_1 union: normalized round 5, entries=8, mask_incidences=18, large_masks=0
N=105743969 level_1 union: refine round 5, active=9, final=17, batch_splits=15, forced=13
N=105743969 level_1 union: normalized round 6, entries=8, mask_incidences=17, large_masks=0
N=105743969 level_1 union: refine round 6, active=11, final=17, batch_splits=15, forced=16
N=105743969 level_1 union: normalized round 7, entries=5, mask_incidences=16, large_masks=0
N=105743969 level_1 union: refine round 7, active=5, final=18, batch_splits=16, forced=16
N=105743969 level_1 union: normalized round 8, entries=4, mask_incidences=12, large_masks=0
N=105743969 level_1 union: refine round 8, active=5, final=18, batch_splits=16, forced=17
N=105743969 level_1 union: normalized round 9, entries=4, mask_incidences=11, large_masks=0
N=105743969 level_1 union: refine round 9, active=4, final=19, batch_splits=16, forced=18
N=105743969 level_1 union: normalized round 10, entries=2, mask_incidences=8, large_masks=0
N=105743969 level_1 union: refine round 10, active=0, final=21, batch_splits=16, forced=18
N=105743969 level_2 union: normalized round 1, entries=21, mask_incidences=21, large_masks=0
N=105743969 level_2 union: refine round 1, active=40, final=1, batch_splits=20, forced=0
N=105743969 level_2 union: normalized round 2, entries=40, mask_incidences=40, large_masks=0
N=105743969 level_2 union: refine round 2, active=28, final=21, batch_splits=20, forced=8
N=105743969 level_2 union: normalized round 3, entries=19, mask_incidences=30, large_masks=0
N=105743969 level_2 union: refine round 3, active=25, final=22, batch_splits=20, forced=15
N=105743969 level_2 union: normalized round 4, entries=16, mask_incidences=35, large_masks=0
N=105743969 level_2 union: refine round 4, active=20, final=24, batch_splits=20, forced=21
N=105743969 level_2 union: normalized round 5, entries=10, mask_incidences=33, large_masks=0
N=105743969 level_2 union: refine round 5, active=11, final=24, batch_splits=21, forced=21
N=105743969 level_2 union: normalized round 6, entries=10, mask_incidences=33, large_masks=0
N=105743969 level_2 union: refine round 6, active=14, final=24, batch_splits=21, forced=25
N=105743969 level_2 union: normalized round 7, entries=6, mask_incidences=36, large_masks=0
N=105743969 level_2 union: refine round 7, active=4, final=27, batch_splits=21, forced=26
N=105743969 level_2 union: normalized round 8, entries=2, mask_incidences=14, large_masks=0
N=105743969 level_2 union: refine round 8, active=0, final=29, batch_splits=21, forced=26
F165 instance 61/64: N=105964123
N=105964123 base: normalized round 1, entries=13, mask_incidences=13, large_masks=0
N=105964123 base: refine round 1, active=26, final=0, batch_splits=13, forced=0
N=105964123 base: normalized round 2, entries=23, mask_incidences=23, large_masks=0
N=105964123 base: refine round 2, active=12, final=12, batch_splits=14, forced=0
N=105964123 base: normalized round 3, entries=12, mask_incidences=12, large_masks=0
N=105964123 base: refine round 3, active=16, final=13, batch_splits=14, forced=5
N=105964123 base: normalized round 4, entries=9, mask_incidences=16, large_masks=0
N=105964123 base: refine round 4, active=11, final=14, batch_splits=14, forced=8
N=105964123 base: normalized round 5, entries=5, mask_incidences=11, large_masks=0
N=105964123 base: refine round 5, active=4, final=16, batch_splits=15, forced=8
N=105964123 base: normalized round 6, entries=3, mask_incidences=8, large_masks=0
N=105964123 base: refine round 6, active=4, final=16, batch_splits=15, forced=9
N=105964123 base: normalized round 7, entries=2, mask_incidences=9, large_masks=0
N=105964123 base: refine round 7, active=0, final=18, batch_splits=15, forced=9
N=105964123 level_1 union: normalized round 1, entries=19, mask_incidences=19, large_masks=0
N=105964123 level_1 union: refine round 1, active=38, final=0, batch_splits=19, forced=0
N=105964123 level_1 union: normalized round 2, entries=36, mask_incidences=36, large_masks=0
N=105964123 level_1 union: refine round 2, active=24, final=19, batch_splits=19, forced=7
N=105964123 level_1 union: normalized round 3, entries=16, mask_incidences=26, large_masks=0
N=105964123 level_1 union: refine round 3, active=20, final=20, batch_splits=19, forced=12
N=105964123 level_1 union: normalized round 4, entries=11, mask_incidences=29, large_masks=0
N=105964123 level_1 union: refine round 4, active=11, final=21, batch_splits=20, forced=12
N=105964123 level_1 union: normalized round 5, entries=10, mask_incidences=28, large_masks=0
N=105964123 level_1 union: refine round 5, active=14, final=21, batch_splits=20, forced=16
N=105964123 level_1 union: normalized round 6, entries=7, mask_incidences=27, large_masks=0
N=105964123 level_1 union: refine round 6, active=8, final=21, batch_splits=21, forced=16
N=105964123 level_1 union: normalized round 7, entries=8, mask_incidences=28, large_masks=0
N=105964123 level_1 union: refine round 7, active=11, final=21, batch_splits=21, forced=19
N=105964123 level_1 union: normalized round 8, entries=6, mask_incidences=27, large_masks=0
N=105964123 level_1 union: refine round 8, active=6, final=22, batch_splits=22, forced=19
N=105964123 level_1 union: normalized round 9, entries=5, mask_incidences=21, large_masks=0
N=105964123 level_1 union: refine round 9, active=7, final=22, batch_splits=22, forced=21
N=105964123 level_1 union: normalized round 10, entries=3, mask_incidences=23, large_masks=0
N=105964123 level_1 union: refine round 10, active=0, final=25, batch_splits=22, forced=21
N=105964123 level_2 union: normalized round 1, entries=31, mask_incidences=31, large_masks=0
N=105964123 level_2 union: refine round 1, active=62, final=0, batch_splits=31, forced=0
N=105964123 level_2 union: normalized round 2, entries=60, mask_incidences=60, large_masks=0
N=105964123 level_2 union: refine round 2, active=40, final=31, batch_splits=31, forced=11
N=105964123 level_2 union: normalized round 3, entries=31, mask_incidences=47, large_masks=0
N=105964123 level_2 union: refine round 3, active=41, final=32, batch_splits=31, forced=22
N=105964123 level_2 union: normalized round 4, entries=26, mask_incidences=60, large_masks=0
N=105964123 level_2 union: refine round 4, active=34, final=33, batch_splits=31, forced=31
N=105964123 level_2 union: normalized round 5, entries=19, mask_incidences=66, large_masks=0
N=105964123 level_2 union: refine round 5, active=22, final=36, batch_splits=31, forced=37
N=105964123 level_2 union: normalized round 6, entries=10, mask_incidences=62, large_masks=0
N=105964123 level_2 union: refine round 6, active=10, final=37, batch_splits=32, forced=37
N=105964123 level_2 union: normalized round 7, entries=9, mask_incidences=60, large_masks=0
N=105964123 level_2 union: refine round 7, active=13, final=37, batch_splits=32, forced=41
N=105964123 level_2 union: normalized round 8, entries=7, mask_incidences=60, large_masks=0
N=105964123 level_2 union: refine round 8, active=8, final=37, batch_splits=33, forced=41
N=105964123 level_2 union: normalized round 9, entries=7, mask_incidences=60, large_masks=0
N=105964123 level_2 union: refine round 9, active=10, final=37, batch_splits=33, forced=44
N=105964123 level_2 union: normalized round 10, entries=5, mask_incidences=51, large_masks=0
N=105964123 level_2 union: refine round 10, active=4, final=39, batch_splits=34, forced=44
N=105964123 level_2 union: normalized round 11, entries=4, mask_incidences=24, large_masks=0
N=105964123 level_2 union: refine round 11, active=5, final=39, batch_splits=34, forced=45
N=105964123 level_2 union: normalized round 12, entries=3, mask_incidences=25, large_masks=0
N=105964123 level_2 union: refine round 12, active=4, final=39, batch_splits=35, forced=45
N=105964123 level_2 union: normalized round 13, entries=3, mask_incidences=24, large_masks=0
N=105964123 level_2 union: refine round 13, active=4, final=39, batch_splits=35, forced=46
N=105964123 level_2 union: normalized round 14, entries=2, mask_incidences=23, large_masks=0
N=105964123 level_2 union: refine round 14, active=0, final=41, batch_splits=35, forced=46
F165 instance 62/64: N=106044179
N=106044179 base: normalized round 1, entries=10, mask_incidences=10, large_masks=0
N=106044179 base: refine round 1, active=20, final=0, batch_splits=10, forced=0
N=106044179 base: normalized round 2, entries=19, mask_incidences=19, large_masks=0
N=106044179 base: refine round 2, active=13, final=10, batch_splits=10, forced=4
N=106044179 base: normalized round 3, entries=8, mask_incidences=12, large_masks=0
N=106044179 base: refine round 3, active=10, final=11, batch_splits=10, forced=7
N=106044179 base: normalized round 4, entries=6, mask_incidences=12, large_masks=0
N=106044179 base: refine round 4, active=7, final=12, batch_splits=12, forced=7
N=106044179 base: normalized round 5, entries=5, mask_incidences=11, large_masks=0
N=106044179 base: refine round 5, active=7, final=12, batch_splits=12, forced=9
N=106044179 base: normalized round 6, entries=3, mask_incidences=10, large_masks=0
N=106044179 base: refine round 6, active=0, final=15, batch_splits=12, forced=9
N=106044179 level_1 union: normalized round 1, entries=12, mask_incidences=12, large_masks=0
N=106044179 level_1 union: refine round 1, active=24, final=0, batch_splits=12, forced=0
N=106044179 level_1 union: normalized round 2, entries=23, mask_incidences=23, large_masks=0
N=106044179 level_1 union: refine round 2, active=15, final=12, batch_splits=12, forced=4
N=106044179 level_1 union: normalized round 3, entries=9, mask_incidences=13, large_masks=0
N=106044179 level_1 union: refine round 3, active=9, final=13, batch_splits=13, forced=4
N=106044179 level_1 union: normalized round 4, entries=8, mask_incidences=12, large_masks=0
N=106044179 level_1 union: refine round 4, active=12, final=13, batch_splits=13, forced=8
N=106044179 level_1 union: normalized round 5, entries=7, mask_incidences=18, large_masks=0
N=106044179 level_1 union: refine round 5, active=8, final=14, batch_splits=15, forced=8
N=106044179 level_1 union: normalized round 6, entries=8, mask_incidences=18, large_masks=0
N=106044179 level_1 union: refine round 6, active=11, final=14, batch_splits=15, forced=11
N=106044179 level_1 union: normalized round 7, entries=6, mask_incidences=17, large_masks=0
N=106044179 level_1 union: refine round 7, active=6, final=15, batch_splits=16, forced=11
N=106044179 level_1 union: normalized round 8, entries=5, mask_incidences=12, large_masks=0
N=106044179 level_1 union: refine round 8, active=7, final=15, batch_splits=16, forced=13
N=106044179 level_1 union: normalized round 9, entries=4, mask_incidences=13, large_masks=0
N=106044179 level_1 union: refine round 9, active=4, final=16, batch_splits=17, forced=13
N=106044179 level_1 union: normalized round 10, entries=3, mask_incidences=10, large_masks=0
N=106044179 level_1 union: refine round 10, active=4, final=16, batch_splits=17, forced=14
N=106044179 level_1 union: normalized round 11, entries=2, mask_incidences=9, large_masks=0
N=106044179 level_1 union: refine round 11, active=0, final=18, batch_splits=17, forced=14
N=106044179 level_2 union: normalized round 1, entries=15, mask_incidences=15, large_masks=0
N=106044179 level_2 union: refine round 1, active=30, final=0, batch_splits=15, forced=0
N=106044179 level_2 union: normalized round 2, entries=29, mask_incidences=29, large_masks=0
N=106044179 level_2 union: refine round 2, active=19, final=15, batch_splits=15, forced=5
N=106044179 level_2 union: normalized round 3, entries=13, mask_incidences=21, large_masks=0
N=106044179 level_2 union: refine round 3, active=16, final=16, batch_splits=15, forced=9
N=106044179 level_2 union: normalized round 4, entries=11, mask_incidences=24, large_masks=0
N=106044179 level_2 union: refine round 4, active=12, final=16, batch_splits=16, forced=9
N=106044179 level_2 union: normalized round 5, entries=11, mask_incidences=24, large_masks=0
N=106044179 level_2 union: refine round 5, active=15, final=16, batch_splits=16, forced=13
N=106044179 level_2 union: normalized round 6, entries=10, mask_incidences=26, large_masks=0
N=106044179 level_2 union: refine round 6, active=11, final=18, batch_splits=16, forced=16
N=106044179 level_2 union: normalized round 7, entries=6, mask_incidences=20, large_masks=0
N=106044179 level_2 union: refine round 7, active=5, final=20, batch_splits=16, forced=17
N=106044179 level_2 union: normalized round 8, entries=4, mask_incidences=13, large_masks=0
N=106044179 level_2 union: refine round 8, active=5, final=20, batch_splits=16, forced=18
N=106044179 level_2 union: normalized round 9, entries=4, mask_incidences=13, large_masks=0
N=106044179 level_2 union: refine round 9, active=5, final=20, batch_splits=17, forced=18
N=106044179 level_2 union: normalized round 10, entries=3, mask_incidences=13, large_masks=0
N=106044179 level_2 union: refine round 10, active=4, final=20, batch_splits=17, forced=19
N=106044179 level_2 union: normalized round 11, entries=2, mask_incidences=11, large_masks=0
N=106044179 level_2 union: refine round 11, active=0, final=22, batch_splits=17, forced=19
F165 instance 63/64: N=106084207
N=106084207 base: normalized round 1, entries=12, mask_incidences=12, large_masks=0
N=106084207 base: refine round 1, active=24, final=0, batch_splits=12, forced=0
N=106084207 base: normalized round 2, entries=23, mask_incidences=23, large_masks=0
N=106084207 base: refine round 2, active=16, final=12, batch_splits=12, forced=5
N=106084207 base: normalized round 3, entries=11, mask_incidences=18, large_masks=0
N=106084207 base: refine round 3, active=11, final=13, batch_splits=13, forced=5
N=106084207 base: normalized round 4, entries=10, mask_incidences=17, large_masks=0
N=106084207 base: refine round 4, active=15, final=13, batch_splits=13, forced=10
N=106084207 base: normalized round 5, entries=6, mask_incidences=13, large_masks=0
N=106084207 base: refine round 5, active=5, final=15, batch_splits=14, forced=10
N=106084207 base: normalized round 6, entries=4, mask_incidences=9, large_masks=0
N=106084207 base: refine round 6, active=5, final=15, batch_splits=14, forced=11
N=106084207 base: normalized round 7, entries=4, mask_incidences=10, large_masks=0
N=106084207 base: refine round 7, active=4, final=16, batch_splits=14, forced=12
N=106084207 base: normalized round 8, entries=2, mask_incidences=6, large_masks=0
N=106084207 base: refine round 8, active=0, final=18, batch_splits=14, forced=12
N=106084207 level_1 union: normalized round 1, entries=15, mask_incidences=15, large_masks=0
N=106084207 level_1 union: refine round 1, active=30, final=0, batch_splits=15, forced=0
N=106084207 level_1 union: normalized round 2, entries=29, mask_incidences=29, large_masks=0
N=106084207 level_1 union: refine round 2, active=20, final=15, batch_splits=15, forced=6
N=106084207 level_1 union: normalized round 3, entries=13, mask_incidences=20, large_masks=0
N=106084207 level_1 union: refine round 3, active=16, final=16, batch_splits=15, forced=10
N=106084207 level_1 union: normalized round 4, entries=10, mask_incidences=22, large_masks=0
N=106084207 level_1 union: refine round 4, active=8, final=19, batch_splits=16, forced=10
N=106084207 level_1 union: normalized round 5, entries=8, mask_incidences=15, large_masks=0
N=106084207 level_1 union: refine round 5, active=12, final=19, batch_splits=16, forced=14
N=106084207 level_1 union: normalized round 6, entries=6, mask_incidences=17, large_masks=0
N=106084207 level_1 union: refine round 6, active=6, final=20, batch_splits=17, forced=14
N=106084207 level_1 union: normalized round 7, entries=5, mask_incidences=15, large_masks=0
N=106084207 level_1 union: refine round 7, active=7, final=20, batch_splits=17, forced=16
N=106084207 level_1 union: normalized round 8, entries=3, mask_incidences=16, large_masks=0
N=106084207 level_1 union: refine round 8, active=0, final=23, batch_splits=17, forced=16
N=106084207 level_2 union: normalized round 1, entries=16, mask_incidences=16, large_masks=0
N=106084207 level_2 union: refine round 1, active=32, final=0, batch_splits=16, forced=0
N=106084207 level_2 union: normalized round 2, entries=31, mask_incidences=31, large_masks=0
N=106084207 level_2 union: refine round 2, active=21, final=16, batch_splits=16, forced=6
N=106084207 level_2 union: normalized round 3, entries=13, mask_incidences=21, large_masks=0
N=106084207 level_2 union: refine round 3, active=16, final=18, batch_splits=16, forced=11
N=106084207 level_2 union: normalized round 4, entries=9, mask_incidences=21, large_masks=0
N=106084207 level_2 union: refine round 4, active=9, final=19, batch_splits=17, forced=11
N=106084207 level_2 union: normalized round 5, entries=8, mask_incidences=19, large_masks=0
N=106084207 level_2 union: refine round 5, active=11, final=19, batch_splits=17, forced=14
N=106084207 level_2 union: normalized round 6, entries=6, mask_incidences=22, large_masks=0
N=106084207 level_2 union: refine round 6, active=4, final=22, batch_splits=17, forced=15
N=106084207 level_2 union: normalized round 7, entries=2, mask_incidences=11, large_masks=0
N=106084207 level_2 union: refine round 7, active=0, final=24, batch_splits=17, forced=15
F165 instance 64/64: N=106144249
N=106144249 base: normalized round 1, entries=14, mask_incidences=14, large_masks=0
N=106144249 base: refine round 1, active=28, final=0, batch_splits=14, forced=0
N=106144249 base: normalized round 2, entries=25, mask_incidences=26, large_masks=0
N=106144249 base: refine round 2, active=15, final=12, batch_splits=16, forced=0
N=106144249 base: normalized round 3, entries=15, mask_incidences=16, large_masks=0
N=106144249 base: refine round 3, active=18, final=14, batch_splits=16, forced=5
N=106144249 base: normalized round 4, entries=9, mask_incidences=14, large_masks=0
N=106144249 base: refine round 4, active=9, final=15, batch_splits=17, forced=5
N=106144249 base: normalized round 5, entries=9, mask_incidences=13, large_masks=0
N=106144249 base: refine round 5, active=11, final=16, batch_splits=17, forced=8
N=106144249 base: normalized round 6, entries=6, mask_incidences=15, large_masks=0
N=106144249 base: refine round 6, active=6, final=17, batch_splits=18, forced=8
N=106144249 base: normalized round 7, entries=5, mask_incidences=12, large_masks=0
N=106144249 base: refine round 7, active=7, final=17, batch_splits=18, forced=10
N=106144249 base: normalized round 8, entries=4, mask_incidences=13, large_masks=0
N=106144249 base: refine round 8, active=4, final=18, batch_splits=19, forced=10
N=106144249 base: normalized round 9, entries=3, mask_incidences=9, large_masks=0
N=106144249 base: refine round 9, active=4, final=18, batch_splits=19, forced=11
N=106144249 base: normalized round 10, entries=2, mask_incidences=10, large_masks=0
N=106144249 base: refine round 10, active=0, final=20, batch_splits=19, forced=11
N=106144249 level_1 union: normalized round 1, entries=20, mask_incidences=20, large_masks=0
N=106144249 level_1 union: refine round 1, active=40, final=0, batch_splits=20, forced=0
N=106144249 level_1 union: normalized round 2, entries=38, mask_incidences=38, large_masks=0
N=106144249 level_1 union: refine round 2, active=26, final=20, batch_splits=20, forced=8
N=106144249 level_1 union: normalized round 3, entries=19, mask_incidences=30, large_masks=0
N=106144249 level_1 union: refine round 3, active=25, final=21, batch_splits=20, forced=15
N=106144249 level_1 union: normalized round 4, entries=14, mask_incidences=35, large_masks=0
N=106144249 level_1 union: refine round 4, active=17, final=22, batch_splits=20, forced=19
N=106144249 level_1 union: normalized round 5, entries=9, mask_incidences=29, large_masks=0
N=106144249 level_1 union: refine round 5, active=10, final=22, batch_splits=21, forced=19
N=106144249 level_1 union: normalized round 6, entries=9, mask_incidences=30, large_masks=0
N=106144249 level_1 union: refine round 6, active=13, final=22, batch_splits=21, forced=23
N=106144249 level_1 union: normalized round 7, entries=7, mask_incidences=30, large_masks=0
N=106144249 level_1 union: refine round 7, active=4, final=26, batch_splits=21, forced=24
N=106144249 level_1 union: normalized round 8, entries=2, mask_incidences=7, large_masks=0
N=106144249 level_1 union: refine round 8, active=0, final=28, batch_splits=21, forced=24
N=106144249 level_2 union: normalized round 1, entries=25, mask_incidences=25, large_masks=0
N=106144249 level_2 union: refine round 1, active=50, final=0, batch_splits=25, forced=0
N=106144249 level_2 union: normalized round 2, entries=48, mask_incidences=48, large_masks=0
N=106144249 level_2 union: refine round 2, active=33, final=25, batch_splits=25, forced=10
N=106144249 level_2 union: normalized round 3, entries=25, mask_incidences=37, large_masks=0
N=106144249 level_2 union: refine round 3, active=35, final=25, batch_splits=25, forced=20
N=106144249 level_2 union: normalized round 4, entries=17, mask_incidences=45, large_masks=0
N=106144249 level_2 union: refine round 4, active=20, final=28, batch_splits=25, forced=26
N=106144249 level_2 union: normalized round 5, entries=9, mask_incidences=36, large_masks=0
N=106144249 level_2 union: refine round 5, active=9, final=30, batch_splits=27, forced=26
N=106144249 level_2 union: normalized round 6, entries=7, mask_incidences=32, large_masks=0
N=106144249 level_2 union: refine round 6, active=10, final=30, batch_splits=27, forced=29
N=106144249 level_2 union: normalized round 7, entries=6, mask_incidences=31, large_masks=0
N=106144249 level_2 union: refine round 7, active=4, final=33, batch_splits=27, forced=30
N=106144249 level_2 union: normalized round 8, entries=2, mask_incidences=11, large_masks=0
N=106144249 level_2 union: refine round 8, active=0, final=35, batch_splits=27, forced=30
exit_code=0
elapsed_seconds=2.2276231659998302
status=PASS
