TOTAL 34463 MAX_MIN_ORDER 2095492 MAX_MIN_RESIDUAL 2095493
RECORDS 563
p=11 q=19 N=209 n=8 B=16 H=13 gap=8 e=1 D=1 sp=5(5) sq=9(3^2) ordN=(1,1) ordH=(0,0) residuals=[1,0,0,0,0] centered_H={5:-2,3:1}
p=29 q=53 N=1537 n=11 B=32 H=48 gap=24 e=2 D=1 sp=7(7) sq=13(13) ordN=(3,12) ordH=(0,0) residuals=[1,0,0,0,0] centered_H={7:-1,13:-4}
p=47 q=79 N=3713 n=12 B=64 H=58 gap=32 e=1 D=1 sp=23(23) sq=39(3*13) ordN=(11,6) ordH=(0,0) residuals=[1,0,0,0,0] centered_H={23:-11,3:1,13:6}
p=139 q=163 N=22657 n=15 B=128 H=177 gap=24 e=1 D=3 sp=23(23) sq=27(3^3) ordN=(22,1) ordH=(0,0) residuals=[23,0,0,0,0] centered_H={23:-7,3:0}
p=173 q=293 N=50689 n=16 B=256 H=198 gap=120 e=2 D=1 sp=43(43) sq=73(73) ordN=(42,36) ordH=(0,0) residuals=[43,0,0,0,0] centered_H={43:-17,73:-21}
p=263 q=439 N=115457 n=17 B=256 H=451 gap=176 e=1 D=1 sp=131(131) sq=219(3*73) ordN=(130,72) ordH=(0,0) residuals=[73,0,0,0,0] centered_H={131:58,3:1,73:13}
p=419 q=523 N=219137 n=18 B=512 H=428 gap=104 e=1 D=1 sp=209(11*19) sq=261(3^2*29) ordN=(90,84) ordH=(0,0) residuals=[1,0,0,0,0] centered_H={11:-1,19:-9,3:-1,29:-7}
p=827 q=1523 N=1259521 n=21 B=1024 H=1230 gap=696 e=1 D=1 sp=413(7*59) sq=761(761) ordN=(174,152) ordH=(0,0) residuals=[59,0,0,0,0] centered_H={7:-2,59:-9,761:-292}
p=1487 q=2351 N=3495937 n=22 B=2048 H=1707 gap=864 e=1 D=1 sp=743(743) sq=1175(5^2*47) ordN=(371,460) ordH=(0,0) residuals=[47,0,0,0,0] centered_H={743:221,5:2,47:15}
p=1499 q=1619 N=2426881 n=22 B=2048 H=1185 gap=120 e=1 D=1 sp=749(7*107) sq=809(809) ordN=(159,202) ordH=(0,0) residuals=[107,0,0,0,0] centered_H={7:2,107:8,809:376}
p=1867 q=2659 N=4964353 n=23 B=2048 H=2424 gap=792 e=1 D=3 sp=311(311) sq=443(443) ordN=(155,442) ordH=(0,0) residuals=[311,0,0,0,0] centered_H={311:-64,443:209}
p=2767 q=3119 N=8630273 n=24 B=4096 H=2107 gap=352 e=1 D=1 sp=1383(3*461) sq=1559(1559) ordN=(230,1558) ordH=(0,0) residuals=[461,0,0,0,0] centered_H={3:1,461:-198,1559:548}
p=2803 q=3643 N=10211329 n=24 B=4096 H=2493 gap=840 e=1 D=3 sp=467(467) sq=607(607) ordN=(233,202) ordH=(0,0) residuals=[467,0,0,0,0] centered_H={467:158,607:65}
p=3463 q=6199 N=21467137 n=25 B=4096 H=5241 gap=2736 e=1 D=3 sp=577(577) sq=1033(1033) ordN=(576,344) ordH=(0,0) residuals=[577,0,0,0,0] centered_H={577:48,1033:76}
p=3643 q=6899 N=25133057 n=25 B=4096 H=6136 gap=3256 e=1 D=1 sp=1821(3*607) sq=3449(3449) ordN=(303,862) ordH=(0,0) residuals=[607,0,0,0,0] centered_H={3:1,607:66,3449:-762}
p=3863 q=6311 N=24379393 n=25 B=4096 H=5952 gap=2448 e=1 D=1 sp=1931(1931) sq=3155(5*631) ordN=(1930,70) ordH=(0,0) residuals=[631,0,0,0,0] centered_H={1931:159,5:2,631:273}
p=3947 q=5443 N=21483521 n=25 B=4096 H=5245 gap=1496 e=1 D=1 sp=1973(1973) sq=2721(3*907) ordN=(986,453) ordH=(0,0) residuals=[907,0,0,0,0] centered_H={1973:-674,3:1,907:-197}
p=4373 q=5693 N=24895489 n=25 B=4096 H=6078 gap=1320 e=2 D=1 sp=1093(1093) sq=1423(1423) ordN=(91,79) ordH=(0,0) residuals=[1093,0,0,0,0] centered_H={1093:-480,1423:386}
p=4799 q=7487 N=35930113 n=26 B=8192 H=4386 gap=2688 e=1 D=1 sp=2399(2399) sq=3743(19*197) ordN=(1199,588) ordH=(0,0) residuals=[197,0,0,0,0] centered_H={2399:-412,19:-3,197:52}
p=5471 q=9887 N=54091777 n=26 B=8192 H=6603 gap=4416 e=1 D=1 sp=2735(5*547) sq=4943(4943) ordN=(1092,4942) ordH=(0,0) residuals=[547,0,0,0,0] centered_H={5:-2,547:39,4943:1660}
p=5519 q=10607 N=58540033 n=26 B=8192 H=7146 gap=5088 e=1 D=1 sp=2759(31*89) sq=5303(5303) ordN=(1320,2651) ordH=(0,0) residuals=[2759,0,0,0,0] centered_H={31:-15,89:26,5303:1843}
p=6287 q=9839 N=61857793 n=26 B=8192 H=7551 gap=3552 e=1 D=1 sp=3143(7*449) sq=4919(4919) ordN=(1344,4918) ordH=(0,0) residuals=[449,0,0,0,0] centered_H={7:-2,449:-82,4919:-2287}
p=6659 q=8363 N=55689217 n=26 B=8192 H=6798 gap=1704 e=1 D=1 sp=3329(3329) sq=4181(37*113) ordN=(1664,252) ordH=(0,0) residuals=[3329,0,0,0,0] centered_H={3329:140,37:-10,113:18}
p=11867 q=20947 N=248578049 n=28 B=16384 H=15172 gap=9080 e=1 D=1 sp=5933(17*349) sq=10473(3*3491) ordN=(348,698) ordH=(0,0) residuals=[3491,0,0,0,0] centered_H={17:8,349:165,3:1,3491:1208}
p=13037 q=15077 N=196558849 n=28 B=16384 H=11997 gap=2040 e=2 D=1 sp=3259(3259) sq=3769(3769) ordN=(1629,3768) ordH=(0,0) residuals=[3259,0,0,0,0] centered_H={3259:-1039,3769:690}
p=13613 q=25253 N=343769089 n=29 B=16384 H=20982 gap=11640 e=2 D=1 sp=3403(41*83) sq=6313(59*107) ordN=(1640,3074) ordH=(0,0) residuals=[107,0,0,0,0] centered_H={41:-10,83:-17,59:-22,107:10}
p=14107 q=19219 N=271122433 n=29 B=16384 H=16548 gap=5112 e=1 D=3 sp=2351(2351) sq=3203(3203) ordN=(2350,3202) ordH=(0,0) residuals=[2351,0,0,0,0] centered_H={2351:91,3203:533}
p=14503 q=28439 N=412450817 n=29 B=16384 H=25174 gap=13936 e=1 D=1 sp=7251(3*2417) sq=14219(59*241) ordN=(2416,6960) ordH=(0,0) residuals=[241,0,0,0,0] centered_H={3:1,2417:1004,59:-19,241:110}
p=15131 q=26387 N=399261697 n=29 B=16384 H=24369 gap=11256 e=1 D=1 sp=7565(5*17*89) sq=13193(79*167) ordN=(44,6474) ordH=(0,0) residuals=[7565,0,0,0,0] centered_H={5:-1,17:8,89:-17,79:37,167:-13}
p=16007 q=26423 N=422952961 n=29 B=16384 H=25815 gap=10416 e=1 D=1 sp=8003(53*151) sq=13211(11*1201) ordN=(3900,1200) ordH=(0,0) residuals=[8003,0,0,0,0] centered_H={53:4,151:-6,11:-2,1201:594}
p=16447 q=28607 N=470499329 n=29 B=16384 H=28717 gap=12160 e=1 D=1 sp=8223(3*2741) sq=14303(14303) ordN=(2740,14302) ordH=(0,0) residuals=[2741,0,0,0,0] centered_H={3:1,2741:1307,14303:111}
p=19507 q=20219 N=394412033 n=29 B=16384 H=24073 gap=712 e=1 D=1 sp=9753(3*3251) sq=10109(11*919) ordN=(3250,4590) ordH=(0,0) residuals=[919,0,0,0,0] centered_H={3:1,3251:1316,11:5,919:179}
p=19583 q=29567 N=579010561 n=30 B=32768 H=17670 gap=9984 e=1 D=1 sp=9791(9791) sq=14783(14783) ordN=(4895,14782) ordH=(0,0) residuals=[9791,0,0,0,0] centered_H={9791:-1912,14783:2887}
p=23603 q=32507 N=767262721 n=30 B=32768 H=23415 gap=8904 e=1 D=1 sp=11801(11801) sq=16253(16253) ordN=(1475,16252) ordH=(0,0) residuals=[11801,0,0,0,0] centered_H={11801:-187,16253:7162}
p=24407 q=31847 N=777289729 n=30 B=32768 H=23721 gap=7440 e=1 D=1 sp=12203(12203) sq=15923(15923) ordN=(6101,15922) ordH=(0,0) residuals=[12203,0,0,0,0] centered_H={12203:-685,15923:7798}
p=28229 q=29837 N=842268673 n=30 B=32768 H=25704 gap=1608 e=2 D=1 sp=7057(7057) sq=7459(7459) ordN=(7056,7458) ordH=(0,0) residuals=[7057,0,0,0,0] centered_H={7057:-2524,7459:3327}
p=29363 q=35963 N=1055981569 n=30 B=32768 H=32226 gap=6600 e=1 D=1 sp=14681(53*277) sq=17981(17981) ordN=(3588,17980) ordH=(0,0) residuals=[14681,0,0,0,0] centered_H={53:2,277:94,17981:-3736}
p=31259 q=53267 N=1665073153 n=31 B=32768 H=50814 gap=22008 e=1 D=1 sp=15629(15629) sq=26633(26633) ordN=(7814,26632) ordH=(0,0) residuals=[15629,0,0,0,0] centered_H={15629:3927,26633:-2452}
p=35027 q=69467 N=2433220609 n=32 B=65536 H=37128 gap=34440 e=1 D=1 sp=17513(83*211) sq=34733(47*739) ordN=(8610,16974) ordH=(0,0) residuals=[17513,0,0,0,0] centered_H={83:27,211:-8,47:-2,739:178}
p=35879 q=41879 N=1502576641 n=31 B=32768 H=45855 gap=6000 e=1 D=1 sp=17939(17939) sq=20939(20939) ordN=(8969,20938) ordH=(0,0) residuals=[17939,0,0,0,0] centered_H={17939:-7962,20939:3977}
p=44207 q=76367 N=3375955969 n=32 B=65536 H=51513 gap=32160 e=1 D=1 sp=22103(23*31^2) sq=38183(38183) ordN=(10230,19091) ordH=(0,0) residuals=[31,0,0,0,0] centered_H={23:-7,31:-9,38183:13330}
p=47639 q=73127 N=3483697153 n=32 B=65536 H=53157 gap=25488 e=1 D=1 sp=23819(23819) sq=36563(36563) ordN=(11909,36562) ordH=(0,0) residuals=[23819,0,0,0,0] centered_H={23819:5519,36563:16594}
p=55103 q=104639 N=5765922817 n=33 B=65536 H=87981 gap=49536 e=1 D=1 sp=27551(27551) sq=52319(113*463) ordN=(5510,3696) ordH=(0,0) residuals=[27551,0,0,0,0] centered_H={27551:5328,113:-46,463:11}
p=61967 q=113903 N=7058227201 n=33 B=65536 H=107700 gap=51936 e=1 D=1 sp=30983(30983) sq=56951(56951) ordN=(15491,56950) ordH=(0,0) residuals=[30983,0,0,0,0] centered_H={30983:14751,56951:-6202}
p=66239 q=93503 N=6193545217 n=33 B=65536 H=94506 gap=27264 e=1 D=1 sp=33119(33119) sq=46751(46751) ordN=(33118,374) ordH=(0,0) residuals=[33119,0,0,0,0] centered_H={33119:-4851,46751:1004}
p=73847 q=112967 N=8342274049 n=33 B=65536 H=127293 gap=39120 e=1 D=1 sp=36923(36923) sq=56483(7*8069) ordN=(36922,24204) ordH=(0,0) residuals=[8069,0,0,0,0] centered_H={36923:16524,7:-2,8069:-1811}
p=79427 q=149099 N=11842486273 n=34 B=131072 H=90351 gap=69672 e=1 D=1 sp=39713(151*263) sq=74549(127*587) ordN=(19650,36918) ordH=(0,0) residuals=[39713,0,0,0,0] centered_H={151:53,263:-121,127:54,587:-47}
p=80603 q=143699 N=11582570497 n=34 B=131072 H=88368 gap=63096 e=1 D=1 sp=40301(191*211) sq=71849(71849) ordN=(3990,71848) ordH=(0,0) residuals=[40301,0,0,0,0] centered_H={191:-65,211:-41,71849:16519}
p=84263 q=104087 N=8770682881 n=34 B=131072 H=66915 gap=19824 e=1 D=1 sp=42131(42131) sq=52043(71*733) ordN=(21065,2135) ordH=(0,0) residuals=[42131,0,0,0,0] centered_H={42131:-17347,71:33,733:212}
p=84467 q=96059 N=8113815553 n=33 B=65536 H=123807 gap=11592 e=1 D=1 sp=42233(157*269) sq=48029(48029) ordN=(10452,48028) ordH=(0,0) residuals=[42233,0,0,0,0] centered_H={157:-66,269:67,48029:-20280}
p=91199 q=166847 N=15216279553 n=34 B=131072 H=116091 gap=75648 e=1 D=1 sp=45599(45599) sq=83423(83423) ordN=(45598,41711) ordH=(0,0) residuals=[45599,0,0,0,0] centered_H={45599:-20706,83423:32668}
p=101747 q=155579 N=15829696513 n=34 B=131072 H=120771 gap=53832 e=1 D=1 sp=50873(50873) sq=77789(107*727) ordN=(50872,38478) ordH=(0,0) residuals=[50873,0,0,0,0] centered_H={50873:19025,107:-32,727:89}
p=108503 q=211943 N=22996451329 n=35 B=131072 H=175449 gap=103440 e=1 D=1 sp=54251(54251) sq=105971(105971) ordN=(54250,52985) ordH=(0,0) residuals=[54251,0,0,0,0] centered_H={54251:12696,105971:-36493}
p=111467 q=123203 N=13733068801 n=34 B=131072 H=104775 gap=11736 e=1 D=1 sp=55733(55733) sq=61601(229*269) ordN=(13933,5092) ordH=(0,0) residuals=[55733,0,0,0,0] centered_H={55733:-6691,229:-107,269:134}
p=111863 q=216263 N=24191827969 n=35 B=131072 H=184569 gap=104400 e=1 D=1 sp=55931(55931) sq=108131(108131) ordN=(55930,54065) ordH=(0,0) residuals=[55931,0,0,0,0] centered_H={55931:16776,108131:-31693}
p=115763 q=186107 N=21544304641 n=35 B=131072 H=164370 gap=70344 e=1 D=1 sp=57881(57881) sq=93053(93053) ordN=(11576,93052) ordH=(0,0) residuals=[57881,0,0,0,0] centered_H={57881:-9273,93053:-21736}
p=120767 q=137279 N=16578772993 n=34 B=131072 H=126486 gap=16512 e=1 D=1 sp=60383(60383) sq=68639(68639) ordN=(60382,34319) ordH=(0,0) residuals=[60383,0,0,0,0] centered_H={60383:5720,68639:-10792}
p=121883 q=171539 N=20907687937 n=35 B=131072 H=159513 gap=49656 e=1 D=1 sp=60941(149*409) sq=85769(199*431) ordN=(15096,42570) ordH=(0,0) residuals=[60941,0,0,0,0] centered_H={149:-66,409:3,199:-85,431:43}
p=123923 q=230939 N=28618653697 n=35 B=131072 H=218343 gap=107016 e=1 D=1 sp=61961(61961) sq=115469(115469) ordN=(15490,115468) ordH=(0,0) residuals=[61961,0,0,0,0] centered_H={61961:-29501,115469:-12595}
p=130127 q=236207 N=30736908289 n=35 B=131072 H=234504 gap=106080 e=1 D=1 sp=65063(65063) sq=118103(89*1327) ordN=(32531,19448) ordH=(0,0) residuals=[65063,0,0,0,0] centered_H={65063:-25748,89:-11,1327:-375}
p=130223 q=186959 N=24346361857 n=35 B=131072 H=185748 gap=56736 e=1 D=1 sp=65111(65111) sq=93479(93479) ordN=(32555,8498) ordH=(0,0) residuals=[65111,0,0,0,0] centered_H={65111:-9585,93479:-1210}
p=130619 q=142067 N=18556649473 n=35 B=131072 H=141576 gap=11448 e=1 D=1 sp=65309(65309) sq=71033(251*283) ordN=(65308,5875) ordH=(0,0) residuals=[65309,0,0,0,0] centered_H={65309:10958,251:12,283:76}
p=133403 q=141587 N=18888130561 n=35 B=131072 H=144105 gap=8184 e=1 D=1 sp=66701(66701) sq=70793(70793) ordN=(33350,35396) ordH=(0,0) residuals=[66701,0,0,0,0] centered_H={66701:10703,70793:2519}
p=141707 q=210467 N=29824647169 n=35 B=131072 H=227544 gap=68760 e=1 D=1 sp=70853(70853) sq=105233(47*2239) ordN=(70852,51474) ordH=(0,0) residuals=[70853,0,0,0,0] centered_H={70853:14985,47:17,2239:-834}
p=164999 q=196919 N=32491438081 n=35 B=131072 H=247890 gap=31920 e=1 D=1 sp=82499(82499) sq=98459(98459) ordN=(41249,49229) ordH=(0,0) residuals=[82499,0,0,0,0] centered_H={82499:393,98459:-47487}
p=173039 q=322319 N=55773757441 n=36 B=262144 H=212760 gap=149280 e=1 D=1 sp=86519(241*359) sq=161159(161159) ordN=(42960,80579) ordH=(0,0) residuals=[86519,0,0,0,0] centered_H={241:-43,359:-127,161159:51601}
p=174467 q=175403 N=30602035201 n=35 B=131072 H=233475 gap=936 e=1 D=1 sp=87233(83*1051) sq=87701(87701) ordN=(43050,21925) ordH=(0,0) residuals=[87233,0,0,0,0] centered_H={83:-4,1051:153,87701:-29628}
p=176159 q=183263 N=32283426817 n=35 B=131072 H=246303 gap=7104 e=1 D=1 sp=88079(88079) sq=91631(91631) ordN=(88078,91630) ordH=(0,0) residuals=[88079,0,0,0,0] centered_H={88079:-17934,91631:-28590}
p=185951 q=198047 N=36827037697 n=36 B=262144 H=140484 gap=12096 e=1 D=1 sp=92975(5^2*3719) sq=99023(99023) ordN=(1859,99022) ordH=(0,0) residuals=[92975,0,0,0,0] centered_H={5:-1,3719:-838,99023:41461}
p=188687 q=257519 N=48590487553 n=36 B=262144 H=185358 gap=68832 e=1 D=1 sp=94343(94343) sq=128759(331*389) ordN=(94342,32010) ordH=(0,0) residuals=[94343,0,0,0,0] centered_H={94343:-3328,331:-2,389:194}
p=203843 q=331883 N=67652026369 n=36 B=262144 H=258072 gap=128040 e=1 D=1 sp=101921(101921) sq=165941(165941) ordN=(6370,41485) ordH=(0,0) residuals=[101921,0,0,0,0] centered_H={101921:-47691,165941:-73810}
p=217319 q=312023 N=67808526337 n=36 B=262144 H=258669 gap=94704 e=1 D=1 sp=108659(193*563) sq=156011(156011) ordN=(53952,31202) ordH=(0,0) residuals=[108659,0,0,0,0] centered_H={193:49,563:252,156011:-53353}
p=222059 q=307523 N=68288249857 n=36 B=262144 H=260499 gap=85464 e=1 D=1 sp=111029(111029) sq=153761(179*859) ordN=(27757,76362) ordH=(0,0) residuals=[111029,0,0,0,0] centered_H={111029:38441,179:54,859:222}
p=227567 q=439823 N=100089200641 n=37 B=262144 H=381810 gap=212256 e=1 D=1 sp=113783(113783) sq=219911(219911) ordN=(56891,219910) ordH=(0,0) residuals=[113783,0,0,0,0] centered_H={113783:40461,219911:-58012}
p=233939 q=257627 N=60269002753 n=36 B=262144 H=229908 gap=23688 e=1 D=1 sp=116969(116969) sq=128813(128813) ordN=(116968,32203) ordH=(0,0) residuals=[116969,0,0,0,0] centered_H={116969:-4030,128813:-27718}
p=243119 q=442703 N=107629510657 n=37 B=262144 H=410574 gap=199584 e=1 D=1 sp=121559(121559) sq=221351(13*17027) ordN=(121558,8513) ordH=(0,0) residuals=[121559,0,0,0,0] centered_H={121559:45897,13:-5,17027:1926}
p=255467 q=400067 N=102203916289 n=37 B=262144 H=389877 gap=144600 e=1 D=1 sp=127733(127733) sq=200033(200033) ordN=(63866,100016) ordH=(0,0) residuals=[127733,0,0,0,0] centered_H={127733:6678,200033:-10189}
p=260483 q=384299 N=100103356417 n=37 B=262144 H=381864 gap=123816 e=1 D=1 sp=130241(130241) sq=192149(192149) ordN=(11840,192148) ordH=(0,0) residuals=[130241,0,0,0,0] centered_H={130241:-8859,192149:-2434}
p=263519 q=366239 N=96510935041 n=37 B=262144 H=368160 gap=102720 e=1 D=1 sp=131759(131759) sq=183119(183119) ordN=(131758,183118) ordH=(0,0) residuals=[131759,0,0,0,0] centered_H={131759:-27117,183119:1922}
p=271703 q=300647 N=81686691841 n=37 B=262144 H=311610 gap=28944 e=1 D=1 sp=135851(135851) sq=150323(150323) ordN=(135850,150322) ordH=(0,0) residuals=[135851,0,0,0,0] centered_H={135851:39908,150323:10964}
p=273719 q=333959 N=91410923521 n=37 B=262144 H=348705 gap=60240 e=1 D=1 sp=136859(136859) sq=166979(166979) ordN=(68429,166978) ordH=(0,0) residuals=[136859,0,0,0,0] centered_H={136859:-61872,166979:14747}
p=276359 q=515639 N=142501478401 n=38 B=524288 H=271800 gap=239280 e=1 D=1 sp=138179(138179) sq=257819(311*829) ordN=(138178,12834) ordH=(0,0) residuals=[138179,0,0,0,0] centered_H={138179:-4558,311:-14,829:-112}
p=281627 q=306707 N=86376972289 n=37 B=262144 H=329502 gap=25080 e=1 D=1 sp=140813(140813) sq=153353(153353) ordN=(140812,76676) ordH=(0,0) residuals=[140813,0,0,0,0] centered_H={140813:47876,153353:22796}
p=284807 q=322871 N=91955920897 n=37 B=262144 H=350784 gap=38064 e=1 D=1 sp=142403(142403) sq=161435(5*83*389) ordN=(71201,7954) ordH=(0,0) residuals=[142403,0,0,0,0] centered_H={142403:65978,5:-1,83:26,389:-94}
p=291287 q=397799 N=115873677313 n=37 B=262144 H=442023 gap=106512 e=1 D=1 sp=145643(145643) sq=198899(198899) ordN=(145642,99449) ordH=(0,0) residuals=[145643,0,0,0,0] centered_H={145643:5094,198899:44225}
p=298427 q=339827 N=101413552129 n=37 B=262144 H=386862 gap=41400 e=1 D=1 sp=149213(149213) sq=169913(169913) ordN=(37303,169912) ordH=(0,0) residuals=[149213,0,0,0,0] centered_H={149213:-60777,169913:47036}
p=312407 q=419687 N=131113156609 n=37 B=262144 H=500157 gap=107280 e=1 D=1 sp=156203(181*863) sq=209843(223*941) ordN=(38790,104340) ordH=(0,0) residuals=[156203,0,0,0,0] centered_H={181:54,863:-383,223:-32,941:-455}
p=319679 q=429887 N=137425846273 n=37 B=262144 H=524238 gap=110208 e=1 D=1 sp=159839(159839) sq=214943(214943) ordN=(159838,214942) ordH=(0,0) residuals=[159839,0,0,0,0] centered_H={159839:44721,214943:94352}
p=321947 q=349331 N=112466067457 n=37 B=262144 H=429024 gap=27384 e=1 D=1 sp=160973(17^2*557) sq=174665(5*181*193) ordN=(556,2880) ordH=(0,0) residuals=[160973,0,0,0,0] centered_H={17:-5,557:134,5:-1,181:54,193:-15}
p=347003 q=449459 N=155963621377 n=38 B=524288 H=297477 gap=102456 e=1 D=1 sp=173501(173501) sq=224729(224729) ordN=(43375,224728) ordH=(0,0) residuals=[173501,0,0,0,0] centered_H={173501:-49525,224729:72748}
p=348527 q=601487 N=209634459649 n=38 B=524288 H=399846 gap=252960 e=1 D=1 sp=174263(174263) sq=300743(300743) ordN=(87131,300742) ordH=(0,0) residuals=[174263,0,0,0,0] centered_H={174263:51320,300743:99103}
p=350459 q=455219 N=159535595521 n=38 B=524288 H=304290 gap=104760 e=1 D=1 sp=175229(175229) sq=227609(227609) ordN=(87614,113804) ordH=(0,0) residuals=[175229,0,0,0,0] centered_H={175229:-46168,227609:76681}
p=354647 q=365159 N=129502543873 n=37 B=262144 H=494013 gap=10512 e=1 D=1 sp=177323(177323) sq=182579(182579) ordN=(177322,91289) ordH=(0,0) residuals=[177323,0,0,0,0] centered_H={177323:-37956,182579:-53724}
p=381047 q=592199 N=225655652353 n=38 B=524288 H=430404 gap=211152 e=1 D=1 sp=190523(190523) sq=296099(296099) ordN=(95261,296098) ordH=(0,0) residuals=[190523,0,0,0,0] centered_H={190523:49358,296099:134305}
p=395027 q=580379 N=229265375233 n=38 B=524288 H=437289 gap=185352 e=1 D=1 sp=197513(263*751) sq=290189(290189) ordN=(49125,290188) ordH=(0,0) residuals=[197513,0,0,0,0] centered_H={263:-80,751:207,290189:-143089}
p=396479 q=746303 N=295893467137 n=39 B=524288 H=564372 gap=349824 e=1 D=1 sp=198239(137*1447) sq=373151(373151) ordN=(49164,14926) ordH=(0,0) residuals=[198239,0,0,0,0] centered_H={137:-68,1447:42,373151:-181930}
p=398339 q=538283 N=214419111937 n=38 B=524288 H=408972 gap=139944 e=1 D=1 sp=199169(151*1319) sq=269141(269141) ordN=(49425,269140) ordH=(0,0) residuals=[199169,0,0,0,0] centered_H={151:64,1319:82,269141:-129310}
p=398459 q=699059 N=278546350081 n=39 B=524288 H=531285 gap=300600 e=1 D=1 sp=199229(281*709) sq=349529(349529) ordN=(16520,174764) ordH=(0,0) residuals=[199229,0,0,0,0] centered_H={281:-86,709:244,349529:-167773}
p=398759 q=606743 N=241944231937 n=38 B=524288 H=461472 gap=207984 e=1 D=1 sp=199379(199379) sq=303371(303371) ordN=(199378,151685) ordH=(0,0) residuals=[199379,0,0,0,0] centered_H={199379:62714,303371:-145270}
p=404267 q=473987 N=191617302529 n=38 B=524288 H=365481 gap=69720 e=1 D=1 sp=202133(131*1543) sq=236993(236993) ordN=(50115,118496) ordH=(0,0) residuals=[202133,0,0,0,0] centered_H={131:-9,1543:-210,236993:-108505}
p=405719 q=639719 N=259546152961 n=38 B=524288 H=495045 gap=234000 e=1 D=1 sp=202859(202859) sq=319859(499*641) ordN=(101429,39840) ordH=(0,0) residuals=[202859,0,0,0,0] centered_H={202859:89327,499:37,641:193}
p=435143 q=667127 N=290295644161 n=39 B=524288 H=553695 gap=231984 e=1 D=1 sp=217571(97*2243) sq=333563(333563) ordN=(107616,166781) ordH=(0,0) residuals=[217571,0,0,0,0] centered_H={97:19,2243:-326,333563:-113431}
p=438143 q=594047 N=260277534721 n=38 B=524288 H=496440 gap=155904 e=1 D=1 sp=219071(219071) sq=297023(297023) ordN=(43814,297022) ordH=(0,0) residuals=[219071,0,0,0,0] centered_H={219071:58298,297023:-97606}
p=442319 q=649007 N=287068127233 n=39 B=524288 H=547539 gap=206688 e=1 D=1 sp=221159(221159) sq=324503(324503) ordN=(110579,162251) ordH=(0,0) residuals=[221159,0,0,0,0] centered_H={221159:105221,324503:-101467}
p=445883 q=585587 N=261103288321 n=38 B=524288 H=498015 gap=139704 e=1 D=1 sp=222941(222941) sq=292793(292793) ordN=(111470,292792) ordH=(0,0) residuals=[222941,0,0,0,0] centered_H={222941:52133,292793:-87571}
p=447779 q=524939 N=235056660481 n=38 B=524288 H=448335 gap=77160 e=1 D=1 sp=223889(241*929) sq=262469(262469) ordN=(6960,262468) ordH=(0,0) residuals=[223889,0,0,0,0] centered_H={241:75,929:-372,262469:-76603}
p=456167 q=478679 N=218357563393 n=38 B=524288 H=416484 gap=22512 e=1 D=1 sp=228083(41*5563) sq=239339(137*1747) ordN=(12360,118728) ordH=(0,0) residuals=[228083,0,0,0,0] centered_H={41:6,5563:-741,137:4,1747:698}
p=465419 q=860579 N=400529817601 n=39 B=524288 H=763950 gap=395160 e=1 D=1 sp=232709(232709) sq=430289(430289) ordN=(116354,430288) ordH=(0,0) residuals=[232709,0,0,0,0] centered_H={232709:65823,430289:-96628}
p=482507 q=731363 N=352887767041 n=39 B=524288 H=673080 gap=248856 e=1 D=1 sp=241253(241253) sq=365681(503*727) ordN=(241252,182226) ordH=(0,0) residuals=[241253,0,0,0,0] centered_H={241253:-50679,503:66,727:-122}
p=499559 q=527447 N=263490895873 n=38 B=524288 H=502569 gap=27888 e=1 D=1 sp=249779(249779) sq=263723(263723) ordN=(249778,131861) ordH=(0,0) residuals=[249779,0,0,0,0] centered_H={249779:3011,263723:-24877}
p=505607 q=919223 N=464765583361 n=39 B=524288 H=886470 gap=413616 e=1 D=1 sp=252803(101*2503) sq=459611(459611) ordN=(20850,229805) ordH=(0,0) residuals=[252803,0,0,0,0] centered_H={101:-7,2503:408,459611:-32752}
p=513203 q=719483 N=369240834049 n=39 B=524288 H=704271 gap=206280 e=1 D=1 sp=256601(137*1873) sq=359741(163*2207) ordN=(31824,178686) ordH=(0,0) residuals=[256601,0,0,0,0] centered_H={137:-46,1873:23,163:-52,2207:238}
p=533999 q=895247 N=478061002753 n=39 B=524288 H=911829 gap=361248 e=1 D=1 sp=266999(266999) sq=447623(11*40693) ordN=(266998,203460) ordH=(0,0) residuals=[40693,0,0,0,0] centered_H={266999:110832,11:-5,40693:16583}
p=542999 q=622247 N=337879498753 n=39 B=524288 H=644454 gap=79248 e=1 D=1 sp=271499(271499) sq=311123(311123) ordN=(135749,155561) ordH=(0,0) residuals=[271499,0,0,0,0] centered_H={271499:101456,311123:22208}
p=551099 q=892019 N=491590778881 n=39 B=524288 H=937635 gap=340920 e=1 D=1 sp=275549(275549) sq=446009(446009) ordN=(275548,55751) ordH=(0,0) residuals=[275549,0,0,0,0] centered_H={275549:110988,446009:45617}
p=552887 q=957959 N=529643077633 n=39 B=524288 H=1010214 gap=405072 e=1 D=1 sp=276443(276443) sq=478979(461*1039) ordN=(276442,47748) ordH=(0,0) residuals=[276443,0,0,0,0] centered_H={276443:-95558,461:163,1039:306}
p=555683 q=592139 N=329041575937 n=39 B=524288 H=627597 gap=36456 e=1 D=1 sp=277841(109*2549) sq=296069(107*2767) ordN=(68796,146598) ordH=(0,0) residuals=[277841,0,0,0,0] centered_H={109:-25,2549:543,107:42,2767:-512}
p=557087 q=981983 N=547049963521 n=39 B=524288 H=1043415 gap=424896 e=1 D=1 sp=278543(278543) sq=490991(490991) ordN=(139271,490990) ordH=(0,0) residuals=[278543,0,0,0,0] centered_H={278543:-70757,490991:61433}
p=557927 q=714839 N=398827978753 n=39 B=524288 H=760704 gap=156912 e=1 D=1 sp=278963(83*3361) sq=357419(113*3163) ordN=(137760,88536) ordH=(0,0) residuals=[278963,0,0,0,0] centered_H={83:9,3361:1118,113:-12,3163:-1579}
p=568187 q=818099 N=464833216513 n=39 B=524288 H=886599 gap=249912 e=1 D=1 sp=284093(284093) sq=409049(97*4217) ordN=(71023,50592) ordH=(0,0) residuals=[284093,0,0,0,0] centered_H={284093:34320,97:19,4217:1029}
p=580487 q=653879 N=379568259073 n=39 B=524288 H=723969 gap=73392 e=1 D=1 sp=290243(290243) sq=326939(326939) ordN=(290242,326938) ordH=(0,0) residuals=[290243,0,0,0,0] centered_H={290243:143483,326939:70091}
p=593519 q=921743 N=547071983617 n=39 B=524288 H=1043457 gap=328224 e=1 D=1 sp=296759(167*1777) sq=460871(460871) ordN=(49136,27110) ordH=(0,0) residuals=[296759,0,0,0,0] centered_H={167:41,1777:358,460871:121715}
p=597803 q=1091459 N=652477464577 n=40 B=1048576 H=622251 gap=493656 e=1 D=1 sp=298901(499*599) sq=545729(367*1487) ordN=(148902,271938) ordH=(0,0) residuals=[298901,0,0,0,0] centered_H={499:-2,599:-110,367:-181,1487:685}
p=607967 q=783647 N=476431515649 n=39 B=524288 H=908721 gap=175680 e=1 D=1 sp=303983(303983) sq=391823(391823) ordN=(303982,391822) ordH=(0,0) residuals=[303983,0,0,0,0] centered_H={303983:-3228,391823:125075}
p=616439 q=756167 N=466130829313 n=39 B=524288 H=889074 gap=139728 e=1 D=1 sp=308219(308219) sq=378083(378083) ordN=(308218,378082) ordH=(0,0) residuals=[308219,0,0,0,0] centered_H={308219:-35583,378083:132908}
p=617447 q=686039 N=423592722433 n=39 B=524288 H=807939 gap=68592 e=1 D=1 sp=308723(308723) sq=343019(343019) ordN=(154361,171509) ordH=(0,0) residuals=[308723,0,0,0,0] centered_H={308723:-118230,343019:121901}
p=622607 q=880367 N=548122656769 n=39 B=524288 H=1045461 gap=257760 e=1 D=1 sp=311303(311303) sq=440183(440183) ordN=(155651,440182) ordH=(0,0) residuals=[311303,0,0,0,0] centered_H={311303:111552,440183:165095}
p=632447 q=792959 N=501504540673 n=39 B=524288 H=956544 gap=160512 e=1 D=1 sp=316223(316223) sq=396479(396479) ordN=(316222,396478) ordH=(0,0) residuals=[316223,0,0,0,0] centered_H={316223:7875,396479:163586}
p=637727 q=655583 N=418082979841 n=39 B=524288 H=797430 gap=17856 e=1 D=1 sp=318863(318863) sq=327791(181*1811) ordN=(159431,8145) ordH=(0,0) residuals=[318863,0,0,0,0] centered_H={318863:-159159,181:-56,1811:590}
p=640247 q=670919 N=429553876993 n=39 B=524288 H=819309 gap=30672 e=1 D=1 sp=320123(157*2039) sq=335459(335459) ordN=(79482,335458) ordH=(0,0) residuals=[320123,0,0,0,0] centered_H={157:-74,2039:-369,335459:148391}
p=642779 q=1277267 N=821000404993 n=40 B=1048576 H=782967 gap=634488 e=1 D=1 sp=321389(557*577) sq=638633(638633) ordN=(80064,319316) ordH=(0,0) residuals=[321389,0,0,0,0] centered_H={557:-175,577:-22,638633:144334}
p=650627 q=952619 N=619799642113 n=40 B=1048576 H=591087 gap=301992 e=1 D=1 sp=325313(61*5333) sq=476309(331*1439) ordN=(5332,39545) ordH=(0,0) residuals=[325313,0,0,0,0] centered_H={61:-3,5333:-876,331:-79,1439:-342}
p=658079 q=954719 N=628280524801 n=40 B=1048576 H=599175 gap=296640 e=1 D=1 sp=329039(293*1123) sq=477359(477359) ordN=(163812,238679) ordH=(0,0) residuals=[329039,0,0,0,0] centered_H={293:-10,1123:-507,477359:121816}
p=660887 q=1161767 N=767796707329 n=40 B=1048576 H=732228 gap=500880 e=1 D=1 sp=330443(491*673) sq=580883(211*2753) ordN=(4704,288960) ordH=(0,0) residuals=[330443,0,0,0,0] centered_H={491:147,673:4,211:58,2753:-70}
p=669107 q=754043 N=504535449601 n=39 B=524288 H=962325 gap=84936 e=1 D=1 sp=334553(97*3449) sq=377021(377021) ordN=(20688,377020) ordH=(0,0) residuals=[334553,0,0,0,0] centered_H={97:-12,3449:54,377021:-168738}
p=677459 q=1334747 N=904236367873 n=40 B=1048576 H=862347 gap=657288 e=1 D=1 sp=338729(47*7207) sq=667373(7*95339) ordN=(165738,95338) ordH=(0,0) residuals=[338729,0,0,0,0] centered_H={47:-9,7207:-2493,7:3,95339:4296}
p=689279 q=1129343 N=778432413697 n=40 B=1048576 H=742371 gap=440064 e=1 D=1 sp=344639(344639) sq=564671(564671) ordN=(344638,112934) ordH=(0,0) residuals=[344639,0,0,0,0] centered_H={344639:53093,564671:177700}
p=693167 q=828239 N=574107942913 n=40 B=1048576 H=547512 gap=135072 e=1 D=1 sp=346583(127*2729) sq=414119(199*2081) ordN=(171864,102960) ordH=(0,0) residuals=[346583,0,0,0,0] centered_H={127:15,2729:-1017,199:63,2081:209}
p=704303 q=1370063 N=964939481089 n=40 B=1048576 H=920238 gap=665760 e=1 D=1 sp=352151(157*2243) sq=685031(685031) ordN=(87438,342515) ordH=(0,0) residuals=[352151,0,0,0,0] centered_H={157:61,2243:608,685031:235207}
p=706679 q=1151303 N=813601652737 n=40 B=1048576 H=775911 gap=444624 e=1 D=1 sp=353339(7^2*7211) sq=575651(575651) ordN=(721,287825) ordH=(0,0) residuals=[353339,0,0,0,0] centered_H={7:3,7211:-2877,575651:200260}
p=706943 q=718463 N=507912388609 n=39 B=524288 H=968766 gap=11520 e=1 D=1 sp=353471(353471) sq=359231(359231) ordN=(353470,35923) ordH=(0,0) residuals=[353471,0,0,0,0] centered_H={353471:-91647,359231:-108927}
p=714719 q=1020959 N=729698795521 n=40 B=1048576 H=695895 gap=306240 e=1 D=1 sp=357359(357359) sq=510479(631*809) ordN=(178679,50904) ordH=(0,0) residuals=[357359,0,0,0,0] centered_H={357359:-18823,631:-98,809:155}
p=720779 q=995363 N=717436747777 n=40 B=1048576 H=684201 gap=274584 e=1 D=1 sp=360389(199*1811) sq=497681(479*1039) ordN=(179190,248082) ordH=(0,0) residuals=[360389,0,0,0,0] centered_H={199:39,1811:-357,479:189,1039:-500}
p=722027 q=1017923 N=734967889921 n=40 B=1048576 H=700920 gap=295896 e=1 D=1 sp=361013(361013) sq=508961(508961) ordN=(361012,508960) ordH=(0,0) residuals=[361013,0,0,0,0] centered_H={361013:-21106,508961:191959}
p=728627 q=1379579 N=1005198508033 n=40 B=1048576 H=958632 gap=650952 e=1 D=1 sp=364313(364313) sq=689789(689789) ordN=(364312,344894) ordH=(0,0) residuals=[364313,0,0,0,0] centered_H={364313:-134307,689789:268843}
p=737687 q=740903 N=546554511361 n=39 B=524288 H=1042470 gap=3216 e=1 D=1 sp=368843(103*3581) sq=370451(370451) ordN=(895,370450) ordH=(0,0) residuals=[368843,0,0,0,0] centered_H={103:7,3581:399,370451:-68883}
p=747107 q=936779 N=699874148353 n=40 B=1048576 H=667452 gap=189672 e=1 D=1 sp=373553(373553) sq=468389(468389) ordN=(186776,234194) ordH=(0,0) residuals=[373553,0,0,0,0] centered_H={373553:-79654,468389:199063}
p=749807 q=900623 N=675293429761 n=40 B=1048576 H=644010 gap=150816 e=1 D=1 sp=374903(374903) sq=450311(450311) ordN=(374902,45031) ordH=(0,0) residuals=[374903,0,0,0,0] centered_H={374903:-105796,450311:193699}
p=761459 q=865979 N=659407503361 n=40 B=1048576 H=628860 gap=104520 e=1 D=1 sp=380729(380729) sq=432989(432989) ordN=(47591,432988) ordH=(0,0) residuals=[380729,0,0,0,0] centered_H={380729:-132598,432989:195871}
p=766583 q=1165127 N=893166551041 n=40 B=1048576 H=851790 gap=398544 e=1 D=1 sp=383291(383291) sq=582563(582563) ordN=(383290,291281) ordH=(0,0) residuals=[383291,0,0,0,0] centered_H={383291:85208,582563:269227}
p=776507 q=890867 N=691764461569 n=40 B=1048576 H=659718 gap=114360 e=1 D=1 sp=388253(388253) sq=445433(445433) ordN=(194126,445432) ordH=(0,0) residuals=[388253,0,0,0,0] centered_H={388253:-116788,445433:214285}
p=788999 q=1262519 N=996126228481 n=40 B=1048576 H=949980 gap=473520 e=1 D=1 sp=394499(7^2*83*97) sq=631259(631259) ordN=(82,631258) ordH=(0,0) residuals=[394499,0,0,0,0] centered_H={7:3,83:-38,97:-38,631259:-312538}
p=793139 q=1339643 N=1062523109377 n=40 B=1048576 H=1013301 gap=546504 e=1 D=1 sp=396569(227*1747) sq=669821(317*2113) ordN=(98649,41712) ordH=(0,0) residuals=[396569,0,0,0,0] centered_H={227:-27,1747:41,317:-148,2113:-939}
p=795299 q=1483019 N=1179443527681 n=41 B=1048576 H=1124805 gap=687720 e=1 D=1 sp=397649(7*56807) sq=741509(741509) ordN=(28403,370754) ordH=(0,0) residuals=[397649,0,0,0,0] centered_H={7:3,56807:-11335,741509:-358213}
p=806483 q=861659 N=694913335297 n=40 B=1048576 H=662721 gap=55176 e=1 D=1 sp=403241(403241) sq=430829(7*61547) ordN=(403240,30773) ordH=(0,0) residuals=[403241,0,0,0,0] centered_H={403241:-143761,7:3,61547:-14296}
p=811607 q=1026407 N=833039106049 n=40 B=1048576 H=794448 gap=214800 e=1 D=1 sp=405803(257*1579) sq=513203(513203) ordN=(201984,256601) ordH=(0,0) residuals=[405803,0,0,0,0] centered_H={257:61,1579:211,513203:-231958}
p=811619 q=1388363 N=1126821789697 n=41 B=1048576 H=1074621 gap=576744 e=1 D=1 sp=405809(263*1543) sq=694181(443*1567) ordN=(67334,173043) ordH=(0,0) residuals=[405809,0,0,0,0] centered_H={263:3,1543:693,443:-97,1567:-341}
p=814127 q=1333967 N=1086018551809 n=40 B=1048576 H=1035708 gap=519840 e=1 D=1 sp=407063(461*883) sq=666983(666983) ordN=(202860,666982) ordH=(0,0) residuals=[407063,0,0,0,0] centered_H={461:-159,883:-51,666983:-298258}
p=815159 q=935303 N=762420658177 n=40 B=1048576 H=727101 gap=120144 e=1 D=1 sp=407579(407579) sq=467651(467651) ordN=(407578,467650) ordH=(0,0) residuals=[407579,0,0,0,0] centered_H={407579:-88057,467651:-208201}
p=825467 q=1279667 N=1056322879489 n=40 B=1048576 H=1007388 gap=454200 e=1 D=1 sp=412733(271*1523) sq=639833(639833) ordN=(68490,79979) ordH=(0,0) residuals=[412733,0,0,0,0] centered_H={271:81,1523:685,639833:-272278}
p=828407 q=986567 N=817279008769 n=40 B=1048576 H=779418 gap=158160 e=1 D=1 sp=414203(414203) sq=493283(7^2*10067) ordN=(207101,1438) ordH=(0,0) residuals=[414203,0,0,0,0] centered_H={414203:-48988,7:3,10067:4259}
p=836183 q=1395047 N=1166514585601 n=41 B=1048576 H=1112475 gap=558864 e=1 D=1 sp=418091(157*2663) sq=697523(697523) ordN=(2662,697522) ordH=(0,0) residuals=[418091,0,0,0,0] centered_H={157:-27,2663:-659,697523:-282571}
p=837923 q=1289867 N=1080809226241 n=40 B=1048576 H=1030740 gap=451944 e=1 D=1 sp=418961(418961) sq=644933(644933) ordN=(26185,161233) ordH=(0,0) residuals=[418961,0,0,0,0] centered_H={418961:192818,644933:-259126}
p=866123 q=1186403 N=1027570925569 n=40 B=1048576 H=979968 gap=320280 e=1 D=1 sp=433061(433061) sq=593201(7*83*1021) ordN=(216530,8364) ordH=(0,0) residuals=[433061,0,0,0,0] centered_H={433061:113846,7:3,83:-13,1021:-192}
p=871463 q=1270679 N=1107349733377 n=41 B=1048576 H=1056051 gap=399216 e=1 D=1 sp=435731(435731) sq=635339(635339) ordN=(43573,317669) ordH=(0,0) residuals=[435731,0,0,0,0] centered_H={435731:184589,635339:-214627}
p=871679 q=1684223 N=1468101820417 n=41 B=1048576 H=1400091 gap=812544 e=1 D=1 sp=435839(435839) sq=842111(842111) ordN=(435838,84211) ordH=(0,0) residuals=[435839,0,0,0,0] centered_H={435839:92574,842111:-284131}
p=886583 q=1367687 N=1212568043521 n=41 B=1048576 H=1156395 gap=481104 e=1 D=1 sp=443291(443291) sq=683843(683843) ordN=(221645,683842) ordH=(0,0) residuals=[443291,0,0,0,0] centered_H={443291:-173478,683843:-211291}
p=886979 q=1009643 N=895532138497 n=40 B=1048576 H=854046 gap=122664 e=1 D=1 sp=443489(443489) sq=504821(504821) ordN=(443488,504820) ordH=(0,0) residuals=[443489,0,0,0,0] centered_H={443489:-32932,504821:-155596}
p=904823 q=1076039 N=973624836097 n=40 B=1048576 H=928521 gap=171216 e=1 D=1 sp=452411(227*1993) sq=538019(538019) ordN=(18758,269009) ordH=(0,0) residuals=[452411,0,0,0,0] centered_H={227:91,1993:-217,538019:-147517}
p=924383 q=1843487 N=1704088043521 n=41 B=1048576 H=1625145 gap=919104 e=1 D=1 sp=462191(462191) sq=921743(921743) ordN=(231095,460871) ordH=(0,0) residuals=[462191,0,0,0,0] centered_H={462191:-223619,921743:-218341}
p=927779 q=1034123 N=959437602817 n=40 B=1048576 H=914991 gap=106344 e=1 D=1 sp=463889(463889) sq=517061(517061) ordN=(463888,517060) ordH=(0,0) residuals=[463889,0,0,0,0] centered_H={463889:-12787,517061:-119131}
p=932039 q=1509623 N=1407027511297 n=41 B=1048576 H=1341846 gap=577584 e=1 D=1 sp=466019(466019) sq=754811(754811) ordN=(466018,377405) ordH=(0,0) residuals=[466019,0,0,0,0] centered_H={466019:-56211,754811:-167776}
p=932567 q=1661159 N=1549142065153 n=41 B=1048576 H=1477377 gap=728592 e=1 D=1 sp=466283(466283) sq=830579(830579) ordN=(233141,830578) ordH=(0,0) residuals=[466283,0,0,0,0] centered_H={466283:78528,830579:-183781}
p=934919 q=1436087 N=1342625021953 n=41 B=1048576 H=1280427 gap=501168 e=1 D=1 sp=467459(67*6977) sq=718043(718043) ordN=(230208,359021) ordH=(0,0) residuals=[467459,0,0,0,0] centered_H={67:-10,6977:-3341,718043:-155659}
p=939119 q=1411727 N=1325779648513 n=41 B=1048576 H=1264362 gap=472608 e=1 D=1 sp=469559(499*941) sq=705863(705863) ordN=(78020,705862) ordH=(0,0) residuals=[469559,0,0,0,0] centered_H={499:-104,941:-342,705863:-147364}
p=942779 q=1151603 N=1085707124737 n=40 B=1048576 H=1035411 gap=208824 e=1 D=1 sp=471389(471389) sq=575801(101*5701) ordN=(235694,1900) ordH=(0,0) residuals=[471389,0,0,0,0] centered_H={471389:92633,101:-41,5701:-2171}
p=945983 q=1376447 N=1302095462401 n=41 B=1048576 H=1241775 gap=430464 e=1 D=1 sp=472991(17*27823) sq=688223(688223) ordN=(27822,688222) ordH=(0,0) residuals=[472991,0,0,0,0] centered_H={17:-7,27823:-10260,688223:-134671}
p=953507 q=1214219 N=1157766316033 n=41 B=1048576 H=1104132 gap=260712 e=1 D=1 sp=476753(476753) sq=607109(607109) ordN=(29797,607108) ordH=(0,0) residuals=[476753,0,0,0,0] centered_H={476753:150626,607109:-110086}
p=954923 q=1809539 N=1727970410497 n=41 B=1048576 H=1647921 gap=854616 e=1 D=1 sp=477461(477461) sq=904769(904769) ordN=(23873,452384) ordH=(0,0) residuals=[477461,0,0,0,0] centered_H={477461:215538,904769:-161617}
p=956843 q=1546499 N=1479756742657 n=41 B=1048576 H=1411206 gap=589656 e=1 D=1 sp=478421(478421) sq=773249(773249) ordN=(478420,24164) ordH=(0,0) residuals=[478421,0,0,0,0] centered_H={478421:-24057,773249:-135292}
p=956903 q=1796567 N=1719140352001 n=41 B=1048576 H=1639500 gap=839664 e=1 D=1 sp=478451(478451) sq=898283(898283) ordN=(239225,449141) ordH=(0,0) residuals=[478451,0,0,0,0] centered_H={478451:204147,898283:-157066}
p=970967 q=1254119 N=1217708163073 n=41 B=1048576 H=1161297 gap=283152 e=1 D=1 sp=485483(409*1187) sq=627059(627059) ordN=(30243,313529) ordH=(0,0) residuals=[485483,0,0,0,0] centered_H={409:146,1187:411,627059:-92821}
p=972047 q=1931759 N=1877760540673 n=41 B=1048576 H=1790772 gap=959712 e=1 D=1 sp=486023(486023) sq=965879(283*3413) ordN=(486022,160364) ordH=(0,0) residuals=[486023,0,0,0,0] centered_H={486023:-153320,283:-52,3413:-1053}
p=974147 q=1939307 N=1889170096129 n=41 B=1048576 H=1801653 gap=965160 e=1 D=1 sp=487073(487073) sq=969653(113*8581) ordN=(243536,80080) ordH=(0,0) residuals=[487073,0,0,0,0] centered_H={487073:-146639,113:-19,8581:-357}
p=997727 q=1794719 N=1790639603713 n=41 B=1048576 H=1707687 gap=796992 e=1 D=1 sp=498863(659*757) sq=897359(897359) ordN=(17766,897358) ordH=(0,0) residuals=[498863,0,0,0,0] centered_H={659:218,757:-105,897359:-87031}
p=1008263 q=1295159 N=1305860898817 n=41 B=1048576 H=1245366 gap=286896 e=1 D=1 sp=504131(311*1621) sq=647579(647579) ordN=(12555,323789) ordH=(0,0) residuals=[504131,0,0,0,0] centered_H={311:122,1621:438,647579:-49792}
p=1011107 q=1125899 N=1138404360193 n=41 B=1048576 H=1085667 gap=114792 e=1 D=1 sp=505553(83*6091) sq=562949(562949) ordN=(249690,562948) ordH=(0,0) residuals=[505553,0,0,0,0] centered_H={83:27,6091:1469,562949:-40231}
p=1011719 q=1113527 N=1126576422913 n=41 B=1048576 H=1074387 gap=101808 e=1 D=1 sp=505859(241*2099) sq=556763(556763) ordN=(251760,278381) ordH=(0,0) residuals=[505859,0,0,0,0] centered_H={241:9,2099:-301,556763:-39139}
p=1059743 q=1978463 N=2096662315009 n=41 B=1048576 H=1999533 gap=918720 e=1 D=1 sp=529871(529871) sq=989231(989231) ordN=(264935,989230) ordH=(0,0) residuals=[529871,0,0,0,0] centered_H={529871:-119951,989231:21071}
p=1077023 q=1985759 N=2138708115457 n=41 B=1048576 H=2039631 gap=908736 e=1 D=1 sp=538511(538511) sq=992879(269*3691) ordN=(269255,54940) ordH=(0,0) residuals=[538511,0,0,0,0] centered_H={538511:-114413,269:73,3691:-1492}
p=1077299 q=2099963 N=2262288039937 n=42 B=2097152 H=1078743 gap=1022664 e=1 D=1 sp=538649(538649) sq=1049981(181*5801) ordN=(538648,52200) ordH=(0,0) residuals=[538649,0,0,0,0] centered_H={538649:1445,181:-17,5801:-243}
p=1077743 q=1236239 N=1332347928577 n=41 B=1048576 H=1270626 gap=158496 e=1 D=1 sp=538871(538871) sq=618119(618119) ordN=(538870,618118) ordH=(0,0) residuals=[538871,0,0,0,0] centered_H={538871:192884,618119:34388}
p=1079867 q=1724147 N=1861849448449 n=41 B=1048576 H=1775598 gap=644280 e=1 D=1 sp=539933(173*3121) sq=862073(239*3607) ordN=(26832,143038) ordH=(0,0) residuals=[539933,0,0,0,0] centered_H={173:-74,3121:-251,239:67,3607:954}
p=1079987 q=1885307 N=2036107051009 n=41 B=1048576 H=1941783 gap=805320 e=1 D=1 sp=539993(539993) sq=942653(942653) ordN=(539992,471326) ordH=(0,0) residuals=[539993,0,0,0,0] centered_H={539993:-218189,942653:56477}
p=1084067 q=1145099 N=1241364037633 n=41 B=1048576 H=1183857 gap=61032 e=1 D=1 sp=542033(59*9187) sq=572549(572549) ordN=(266394,572548) ordH=(0,0) residuals=[542033,0,0,0,0] centered_H={59:22,9187:-1266,572549:38759}
p=1084547 q=1385003 N=1502100848641 n=41 B=1048576 H=1432515 gap=300456 e=1 D=1 sp=542273(43*12611) sq=692501(283*2447) ordN=(52962,172443) ordH=(0,0) residuals=[542273,0,0,0,0] centered_H={43:13,12611:-5139,283:-31,2447:1020}
p=1084859 q=1126259 N=1221832212481 n=41 B=1048576 H=1165230 gap=41400 e=1 D=1 sp=542429(313*1733) sq=563129(7*80447) ordN=(45032,80446) ordH=(0,0) residuals=[542429,0,0,0,0] centered_H={313:-69,1733:654,7:3,80447:38972}
p=1112747 q=1519619 N=1690951483393 n=41 B=1048576 H=1612617 gap=406872 e=1 D=1 sp=556373(556373) sq=759809(467*1627) ordN=(139093,189429) ordH=(0,0) residuals=[556373,0,0,0,0] centered_H={556373:-56502,467:66,1627:260}
p=1115267 q=1206827 N=1345934327809 n=41 B=1048576 H=1283583 gap=91560 e=1 D=1 sp=557633(557633) sq=603413(331*1823) ordN=(278816,300630) ordH=(0,0) residuals=[557633,0,0,0,0] centered_H={557633:168317,331:-35,1823:191}
p=1122227 q=1615739 N=1813225930753 n=41 B=1048576 H=1729227 gap=493512 e=1 D=1 sp=561113(7*71*1129) sq=807869(807869) ordN=(6580,807868) ordH=(0,0) residuals=[561113,0,0,0,0] centered_H={7:3,71:22,1129:-401,807869:113489}
p=1123427 q=1211723 N=1361282334721 n=41 B=1048576 H=1298220 gap=88296 e=1 D=1 sp=561713(561713) sq=605861(605861) ordN=(140428,302930) ordH=(0,0) residuals=[561713,0,0,0,0] centered_H={561713:174794,605861:86498}
p=1128899 q=1474283 N=1664316604417 n=41 B=1048576 H=1587216 gap=345384 e=1 D=1 sp=564449(564449) sq=737141(457*1613) ordN=(70556,45942) ordH=(0,0) residuals=[564449,0,0,0,0] centered_H={564449:-106131,457:55,1613:24}
p=1138667 q=2085059 N=2374187876353 n=42 B=2097152 H=1132101 gap=946392 e=1 D=1 sp=569333(89*6397) sq=1042529(1042529) ordN=(23452,32579) ordH=(0,0) residuals=[569333,0,0,0,0] centered_H={89:21,6397:-168,1042529:89572}
p=1138703 q=1150703 N=1310308958209 n=41 B=1048576 H=1249608 gap=12000 e=1 D=1 sp=569351(431*1321) sq=575351(7*82193) ordN=(28380,82192) ordH=(0,0) residuals=[569351,0,0,0,0] centered_H={431:139,1321:-58,7:3,82193:16713}
p=1163843 q=1251947 N=1457069752321 n=41 B=1048576 H=1389570 gap=88104 e=1 D=1 sp=581921(581921) sq=625973(307*2039) ordN=(145480,311814) ordH=(0,0) residuals=[581921,0,0,0,0] centered_H={581921:225728,307:88,2039:1011}
p=1167059 q=1554779 N=1814518824961 n=41 B=1048576 H=1730460 gap=387720 e=1 D=1 sp=583529(173*3373) sq=777389(777389) ordN=(48332,194347) ordH=(0,0) residuals=[583529,0,0,0,0] centered_H={173:-59,3373:111,777389:175682}
p=1192559 q=2190479 N=2612275445761 n=42 B=2097152 H=1245630 gap=997920 e=1 D=1 sp=596279(596279) sq=1095239(1095239) ordN=(596278,547619) ordH=(0,0) residuals=[596279,0,0,0,0] centered_H={596279:53072,1095239:150391}
p=1200359 q=1688279 N=2026540892161 n=41 B=1048576 H=1932660 gap=487920 e=1 D=1 sp=600179(61*9839) sq=844139(844139) ordN=(4919,422069) ordH=(0,0) residuals=[600179,0,0,0,0] centered_H={61:-3,9839:4216,844139:244382}
p=1207439 q=2175599 N=2626903080961 n=42 B=2097152 H=1252605 gap=968160 e=1 D=1 sp=603719(603719) sq=1087799(1087799) ordN=(301859,543899) ordH=(0,0) residuals=[603719,0,0,0,0] centered_H={603719:45167,1087799:164806}
p=1219859 q=1684763 N=2055173308417 n=41 B=1048576 H=1959966 gap=464904 e=1 D=1 sp=609929(609929) sq=842381(47*17923) ordN=(304964,412206) ordH=(0,0) residuals=[609929,0,0,0,0] centered_H={609929:130179,47:19,17923:6359}
p=1227323 q=1969907 N=2417712168961 n=42 B=2097152 H=1152855 gap=742584 e=1 D=1 sp=613661(613661) sq=984953(227*4339) ordN=(306830,490194) ordH=(0,0) residuals=[613661,0,0,0,0] centered_H={613661:-74467,227:-78,4339:-1319}
p=1233539 q=1936427 N=2388658225153 n=42 B=2097152 H=1139001 gap=702888 e=1 D=1 sp=616769(616769) sq=968213(968213) ordN=(616768,968212) ordH=(0,0) residuals=[616769,0,0,0,0] centered_H={616769:-94537,968213:170788}
p=1235243 q=1252739 N=1547437080577 n=41 B=1048576 H=1475751 gap=17496 e=1 D=1 sp=617621(719*859) sq=626369(47*13327) ordN=(102674,306498) ordH=(0,0) residuals=[617621,0,0,0,0] centered_H={719:-356,859:-11,47:-2,13327:-3546}
p=1244627 q=1532507 N=1907399589889 n=41 B=1048576 H=1819038 gap=287880 e=1 D=1 sp=622313(622313) sq=766253(113*6781) ordN=(622312,12656) ordH=(0,0) residuals=[622313,0,0,0,0] centered_H={622313:-47901,113:-36,6781:1730}
p=1248503 q=1537223 N=1919227527169 n=41 B=1048576 H=1830318 gap=288720 e=1 D=1 sp=624251(624251) sq=768611(719*1069) ordN=(624250,127804) ordH=(0,0) residuals=[624251,0,0,0,0] centered_H={624251:-42435,719:-256,1069:190}
p=1254767 q=1956239 N=2454624141313 n=42 B=2097152 H=1170456 gap=701472 e=1 D=1 sp=627383(627383) sq=978119(167*5857) ordN=(627382,162016) ordH=(0,0) residuals=[627383,0,0,0,0] centered_H={627383:-84310,167:-47,5857:-944}
p=1259243 q=2277827 N=2868337704961 n=42 B=2097152 H=1367730 gap=1018584 e=1 D=1 sp=629621(277*2273) sq=1138913(797*1429) ordN=(13064,10149) ordH=(0,0) residuals=[629621,0,0,0,0] centered_H={277:-96,2273:-616,797:78,1429:177}
p=1263947 q=2029667 N=2565391515649 n=42 B=2097152 H=1223274 gap=765720 e=1 D=1 sp=631973(521*1213) sq=1014833(1014833) ordN=(157560,59696) ordH=(0,0) residuals=[631973,0,0,0,0] centered_H={521:-34,1213:570,1014833:208441}
p=1264643 q=1490603 N=1885080649729 n=41 B=1048576 H=1797753 gap=225960 e=1 D=1 sp=632321(632321) sq=745301(745301) ordN=(316160,149060) ordH=(0,0) residuals=[632321,0,0,0,0] centered_H={632321:-99210,745301:307151}
p=1272443 q=1434803 N=1825705033729 n=41 B=1048576 H=1741128 gap=162360 e=1 D=1 sp=636221(191*3331) sq=717401(151*4751) ordN=(63270,7125) ordH=(0,0) residuals=[636221,0,0,0,0] centered_H={191:-28,3331:-985,151:-53,4751:2262}
p=1281803 q=1524899 N=1954620112897 n=41 B=1048576 H=1864071 gap=243096 e=1 D=1 sp=640901(640901) sq=762449(101*7549) ordN=(5525,3700) ordH=(0,0) residuals=[640901,0,0,0,0] centered_H={640901:-58632,101:15,7549:-532}
p=1284047 q=1969967 N=2529530216449 n=42 B=2097152 H=1206174 gap=685920 e=1 D=1 sp=642023(197*3259) sq=984983(71*13873) ordN=(159642,80920) ordH=(0,0) residuals=[642023,0,0,0,0] centered_H={197:-57,3259:344,71:26,13873:-777}
p=1285247 q=2106239 N=2707037356033 n=42 B=2097152 H=1290816 gap=820992 e=1 D=1 sp=642623(642623) sq=1053119(137*7687) ordN=(321311,29036) ordH=(0,0) residuals=[642623,0,0,0,0] centered_H={642623:5570,137:2,7687:-600}
p=1286807 q=2489639 N=3203684892673 n=42 B=2097152 H=1527636 gap=1202832 e=1 D=1 sp=643403(643403) sq=1244819(1244819) ordN=(643402,1244818) ordH=(0,0) residuals=[643403,0,0,0,0] centered_H={643403:240830,1244819:282817}
p=1291163 q=1604243 N=2071339204609 n=41 B=1048576 H=1975383 gap=313080 e=1 D=1 sp=645581(645581) sq=802121(802121) ordN=(645580,802120) ordH=(0,0) residuals=[645581,0,0,0,0] centered_H={645581:38640,802121:371141}
p=1302227 q=2107739 N=2744754634753 n=42 B=2097152 H=1308801 gap=805512 e=1 D=1 sp=651113(599*1087) sq=1053869(683*1543) ordN=(324714,175274) ordH=(0,0) residuals=[651113,0,0,0,0] centered_H={599:-14,1087:53,683:173,1543:337}
p=1320623 q=1896527 N=2504597176321 n=42 B=2097152 H=1194285 gap=575904 e=1 D=1 sp=660311(317*2083) sq=948263(948263) ordN=(328956,474131) ordH=(0,0) residuals=[660311,0,0,0,0] centered_H={317:146,2083:726,948263:246022}
p=1321319 q=2089559 N=2760974008321 n=42 B=2097152 H=1316535 gap=768240 e=1 D=1 sp=660659(660659) sq=1044779(1044779) ordN=(660658,1044778) ordH=(0,0) residuals=[660659,0,0,0,0] centered_H={660659:-4783,1044779:271756}
p=1325063 q=1684919 N=2232623824897 n=42 B=2097152 H=1064598 gap=359856 e=1 D=1 sp=662531(662531) sq=842459(619*1361) ordN=(662530,35020) ordH=(0,0) residuals=[662531,0,0,0,0] centered_H={662531:-260464,619:-82,1361:296}
p=1342907 q=1556339 N=2090018537473 n=41 B=1048576 H=1993197 gap=213432 e=1 D=1 sp=671453(223*3011) sq=778169(7^2*15881) ordN=(22274,3970) ordH=(0,0) residuals=[671453,0,0,0,0] centered_H={223:23,3011:-85,7:3,15881:-7809}
p=1346483 q=1514363 N=2039064035329 n=41 B=1048576 H=1944603 gap=167880 e=1 D=1 sp=673241(673241) sq=757181(757181) ordN=(336620,757180) ordH=(0,0) residuals=[673241,0,0,0,0] centered_H={673241:-75120,757181:-326940}
p=1347587 q=1481387 N=1996297863169 n=41 B=1048576 H=1903818 gap=133800 e=1 D=1 sp=673793(673793) sq=740693(740693) ordN=(168448,740692) ordH=(0,0) residuals=[673793,0,0,0,0] centered_H={673793:-117561,740693:-318261}
p=1370819 q=2332139 N=3196940451841 n=42 B=2097152 H=1524420 gap=961320 e=1 D=1 sp=685409(139*4931) sq=1166069(433*2693) ordN=(340170,145368) ordH=(0,0) residuals=[685409,0,0,0,0] centered_H={139:7,4931:741,433:-173,2693:182}
p=1370987 q=2550083 N=3496130641921 n=42 B=2097152 H=1667085 gap=1179096 e=1 D=1 sp=685493(685493) sq=1275041(1275041) ordN=(171373,637520) ordH=(0,0) residuals=[685493,0,0,0,0] centered_H={685493:296099,1275041:392044}
p=1381487 q=2542223 N=3512048025601 n=42 B=2097152 H=1674675 gap=1160736 e=1 D=1 sp=690743(317*2179) sq=1271111(1271111) ordN=(172062,8045) ordH=(0,0) residuals=[690743,0,0,0,0] centered_H={317:-36,2179:-976,1271111:403564}
p=1383287 q=1715783 N=2373420318721 n=42 B=2097152 H=1131735 gap=332496 e=1 D=1 sp=691643(647*1069) sq=857891(47*18253) ordN=(172482,15548) ordH=(0,0) residuals=[691643,0,0,0,0] centered_H={647:132,1069:-336,47:22,18253:49}
p=1401083 q=1419827 N=1989295472641 n=41 B=1048576 H=1897140 gap=18744 e=1 D=1 sp=700541(251*2791) sq=709913(709913) ordN=(23250,709912) ordH=(0,0) residuals=[700541,0,0,0,0] centered_H={251:82,2791:-740,709913:-232599}
p=1416587 q=1909283 N=2704665477121 n=42 B=2097152 H=1289685 gap=492696 e=1 D=1 sp=708293(708293) sq=954641(954641) ordN=(708292,954640) ordH=(0,0) residuals=[708293,0,0,0,0] centered_H={708293:-126901,954641:335044}
p=1431923 q=1504187 N=2153879961601 n=41 B=1048576 H=2054100 gap=72264 e=1 D=1 sp=715961(715961) sq=752093(752093) ordN=(51140,68372) ordH=(0,0) residuals=[715961,0,0,0,0] centered_H={715961:-93783,752093:-202179}
p=1436147 q=2676539 N=3843903455233 n=42 B=2097152 H=1832916 gap=1240392 e=1 D=1 sp=718073(307*2339) sq=1338269(1338269) ordN=(178857,334567) ordH=(0,0) residuals=[718073,0,0,0,0] centered_H={307:126,2339:-860,1338269:494647}
p=1440983 q=1619687 N=2333941432321 n=42 B=2097152 H=1112910 gap=178704 e=1 D=1 sp=720491(720491) sq=809843(809843) ordN=(360245,404921) ordH=(0,0) residuals=[720491,0,0,0,0] centered_H={720491:-328072,809843:303067}
p=1449683 q=1567067 N=2271750389761 n=42 B=2097152 H=1083255 gap=117384 e=1 D=1 sp=724841(13^2*4289) sq=783533(783533) ordN=(4288,391766) ordH=(0,0) residuals=[724841,0,0,0,0] centered_H={13:4,4289:-1862,783533:299722}
p=1452299 q=2251427 N=3269745180673 n=42 B=2097152 H=1559136 gap=799128 e=1 D=1 sp=726149(726149) sq=1125713(1125713) ordN=(726148,140714) ordH=(0,0) residuals=[726149,0,0,0,0] centered_H={726149:106838,1125713:433423}
p=1460099 q=1605419 N=2344070676481 n=42 B=2097152 H=1117740 gap=145320 e=1 D=1 sp=730049(730049) sq=802709(802709) ordN=(182512,200677) ordH=(0,0) residuals=[730049,0,0,0,0] centered_H={730049:-342358,802709:315031}
p=1482407 q=1648919 N=2444369068033 n=42 B=2097152 H=1165566 gap=166512 e=1 D=1 sp=741203(251*2953) sq=824459(824459) ordN=(184500,824458) ordH=(0,0) residuals=[741203,0,0,0,0] centered_H={251:-78,2953:-869,824459:341107}
p=1518563 q=2847179 N=4323620683777 n=42 B=2097152 H=2061663 gap=1328616 e=1 D=1 sp=759281(263*2887) sq=1423589(1423589) ordN=(378066,1423588) ordH=(0,0) residuals=[759281,0,0,0,0] centered_H={263:6,2887:345,1423589:638074}
p=1521623 q=2141159 N=3258036781057 n=42 B=2097152 H=1553553 gap=619536 e=1 D=1 sp=760811(661*1151) sq=1070579(1070579) ordN=(18975,1070578) ordH=(0,0) residuals=[760811,0,0,0,0] centered_H={661:203,1151:-297,1070579:482974}
p=1527803 q=1532723 N=2341698797569 n=42 B=2097152 H=1116609 gap=4920 e=1 D=1 sp=763901(763901) sq=766361(766361) ordN=(76390,766360) ordH=(0,0) residuals=[763901,0,0,0,0] centered_H={763901:352708,766361:350248}
p=1529267 q=2843003 N=4347710668801 n=42 B=2097152 H=2073150 gap=1313736 e=1 D=1 sp=764633(163*4691) sq=1421501(1421501) ordN=(379890,28430) ordH=(0,0) residuals=[764633,0,0,0,0] centered_H={163:-47,4691:-272,1421501:651649}
p=1529327 q=1865999 N=2853722652673 n=42 B=2097152 H=1360761 gap=336672 e=1 D=1 sp=764663(653*1171) sq=932999(932999) ordN=(38142,466499) ordH=(0,0) residuals=[764663,0,0,0,0] centered_H={653:-91,1171:59,932999:427762}
p=1554863 q=2178383 N=3387087126529 n=42 B=2097152 H=1615089 gap=623520 e=1 D=1 sp=777431(777431) sq=1089191(1089191) ordN=(777430,1089190) ordH=(0,0) residuals=[777431,0,0,0,0] centered_H={777431:60227,1089191:525898}
p=1555223 q=2829479 N=4400470818817 n=43 B=2097152 H=2098308 gap=1274256 e=1 D=1 sp=777611(389*1999) sq=1414739(311*4549) ordN=(14356,704940) ordH=(0,0) residuals=[777611,0,0,0,0] centered_H={389:42,1999:-642,311:-9,4549:1219}
p=1559879 q=3001463 N=4681919102977 n=43 B=2097152 H=2232513 gap=1441584 e=1 D=1 sp=779939(779939) sq=1500731(1500731) ordN=(779938,750365) ordH=(0,0) residuals=[779939,0,0,0,0] centered_H={779939:-107304,1500731:731782}
p=1566479 q=2369519 N=3711801753601 n=42 B=2097152 H=1769925 gap=803040 e=1 D=1 sp=783239(461*1699) sq=1184759(1184759) ordN=(13018,592379) ordH=(0,0) residuals=[783239,0,0,0,0] centered_H={461:146,1699:-433,1184759:585166}
p=1579883 q=2242883 N=3543492722689 n=42 B=2097152 H=1689669 gap=663000 e=1 D=1 sp=789941(789941) sq=1121441(911*1231) ordN=(789940,111930) ordH=(0,0) residuals=[789941,0,0,0,0] centered_H={789941:109787,911:-236,1231:-494}
p=1584203 q=2833763 N=4489255845889 n=43 B=2097152 H=2140644 gap=1249560 e=1 D=1 sp=792101(792101) sq=1416881(1151*1231) ordN=(158420,141450) ordH=(0,0) residuals=[792101,0,0,0,0] centered_H={792101:-235659,1151:-216,1231:-65}
p=1590467 q=2198507 N=3496652832769 n=42 B=2097152 H=1667334 gap=608040 e=1 D=1 sp=795233(795233) sq=1099253(647*1699) ordN=(795232,548454) ordH=(0,0) residuals=[795233,0,0,0,0] centered_H={795233:76868,647:15,1699:615}
p=1597703 q=2309303 N=3689580331009 n=42 B=2097152 H=1759329 gap=711600 e=1 D=1 sp=798851(673*1187) sq=1154651(1154651) ordN=(49812,577325) ordH=(0,0) residuals=[798851,0,0,0,0] centered_H={673:107,1187:195,1154651:-549973}
p=1621979 q=2958419 N=4798493491201 n=43 B=2097152 H=2288100 gap=1336440 e=1 D=1 sp=810989(810989) sq=1479209(1479209) ordN=(202747,184901) ordH=(0,0) residuals=[810989,0,0,0,0] centered_H={810989:-144867,1479209:-670318}
p=1636043 q=2637539 N=4315127218177 n=42 B=2097152 H=2057613 gap=1001496 e=1 D=1 sp=818021(818021) sq=1318769(193*6833) ordN=(204505,27328) ordH=(0,0) residuals=[818021,0,0,0,0] centered_H={818021:-396450,193:40,6833:880}
p=1637639 q=1826999 N=2991964815361 n=42 B=2097152 H=1426680 gap=189360 e=1 D=1 sp=818819(818819) sq=913499(463*1973) ordN=(409409,37961) ordH=(0,0) residuals=[818819,0,0,0,0] centered_H={818819:-210958,463:177,1973:201}
p=1651943 q=2268887 N=3748071997441 n=42 B=2097152 H=1787220 gap=616944 e=1 D=1 sp=825971(825971) sq=1134443(1134443) ordN=(165194,1134442) ordH=(0,0) residuals=[825971,0,0,0,0] centered_H={825971:135278,1134443:-481666}
p=1654547 q=2515739 N=4162408415233 n=42 B=2097152 H=1984791 gap=861192 e=1 D=1 sp=827273(113*7321) sq=1257869(1257869) ordN=(34160,314467) ordH=(0,0) residuals=[827273,0,0,0,0] centered_H={113:-54,7321:800,1257869:-530947}
p=1654739 q=1994843 N=3300944510977 n=42 B=2097152 H=1574013 gap=340104 e=1 D=1 sp=827369(827369) sq=997421(157*6353) ordN=(413684,61932) ordH=(0,0) residuals=[827369,0,0,0,0] centered_H={827369:-80725,157:-69,6353:-1531}
p=1662527 q=3117503 N=5182932910081 n=43 B=2097152 H=2471415 gap=1454976 e=1 D=1 sp=831263(491*1693) sq=1558751(191*8161) ordN=(27636,155040) ordH=(0,0) residuals=[831263,0,0,0,0] centered_H={491:212,1693:-365,191:66,8161:-1368}
p=1683299 q=2968139 N=4996265410561 n=43 B=2097152 H=2382405 gap=1284840 e=1 D=1 sp=841649(613*1373) sq=1484069(61*24329) ordN=(209916,364920) ordH=(0,0) residuals=[841649,0,0,0,0] centered_H={613:287,1373:250,61:-11,24329:-1837}
p=1691507 q=2682299 N=4537127534593 n=43 B=2097152 H=2163471 gap=990792 e=1 D=1 sp=845753(845753) sq=1341149(149*9001) ordN=(105719,18500) ordH=(0,0) residuals=[845753,0,0,0,0] centered_H={845753:-373788,149:-9,9001:3231}
p=1691939 q=3335819 N=5644002263041 n=43 B=2097152 H=2691270 gap=1643880 e=1 D=1 sp=845969(845969) sq=1667909(331*5039) ordN=(1429,15114) ordH=(0,0) residuals=[845969,0,0,0,0] centered_H={845969:153363,331:-91,5039:444}
p=1696979 q=3150683 N=5346642886657 n=43 B=2097152 H=2549478 gap=1453704 e=1 D=1 sp=848489(848489) sq=1575341(1575341) ordN=(424244,393835) ordH=(0,0) residuals=[848489,0,0,0,0] centered_H={848489:4011,1575341:-601204}
p=1699319 q=1762247 N=2994619809793 n=42 B=2097152 H=1427946 gap=62928 e=1 D=1 sp=849659(59*14401) sq=881123(863*1021) ordN=(9280,146540) ordH=(0,0) residuals=[849659,0,0,0,0] centered_H={59:28,14401:2247,863:-319,1021:-433}
p=1720787 q=3194459 N=5496983519233 n=43 B=2097152 H=2621166 gap=1473672 e=1 D=1 sp=860393(860393) sq=1597229(1597229) ordN=(860392,798614) ordH=(0,0) residuals=[860393,0,0,0,0] centered_H={860393:39987,1597229:-573292}
p=1724483 q=2129003 N=3671429480449 n=42 B=2097152 H=1750674 gap=404520 e=1 D=1 sp=862241(862241) sq=1064501(953*1117) ordN=(862240,14756) ordH=(0,0) residuals=[862241,0,0,0,0] centered_H={862241:26192,953:13,1117:335}
p=1743359 q=2188799 N=3815862435841 n=42 B=2097152 H=1819545 gap=445440 e=1 D=1 sp=871679(871679) sq=1094399(853*1283) ordN=(871678,182044) ordH=(0,0) residuals=[871679,0,0,0,0] centered_H={871679:76187,853:96,1283:251}
p=1759463 q=2407127 N=4235250892801 n=42 B=2097152 H=2019525 gap=647664 e=1 D=1 sp=879731(139*6329) sq=1203563(113*10651) ordN=(109158,596400) ordH=(0,0) residuals=[879731,0,0,0,0] centered_H={139:-6,6329:574,113:-11,10651:-4165}
p=1769627 q=1893779 N=3351282450433 n=42 B=2097152 H=1598016 gap=124152 e=1 D=1 sp=884813(884813) sq=946889(241*3929) ordN=(442406,58920) ordH=(0,0) residuals=[884813,0,0,0,0] centered_H={884813:-171610,241:-55,3929:-1087}
p=1778807 q=2487623 N=4425001205761 n=43 B=2097152 H=2110005 gap=708816 e=1 D=1 sp=889403(719*1237) sq=1243811(1243811) ordN=(73954,621905) ordH=(0,0) residuals=[889403,0,0,0,0] centered_H={719:-260,1237:-317,1243811:-377617}
p=1780379 q=2337683 N=4161961721857 n=42 B=2097152 H=1984578 gap=557304 e=1 D=1 sp=890189(571*1559) sq=1168841(1168841) ordN=(23370,1168840) ordH=(0,0) residuals=[890189,0,0,0,0] centered_H={571:-218,1559:-29,1168841:-353104}
p=1782647 q=1807943 N=3222924165121 n=42 B=2097152 H=1536810 gap=25296 e=1 D=1 sp=891323(891323) sq=903971(167*5413) ordN=(445661,449196) ordH=(0,0) residuals=[891323,0,0,0,0] centered_H={891323:-245836,167:76,5413:-482}
p=1782959 q=1876559 N=3345827758081 n=42 B=2097152 H=1595415 gap=93600 e=1 D=1 sp=891479(863*1033) sq=938279(938279) ordN=(74132,938278) ordH=(0,0) residuals=[891479,0,0,0,0] centered_H={863:-272,1033:463,938279:-281143}
p=1812359 q=3501623 N=6346197958657 n=43 B=2097152 H=3026103 gap=1689264 e=1 D=1 sp=906179(906179) sq=1750811(1750811) ordN=(906178,875405) ordH=(0,0) residuals=[906179,0,0,0,0] centered_H={906179:307566,1750811:-475519}
p=1824707 q=2904299 N=5299494715393 n=43 B=2097152 H=2526996 gap=1079592 e=1 D=1 sp=912353(13*70181) sq=1452149(1452149) ordN=(2420,363037) ordH=(0,0) residuals=[912353,0,0,0,0] centered_H={13:4,70181:480,1452149:-377302}
p=1833023 q=2357183 N=4320770654209 n=42 B=2097152 H=2060304 gap=524160 e=1 D=1 sp=916511(916511) sq=1178591(1178591) ordN=(916510,589295) ordH=(0,0) residuals=[916511,0,0,0,0] centered_H={916511:227282,1178591:-296878}
p=1840043 q=3034883 N=5584315219969 n=43 B=2097152 H=2662809 gap=1194840 e=1 D=1 sp=920021(920021) sq=1517441(1517441) ordN=(920020,94840) ordH=(0,0) residuals=[920021,0,0,0,0] centered_H={920021:-97254,1517441:-372073}
p=1847687 q=2802743 N=5178591805441 n=43 B=2097152 H=2469345 gap=955056 e=1 D=1 sp=923843(53*17431) sq=1401371(1401371) ordN=(453180,700685) ordH=(0,0) residuals=[923843,0,0,0,0] centered_H={53:22,17431:-5857,1401371:-333397}
p=1848467 q=2165147 N=4002202779649 n=42 B=2097152 H=1908399 gap=316680 e=1 D=1 sp=924233(907*1019) sq=1082573(1082573) ordN=(153718,1082572) ordH=(0,0) residuals=[924233,0,0,0,0] centered_H={907:71,1019:-188,1082573:-256747}
p=1850159 q=2681807 N=4961769357313 n=43 B=2097152 H=2365956 gap=831648 e=1 D=1 sp=925079(925079) sq=1340903(1340903) ordN=(925078,1340902) ordH=(0,0) residuals=[925079,0,0,0,0] centered_H={925079:-409281,1340903:-315850}
p=1856159 q=3295583 N=6117126045697 n=43 B=2097152 H=2916873 gap=1439424 e=1 D=1 sp=928079(928079) sq=1647791(149*11059) ordN=(928078,818292) ordH=(0,0) residuals=[928079,0,0,0,0] centered_H={928079:132636,149:49,11059:-2703}
p=1856747 q=2208707 N=4101010096129 n=42 B=2097152 H=1955514 gap=351960 e=1 D=1 sp=928373(773*1201) sq=1104353(1104353) ordN=(231600,552176) ordH=(0,0) residuals=[928373,0,0,0,0] centered_H={773:-176,1201:286,1104353:-253192}
p=1858643 q=3557339 N=6611823230977 n=43 B=2097152 H=3152763 gap=1698696 e=1 D=1 sp=929321(389*2389) sq=1778669(263*6763) ordN=(231636,885822) ordH=(0,0) residuals=[929321,0,0,0,0] centered_H={389:-82,2389:-717,263:-81,6763:1205}
p=1880843 q=3014819 N=5670401212417 n=43 B=2097152 H=2703858 gap=1133976 e=1 D=1 sp=940421(940421) sq=1507409(397*3797) ordN=(47021,125268) ordH=(0,0) residuals=[940421,0,0,0,0] centered_H={940421:-117405,397:-109,3797:394}
p=1886447 q=3106319 N=5859906158593 n=43 B=2097152 H=2794221 gap=1219872 e=1 D=1 sp=943223(683*1381) sq=1553159(1553159) ordN=(156860,776579) ordH=(0,0) residuals=[943223,0,0,0,0] centered_H={683:68,1381:458,1553159:-312097}
p=1890107 q=2222579 N=4200912125953 n=42 B=2097152 H=2003151 gap=332472 e=1 D=1 sp=945053(167*5659) sq=1111289(1111289) ordN=(78269,138911) ordH=(0,0) residuals=[945053,0,0,0,0] centered_H={167:-14,5659:-135,1111289:-219427}
p=1897079 q=2393927 N=4541468639233 n=43 B=2097152 H=2165541 gap=496848 e=1 D=1 sp=948539(373*2543) sq=1196963(103*11621) ordN=(15252,59262) ordH=(0,0) residuals=[948539,0,0,0,0] centered_H={373:-97,2543:-1095,103:-34,11621:4035}
p=1899167 q=2072927 N=3936834551809 n=42 B=2097152 H=1877229 gap=173760 e=1 D=1 sp=949583(949583) sq=1036463(863*1201) ordN=(949582,517200) ordH=(0,0) residuals=[949583,0,0,0,0] centered_H={949583:-21937,863:204,1201:66}
p=1909487 q=3427343 N=6544466903041 n=43 B=2097152 H=3120645 gap=1517856 e=1 D=1 sp=954743(954743) sq=1713671(1713671) ordN=(954742,171367) ordH=(0,0) residuals=[954743,0,0,0,0] centered_H={954743:256416,1713671:-306697}
p=1914239 q=3443327 N=6591350833153 n=43 B=2097152 H=3143001 gap=1529088 e=1 D=1 sp=957119(957119) sq=1721663(271*6353) ordN=(478559,857520) ordH=(0,0) residuals=[957119,0,0,0,0] centered_H={957119:271644,271:-57,6353:-1734}
p=1918067 q=2425019 N=4651348918273 n=43 B=2097152 H=2217936 gap=506952 e=1 D=1 sp=959033(103*9311) sq=1212509(59*20551) ordN=(474810,595950) ordH=(0,0) residuals=[959033,0,0,0,0] centered_H={103:37,9311:1918,59:8,20551:-1572}
p=1953167 q=2929007 N=5720839815169 n=43 B=2097152 H=2727909 gap=975840 e=1 D=1 sp=976583(191*5113) sq=1464503(1464503) ordN=(485640,732251) ordH=(0,0) residuals=[976583,0,0,0,0] centered_H={191:47,5113:-2433,1464503:-201097}
p=1956359 q=2651063 N=5186430959617 n=43 B=2097152 H=2473083 gap=694704 e=1 D=1 sp=978179(978179) sq=1325531(251*5281) ordN=(978178,66000) ordH=(0,0) residuals=[978179,0,0,0,0] centered_H={978179:-461454,251:-20,5281:1575}
p=1966619 q=3082259 N=6061629112321 n=43 B=2097152 H=2890410 gap=1115640 e=1 D=1 sp=983309(53*18553) sq=1541129(571*2699) ordN=(40196,20235) ordH=(0,0) residuals=[983309,0,0,0,0] centered_H={53:2,18553:-3858,571:8,2699:-219}
p=1972823 q=3502439 N=6909692215297 n=43 B=2097152 H=3294798 gap=1529616 e=1 D=1 sp=986411(986411) sq=1751219(223*7853) ordN=(986410,435786) ordH=(0,0) residuals=[986411,0,0,0,0] centered_H={986411:335565,223:-27,7853:-3462}
p=1976243 q=3858299 N=7624936390657 n=43 B=2097152 H=3635853 gap=1882056 e=1 D=1 sp=988121(857*1153) sq=1929149(1929149) ordN=(123264,1929148) ordH=(0,0) residuals=[988121,0,0,0,0] centered_H={857:-398,1153:444,1929149:-222445}
p=1977023 q=3294527 N=6513355653121 n=43 B=2097152 H=3105810 gap=1317504 e=1 D=1 sp=988511(988511) sq=1647263(773*2131) ordN=(494255,164436) ordH=(0,0) residuals=[988511,0,0,0,0] centered_H={988511:140277,773:-104,2131:943}
p=1982447 q=3723023 N=7380695777281 n=43 B=2097152 H=3519390 gap=1740576 e=1 D=1 sp=991223(991223) sq=1861511(1861511) ordN=(495611,930755) ordH=(0,0) residuals=[991223,0,0,0,0] centered_H={991223:-445502,1861511:-203632}
p=1990907 q=2402867 N=4783884730369 n=43 B=2097152 H=2281134 gap=411960 e=1 D=1 sp=995453(797*1249) sq=1201433(373*3221) ordN=(124176,42780) ordH=(0,0) residuals=[995453,0,0,0,0] centered_H={797:120,1249:460,373:-134,3221:666}
p=1994387 q=3923867 N=7825709334529 n=43 B=2097152 H=3731589 gap=1929480 e=1 D=1 sp=997193(443*2251) sq=1961933(1961933) ordN=(497250,1961932) ordH=(0,0) residuals=[997193,0,0,0,0] centered_H={443:200,2251:-569,1961933:-192277}
p=2003819 q=2359619 N=4728249384961 n=43 B=2097152 H=2254605 gap=355800 e=1 D=1 sp=1001909(277*3617) sq=1179809(193*6113) ordN=(249504,18336) ordH=(0,0) residuals=[1001909,0,0,0,0] centered_H={277:102,3617:1214,193:-21,6113:-1092}
p=2012663 q=2923463 N=5883945811969 n=43 B=2097152 H=2805684 gap=910800 e=1 D=1 sp=1006331(1006331) sq=1461731(1461731) ordN=(100633,730865) ordH=(0,0) residuals=[1006331,0,0,0,0] centered_H={1006331:-213309,1461731:-117778}
p=2035967 q=2092799 N=4260869701633 n=42 B=2097152 H=2031741 gap=56832 e=1 D=1 sp=1017983(433*2351) sq=1046399(1046399) ordN=(84600,1046398) ordH=(0,0) residuals=[1017983,0,0,0,0] centered_H={433:105,2351:477,1046399:-61057}
p=2050547 q=3045179 N=6244282662913 n=43 B=2097152 H=2977506 gap=994632 e=1 D=1 sp=1025273(1025273) sq=1522589(1522589) ordN=(1025272,1522588) ordH=(0,0) residuals=[1025273,0,0,0,0] centered_H={1025273:-98313,1522589:-67672}
p=2064299 q=2589443 N=5345384595457 n=43 B=2097152 H=2548878 gap=525144 e=1 D=1 sp=1032149(131*7879) sq=1294721(1294721) ordN=(39390,1294720) ordH=(0,0) residuals=[1032149,0,0,0,0] centered_H={131:11,7879:-3918,1294721:-40564}
p=2072363 q=3549059 N=7354938556417 n=43 B=2097152 H=3507108 gap=1476696 e=1 D=1 sp=1036181(349*2969) sq=1774529(1774529) ordN=(43036,1774528) ordH=(0,0) residuals=[1036181,0,0,0,0] centered_H={349:7,2969:719,1774529:-41950}
p=2078339 q=3328043 N=6916801560577 n=43 B=2097152 H=3298188 gap=1249704 e=1 D=1 sp=1039169(1039169) sq=1664021(1664021) ordN=(32474,416005) ordH=(0,0) residuals=[1039169,0,0,0,0] centered_H={1039169:180681,1664021:-29854}
p=2080763 q=4027187 N=8379621703681 n=43 B=2097152 H=3995715 gap=1946424 e=1 D=1 sp=1040381(1040381) sq=2013593(2013593) ordN=(1040380,2013592) ordH=(0,0) residuals=[1040381,0,0,0,0] centered_H={1040381:-165809,2013593:-31471}
p=2085983 q=2328479 N=4857167609857 n=43 B=2097152 H=2316078 gap=242496 e=1 D=1 sp=1042991(89*11719) sq=1164239(113*10303) ordN=(515592,288456) ordH=(0,0) residuals=[1042991,0,0,0,0] centered_H={89:31,11719:-4284,113:30,10303:-2097}
p=2096687 q=3147983 N=6600335032321 n=43 B=2097152 H=3147285 gap=1051296 e=1 D=1 sp=1048343(1048343) sq=1573991(971*1621) ordN=(524171,52380) ordH=(0,0) residuals=[1048343,0,0,0,0] centered_H={1048343:2256,971:274,1621:-697}
p=2112323 q=3713387 N=7843872768001 n=43 B=2097152 H=3740250 gap=1601064 e=1 D=1 sp=1056161(1056161) sq=1856693(1039*1787) ordN=(6601,308978) ordH=(0,0) residuals=[1056161,0,0,0,0] centered_H={1056161:-484394,1039:-150,1787:59}
p=2117903 q=4226543 N=8951408099329 n=44 B=4194304 H=2134182 gap=2108640 e=1 D=1 sp=1058951(1058951) sq=2113271(571*3701) ordN=(211790,10545) ordH=(0,0) residuals=[1058951,0,0,0,0] centered_H={1058951:16280,571:-216,3701:-1295}
p=2120747 q=2720387 N=5769252569089 n=43 B=2097152 H=2750994 gap=599640 e=1 D=1 sp=1060373(1060373) sq=1360193(1360193) ordN=(265093,1360192) ordH=(0,0) residuals=[1060373,0,0,0,0] centered_H={1060373:-430125,1360193:30608}
p=2146139 q=2185427 N=4690230116353 n=43 B=2097152 H=2236476 gap=39288 e=1 D=1 sp=1073069(1073069) sq=1092713(1092713) ordN=(536534,1092712) ordH=(0,0) residuals=[1073069,0,0,0,0] centered_H={1073069:90338,1092713:51050}
p=2150543 q=2510447 N=5398824222721 n=43 B=2097152 H=2574360 gap=359904 e=1 D=1 sp=1075271(151*7121) sq=1255223(997*1259) ordN=(26700,626484) ordH=(0,0) residuals=[1075271,0,0,0,0] centered_H={151:-39,7121:-3442,997:106,1259:-295}
p=2167643 q=4252883 N=9218732064769 n=44 B=4194304 H=2197917 gap=2085240 e=1 D=1 sp=1083821(359*3019) sq=2126441(2126441) ordN=(270111,2126440) ordH=(0,0) residuals=[1083821,0,0,0,0] centered_H={359:119,3019:85,2126441:71476}
p=2177507 q=3920843 N=8537663078401 n=43 B=2097152 H=4071075 gap=1743336 e=1 D=1 sp=1088753(1088753) sq=1960421(1960421) ordN=(544376,980210) ordH=(0,0) residuals=[1088753,0,0,0,0] centered_H={1088753:-283937,1960421:150233}
p=2180027 q=3606899 N=7863137206273 n=43 B=2097152 H=3749436 gap=1426872 e=1 D=1 sp=1090013(1090013) sq=1803449(1803449) ordN=(99092,450862) ordH=(0,0) residuals=[1090013,0,0,0,0] centered_H={1090013:479397,1803449:142538}
p=2187863 q=2795879 N=6117000216577 n=43 B=2097152 H=2916813 gap=608016 e=1 D=1 sp=1093931(101*10831) sq=1397939(1397939) ordN=(950,1397938) ordH=(0,0) residuals=[1093931,0,0,0,0] centered_H={101:34,10831:3274,1397939:120935}
p=2189879 q=2386823 N=5226853564417 n=43 B=2097152 H=2492358 gap=196944 e=1 D=1 sp=1094939(1094939) sq=1193411(283*4217) ordN=(547469,594456) ordH=(0,0) residuals=[1094939,0,0,0,0] centered_H={1094939:302480,283:-23,4217:111}
p=2189939 q=2509499 N=5495649730561 n=43 B=2097152 H=2620530 gap=319560 e=1 D=1 sp=1094969(1094969) sq=1254749(251*4999) ordN=(547484,208250) ordH=(0,0) residuals=[1094969,0,0,0,0] centered_H={1094969:430592,251:90,4999:1054}
p=2190047 q=2937119 N=6432428654593 n=43 B=2097152 H=3067221 gap=747072 e=1 D=1 sp=1095023(1095023) sq=1468559(1468559) ordN=(1095022,734279) ordH=(0,0) residuals=[1095023,0,0,0,0] centered_H={1095023:-217848,1468559:130103}
p=2198783 q=3502847 N=7702000435201 n=43 B=2097152 H=3672600 gap=1304064 e=1 D=1 sp=1099391(1099391) sq=1751423(1181*1483) ordN=(1099390,874380) ordH=(0,0) residuals=[1099391,0,0,0,0] centered_H={1099391:374427,1181:-310,1483:692}
p=2213423 q=2834639 N=6274255159297 n=43 B=2097152 H=2991798 gap=621216 e=1 D=1 sp=1106711(79*14009) sq=1417319(1417319) ordN=(273156,708659) ordH=(0,0) residuals=[1106711,0,0,0,0] centered_H={79:-11,14009:-6128,1417319:157160}
p=2232827 q=3297587 N=7362941288449 n=43 B=2097152 H=3510924 gap=1064760 e=1 D=1 sp=1116413(29*137*281) sq=1648793(1648793) ordN=(2380,1648792) ordH=(0,0) residuals=[1116413,0,0,0,0] centered_H={29:10,137:25,281:110,1648793:213338}
p=2242763 q=3566819 N=7999529680897 n=43 B=2097152 H=3814473 gap=1324056 e=1 D=1 sp=1121381(1049*1069) sq=1783409(1783409) ordN=(139908,891704) ordH=(0,0) residuals=[1121381,0,0,0,0] centered_H={1049:309,1069:281,1783409:247655}
p=2253023 q=3758879 N=8468840841217 n=43 B=2097152 H=4038258 gap=1505856 e=1 D=1 sp=1126511(103*10937) sq=1879439(1879439) ordN=(557736,939719) ordH=(0,0) residuals=[1126511,0,0,0,0] centered_H={103:40,10937:2505,1879439:279380}
p=2254223 q=2431343 N=5480789311489 n=43 B=2097152 H=2613444 gap=177120 e=1 D=1 sp=1127111(1127111) sq=1215671(173*7027) ordN=(225422,302118) ordH=(0,0) residuals=[1127111,0,0,0,0] centered_H={1127111:359222,173:-67,7027:-600}
p=2257247 q=4074143 N=9196347064321 n=44 B=4194304 H=2192580 gap=1816896 e=1 D=1 sp=1128623(1128623) sq=2037071(2037071) ordN=(1128622,2037070) ordH=(0,0) residuals=[1128623,0,0,0,0] centered_H={1128623:-64666,2037071:155509}
p=2258483 q=4027643 N=9096363245569 n=44 B=4194304 H=2168742 gap=1769160 e=1 D=1 sp=1129241(311*3631) sq=2013821(2013821) ordN=(112530,503455) ordH=(0,0) residuals=[1129241,0,0,0,0] centered_H={311:139,3631:1035,2013821:154921}
p=2264699 q=2433203 N=5510472400897 n=43 B=2097152 H=2627598 gap=168504 e=1 D=1 sp=1132349(151*7499) sq=1216601(1216601) ordN=(562350,1216600) ordH=(0,0) residuals=[1132349,0,0,0,0] centered_H={151:47,7499:2948,1216601:194396}
p=2271923 q=3544187 N=8052119961601 n=43 B=2097152 H=3839550 gap=1272264 e=1 D=1 sp=1135961(293*3877) sq=1772093(97*18269) ordN=(282948,438432) ordH=(0,0) residuals=[1135961,0,0,0,0] centered_H={293:78,3877:1320,97:-1,18269:3060}
p=2275151 q=4456367 N=10138907836417 n=44 B=4194304 H=2417304 gap=2181216 e=1 D=1 sp=1137575(5^2*45503) sq=2228183(2228183) ordN=(22751,1114091) ordH=(0,0) residuals=[1137575,0,0,0,0] centered_H={5:-1,45503:5645,2228183:189121}
p=2302043 q=2428883 N=5591393107969 n=43 B=2097152 H=2666184 gap=126840 e=1 D=1 sp=1151021(1151021) sq=1214441(1214441) ordN=(15145,1214440) ordH=(0,0) residuals=[1151021,0,0,0,0] centered_H={1151021:364142,1214441:237302}
p=2316179 q=2514587 N=5824233603073 n=43 B=2097152 H=2777211 gap=198408 e=1 D=1 sp=1158089(1158089) sq=1257293(1257293) ordN=(30476,628646) ordH=(0,0) residuals=[1158089,0,0,0,0] centered_H={1158089:461033,1257293:262625}
p=2320247 q=3383879 N=7851435098113 n=43 B=2097152 H=3743856 gap=1063632 e=1 D=1 sp=1160123(193*6011) sq=1691939(1691939) ordN=(576960,1691938) ordH=(0,0) residuals=[1160123,0,0,0,0] centered_H={193:42,6011:-997,1691939:359978}
p=2333207 q=2702759 N=6306096218113 n=43 B=2097152 H=3006981 gap=369552 e=1 D=1 sp=1166603(1166603) sq=1351379(373*3623) ordN=(583301,673692) ordH=(0,0) residuals=[1166603,0,0,0,0] centered_H={1166603:-492828,373:-145,3623:-109}
p=2335079 q=4516439 N=10546241863681 n=44 B=4194304 H=2514420 gap=2181360 e=1 D=1 sp=1167539(1167539) sq=2258219(487*4637) ordN=(583769,563274) ordH=(0,0) residuals=[1167539,0,0,0,0] centered_H={1167539:179342,487:39,4637:1166}
p=2336903 q=2399543 N=5607499235329 n=43 B=2097152 H=2673864 gap=62640 e=1 D=1 sp=1168451(1168451) sq=1199771(199*6029) ordN=(1168450,13563) ordH=(0,0) residuals=[1168451,0,0,0,0] centered_H={1168451:336962,199:-99,6029:-3012}
p=2347523 q=4253867 N=9986050621441 n=44 B=4194304 H=2380860 gap=1906344 e=1 D=1 sp=1173761(839*1399) sq=2126933(2126933) ordN=(585762,1063466) ordH=(0,0) residuals=[1173761,0,0,0,0] centered_H={839:-222,1399:-238,2126933:253927}
p=2352227 q=3521867 N=8284230647809 n=43 B=2097152 H=3950229 gap=1169640 e=1 D=1 sp=1176113(1176113) sq=1760933(373*4721) ordN=(588056,146320) ordH=(0,0) residuals=[1176113,0,0,0,0] centered_H={1176113:421890,373:159,4721:-1248}
p=2381147 q=2872019 N=6838699425793 n=43 B=2097152 H=3260946 gap=490872 e=1 D=1 sp=1190573(1190573) sq=1436009(139*10331) ordN=(595286,71277) ordH=(0,0) residuals=[1190573,0,0,0,0] centered_H={1190573:-310773,139:6,10331:-3650}
p=2384567 q=2628359 N=6267498135553 n=43 B=2097152 H=2988576 gap=243792 e=1 D=1 sp=1192283(281*4243) sq=1314179(1314179) ordN=(84840,1314178) ordH=(0,0) residuals=[1192283,0,0,0,0] centered_H={281:-140,4243:1504,1314179:360218}
p=2387003 q=2591987 N=6187080744961 n=43 B=2097152 H=2950230 gap=204984 e=1 D=1 sp=1193501(1193501) sq=1295993(1295993) ordN=(59675,1295992) ordH=(0,0) residuals=[1193501,0,0,0,0] centered_H={1193501:563228,1295993:358244}
p=2390243 q=2657483 N=6352030138369 n=43 B=2097152 H=3028884 gap=267240 e=1 D=1 sp=1195121(1195121) sq=1328741(1328741) ordN=(1195120,1328740) ordH=(0,0) residuals=[1195121,0,0,0,0] centered_H={1195121:-556479,1328741:371402}
p=2402663 q=2581079 N=6201463013377 n=43 B=2097152 H=2957088 gap=178416 e=1 D=1 sp=1201331(523*2297) sq=1290539(1290539) ordN=(74907,645269) ordH=(0,0) residuals=[1201331,0,0,0,0] centered_H={523:46,2297:849,1290539:376010}
p=2403119 q=2522063 N=6060817514497 n=43 B=2097152 H=2890023 gap=118944 e=1 D=1 sp=1201559(1201559) sq=1261031(71*17761) ordN=(600779,20720) ordH=(0,0) residuals=[1201559,0,0,0,0] centered_H={1201559:486905,71:-32,17761:-5020}
p=2408723 q=4796699 N=11553919205377 n=44 B=4194304 H=2754669 gap=2387976 e=1 D=1 sp=1204361(307*3923) sq=2398349(2398349) ordN=(300033,2398348) ordH=(0,0) residuals=[1204361,0,0,0,0] centered_H={307:-42,3923:723,2398349:356320}
p=2431763 q=3729179 N=9068479512577 n=44 B=4194304 H=2162094 gap=1297416 e=1 D=1 sp=1215881(1215881) sq=1864589(1864589) ordN=(1215880,932294) ordH=(0,0) residuals=[1215881,0,0,0,0] centered_H={1215881:-269668,1864589:297505}
p=2434739 q=3405947 N=8292591992833 n=43 B=2097152 H=3954216 gap=971208 e=1 D=1 sp=1217369(359*3391) sq=1702973(881*1933) ordN=(101135,425040) ordH=(0,0) residuals=[1217369,0,0,0,0] centered_H={359:-169,3391:310,881:288,1933:-702}
p=2435519 q=3130943 N=7625471164417 n=43 B=2097152 H=3636108 gap=695424 e=1 D=1 sp=1217759(1217759) sq=1565471(1565471) ordN=(1217758,1565470) ordH=(0,0) residuals=[1217759,0,0,0,0] centered_H={1217759:-17169,1565471:505166}
p=2437847 q=4579559 N=11164264169473 n=44 B=4194304 H=2661768 gap=2141712 e=1 D=1 sp=1218923(1218923) sq=2289779(2289779) ordN=(609461,2289778) ordH=(0,0) residuals=[1218923,0,0,0,0] centered_H={1218923:223922,2289779:371989}
p=2443619 q=3571787 N=8728086577153 n=43 B=2097152 H=4161876 gap=1128168 e=1 D=1 sp=1221809(53*23053) sq=1785893(257*6949) ordN=(99892,444672) ordH=(0,0) residuals=[1221809,0,0,0,0] centered_H={53:-2,23053:-10717,257:18,6949:-575}
p=2445887 q=2727359 N=6670811922433 n=43 B=2097152 H=3180891 gap=281472 e=1 D=1 sp=1222943(1222943) sq=1363679(1363679) ordN=(611471,681839) ordH=(0,0) residuals=[1222943,0,0,0,0] centered_H={1222943:-487938,1363679:453533}
p=2479847 q=2546903 N=6315929763841 n=43 B=2097152 H=3011670 gap=67056 e=1 D=1 sp=1239923(1239923) sq=1273451(131*9721) ordN=(1239922,15795) ordH=(0,0) residuals=[1239923,0,0,0,0] centered_H={1239923:531824,131:-20,9721:-1840}
p=2480579 q=3071723 N=7619651567617 n=43 B=2097152 H=3633333 gap=591144 e=1 D=1 sp=1240289(563*2203) sq=1535861(1535861) ordN=(618762,76793) ordH=(0,0) residuals=[1240289,0,0,0,0] centered_H={563:-269,2203:586,1535861:561611}
p=2526299 q=4441043 N=11219402489857 n=44 B=4194304 H=2674914 gap=1914744 e=1 D=1 sp=1263149(53*23833) sq=2220521(2220521) ordN=(309816,2220520) ordH=(0,0) residuals=[1263149,0,0,0,0] centered_H={53:4,23833:5618,2220521:454393}
p=2537219 q=5041067 N=12790290972673 n=44 B=4194304 H=3049443 gap=2503848 e=1 D=1 sp=1268609(173*7333) sq=2520533(503*5011) ordN=(315276,628755) ordH=(0,0) residuals=[1268609,0,0,0,0] centered_H={173:-28,7333:-1085,503:-246,5011:-2256}
p=2543459 q=2697803 N=6861751320577 n=43 B=2097152 H=3271938 gap=154344 e=1 D=1 sp=1271729(821*1549) sq=1348901(1348901) ordN=(317340,28700) ordH=(0,0) residuals=[1271729,0,0,0,0] centered_H={821:253,1549:450,1348901:574136}
p=2574203 q=2719667 N=7000974950401 n=43 B=2097152 H=3338325 gap=145464 e=1 D=1 sp=1287101(1287101) sq=1359833(1359833) ordN=(643550,1359832) ordH=(0,0) residuals=[1287101,0,0,0,0] centered_H={1287101:-522978,1359833:618659}
p=2582627 q=5134667 N=13260929630209 n=44 B=4194304 H=3161652 gap=2552040 e=1 D=1 sp=1291313(1291313) sq=2567333(2567333) ordN=(80707,2567332) ordH=(0,0) residuals=[1291313,0,0,0,0] centered_H={1291313:579026,2567333:594319}
p=2589563 q=2876339 N=7448461049857 n=43 B=2097152 H=3551703 gap=286776 e=1 D=1 sp=1294781(233*5557) sq=1438169(1438169) ordN=(322248,359542) ordH=(0,0) residuals=[1294781,0,0,0,0] centered_H={233:84,5557:780,1438169:675365}
p=2598983 q=3375479 N=8772812537857 n=43 B=2097152 H=4183203 gap=776496 e=1 D=1 sp=1299491(1299491) sq=1687739(1687739) ordN=(1299490,1687738) ordH=(0,0) residuals=[1299491,0,0,0,0] centered_H={1299491:284730,1687739:807725}
p=2600867 q=3013643 N=7838084628481 n=43 B=2097152 H=3737490 gap=412776 e=1 D=1 sp=1300433(1300433) sq=1506821(739*2039) ordN=(325108,752022) ordH=(0,0) residuals=[1300433,0,0,0,0] centered_H={1300433:-163809,739:367,2039:3}
p=2607743 q=2749823 N=7170831679489 n=43 B=2097152 H=3419319 gap=142080 e=1 D=1 sp=1303871(1303871) sq=1374911(167*8233) ordN=(651935,683256) ordH=(0,0) residuals=[1303871,0,0,0,0] centered_H={1303871:-492294,167:-6,8233:2624}
p=2608751 q=5197967 N=13560201609217 n=44 B=4194304 H=3233004 gap=2589216 e=1 D=1 sp=1304375(5^4*2087) sq=2598983(2598983) ordN=(149,1299491) ordH=(0,0) residuals=[1304375,0,0,0,0] centered_H={5:-1,2087:241,2598983:634021}
p=2612243 q=4869659 N=12720732635137 n=44 B=4194304 H=3032859 gap=2257416 e=1 D=1 sp=1306121(1306121) sq=2434829(1361*1789) ordN=(261224,607920) ordH=(0,0) residuals=[1306121,0,0,0,0] centered_H={1306121:420617,1361:551,1789:504}
p=2619179 q=3346307 N=8764577021953 n=43 B=2097152 H=4179276 gap=727128 e=1 D=1 sp=1309589(1309589) sq=1673153(47*97*367) ordN=(1309588,134688) ordH=(0,0) residuals=[1309589,0,0,0,0] centered_H={1309589:250509,47:-11,97:31,367:-120}
p=2620259 q=4808267 N=12598904881153 n=44 B=4194304 H=3003813 gap=2188008 e=1 D=1 sp=1310129(173*7573) sq=2404133(53*45361) ordN=(325596,196560) ordH=(0,0) residuals=[1310129,0,0,0,0] centered_H={173:14,7573:-2668,53:-15,45361:9987}
p=2626367 q=3235007 N=8496315629569 n=43 B=2097152 H=4051359 gap=608640 e=1 D=1 sp=1313183(653*2011) sq=1617503(1617503) ordN=(163815,1617502) ordH=(0,0) residuals=[1313183,0,0,0,0] centered_H={653:147,2011:-806,1617503:-801150}
p=2664059 q=3360947 N=8953761103873 n=44 B=4194304 H=2134743 gap=696888 e=1 D=1 sp=1332029(569*2341) sq=1680473(433*3881) ordN=(110760,6984) ordH=(0,0) residuals=[1332029,0,0,0,0] centered_H={569:-145,2341:-249,433:53,3881:193}
p=2670923 q=3129443 N=8358501285889 n=43 B=2097152 H=3985644 gap=458520 e=1 D=1 sp=1335461(1335461) sq=1564721(1564721) ordN=(1335460,1564720) ordH=(0,0) residuals=[1335461,0,0,0,0] centered_H={1335461:-20739,1564721:-708519}
p=2677343 q=3801503 N=10177927446529 n=44 B=4194304 H=2426607 gap=1124160 e=1 D=1 sp=1338671(1338671) sq=1900751(173*10987) ordN=(133867,944796) ordH=(0,0) residuals=[1338671,0,0,0,0] centered_H={1338671:-250735,173:-64,10987:-1520}
p=2681423 q=2747567 N=7367389347841 n=43 B=2097152 H=3513045 gap=66144 e=1 D=1 sp=1340711(487*2753) sq=1373783(269*5107) ordN=(111456,114034) ordH=(0,0) residuals=[1340711,0,0,0,0] centered_H={487:-173,2753:217,269:-95,5107:-571}
p=2682503 q=2914103 N=7817090039809 n=43 B=2097152 H=3727479 gap=231600 e=1 D=1 sp=1341251(157*8543) sq=1457051(1457051) ordN=(666276,1457050) ordH=(0,0) residuals=[1341251,0,0,0,0] centered_H={157:-15,8543:2731,1457051:-643674}
p=2704127 q=2997503 N=8105628794881 n=43 B=2097152 H=3865065 gap=293376 e=1 D=1 sp=1352063(709*1907) sq=1498751(1498751) ordN=(674724,749375) ordH=(0,0) residuals=[1352063,0,0,0,0] centered_H={709:306,1907:-424,1498751:-631188}
p=2713427 q=5338331 N=14485171470337 n=44 B=4194304 H=3453534 gap=2624904 e=1 D=1 sp=1356713(1356713) sq=2669165(5*359*1487) ordN=(339178,265994) ordH=(0,0) residuals=[1356713,0,0,0,0] centered_H={1356713:-616605,5:-1,359:-46,1487:720}
p=2739587 q=4565291 N=12507011874817 n=44 B=4194304 H=2981904 gap=1825704 e=1 D=1 sp=1369793(1369793) sq=2282645(5*456529) ordN=(684896,228264) ordH=(0,0) residuals=[1369793,0,0,0,0] centered_H={1369793:242318,5:-1,456529:-213799}
p=2748059 q=2967443 N=8154708443137 n=43 B=2097152 H=3888468 gap=219384 e=1 D=1 sp=1374029(1374029) sq=1483721(1483721) ordN=(1374028,1483720) ordH=(0,0) residuals=[1374029,0,0,0,0] centered_H={1374029:-233619,1483721:-562695}
p=2766227 q=4337819 N=11999392038913 n=44 B=4194304 H=2860878 gap=1571592 e=1 D=1 sp=1383113(1383113) sq=2168909(47*46147) ordN=(172889,1061358) ordH=(0,0) residuals=[1383113,0,0,0,0] centered_H={1383113:94652,47:-12,46147:-236}
p=2783687 q=3110903 N=8659780239361 n=43 B=2097152 H=4129305 gap=327216 e=1 D=1 sp=1391843(359*3877) sq=1555451(151*10301) ordN=(346902,30900) ordH=(0,0) residuals=[1391843,0,0,0,0] centered_H={359:87,3877:300,151:59,10301:-1396}
p=2788979 q=5228219 N=14581392998401 n=44 B=4194304 H=3476475 gap=2439240 e=1 D=1 sp=1394489(1394489) sq=2614109(337*7757) ordN=(697244,31024) ordH=(0,0) residuals=[1394489,0,0,0,0] centered_H={1394489:687497,337:-17,7757:1339}
p=2790923 q=4507043 N=12578809970689 n=44 B=4194304 H=2999022 gap=1716120 e=1 D=1 sp=1395461(653*2137) sq=2253521(2253521) ordN=(348168,225352) ordH=(0,0) residuals=[1395461,0,0,0,0] centered_H={653:-207,2137:811,2253521:745501}
p=2793587 q=3736763 N=10438972538881 n=44 B=4194304 H=2488845 gap=943176 e=1 D=1 sp=1396793(47*113*263) sq=1868381(1868381) ordN=(337456,1868380) ordH=(0,0) residuals=[1396793,0,0,0,0] centered_H={47:7,113:20,263:76,1868381:620464}
p=2801339 q=5559923 N=15575229136897 n=44 B=4194304 H=3713424 gap=2758584 e=1 D=1 sp=1400669(1400669) sq=2779961(2779961) ordN=(700334,2779960) ordH=(0,0) residuals=[1400669,0,0,0,0] centered_H={1400669:-488583,2779961:933463}
p=2820899 q=5536907 N=15619055419393 n=44 B=4194304 H=3723873 gap=2716008 e=1 D=1 sp=1410449(1410449) sq=2768453(2768453) ordN=(176306,692113) ordH=(0,0) residuals=[1410449,0,0,0,0] centered_H={1410449:-507474,2768453:955420}
p=2821451 q=3150947 N=8890242564097 n=44 B=4194304 H=2119599 gap=329496 e=1 D=1 sp=1410725(5^2*73*773) sq=1575473(1575473) ordN=(13896,196934) ordH=(0,0) residuals=[1410725,0,0,0,0] centered_H={5:-1,73:-29,773:33,1575473:544126}
p=2826371 q=5123627 N=14481270767617 n=44 B=4194304 H=3452604 gap=2297256 e=1 D=1 sp=1413185(5*109*2593) sq=2561813(2561813) ordN=(864,232892) ordH=(0,0) residuals=[1413185,0,0,0,0] centered_H={5:-1,109:29,2593:-1272,2561813:890791}
p=2839547 q=4374323 N=12421095751681 n=44 B=4194304 H=2961420 gap=1534776 e=1 D=1 sp=1419773(607*2339) sq=2187161(2187161) ordN=(708414,1093580) ordH=(0,0) residuals=[1419773,0,0,0,0] centered_H={607:-133,2339:246,2187161:774259}
p=2850383 q=3070127 N=8751037808641 n=43 B=2097152 H=4172820 gap=219744 e=1 D=1 sp=1425191(857*1663) sq=1535063(457*3359) ordN=(59278,382812) ordH=(0,0) residuals=[1425191,0,0,0,0] centered_H={857:87,1663:353,457:-47,3359:942}
p=2851727 q=3160943 N=9014146498561 n=44 B=4194304 H=2149140 gap=309216 e=1 D=1 sp=1425863(1425863) sq=1580471(29*54499) ordN=(712931,54498) ordH=(0,0) residuals=[1425863,0,0,0,0] centered_H={1425863:-702586,29:8,54499:23679}
p=2855807 q=3681407 N=10513387880449 n=44 B=4194304 H=2506587 gap=825600 e=1 D=1 sp=1427903(431*3313) sq=1840703(1840703) ordN=(89010,1840702) ordH=(0,0) residuals=[1427903,0,0,0,0] centered_H={431:-109,3313:-1354,1840703:665884}
p=2858699 q=3036899 N=8681580134401 n=43 B=2097152 H=4139700 gap=178200 e=1 D=1 sp=1429349(1429349) sq=1518449(1518449) ordN=(1429348,1518448) ordH=(0,0) residuals=[1429349,0,0,0,0] centered_H={1429349:-148347,1518449:-415647}
p=2860883 q=4797659 N=13725541072897 n=44 B=4194304 H=3272424 gap=1936776 e=1 D=1 sp=1430441(1430441) sq=2398829(1289*1861) ordN=(286088,199640) ordH=(0,0) residuals=[1430441,0,0,0,0] centered_H={1430441:411542,1289:-347,1861:786}
p=2862227 q=3953051 N=11314529304577 n=44 B=4194304 H=2697594 gap=1090824 e=1 D=1 sp=1431113(1431113) sq=1976525(5^2*173*457) ordN=(715556,19608) ordH=(0,0) residuals=[1431113,0,0,0,0] centered_H={1431113:-164632,5:-1,173:5,457:-77}
p=2894447 q=4617359 N=13364700905473 n=44 B=4194304 H=3186393 gap=1722912 e=1 D=1 sp=1447223(1447223) sq=2308679(2308679) ordN=(1447222,1154339) ordH=(0,0) residuals=[1447223,0,0,0,0] centered_H={1447223:291947,2308679:877714}
p=2899907 q=3746027 N=10863129919489 n=44 B=4194304 H=2589972 gap=846120 e=1 D=1 sp=1449953(1449953) sq=1873013(1873013) ordN=(1449952,468253) ordH=(0,0) residuals=[1449953,0,0,0,0] centered_H={1449953:-309934,1873013:716959}
p=2902787 q=3078059 N=8934949650433 n=44 B=4194304 H=2130258 gap=175272 e=1 D=1 sp=1451393(1451393) sq=1539029(1539029) ordN=(63104,1539028) ordH=(0,0) residuals=[1451393,0,0,0,0] centered_H={1451393:678865,1539029:591229}
p=2913083 q=5500403 N=16023130472449 n=44 B=4194304 H=3820212 gap=2587320 e=1 D=1 sp=1456541(1456541) sq=2750201(2750201) ordN=(1456540,275020) ordH=(0,0) residuals=[1456541,0,0,0,0] centered_H={1456541:-549411,2750201:1070011}
p=2919479 q=3991943 N=11654393757697 n=44 B=4194304 H=2778624 gap=1072464 e=1 D=1 sp=1459739(17^2*5051) sq=1995971(1995971) ordN=(1010,997985) ordH=(0,0) residuals=[1459739,0,0,0,0] centered_H={17:8,5051:574,1995971:782653}
p=2920427 q=3350723 N=9785541918721 n=44 B=4194304 H=2333055 gap=430296 e=1 D=1 sp=1460213(1460213) sq=1675361(1675361) ordN=(365053,209420) ordH=(0,0) residuals=[1460213,0,0,0,0] centered_H={1460213:-587371,1675361:657694}
p=2923499 q=2929859 N=8565439856641 n=43 B=2097152 H=4084320 gap=6360 e=1 D=1 sp=1461749(1461749) sq=1464929(1464929) ordN=(365437,1464928) ordH=(0,0) residuals=[1461749,0,0,0,0] centered_H={1461749:-300927,1464929:-310467}
p=2978699 q=3284003 N=9782056452097 n=44 B=4194304 H=2332224 gap=305304 e=1 D=1 sp=1489349(673*2213) sq=1642001(457*3593) ordN=(17696,68248) ordH=(0,0) residuals=[1489349,0,0,0,0] centered_H={673:279,2213:-278,457:153,3593:367}
p=2983523 q=4008779 N=11960284348417 n=44 B=4194304 H=2851554 gap=1025256 e=1 D=1 sp=1491761(1491761) sq=2004389(773*2593) ordN=(1491760,250128) ordH=(0,0) residuals=[1491761,0,0,0,0] centered_H={1491761:-131968,773:-43,2593:-746}
p=2993687 q=5532071 N=16561289035777 n=44 B=4194304 H=3948519 gap=2538384 e=1 D=1 sp=1496843(311*4813) sq=2766035(5*553207) ordN=(745860,553206) ordH=(0,0) residuals=[1496843,0,0,0,0] centered_H={311:63,4813:1859,5:-1,553207:76070}
p=3005747 q=3237371 N=9730718171137 n=44 B=4194304 H=2319984 gap=231624 e=1 D=1 sp=1502873(103*14591) sq=1618685(5*523*619) ordN=(372045,53766) ordH=(0,0) residuals=[1502873,0,0,0,0] centered_H={103:12,14591:15,5:-1,523:-44,619:-28}
p=3018539 q=4470659 N=13494858547201 n=44 B=4194304 H=3217425 gap=1452120 e=1 D=1 sp=1509269(1509269) sq=2235329(2235329) ordN=(754634,1117664) ordH=(0,0) residuals=[1509269,0,0,0,0] centered_H={1509269:198887,2235329:982096}
p=3020399 q=5376143 N=16238096941057 n=44 B=4194304 H=3871464 gap=2355744 e=1 D=1 sp=1510199(1510199) sq=2688071(47*57193) ordN=(1510198,1315416) ordH=(0,0) residuals=[1510199,0,0,0,0] centered_H={1510199:-659133,47:-20,57193:-17660}
p=3020783 q=6027023 N=18206328619009 n=45 B=4194304 H=4340727 gap=3006240 e=1 D=1 sp=1510391(1510391) sq=3013511(1069*2819) ordN=(755195,1504812) ordH=(0,0) residuals=[1510391,0,0,0,0] centered_H={1510391:-190446,1069:-482,2819:-533}
p=3023963 q=3304403 N=9992392409089 n=44 B=4194304 H=2382372 gap=280440 e=1 D=1 sp=1511981(79*19139) sq=1652201(97*17033) ordN=(746382,204384) ordH=(0,0) residuals=[1511981,0,0,0,0] centered_H={79:-31,19139:9136,97:-45,17033:-2248}
p=3024767 q=5871743 N=17760654458881 n=45 B=4194304 H=4234470 gap=2846976 e=1 D=1 sp=1512383(1512383) sq=2935871(2935871) ordN=(1512382,2935870) ordH=(0,0) residuals=[1512383,0,0,0,0] centered_H={1512383:-302679,2935871:1298599}
p=3025487 q=3976367 N=12030446665729 n=44 B=4194304 H=2868282 gap=950880 e=1 D=1 sp=1512743(593*2551) sq=1988183(1988183) ordN=(125800,994091) ordH=(0,0) residuals=[1512743,0,0,0,0] centered_H={593:-59,2551:958,1988183:880099}
p=3035939 q=3110027 N=9441852260353 n=44 B=4194304 H=2251113 gap=74088 e=1 D=1 sp=1517969(709*2141) sq=1555013(1555013) ordN=(378780,25492) ordH=(0,0) residuals=[1517969,0,0,0,0] centered_H={709:38,2141:922,1555013:696100}
p=3040691 q=5951867 N=18097788420097 n=45 B=4194304 H=4314849 gap=2911176 e=1 D=1 sp=1520345(5*304069) sq=2975933(839*3547) ordN=(25339,742887) ordH=(0,0) residuals=[1520345,0,0,0,0] centered_H={5:-1,304069:57883,839:-128,3547:1697}
p=3046391 q=4765127 N=14516440006657 n=44 B=4194304 H=3460989 gap=1718736 e=1 D=1 sp=1523195(5*353*863) sq=2382563(2382563) ordN=(151712,2382562) ordH=(0,0) residuals=[1523195,0,0,0,0] centered_H={5:-1,353:-176,863:359,2382563:1078426}
p=3055331 q=4560587 N=13934102839297 n=44 B=4194304 H=3322149 gap=1505256 e=1 D=1 sp=1527665(5*305533) sq=2280293(2280293) ordN=(76383,2280292) ordH=(0,0) residuals=[1527665,0,0,0,0] centered_H={5:-1,305533:-38714,2280293:1041856}
p=3067223 q=5271143 N=16167771045889 n=44 B=4194304 H=3854697 gap=2203920 e=1 D=1 sp=1533611(397*3863) sq=2635571(1231*2141) ordN=(191169,87740) ordH=(0,0) residuals=[1533611,0,0,0,0] centered_H={397:-173,3863:-577,1231:436,2141:897}
p=3083303 q=4563863 N=14071772479489 n=44 B=4194304 H=3354972 gap=1480560 e=1 D=1 sp=1541651(1541651) sq=2281931(307*7433) ordN=(1541650,568548) ordH=(0,0) residuals=[1541651,0,0,0,0] centered_H={1541651:271670,307:76,7433:2689}
p=3087923 q=5311739 N=16402241028097 n=44 B=4194304 H=3910599 gap=2223816 e=1 D=1 sp=1543961(1543961) sq=2655869(1229*2161) ordN=(385990,221040) ordH=(0,0) residuals=[1543961,0,0,0,0] centered_H={1543961:-721284,1229:-79,2161:-811}
p=3088607 q=6069023 N=18744826920961 n=45 B=4194304 H=4469115 gap=2980416 e=1 D=1 sp=1544303(701*2203) sq=3034511(3034511) ordN=(77070,1517255) ordH=(0,0) residuals=[1544303,0,0,0,0] centered_H={701:240,2203:-772,3034511:1434604}
p=3096323 q=4629419 N=14334176526337 n=44 B=4194304 H=3417534 gap=1533096 e=1 D=1 sp=1548161(1548161) sq=2314709(2314709) ordN=(1548160,578677) ordH=(0,0) residuals=[1548161,0,0,0,0] centered_H={1548161:321212,2314709:1102825}
p=3101999 q=5116367 N=15870965317633 n=44 B=4194304 H=3783933 gap=2014368 e=1 D=1 sp=1550999(1550999) sq=2558183(293*8731) ordN=(1550998,254916) ordH=(0,0) residuals=[1550999,0,0,0,0] centered_H={1550999:681935,293:131,8731:3410}
p=3104891 q=3767987 N=11699188924417 n=44 B=4194304 H=2789304 gap=663096 e=1 D=1 sp=1552445(5*310489) sq=1883993(1883993) ordN=(155244,85636) ordH=(0,0) residuals=[1552445,0,0,0,0] centered_H={5:-1,310489:-5097,1883993:905311}
p=3155687 q=5213399 N=16451855450113 n=44 B=4194304 H=3922428 gap=2057712 e=1 D=1 sp=1577843(1577843) sq=2606699(53*137*359) ordN=(112703,9308) ordH=(0,0) residuals=[1577843,0,0,0,0] centered_H={1577843:766742,53:4,137:-19,359:-6}
p=3158339 q=5235563 N=16535682809857 n=44 B=4194304 H=3942414 gap=2077224 e=1 D=1 sp=1579169(1579169) sq=2617781(149*17569) ordN=(1579168,9028) ordH=(0,0) residuals=[1579169,0,0,0,0] centered_H={1579169:784076,149:23,17569:6958}
p=3164003 q=3895883 N=12326585499649 n=44 B=4194304 H=2938887 gap=731880 e=1 D=1 sp=1582001(1582001) sq=1947941(1947941) ordN=(316400,389588) ordH=(0,0) residuals=[1582001,0,0,0,0] centered_H={1582001:-225115,1947941:-956995}
p=3186203 q=6360083 N=20264515534849 n=45 B=4194304 H=4831437 gap=3173880 e=1 D=1 sp=1593101(103*15467) sq=3180041(59*53899) ordN=(788766,1563042) ordH=(0,0) residuals=[1593101,0,0,0,0] centered_H={103:16,15467:5733,59:-14,53899:-19473}
p=3211151 q=5455727 N=17519163211777 n=44 B=4194304 H=4176894 gap=2244576 e=1 D=1 sp=1605575(5^2*64223) sq=2727863(1019*2677) ordN=(32111,681042) ordH=(0,0) residuals=[1605575,0,0,0,0] centered_H={5:-1,64223:2399,1019:13,2677:774}
p=3211331 q=3886187 N=12479832784897 n=44 B=4194304 H=2975424 gap=674856 e=1 D=1 sp=1605665(5*71*4523) sq=1943093(1943093) ordN=(1330,1943092) ordH=(0,0) residuals=[1605665,0,0,0,0] centered_H={5:-1,71:27,4523:-710,1943093:-910762}
p=3248027 q=3751571 N=12185203900417 n=44 B=4194304 H=2905179 gap=503544 e=1 D=1 sp=1624013(67*24239) sq=1875785(5*375157) ordN=(799854,375156) ordH=(0,0) residuals=[1624013,0,0,0,0] centered_H={67:-8,24239:-3501,5:-1,375157:-96077}
p=3259667 q=5739803 N=18709846425601 n=45 B=4194304 H=4460775 gap=2480136 e=1 D=1 sp=1629833(173*9421) sq=2869901(2869901) ordN=(405060,2869900) ordH=(0,0) residuals=[1629833,0,0,0,0] centered_H={173:-30,9421:4642,2869901:-1279027}
p=3260639 q=4324127 N=14099417137153 n=44 B=4194304 H=3361563 gap=1063488 e=1 D=1 sp=1630319(449*3631) sq=2162063(2162063) ordN=(162624,1081031) ordH=(0,0) residuals=[1630319,0,0,0,0] centered_H={449:-100,3631:-743,2162063:-962563}
p=3263243 q=3549347 N=11582381752321 n=44 B=4194304 H=2761455 gap=286104 e=1 D=1 sp=1631621(109*14969) sq=1774673(47*61*619) ordN=(404136,142140) ordH=(0,0) residuals=[1631621,0,0,0,0] centered_H={109:49,14969:7159,47:17,61:-15,619:96}
p=3265247 q=4614431 N=15067256979457 n=44 B=4194304 H=3592314 gap=1349184 e=1 D=1 sp=1632623(1632623) sq=2307215(5*461443) ordN=(816311,230721) ordH=(0,0) residuals=[1632623,0,0,0,0] centered_H={1632623:327068,5:-1,461443:-99230}
p=3273899 q=4875779 N=15962807992321 n=44 B=4194304 H=3805830 gap=1601880 e=1 D=1 sp=1636949(577*2837) sq=2437889(181*13469) ordN=(408384,606060) ordH=(0,0) residuals=[1636949,0,0,0,0] centered_H={577:-62,2837:1413,181:-57,13469:-5897}
p=3278699 q=6221123 N=20397189758977 n=45 B=4194304 H=4863069 gap=2942424 e=1 D=1 sp=1639349(1639349) sq=3110561(3110561) ordN=(1639348,388820) ordH=(0,0) residuals=[1639349,0,0,0,0] centered_H={1639349:-54978,3110561:-1358053}
p=3280703 q=5333183 N=17496589467649 n=44 B=4194304 H=4171512 gap=2052480 e=1 D=1 sp=1640351(61*26891) sq=2666591(2666591) ordN=(161340,266659) ordH=(0,0) residuals=[1640351,0,0,0,0] centered_H={61:27,26891:3407,2666591:-1161670}
p=3286139 q=3414707 N=11221201846273 n=44 B=4194304 H=2675343 gap=128568 e=1 D=1 sp=1643069(1643069) sq=1707353(1707353) ordN=(58681,853676) ordH=(0,0) residuals=[1643069,0,0,0,0] centered_H={1643069:-610795,1707353:-739363}
p=3296999 q=3597527 N=11861042921473 n=44 B=4194304 H=2827893 gap=300528 e=1 D=1 sp=1648499(1648499) sq=1798763(1798763) ordN=(824249,1798762) ordH=(0,0) residuals=[1648499,0,0,0,0] centered_H={1648499:-469105,1798763:-769633}
p=3298259 q=3570779 N=11777353973761 n=44 B=4194304 H=2807940 gap=272520 e=1 D=1 sp=1649129(1649129) sq=1785389(47*37987) ordN=(1649128,873678) ordH=(0,0) residuals=[1649129,0,0,0,0] centered_H={1649129:-490318,47:19,37987:-3098}
p=3302603 q=4055267 N=13392936960001 n=44 B=4194304 H=3193125 gap=752664 e=1 D=1 sp=1651301(1109*1489) sq=2027633(2027633) ordN=(34348,2027632) ordH=(0,0) residuals=[1651301,0,0,0,0] centered_H={1109:314,1489:709,2027633:-862141}
p=3313139 q=4117307 N=13641210396673 n=44 B=4194304 H=3252318 gap=804168 e=1 D=1 sp=1656569(163*10163) sq=2058653(2058653) ordN=(823122,514663) ordH=(0,0) residuals=[1656569,0,0,0,0] centered_H={163:-21,10163:158,2058653:-864988}
p=3314651 q=3354707 N=11119682912257 n=44 B=4194304 H=2651139 gap=40056 e=1 D=1 sp=1657325(5^2*66293) sq=1677353(1677353) ordN=(16573,1677352) ordH=(0,0) residuals=[1657325,0,0,0,0] centered_H={5:-1,66293:-581,1677353:-703567}
p=3324983 q=6142343 N=20423186055169 n=45 B=4194304 H=4869267 gap=2817360 e=1 D=1 sp=1662491(1662491) sq=3071171(1303*2357) ordN=(1662490,12369) ordH=(0,0) residuals=[1662491,0,0,0,0] centered_H={1662491:-118206,1303:-44,2357:-295}
p=3325811 q=4292027 N=14274470608897 n=44 B=4194304 H=3403299 gap=966216 e=1 D=1 sp=1662905(5*83*4007) sq=2146013(1319*1627) ordN=(164246,178589) ordH=(0,0) residuals=[1662905,0,0,0,0] centered_H={5:-1,83:-33,4007:1356,1319:279,1627:-385}
p=3338627 q=5809451 N=19395589963777 n=45 B=4194304 H=4624269 gap=2470824 e=1 D=1 sp=1669313(1669313) sq=2904725(5^2*116189) ordN=(834656,116188) ordH=(0,0) residuals=[1669313,0,0,0,0] centered_H={1669313:-383670,5:-1,116189:-23291}
p=3349439 q=5166143 N=17303680843777 n=44 B=4194304 H=4125519 gap=1816704 e=1 D=1 sp=1674719(157*10667) sq=2583071(769*3359) ordN=(831948,1289472) ordH=(0,0) residuals=[1674719,0,0,0,0] centered_H={157:30,10667:-2610,769:-166,3359:667}
p=3368507 q=6587123 N=22188769935361 n=45 B=4194304 H=5290215 gap=3218616 e=1 D=1 sp=1684253(313*5381) sq=3293561(3293561) ordN=(419640,3293560) ordH=(0,0) residuals=[1684253,0,0,0,0] centered_H={313:-111,5381:692,3293561:-1296907}
p=3376811 q=6308867 N=21303851483137 n=45 B=4194304 H=5079234 gap=2932056 e=1 D=1 sp=1688405(5*337681) sq=3154433(3154433) ordN=(18760,1577216) ordH=(0,0) residuals=[1688405,0,0,0,0] centered_H={5:-1,337681:14019,3154433:-1229632}
p=3379127 q=4029959 N=13617743265793 n=44 B=4194304 H=3246723 gap=650832 e=1 D=1 sp=1689563(563*3001) sq=2014979(2014979) ordN=(843000,1007489) ordH=(0,0) residuals=[1689563,0,0,0,0] centered_H={563:-98,3001:-359,2014979:-783235}
p=3382307 q=3666827 N=12402334629889 n=44 B=4194304 H=2956947 gap=284520 e=1 D=1 sp=1691153(79*21407) sq=1833413(359*5107) ordN=(834834,913974) ordH=(0,0) residuals=[1691153,0,0,0,0] centered_H={79:-23,21407:2781,359:-136,5107:-6}
p=3393623 q=6136679 N=20825574998017 n=45 B=4194304 H=4965204 gap=2743056 e=1 D=1 sp=1696811(1696811) sq=3068339(313*9803) ordN=(1696810,39208) ordH=(0,0) residuals=[1696811,0,0,0,0] centered_H={1696811:-125229,313:85,9803:4886}
p=3414227 q=6029147 N=20584876474369 n=45 B=4194304 H=4907817 gap=2614920 e=1 D=1 sp=1707113(1707113) sq=3014573(3014573) ordN=(1707112,1507286) ordH=(0,0) residuals=[1707113,0,0,0,0] centered_H={1707113:-213522,3014573:-1121329}
p=3441059 q=5945867 N=20460079153153 n=45 B=4194304 H=4878063 gap=2504808 e=1 D=1 sp=1720529(47*36607) sq=2972933(857*3469) ordN=(841938,742152) ordH=(0,0) residuals=[1720529,0,0,0,0] centered_H={47:-20,36607:9332,857:19,3469:649}
p=3474623 q=4746047 N=16490724065281 n=44 B=4194304 H=3931695 gap=1271424 e=1 D=1 sp=1737311(1737311) sq=2373023(709*3347) ordN=(1737310,98707) ordH=(0,0) residuals=[1737311,0,0,0,0] centered_H={1737311:457073,709:290,3347:-1030}
p=3481007 q=5658959 N=19698875891713 n=45 B=4194304 H=4696578 gap=2177952 e=1 D=1 sp=1740503(1740503) sq=2829479(2829479) ordN=(1740502,1414739) ordH=(0,0) residuals=[1740503,0,0,0,0] centered_H={1740503:-524931,2829479:-962380}
p=3498359 q=6015047 N=21042793807873 n=45 B=4194304 H=5016993 gap=2516688 e=1 D=1 sp=1749179(1749179) sq=3007523(227*13249) ordN=(874589,93564) ordH=(0,0) residuals=[1749179,0,0,0,0] centered_H={1749179:-230544,227:66,13249:-4378}
p=3524699 q=5384147 N=18977497546753 n=45 B=4194304 H=4524588 gap=1859448 e=1 D=1 sp=1762349(101*17449) sq=2692073(709*3797) ordN=(218100,223964) ordH=(0,0) residuals=[1762349,0,0,0,0] centered_H={101:-10,17449:5297,709:-250,3797:-1436}
p=3532007 q=6483671 N=22900371357697 n=45 B=4194304 H=5459874 gap=2951664 e=1 D=1 sp=1766003(1766003) sq=3241835(5*503*1289) ordN=(1766002,161644) ordH=(0,0) residuals=[1766003,0,0,0,0] centered_H={1766003:161865,5:-1,503:-191,1289:-330}
p=3538307 q=6224171 N=22023027818497 n=45 B=4194304 H=5250699 gap=2685864 e=1 D=1 sp=1769153(1769153) sq=3112085(5*83*7499) ordN=(884576,7498) ordH=(0,0) residuals=[1769153,0,0,0,0] centered_H={1769153:-56760,5:-1,83:36,7499:1399}
p=3552047 q=5895119 N=20939739758593 n=45 B=4194304 H=4992423 gap=2343072 e=1 D=1 sp=1776023(1776023) sq=2947559(2947559) ordN=(888011,1473779) ordH=(0,0) residuals=[1776023,0,0,0,0] centered_H={1776023:-335646,2947559:-902695}
p=3554051 q=3704747 N=13166859780097 n=44 B=4194304 H=3139224 gap=150696 e=1 D=1 sp=1777025(5^2*71081) sq=1852373(1852373) ordN=(1777,463093) ordH=(0,0) residuals=[1777025,0,0,0,0] centered_H={5:-1,71081:11660,1852373:-565522}
p=3569939 q=4471067 N=15961436454913 n=44 B=4194304 H=3805503 gap=901128 e=1 D=1 sp=1784969(953*1873) sq=2235533(1423*1571) ordN=(55692,111627) ordH=(0,0) residuals=[1784969,0,0,0,0] centered_H={953:174,1873:-433,1423:401,1571:541}
p=3575147 q=4536131 N=16217335136257 n=44 B=4194304 H=3866514 gap=960984 e=1 D=1 sp=1787573(1787573) sq=2268065(5*479*947) ordN=(446893,226094) ordH=(0,0) residuals=[1787573,0,0,0,0] centered_H={1787573:291368,5:-1,479:26,947:-87}
p=3577031 q=5893367 N=21080756453377 n=45 B=4194304 H=5026044 gap=2316336 e=1 D=1 sp=1788515(5*357703) sq=2946683(2946683) ordN=(178851,2946682) ordH=(0,0) residuals=[1788515,0,0,0,0] centered_H={5:-1,357703:18202,2946683:-867322}
p=3582263 q=4938887 N=17692392161281 n=45 B=4194304 H=4218195 gap=1356624 e=1 D=1 sp=1791131(919*1949) sq=2469443(881*2803) ordN=(894132,616440) ordH=(0,0) residuals=[1791131,0,0,0,0] centered_H={919:-15,1949:559,881:-33,2803:-320}
p=3587687 q=4947287 N=17749317255169 n=45 B=4194304 H=4231767 gap=1359600 e=1 D=1 sp=1793843(1793843) sq=2473643(281*8803) ordN=(1793842,205380) ordH=(0,0) residuals=[1793843,0,0,0,0] centered_H={1793843:644081,281:-93,8803:-2476}
p=3591671 q=6554567 N=23541848211457 n=45 B=4194304 H=5612814 gap=2962896 e=1 D=1 sp=1795835(5*359167) sq=3277283(3277283) ordN=(179583,1638641) ordH=(0,0) residuals=[1795835,0,0,0,0] centered_H={5:-1,359167:-133858,3277283:-941752}
p=3594299 q=4604147 N=16548680957953 n=44 B=4194304 H=3945513 gap=1009848 e=1 D=1 sp=1797149(181*9929) sq=2302073(997*2309) ordN=(223380,191564) ordH=(0,0) residuals=[1797149,0,0,0,0] centered_H={181:75,9929:3700,997:384,2309:-568}
p=3614747 q=6582803 N=23795167395841 n=45 B=4194304 H=5673210 gap=2968056 e=1 D=1 sp=1807373(587*3079) sq=3291401(3291401) ordN=(901854,82285) ordH=(0,0) residuals=[1807373,0,0,0,0] centered_H={587:-145,3079:-1387,3291401:-909592}
p=3617291 q=4344227 N=15714333229057 n=44 B=4194304 H=3746589 gap=726936 e=1 D=1 sp=1808645(5*59*6131) sq=2172113(2172113) ordN=(177770,2172112) ordH=(0,0) residuals=[1808645,0,0,0,0] centered_H={5:-1,59:-29,6131:548,2172113:-597637}
p=3624431 q=5472527 N=19834796507137 n=45 B=4194304 H=4728984 gap=1848096 e=1 D=1 sp=1812215(5*362443) sq=2736263(2736263) ordN=(60407,1368131) ordH=(0,0) residuals=[1812215,0,0,0,0] centered_H={5:-1,362443:17225,2736263:-743542}
p=3626087 q=5277527 N=19136772046849 n=45 B=4194304 H=4562562 gap=1651440 e=1 D=1 sp=1813043(241*7523) sq=2638763(251*10513) ordN=(300880,1314000) ordH=(0,0) residuals=[1813043,0,0,0,0] centered_H={241:-50,7523:3624,251:-116,10513:-80}
p=3633347 q=4112363 N=14941641768961 n=44 B=4194304 H=3562365 gap=479016 e=1 D=1 sp=1816673(173*10501) sq=2056181(1039*1979) ordN=(451500,513291) ordH=(0,0) residuals=[1816673,0,0,0,0] centered_H={173:-51,10501:2526,1039:-366,1979:165}
p=3635987 q=6653723 N=24192850329601 n=45 B=4194304 H=5768025 gap=3017736 e=1 D=1 sp=1817993(251*7243) sq=3326861(3326861) ordN=(905250,831715) ordH=(0,0) residuals=[1817993,0,0,0,0] centered_H={251:45,7243:2597,3326861:-885697}
p=3636119 q=4895783 N=17801649586177 n=45 B=4194304 H=4244244 gap=1259664 e=1 D=1 sp=1818059(53*34303) sq=2447891(971*2521) ordN=(891852,244440) ordH=(0,0) residuals=[1818059,0,0,0,0] centered_H={53:4,34303:-9328,971:3,2521:-1120}
p=3645563 q=6766259 N=24666823458817 n=45 B=4194304 H=5881029 gap=3120696 e=1 D=1 sp=1822781(1822781) sq=3383129(1511*2239) ordN=(1822780,563230) ordH=(0,0) residuals=[1822781,0,0,0,0] centered_H={1822781:412686,1511:217,2239:-824}
p=3648539 q=6966803 N=25418652450817 n=45 B=4194304 H=6060279 gap=3318264 e=1 D=1 sp=1824269(1824269) sq=3483401(41*84961) ordN=(1824268,21240) ordH=(0,0) residuals=[1824269,0,0,0,0] centered_H={1824269:587472,41:-13,84961:28048}
p=3664679 q=3724439 N=13648873390081 n=44 B=4194304 H=3254145 gap=59760 e=1 D=1 sp=1832339(571*3209) sq=1862219(1862219) ordN=(914280,931109) ordH=(0,0) residuals=[1832339,0,0,0,0] centered_H={571:16,3209:219,1862219:-470293}
p=3667043 q=6434123 N=23594205708289 n=45 B=4194304 H=5625297 gap=2767080 e=1 D=1 sp=1833521(1833521) sq=3217061(19*169319) ordN=(1833520,1523862) ordH=(0,0) residuals=[169319,0,0,0,0] centered_H={1833521:124734,19:5,169319:37770}
p=3669647 q=5070959 N=18608629481473 n=45 B=4194304 H=4436643 gap=1401312 e=1 D=1 sp=1834823(499*3677) sq=2535479(2535479) ordN=(915324,1267739) ordH=(0,0) residuals=[1834823,0,0,0,0] centered_H={499:34,3677:-1496,2535479:-634315}
p=3678131 q=3778427 N=13897549479937 n=44 B=4194304 H=3313434 gap=100296 e=1 D=1 sp=1839065(5*103*3571) sq=1889213(1889213) ordN=(3570,1889212) ordH=(0,0) residuals=[1839065,0,0,0,0] centered_H={5:-1,103:27,3571:-454,1889213:-464992}
p=3695183 q=4682927 N=17304272240641 n=44 B=4194304 H=4125660 gap=987744 e=1 D=1 sp=1847591(1847591) sq=2341463(2341463) ordN=(1847590,1170731) ordH=(0,0) residuals=[1847591,0,0,0,0] centered_H={1847591:430478,2341463:-557266}
p=3697787 q=6984371 N=25826716286977 n=45 B=4194304 H=6157569 gap=3286584 e=1 D=1 sp=1848893(223*8291) sq=3492185(5*698437) ordN=(920190,349218) ordH=(0,0) residuals=[1848893,0,0,0,0] centered_H={223:93,8291:-2644,5:-1,698437:-128364}
p=3700847 q=5236367 N=19378993102849 n=45 B=4194304 H=4620312 gap=1535520 e=1 D=1 sp=1850423(1850423) sq=2618183(107*24469) ordN=(1850422,1296804) ordH=(0,0) residuals=[1850423,0,0,0,0] centered_H={1850423:919466,107:52,24469:-4329}
p=3707063 q=3886343 N=14406918340609 n=44 B=4194304 H=3434877 gap=179280 e=1 D=1 sp=1853531(241*7691) sq=1943171(1943171) ordN=(46140,971585) ordH=(0,0) residuals=[1853531,0,0,0,0] centered_H={241:-96,7691:-3000,1943171:-451465}
p=3714587 q=4357139 N=16184971886593 n=44 B=4194304 H=3858798 gap=642552 e=1 D=1 sp=1857293(1857293) sq=2178569(271*8039) ordN=(464323,542565) ordH=(0,0) residuals=[1857293,0,0,0,0] centered_H={1857293:144212,271:29,8039:78}
p=3725663 q=6931103 N=25822953996289 n=45 B=4194304 H=6156672 gap=3205440 e=1 D=1 sp=1862831(479*3889) sq=3465551(263*13177) ordN=(232308,1726056) ordH=(0,0) residuals=[1862831,0,0,0,0] centered_H={479:85,3889:385,263:105,13177:3013}
p=3739103 q=5172767 N=19341508608001 n=45 B=4194304 H=4611375 gap=1433664 e=1 D=1 sp=1869551(1869551) sq=2586383(59^2*743) ordN=(934775,1269562) ordH=(0,0) residuals=[1869551,0,0,0,0] centered_H={1869551:872273,59:-6,743:317}
p=3739199 q=5759423 N=21535628722177 n=45 B=4194304 H=5134494 gap=2020224 e=1 D=1 sp=1869599(809*2311) sq=2879711(239*12049) ordN=(93324,716856) ordH=(0,0) residuals=[1869599,0,0,0,0] centered_H={809:-229,2311:-548,239:57,12049:1620}
p=3741047 q=6313031 N=23617345683457 n=45 B=4194304 H=5630814 gap=2571984 e=1 D=1 sp=1870523(139*13457) sq=3156515(5*193*3271) ordN=(309488,26160) ordH=(0,0) residuals=[1870523,0,0,0,0] centered_H={139:63,13457:5788,5:-1,193:39,3271:1423}
p=3755747 q=6317771 N=23727949479937 n=45 B=4194304 H=5657184 gap=2562024 e=1 D=1 sp=1877873(1877873) sq=3158885(5*61*10357) ordN=(1877872,51780) ordH=(0,0) residuals=[1877873,0,0,0,0] centered_H={1877873:23565,5:-1,61:-17,10357:2262}
p=3761159 q=5294519 N=19913527787521 n=45 B=4194304 H=4747755 gap=1533360 e=1 D=1 sp=1880579(269*6991) sq=2647259(2647259) ordN=(936660,2647258) ordH=(0,0) residuals=[1880579,0,0,0,0] centered_H={269:-95,6991:866,2647259:-546763}
p=3763043 q=6516299 N=24521113337857 n=45 B=4194304 H=5846289 gap=2753256 e=1 D=1 sp=1881521(1881521) sq=3258149(3258149) ordN=(376304,3258148) ordH=(0,0) residuals=[1881521,0,0,0,0] centered_H={1881521:201726,3258149:-670009}
p=3783047 q=5684279 N=21503894618113 n=45 B=4194304 H=5126928 gap=1901232 e=1 D=1 sp=1891523(457*4139) sq=2842139(2842139) ordN=(471732,2842138) ordH=(0,0) residuals=[1891523,0,0,0,0] centered_H={457:-155,4139:-1293,2842139:-557350}
p=3797819 q=6974963 N=26489647005697 n=45 B=4194304 H=6315624 gap=3177144 e=1 D=1 sp=1898909(349*5441) sq=3487481(1129*3089) ordN=(118320,217704) ordH=(0,0) residuals=[1898909,0,0,0,0] centered_H={349:120,5441:-1377,1129:-2,3089:-1381}
p=3798407 q=6406199 N=24333351124993 n=45 B=4194304 H=5801523 gap=2607792 e=1 D=1 sp=1899203(733*2591) sq=3203099(3203099) ordN=(15799,1601549) ordH=(0,0) residuals=[1899203,0,0,0,0] centered_H={733:-172,2591:274,3203099:-604675}
p=3812111 q=4547567 N=17335830183937 n=44 B=4194304 H=4133184 gap=735456 e=1 D=1 sp=1906055(5*37*10303) sq=2273783(2273783) ordN=(5151,1136891) ordH=(0,0) residuals=[1906055,0,0,0,0] centered_H={5:-1,37:-12,10303:1681,2273783:-414382}
p=3814667 q=6352547 N=24232851406849 n=45 B=4194304 H=5777562 gap=2537880 e=1 D=1 sp=1907333(1907333) sq=3176273(3176273) ordN=(953666,3176272) ordH=(0,0) residuals=[1907333,0,0,0,0] centered_H={1907333:55563,3176273:-574984}
p=3815363 q=5828843 N=22239151915009 n=45 B=4194304 H=5302227 gap=2013480 e=1 D=1 sp=1907681(593*3217) sq=2914421(2914421) ordN=(39664,145721) ordH=(0,0) residuals=[1907681,0,0,0,0] centered_H={593:214,3217:611,2914421:-526615}
p=3820319 q=4550879 N=17385809510401 n=44 B=4194304 H=4145100 gap=730560 e=1 D=1 sp=1910159(1910159) sq=2275439(2275439) ordN=(955079,1137719) ordH=(0,0) residuals=[1910159,0,0,0,0] centered_H={1910159:324782,2275439:-405778}
p=3821723 q=6624659 N=25317611667457 n=45 B=4194304 H=6036189 gap=2802936 e=1 D=1 sp=1910861(1061*1801) sq=3312329(1667*1987) ordN=(19080,1654338) ordH=(0,0) residuals=[1910861,0,0,0,0] centered_H={1061:160,1801:-763,1667:-18,1987:-317}
p=3836387 q=6095819 N=23385920765953 n=45 B=4194304 H=5575638 gap=2259432 e=1 D=1 sp=1918193(1918193) sq=3047909(3047909) ordN=(479548,3047908) ordH=(0,0) residuals=[1918193,0,0,0,0] centered_H={1918193:-178941,3047909:-520180}
p=3853583 q=5931503 N=22857539125249 n=45 B=4194304 H=5449662 gap=2077920 e=1 D=1 sp=1926791(1926791) sq=2965751(239*12409) ordN=(192679,33558) ordH=(0,0) residuals=[1926791,0,0,0,0] centered_H={1926791:-330711,239:-16,12409:2111}
p=3859139 q=5987819 N=23107825827841 n=45 B=4194304 H=5509335 gap=2128680 e=1 D=1 sp=1929569(1929569) sq=2993909(2993909) ordN=(3547,748477) ordH=(0,0) residuals=[1929569,0,0,0,0] centered_H={1929569:-279372,2993909:-478483}
p=3873743 q=4983599 N=19305181741057 n=45 B=4194304 H=4602714 gap=1109856 e=1 D=1 sp=1936871(1936871) sq=2491799(47*53017) ordN=(1936870,609684) ordH=(0,0) residuals=[1936871,0,0,0,0] centered_H={1936871:728972,47:4,53017:-9765}
p=3882587 q=4964819 N=19276341706753 n=45 B=4194304 H=4595838 gap=1082232 e=1 D=1 sp=1941293(1941293) sq=2482409(1153*2153) ordN=(485323,103296) ordH=(0,0) residuals=[1941293,0,0,0,0] centered_H={1941293:713252,1153:-20,2153:-817}
p=3886787 q=6377963 N=24789783674881 n=45 B=4194304 H=5910345 gap=2491176 e=1 D=1 sp=1943393(1943393) sq=3188981(3188981) ordN=(971696,637796) ordH=(0,0) residuals=[1943393,0,0,0,0] centered_H={1943393:80166,3188981:-467617}
p=3890759 q=4516727 N=17573496225793 n=44 B=4194304 H=4189848 gap=625968 e=1 D=1 sp=1945379(1303*1493) sq=2258363(2258363) ordN=(323764,2258362) ordH=(0,0) residuals=[1945379,0,0,0,0] centered_H={1303:-600,1493:490,2258363:-326878}
p=3893243 q=5212979 N=20295394000897 n=45 B=4194304 H=4838799 gap=1319736 e=1 D=1 sp=1946621(1946621) sq=2606489(2606489) ordN=(389324,2606488) ordH=(0,0) residuals=[1946621,0,0,0,0] centered_H={1946621:945557,2606489:-374179}
p=3912827 q=6032051 N=23602372018177 n=45 B=4194304 H=5627244 gap=2119224 e=1 D=1 sp=1956413(191*10243) sq=3016025(5^2*120641) ordN=(486495,120640) ordH=(0,0) residuals=[1956413,0,0,0,0] centered_H={191:2,10243:3837,5:-1,120641:-42883}
p=3922463 q=6365663 N=24969077587969 n=45 B=4194304 H=5953092 gap=2443200 e=1 D=1 sp=1961231(1961231) sq=3182831(79*40289) ordN=(1961230,1571232) ordH=(0,0) residuals=[40289,0,0,0,0] centered_H={1961231:69399,79:-32,40289:-9680}
p=3930887 q=6980279 N=27438687977473 n=45 B=4194304 H=6541893 gap=3049392 e=1 D=1 sp=1965443(1965443) sq=3490139(3490139) ordN=(982721,3490138) ordH=(0,0) residuals=[1965443,0,0,0,0] centered_H={1965443:645564,3490139:-438385}
p=3950327 q=6183623 N=24427332894721 n=45 B=4194304 H=5823930 gap=2233296 e=1 D=1 sp=1975163(1975163) sq=3091811(3091811) ordN=(987581,309181) ordH=(0,0) residuals=[1975163,0,0,0,0] centered_H={1975163:-101559,3091811:-359692}
p=3950603 q=5374883 N=21234028904449 n=45 B=4194304 H=5062587 gap=1424280 e=1 D=1 sp=1975301(1975301) sq=2687441(907*2963) ordN=(493825,1341786) ordH=(0,0) residuals=[1975301,0,0,0,0] centered_H={1975301:-863316,907:-287,2963:-1180}
p=3956999 q=6241463 N=24697462849537 n=45 B=4194304 H=5888334 gap=2284464 e=1 D=1 sp=1978499(547*3617) sq=3120731(19*164249) ordN=(987168,41062) ordH=(0,0) residuals=[1978499,0,0,0,0] centered_H={547:-121,3617:-142,19:6,164249:-24630}
p=3957683 q=7013243 N=27756192595969 n=45 B=4194304 H=6617592 gap=3055560 e=1 D=1 sp=1978841(47*71*593) sq=3506621(19*184559) ordN=(238280,184558) ordH=(0,0) residuals=[1978841,0,0,0,0] centered_H={47:-8,71:-34,593:-288,19:6,184559:-26532}
p=3958847 q=4949951 N=19596098666497 n=45 B=4194304 H=4672074 gap=991104 e=1 D=1 sp=1979423(1093*1811) sq=2474975(5^2*98999) ordN=(32942,49499) ordH=(0,0) residuals=[1979423,0,0,0,0] centered_H={1093:-501,1811:-306,5:-1,98999:19121}
p=3959303 q=5563319 N=22026865606657 n=45 B=4194304 H=5251614 gap=1604016 e=1 D=1 sp=1979651(811*2441) sq=2781659(17*163627) ordN=(197640,81813) ordH=(0,0) residuals=[1979651,0,0,0,0] centered_H={811:389,2441:1023,17:8,163627:15550}
p=3964007 q=5037911 N=19970314469377 n=45 B=4194304 H=4761294 gap=1073904 e=1 D=1 sp=1982003(311*6373) sq=2518955(5*503791) ordN=(329220,50379) ordH=(0,0) residuals=[1982003,0,0,0,0] centered_H={311:-116,6373:663,5:-1,503791:227175}
p=3971879 q=7939223 N=31533633110017 n=45 B=4194304 H=7518204 gap=3967344 e=1 D=1 sp=1985939(1985939) sq=3969611(3969611) ordN=(1985938,3969610) ordH=(0,0) residuals=[1985939,0,0,0,0] centered_H={1985939:-425552,3969611:-421018}
p=3983999 q=7665023 N=30537443966977 n=45 B=4194304 H=7280694 gap=3681024 e=1 D=1 sp=1991999(1991999) sq=3832511(3832511) ordN=(1991998,1916255) ordH=(0,0) residuals=[1991999,0,0,0,0] centered_H={1991999:-687302,3832511:-384328}
p=4001147 q=5163443 N=20659694469121 n=45 B=4194304 H=4925655 gap=1162296 e=1 D=1 sp=2000573(2000573) sq=2581721(2581721) ordN=(2000572,1290860) ordH=(0,0) residuals=[2000573,0,0,0,0] centered_H={2000573:924509,2581721:-237787}
p=4006103 q=7459559 N=29883761688577 n=45 B=4194304 H=7124844 gap=3453456 e=1 D=1 sp=2003051(2003051) sq=3729779(47*79357) ordN=(200305,608396) ordH=(0,0) residuals=[2003051,0,0,0,0] centered_H={2003051:-887360,47:20,79357:-17286}
p=4013183 q=5669759 N=22753780432897 n=45 B=4194304 H=5424924 gap=1656576 e=1 D=1 sp=2006591(419*4789) sq=2834879(1301*2179) ordN=(52668,1415700) ordH=(0,0) residuals=[2006591,0,0,0,0] centered_H={419:131,4789:-1013,1301:-246,2179:-786}
p=4013783 q=5805287 N=23301162270721 n=45 B=4194304 H=5555430 gap=1791504 e=1 D=1 sp=2006891(2006891) sq=2902643(103*28181) ordN=(2006890,1437180) ordH=(0,0) residuals=[2006891,0,0,0,0] centered_H={2006891:-465243,103:22,28181:3773}
p=4024739 q=4526603 N=18218395631617 n=45 B=4194304 H=4343604 gap=501864 e=1 D=1 sp=2012369(619*3251) sq=2263301(97*23333) ordN=(1004250,279984) ordH=(0,0) residuals=[2012369,0,0,0,0] centered_H={619:81,3251:268,97:41,23333:3666}
p=4031219 q=4351547 N=17542038945793 n=44 B=4194304 H=4182348 gap=320328 e=1 D=1 sp=2015609(2015609) sq=2175773(2175773) ordN=(2015608,2175772) ordH=(0,0) residuals=[2015609,0,0,0,0] centered_H={2015609:151130,2175773:-169198}
p=4037543 q=6380567 N=25761813626881 n=45 B=4194304 H=6142095 gap=2343024 e=1 D=1 sp=2018771(1093*1847) sq=3190283(3190283) ordN=(25844,3190282) ordH=(0,0) residuals=[2018771,0,0,0,0] centered_H={1093:528,1847:820,3190283:-238471}
p=4038803 q=5799323 N=23422323130369 n=45 B=4194304 H=5584317 gap=1760520 e=1 D=1 sp=2019401(2019401) sq=2899661(2899661) ordN=(2019400,2899660) ordH=(0,0) residuals=[2019401,0,0,0,0] centered_H={2019401:-473886,2899661:-215005}
p=4044779 q=6600899 N=26699177656321 n=45 B=4194304 H=6365580 gap=2556120 e=1 D=1 sp=2022389(2022389) sq=3300449(3300449) ordN=(505597,3300448) ordH=(0,0) residuals=[2022389,0,0,0,0] centered_H={2022389:298413,3300449:-235318}
p=4045127 q=6955127 N=28134372016129 n=45 B=4194304 H=6707757 gap=2910000 e=1 D=1 sp=2022563(503*4021) sq=3477563(1031*3373) ordN=(1009020,1736580) ordH=(0,0) residuals=[2022563,0,0,0,0] centered_H={503:-251,4021:729,1031:71,3373:-1140}
p=4053059 q=5452907 N=22100953792513 n=45 B=4194304 H=5269278 gap=1399848 e=1 D=1 sp=2026529(1361*1489) sq=2726453(2726453) ordN=(126480,681613) ordH=(0,0) residuals=[2026529,0,0,0,0] centered_H={1361:-514,1489:-293,2726453:-183628}
p=4059227 q=5095379 N=20683300012033 n=45 B=4194304 H=4931283 gap=1036152 e=1 D=1 sp=2029613(17*119389) sq=2547689(2547689) ordN=(59694,2547688) ordH=(0,0) residuals=[2029613,0,0,0,0] centered_H={17:8,119389:36334,2547689:-164095}
p=4060487 q=6497399 N=26382604173313 n=45 B=4194304 H=6290103 gap=2436912 e=1 D=1 sp=2030243(2030243) sq=3248699(3248699) ordN=(2030242,3248698) ordH=(0,0) residuals=[2030243,0,0,0,0] centered_H={2030243:199374,3248699:-207295}
p=4070867 q=7946843 N=32350540922881 n=45 B=4194304 H=7712970 gap=3875976 e=1 D=1 sp=2035433(2035433) sq=3973421(3973421) ordN=(1017716,993355) ordH=(0,0) residuals=[2035433,0,0,0,0] centered_H={2035433:-428762,3973421:-233872}
p=4075871 q=5401247 N=22014786011137 n=45 B=4194304 H=5248734 gap=1325376 e=1 D=1 sp=2037935(5*407587) sq=2700623(2700623) ordN=(135862,2700622) ordH=(0,0) residuals=[2037935,0,0,0,0] centered_H={5:-1,407587:-49897,2700623:-152512}
p=4084079 q=6303119 N=25742435942401 n=45 B=4194304 H=6137475 gap=2219040 e=1 D=1 sp=2042039(2042039) sq=3151559(3151559) ordN=(1021019,3151558) ordH=(0,0) residuals=[2042039,0,0,0,0] centered_H={2042039:11358,3151559:-165643}
p=4097111 q=6072167 N=24878342209537 n=45 B=4194304 H=5931459 gap=1975056 e=1 D=1 sp=2048555(5*409711) sq=3036083(193*15731) ordN=(27314,1510080) ordH=(0,0) residuals=[2048555,0,0,0,0] centered_H={5:-1,409711:195505,193:-10,15731:872}
p=4098131 q=4783067 N=19601635147777 n=45 B=4194304 H=4673394 gap=684936 e=1 D=1 sp=2049065(5*409813) sq=2391533(2391533) ordN=(409812,597883) ordH=(0,0) residuals=[2049065,0,0,0,0] centered_H={5:-1,409813:165451,2391533:-109672}
p=4110179 q=4227659 N=17376435240961 n=44 B=4194304 H=4142865 gap=117480 e=1 D=1 sp=2055089(2055089) sq=2113829(101*20929) ordN=(2055088,523200) ordH=(0,0) residuals=[2055089,0,0,0,0] centered_H={2055089:32687,101:47,20929:-1077}
p=4115351 q=5792807 N=23839434080257 n=45 B=4194304 H=5683764 gap=1677456 e=1 D=1 sp=2057675(5^2*82307) sq=2896403(2896403) ordN=(82306,2896402) ordH=(0,0) residuals=[2057675,0,0,0,0] centered_H={5:-1,82307:4581,2896403:-109042}
p=4116527 q=4224719 N=17391169830913 n=44 B=4194304 H=4146378 gap=108192 e=1 D=1 sp=2058263(479*4297) sq=2112359(1129*1871) ordN=(1026744,527340) ordH=(0,0) residuals=[2058263,0,0,0,0] centered_H={479:154,4297:-227,1129:-439,1871:242}
p=4121231 q=5897327 N=24304246849537 n=45 B=4194304 H=5794584 gap=1776096 e=1 D=1 sp=2060615(5*412123) sq=2948663(631*4673) ordN=(412122,1471680) ordH=(0,0) residuals=[2060615,0,0,0,0] centered_H={5:-1,412123:24862,631:111,4673:64}
p=4123907 q=8185259 N=33755246886913 n=45 B=4194304 H=8047878 gap=4061352 e=1 D=1 sp=2061953(109*18917) sq=4092629(4092629) ordN=(510732,2046314) ordH=(0,0) residuals=[2061953,0,0,0,0] centered_H={109:-28,18917:8153,4092629:-137380}
p=4123943 q=8106647 N=33431350149121 n=45 B=4194304 H=7970655 gap=3982704 e=1 D=1 sp=2061971(2061971) sq=4053323(4053323) ordN=(412394,2026661) ordH=(0,0) residuals=[2061971,0,0,0,0] centered_H={2061971:-277229,4053323:-135991}
p=4124327 q=7067927 N=29150442160129 n=45 B=4194304 H=6950007 gap=2943600 e=1 D=1 sp=2062163(103*20021) sq=3533963(3533963) ordN=(102102,1766981) ordH=(0,0) residuals=[2062163,0,0,0,0] centered_H={103:-21,20021:2720,3533963:-117919}
p=4136303 q=6349199 N=26262210871297 n=45 B=4194304 H=6261399 gap=2212896 e=1 D=1 sp=2068151(2068151) sq=3174599(3174599) ordN=(1034075,1587299) ordH=(0,0) residuals=[2068151,0,0,0,0] centered_H={2068151:56946,3174599:-87799}
p=4148891 q=6875027 N=28523737645057 n=45 B=4194304 H=6800589 gap=2726136 e=1 D=1 sp=2074445(5*414889) sq=3437513(1229*2797) ordN=(103722,858372) ordH=(0,0) residuals=[2074445,0,0,0,0] centered_H={5:-1,414889:162365,1229:532,2797:1082}
p=4151879 q=7745399 N=32157959454721 n=45 B=4194304 H=7667055 gap=3593520 e=1 D=1 sp=2075939(557*3727) sq=3872699(1013*3823) ordN=(1035828,644644) ordH=(0,0) residuals=[2075939,0,0,0,0] centered_H={557:-50,3727:616,1013:-342,3823:-1883}
p=4153223 q=6567479 N=27276204834817 n=45 B=4194304 H=6503154 gap=2414256 e=1 D=1 sp=2076611(2076611) sq=3283739(811*4049) ordN=(2076610,37260) ordH=(0,0) residuals=[2076611,0,0,0,0] centered_H={2076611:273321,811:-255,4049:460}
p=4159523 q=6354827 N=26433049067521 n=45 B=4194304 H=6302130 gap=2195304 e=1 D=1 sp=2079761(2079761) sq=3177413(127^2*197) ordN=(207976,224028) ordH=(0,0) residuals=[2079761,0,0,0,0] centered_H={2079761:62847,127:9,197:-97}
p=4164299 q=7604963 N=31669339815937 n=45 B=4194304 H=7550559 gap=3440664 e=1 D=1 sp=2082149(1433*1453) sq=3802481(3802481) ordN=(519816,32780) ordH=(0,0) residuals=[2082149,0,0,0,0] centered_H={1433:82,1453:-682,3802481:-54403}
p=4172699 q=4178579 N=17435952414721 n=44 B=4194304 H=4157055 gap=5880 e=1 D=1 sp=2086349(2086349) sq=2089289(571*3659) ordN=(1043174,1042530) ordH=(0,0) residuals=[2086349,0,0,0,0] centered_H={2086349:-15643,571:175,3659:431}
p=4177703 q=5226647 N=21835378851841 n=45 B=4194304 H=5205960 gap=1048944 e=1 D=1 sp=2088851(881*2371) sq=2613323(2613323) ordN=(208560,1306661) ordH=(0,0) residuals=[2088851,0,0,0,0] centered_H={881:131,2371:-756,2613323:-20686}
p=4186823 q=5258999 N=22018497970177 n=45 B=4194304 H=5249619 gap=1072176 e=1 D=1 sp=2093411(2093411) sq=2629499(2629499) ordN=(2093410,1314749) ordH=(0,0) residuals=[2093411,0,0,0,0] centered_H={2093411:-1030614,2629499:-9379}
p=4190987 q=4243619 N=17784952061953 n=45 B=4194304 H=4240263 gap=52632 e=1 D=1 sp=2095493(2095493) sq=2121809(2121809) ordN=(2095492,2121808) ordH=(0,0) residuals=[2095493,0,0,0,0] centered_H={2095493:49277,2121809:-3355}
WORST
p=4190987 q=4243619 N=17784952061953 n=45 B=4194304 H=4240263 gap=52632 e=1 D=1 sp=2095493(2095493) sq=2121809(2121809) ordN=(2095492,2121808) ordH=(0,0) residuals=[2095493,0,0,0,0] centered_H={2095493:49277,2121809:-3355}
p=4186823 q=5258999 N=22018497970177 n=45 B=4194304 H=5249619 gap=1072176 e=1 D=1 sp=2093411(2093411) sq=2629499(2629499) ordN=(2093410,1314749) ordH=(0,0) residuals=[2093411,0,0,0,0] centered_H={2093411:-1030614,2629499:-9379}
p=4177703 q=5226647 N=21835378851841 n=45 B=4194304 H=5205960 gap=1048944 e=1 D=1 sp=2088851(881*2371) sq=2613323(2613323) ordN=(208560,1306661) ordH=(0,0) residuals=[2088851,0,0,0,0] centered_H={881:131,2371:-756,2613323:-20686}
p=4172699 q=4178579 N=17435952414721 n=44 B=4194304 H=4157055 gap=5880 e=1 D=1 sp=2086349(2086349) sq=2089289(571*3659) ordN=(1043174,1042530) ordH=(0,0) residuals=[2086349,0,0,0,0] centered_H={2086349:-15643,571:175,3659:431}
p=4164299 q=7604963 N=31669339815937 n=45 B=4194304 H=7550559 gap=3440664 e=1 D=1 sp=2082149(1433*1453) sq=3802481(3802481) ordN=(519816,32780) ordH=(0,0) residuals=[2082149,0,0,0,0] centered_H={1433:82,1453:-682,3802481:-54403}
p=4159523 q=6354827 N=26433049067521 n=45 B=4194304 H=6302130 gap=2195304 e=1 D=1 sp=2079761(2079761) sq=3177413(127^2*197) ordN=(207976,224028) ordH=(0,0) residuals=[2079761,0,0,0,0] centered_H={2079761:62847,127:9,197:-97}
p=4153223 q=6567479 N=27276204834817 n=45 B=4194304 H=6503154 gap=2414256 e=1 D=1 sp=2076611(2076611) sq=3283739(811*4049) ordN=(2076610,37260) ordH=(0,0) residuals=[2076611,0,0,0,0] centered_H={2076611:273321,811:-255,4049:460}
p=4151879 q=7745399 N=32157959454721 n=45 B=4194304 H=7667055 gap=3593520 e=1 D=1 sp=2075939(557*3727) sq=3872699(1013*3823) ordN=(1035828,644644) ordH=(0,0) residuals=[2075939,0,0,0,0] centered_H={557:-50,3727:616,1013:-342,3823:-1883}
p=4148891 q=6875027 N=28523737645057 n=45 B=4194304 H=6800589 gap=2726136 e=1 D=1 sp=2074445(5*414889) sq=3437513(1229*2797) ordN=(103722,858372) ordH=(0,0) residuals=[2074445,0,0,0,0] centered_H={5:-1,414889:162365,1229:532,2797:1082}
p=4136303 q=6349199 N=26262210871297 n=45 B=4194304 H=6261399 gap=2212896 e=1 D=1 sp=2068151(2068151) sq=3174599(3174599) ordN=(1034075,1587299) ordH=(0,0) residuals=[2068151,0,0,0,0] centered_H={2068151:56946,3174599:-87799}
