TOTAL 34463
COUNTS 8:1 11:1 12:2 13:1 14:1 15:3 16:3 17:4 18:6 19:9 20:11 21:10 22:11 23:24 24:20 25:45 26:36 27:69 28:67 29:110 30:115 31:174 32:194 33:352 34:330 35:627 36:572 37:1157 38:1098 39:1955 40:1938 41:3739 42:3378 43:6795 44:6317 45:5288
MAX min_ordN=2095492 min_ordH=1986710 residual_WN=2095493 residual_WH=2095493 residual_shift=2095493 residual_combined=2095493 residual_factorial=2095493
RECORDS 685
p=11 q=19 N=209 n=8 B=16 H=13 gap=8 e=1 D=1 sp=5(5) sq=9(3^2) ordN=(2,6) ordH=(4,3) residuals=[1,1,1,1,1] centered_H={5:-2,3:1}
p=29 q=53 N=1537 n=11 B=32 H=48 gap=24 e=2 D=1 sp=7(7) sq=13(13) ordN=(3,3) ordH=(2,3) residuals=[1,1,1,1,1] centered_H={7:-1,13:-4}
p=47 q=79 N=3713 n=12 B=64 H=58 gap=32 e=1 D=1 sp=23(23) sq=39(3*13) ordN=(22,4) ordH=(11,12) residuals=[1,1,1,1,13] centered_H={23:-11,3:1,13:6}
p=67 q=107 N=7169 n=13 B=64 H=112 gap=40 e=1 D=1 sp=33(3*11) sq=53(53) ordN=(10,52) ordH=(10,26) residuals=[1,1,1,1,1] centered_H={3:1,11:2,53:6}
p=151 q=167 N=25217 n=15 B=128 H=197 gap=16 e=1 D=1 sp=75(3*5^2) sq=83(83) ordN=(20,41) ordH=(20,41) residuals=[1,1,1,1,1] centered_H={3:-1,5:2,83:31}
p=173 q=293 N=50689 n=16 B=256 H=198 gap=120 e=2 D=1 sp=43(43) sq=73(73) ordN=(7,4) ordH=(42,24) residuals=[1,43,1,1,43] centered_H={43:-17,73:-21}
p=197 q=269 N=52993 n=16 B=256 H=207 gap=72 e=2 D=1 sp=49(7^2) sq=67(67) ordN=(42,66) ordH=(21,33) residuals=[1,1,1,1,1] centered_H={7:-3,67:6}
p=263 q=439 N=115457 n=17 B=256 H=451 gap=176 e=1 D=1 sp=131(131) sq=219(3*73) ordN=(65,72) ordH=(5,72) residuals=[73,1,1,1,73] centered_H={131:58,3:1,73:13}
p=359 q=599 N=215041 n=18 B=512 H=420 gap=240 e=1 D=1 sp=179(179) sq=299(13*23) ordN=(178,44) ordH=(178,66) residuals=[23,1,1,1,23] centered_H={179:62,13:4,23:6}
p=499 q=827 N=412673 n=19 B=512 H=806 gap=328 e=1 D=1 sp=249(3*83) sq=413(7*59) ordN=(82,87) ordH=(82,58) residuals=[59,59,1,1,59] centered_H={3:-1,83:-24,7:1,59:-20}
p=509 q=853 N=434177 n=19 B=512 H=848 gap=344 e=2 D=1 sp=127(127) sq=213(3*71) ordN=(126,70) ordH=(126,70) residuals=[71,71,1,1,71] centered_H={127:-41,3:-1,71:-4}
p=751 q=1039 N=780289 n=20 B=1024 H=762 gap=288 e=1 D=3 sp=125(5^3) sq=173(173) ordN=(50,172) ordH=(100,172) residuals=[1,1,1,1,1] centered_H={5:2,173:70}
p=827 q=1523 N=1259521 n=21 B=1024 H=1230 gap=696 e=1 D=1 sp=413(7*59) sq=761(761) ordN=(87,380) ordH=(174,152) residuals=[59,59,1,1,59] centered_H={7:-2,59:-9,761:-292}
p=877 q=1637 N=1435649 n=21 B=1024 H=1402 gap=760 e=2 D=1 sp=219(3*73) sq=409(409) ordN=(72,136) ordH=(72,408) residuals=[73,73,1,1,73] centered_H={3:1,73:15,409:175}
p=887 q=1607 N=1425409 n=21 B=1024 H=1392 gap=720 e=1 D=1 sp=443(443) sq=803(11*73) ordN=(442,360) ordH=(34,360) residuals=[73,73,1,1,73] centered_H={443:63,11:-5,73:5}
p=1427 q=2203 N=3143681 n=22 B=2048 H=1535 gap=776 e=1 D=1 sp=713(23*31) sq=1101(3*367) ordN=(55,366) ordH=(110,366) residuals=[1,1,1,1,367] centered_H={23:-6,31:-15,3:-1,367:67}
p=1487 q=2351 N=3495937 n=22 B=2048 H=1707 gap=864 e=1 D=1 sp=743(743) sq=1175(5^2*47) ordN=(742,460) ordH=(371,92) residuals=[47,47,1,1,47] centered_H={743:221,5:2,47:15}
p=1499 q=1619 N=2426881 n=22 B=2048 H=1185 gap=120 e=1 D=1 sp=749(7*107) sq=809(809) ordN=(159,808) ordH=(318,808) residuals=[107,107,1,1,107] centered_H={7:2,107:8,809:376}
p=1867 q=2659 N=4964353 n=23 B=2048 H=2424 gap=792 e=1 D=3 sp=311(311) sq=443(443) ordN=(62,221) ordH=(310,17) residuals=[311,1,1,1,311] centered_H={311:-64,443:209}
p=1931 q=2083 N=4022273 n=22 B=2048 H=1964 gap=152 e=1 D=1 sp=965(5*193) sq=1041(3*347) ordN=(192,346) ordH=(192,346) residuals=[193,193,1,1,193] centered_H={5:-1,193:34,3:-1,347:-118}
p=2027 q=2243 N=4546561 n=23 B=2048 H=2220 gap=216 e=1 D=1 sp=1013(1013) sq=1121(19*59) ordN=(506,522) ordH=(1012,522) residuals=[59,59,1,1,59] centered_H={1013:194,19:-3,59:-22}
p=2767 q=3119 N=8630273 n=24 B=4096 H=2107 gap=352 e=1 D=1 sp=1383(3*461) sq=1559(1559) ordN=(92,1558) ordH=(230,1558) residuals=[461,461,1,1,461] centered_H={3:1,461:-198,1559:548}
p=2803 q=3643 N=10211329 n=24 B=4096 H=2493 gap=840 e=1 D=3 sp=467(467) sq=607(607) ordN=(233,303) ordH=(233,606) residuals=[467,467,1,1,467] centered_H={467:158,607:65}
p=3463 q=6199 N=21467137 n=25 B=4096 H=5241 gap=2736 e=1 D=3 sp=577(577) sq=1033(1033) ordN=(576,344) ordH=(144,129) residuals=[577,577,1,1,577] centered_H={577:48,1033:76}
p=3643 q=6899 N=25133057 n=25 B=4096 H=6136 gap=3256 e=1 D=1 sp=1821(3*607) sq=3449(3449) ordN=(202,862) ordH=(606,1724) residuals=[607,607,1,1,607] centered_H={3:1,607:66,3449:-762}
p=3863 q=6311 N=24379393 n=25 B=4096 H=5952 gap=2448 e=1 D=1 sp=1931(1931) sq=3155(5*631) ordN=(386,1260) ordH=(1930,1260) residuals=[631,631,1,1,631] centered_H={1931:159,5:2,631:273}
p=3947 q=5443 N=21483521 n=25 B=4096 H=5245 gap=1496 e=1 D=1 sp=1973(1973) sq=2721(3*907) ordN=(1972,906) ordH=(1972,453) residuals=[907,907,1,1,907] centered_H={1973:-674,3:1,907:-197}
p=4373 q=5693 N=24895489 n=25 B=4096 H=6078 gap=1320 e=2 D=1 sp=1093(1093) sq=1423(1423) ordN=(156,1422) ordH=(78,711) residuals=[1093,1093,1,1,1093] centered_H={1093:-480,1423:386}
p=4547 q=5867 N=26677249 n=25 B=4096 H=6513 gap=1320 e=1 D=1 sp=2273(2273) sq=2933(7*419) ordN=(1136,1254) ordH=(2272,1254) residuals=[419,419,1,1,419] centered_H={2273:-306,7:3,419:-191}
p=5519 q=10607 N=58540033 n=26 B=8192 H=7146 gap=5088 e=1 D=1 sp=2759(31*89) sq=5303(5303) ordN=(33,2651) ordH=(440,2651) residuals=[1,89,1,1,2759] centered_H={31:-15,89:26,5303:1843}
p=5927 q=10391 N=61587457 n=26 B=8192 H=7518 gap=4464 e=1 D=1 sp=2963(2963) sq=5195(5*1039) ordN=(1481,692) ordH=(1481,2076) residuals=[1039,1039,1,1,1039] centered_H={2963:-1371,5:-2,1039:245}
p=6653 q=11093 N=73801729 n=27 B=8192 H=9009 gap=4440 e=2 D=1 sp=1663(1663) sq=2773(47*59) ordN=(554,1334) ordH=(1662,667) residuals=[1663,59,1,1,1663] centered_H={1663:694,47:-15,59:-18}
p=6659 q=8363 N=55689217 n=26 B=8192 H=6798 gap=1704 e=1 D=1 sp=3329(3329) sq=4181(37*113) ordN=(1664,28) ordH=(832,24) residuals=[113,1,1,1,3329] centered_H={3329:140,37:-10,113:18}
p=7703 q=14759 N=113688577 n=27 B=8192 H=13878 gap=7056 e=1 D=1 sp=3851(3851) sq=7379(47*157) ordN=(275,1794) ordH=(350,3588) residuals=[157,3851,1,1,3851] centered_H={3851:-1526,47:13,157:62}
p=8147 q=12379 N=100851713 n=27 B=8192 H=12311 gap=4232 e=1 D=1 sp=4073(4073) sq=6189(3*2063) ordN=(4072,2062) ordH=(1018,2062) residuals=[2063,2063,2063,2063,2063] centered_H={4073:92,3:-1,2063:-67}
p=9203 q=11579 N=106561537 n=27 B=8192 H=13008 gap=2376 e=1 D=1 sp=4601(43*107) sq=5789(7*827) ordN=(2226,2478) ordH=(742,2478) residuals=[827,107,1,1,827] centered_H={43:-21,107:-46,7:2,827:-224}
p=10499 q=10667 N=111992833 n=27 B=8192 H=13671 gap=168 e=1 D=1 sp=5249(29*181) sq=5333(5333) ordN=(315,5332) ordH=(180,1333) residuals=[181,181,1,1,5249] centered_H={29:12,181:-85,5333:-2328}
p=13037 q=15077 N=196558849 n=28 B=16384 H=11997 gap=2040 e=2 D=1 sp=3259(3259) sq=3769(3769) ordN=(3258,628) ordH=(3258,3768) residuals=[3259,3259,3259,3259,3259] centered_H={3259:-1039,3769:690}
p=14503 q=28439 N=412450817 n=29 B=16384 H=25174 gap=13936 e=1 D=1 sp=7251(3*2417) sq=14219(59*241) ordN=(2416,2320) ordH=(2416,6960) residuals=[241,2417,1,1,2417] centered_H={3:1,2417:1004,59:-19,241:110}
p=16187 q=16883 N=273285121 n=29 B=16384 H=16680 gap=696 e=1 D=1 sp=8093(8093) sq=8441(23*367) ordN=(289,4026) ordH=(8092,4026) residuals=[367,367,1,1,367] centered_H={8093:494,23:5,367:165}
p=18077 q=28597 N=516947969 n=29 B=16384 H=31552 gap=10520 e=2 D=1 sp=4519(4519) sq=7149(3*2383) ordN=(4518,2382) ordH=(4518,2382) residuals=[2383,2383,1,1,2383] centered_H={4519:-81,3:1,2383:573}
p=18223 q=24527 N=446955521 n=29 B=16384 H=27280 gap=6304 e=1 D=1 sp=9111(3*3037) sq=12263(12263) ordN=(3036,12262) ordH=(253,12262) residuals=[3037,3037,3037,3037,3037] centered_H={3:1,3037:-53,12263:2754}
p=19427 q=20939 N=406781953 n=29 B=16384 H=24828 gap=1512 e=1 D=1 sp=9713(11*883) sq=10469(19^2*29) ordN=(4410,4788) ordH=(882,2394) residuals=[1,19,1,1,19] centered_H={11:1,883:104,19:-5,29:4}
p=19583 q=29567 N=579010561 n=30 B=32768 H=17670 gap=9984 e=1 D=1 sp=9791(9791) sq=14783(14783) ordN=(4895,7391) ordH=(1958,7391) residuals=[9791,9791,9791,9791,9791] centered_H={9791:-1912,14783:2887}
p=19763 q=30203 N=596901889 n=30 B=32768 H=18216 gap=10440 e=1 D=1 sp=9881(41*241) sq=15101(15101) ordN=(240,7550) ordH=(120,15100) residuals=[241,41,1,1,9881] centered_H={41:12,241:-100,15101:3115}
p=22619 q=38867 N=879132673 n=30 B=32768 H=26829 gap=16248 e=1 D=1 sp=11309(43*263) sq=19433(19433) ordN=(2751,19432) ordH=(2751,4858) residuals=[263,263,1,1,11309] centered_H={43:-3,263:3,19433:7396}
p=23603 q=32507 N=767262721 n=30 B=32768 H=23415 gap=8904 e=1 D=1 sp=11801(11801) sq=16253(16253) ordN=(5900,4063) ordH=(11800,16252) residuals=[11801,11801,11801,11801,11801] centered_H={11801:-187,16253:7162}
p=24407 q=31847 N=777289729 n=30 B=32768 H=23721 gap=7440 e=1 D=1 sp=12203(12203) sq=15923(15923) ordN=(6101,838) ordH=(12202,7961) residuals=[12203,12203,12203,12203,12203] centered_H={12203:-685,15923:7798}
p=27179 q=33923 N=921993217 n=30 B=32768 H=28137 gap=6744 e=1 D=1 sp=13589(107*127) sq=16961(7*2423) ordN=(6678,7266) ordH=(6678,7266) residuals=[2423,2423,1,1,2423] centered_H={107:-4,127:-57,7:-3,2423:-939}
p=29363 q=35963 N=1055981569 n=30 B=32768 H=32226 gap=6600 e=1 D=1 sp=14681(53*277) sq=17981(17981) ordN=(1794,145) ordH=(3588,145) residuals=[277,14681,1,1,14681] centered_H={53:2,277:94,17981:-3736}
p=31079 q=37463 N=1164312577 n=31 B=32768 H=35532 gap=6384 e=1 D=1 sp=15539(41*379) sq=18731(18731) ordN=(7560,9365) ordH=(280,3746) residuals=[15539,41,1,1,15539] centered_H={41:-15,379:-94,18731:-1930}
p=31259 q=53267 N=1665073153 n=31 B=32768 H=50814 gap=22008 e=1 D=1 sp=15629(15629) sq=26633(26633) ordN=(15628,13316) ordH=(15628,26632) residuals=[15629,15629,15629,15629,15629] centered_H={15629:3927,26633:-2452}
p=34439 q=57143 N=1967947777 n=31 B=32768 H=60057 gap=22704 e=1 D=1 sp=17219(67*257) sq=28571(28571) ordN=(1408,5714) ordH=(704,28570) residuals=[257,257,1,1,17219] centered_H={67:25,257:-81,28571:2915}
p=34499 q=55787 N=1924595713 n=31 B=32768 H=58734 gap=21288 e=1 D=1 sp=17249(47*367) sq=27893(27893) ordN=(2806,27892) ordH=(8418,27892) residuals=[17249,17249,1,1,17249] centered_H={47:-16,367:14,27893:2948}
p=35027 q=69467 N=2433220609 n=32 B=65536 H=37128 gap=34440 e=1 D=1 sp=17513(83*211) sq=34733(47*739) ordN=(8610,2829) ordH=(1435,5658) residuals=[739,17513,1,1,17513] centered_H={83:27,211:-8,47:-2,739:178}
p=35879 q=41879 N=1502576641 n=31 B=32768 H=45855 gap=6000 e=1 D=1 sp=17939(17939) sq=20939(20939) ordN=(8969,20938) ordH=(17938,10469) residuals=[17939,17939,17939,17939,17939] centered_H={17939:-7962,20939:3977}
p=41579 q=64067 N=2663841793 n=32 B=65536 H=40647 gap=22488 e=1 D=1 sp=20789(20789) sq=32033(103*311) ordN=(5197,510) ordH=(20788,15810) residuals=[103,20789,1,1,20789] centered_H={20789:-931,103:-38,311:-94}
p=47639 q=73127 N=3483697153 n=32 B=65536 H=53157 gap=25488 e=1 D=1 sp=23819(23819) sq=36563(36563) ordN=(23818,36562) ordH=(11909,36562) residuals=[23819,23819,23819,23819,23819] centered_H={23819:5519,36563:16594}
p=49103 q=59183 N=2906062849 n=32 B=65536 H=44343 gap=10080 e=1 D=1 sp=24551(24551) sq=29591(127*233) ordN=(12275,7308) ordH=(24550,696) residuals=[24551,233,1,1,24551] centered_H={24551:-4759,127:20,233:73}
p=55103 q=104639 N=5765922817 n=33 B=65536 H=87981 gap=49536 e=1 D=1 sp=27551(27551) sq=52319(113*463) ordN=(5510,1848) ordH=(27550,3696) residuals=[27551,27551,1,1,27551] centered_H={27551:5328,113:-46,463:11}
p=61967 q=113903 N=7058227201 n=33 B=65536 H=107700 gap=51936 e=1 D=1 sp=30983(30983) sq=56951(56951) ordN=(30982,56950) ordH=(15491,56950) residuals=[30983,30983,30983,30983,30983] centered_H={30983:14751,56951:-6202}
p=63587 q=84299 N=5360320513 n=33 B=65536 H=81792 gap=20712 e=1 D=1 sp=31793(31793) sq=42149(113*373) ordN=(31792,2604) ordH=(31792,10416) residuals=[373,31793,1,1,31793] centered_H={31793:-13587,113:-20,373:105}
p=66239 q=93503 N=6193545217 n=33 B=65536 H=94506 gap=27264 e=1 D=1 sp=33119(33119) sq=46751(46751) ordN=(33118,46750) ordH=(16559,46750) residuals=[33119,33119,33119,33119,33119] centered_H={33119:-4851,46751:1004}
p=67979 q=87587 N=5954076673 n=33 B=65536 H=90852 gap=19608 e=1 D=1 sp=33989(41*829) sq=43793(43793) ordN=(8280,43792) ordH=(1380,10948) residuals=[33989,829,1,1,33989] centered_H={41:-4,829:-338,43793:3266}
p=68099 q=94379 N=6427115521 n=33 B=65536 H=98070 gap=26280 e=1 D=1 sp=34049(79*431) sq=47189(47189) ordN=(16770,47188) ordH=(16770,11797) residuals=[34049,34049,1,1,34049] centered_H={79:31,431:-198,47189:3692}
p=71147 q=92867 N=6607208449 n=33 B=65536 H=100818 gap=21720 e=1 D=1 sp=35573(35573) sq=46433(59*787) ordN=(17786,7598) ordH=(8893,22794) residuals=[35573,787,1,1,35573] centered_H={35573:-5901,59:-13,787:82}
p=71837 q=77237 N=5548474369 n=33 B=65536 H=84663 gap=5400 e=2 D=1 sp=17959(17959) sq=19309(19309) ordN=(8979,19308) ordH=(17958,19308) residuals=[17959,17959,1,1,17959] centered_H={17959:-5132,19309:7427}
p=71999 q=87743 N=6317408257 n=33 B=65536 H=96396 gap=15744 e=1 D=1 sp=35999(35999) sq=43871(19*2309) ordN=(17999,3462) ordH=(17999,20772) residuals=[2309,2309,1,1,2309] centered_H={35999:-11601,19:9,2309:-582}
p=75767 q=117191 N=8879210497 n=34 B=131072 H=67743 gap=41424 e=1 D=1 sp=37883(43*881) sq=58595(5*11719) ordN=(280,372) ordH=(18480,23436) residuals=[881,11719,1,1,11719] centered_H={43:18,881:-94,5:-2,11719:-2571}
p=79427 q=149099 N=11842486273 n=34 B=131072 H=90351 gap=69672 e=1 D=1 sp=39713(151*263) sq=74549(127*587) ordN=(19650,2637) ordH=(6550,12306) residuals=[587,39713,1,1,39713] centered_H={151:53,263:-121,127:54,587:-47}
p=80603 q=143699 N=11582570497 n=34 B=131072 H=88368 gap=63096 e=1 D=1 sp=40301(191*211) sq=71849(71849) ordN=(1330,71848) ordH=(3990,71848) residuals=[40301,40301,1,1,40301] centered_H={191:-65,211:-41,71849:16519}
p=82067 q=122267 N=10034085889 n=34 B=131072 H=76554 gap=40200 e=1 D=1 sp=41033(37*1109) sq=61133(113*541) ordN=(9972,3024) ordH=(1108,84) residuals=[41033,1,1,1,41033] centered_H={37:1,1109:33,113:53,541:-268}
p=84263 q=104087 N=8770682881 n=34 B=131072 H=66915 gap=19824 e=1 D=1 sp=42131(42131) sq=52043(71*733) ordN=(8426,1220) ordH=(4213,12810) residuals=[733,42131,1,1,42131] centered_H={42131:-17347,71:33,733:212}
p=84467 q=96059 N=8113815553 n=33 B=65536 H=123807 gap=11592 e=1 D=1 sp=42233(157*269) sq=48029(48029) ordN=(10452,24014) ordH=(10452,24014) residuals=[42233,42233,1,1,42233] centered_H={157:-66,269:67,48029:-20280}
p=85199 q=145967 N=12436242433 n=34 B=131072 H=94881 gap=60768 e=1 D=1 sp=42599(41*1039) sq=72983(59*1237) ordN=(20760,17922) ordH=(6920,17922) residuals=[1237,1237,1,1,42599] centered_H={41:7,1039:332,59:9,1237:-368}
p=87767 q=130279 N=11434196993 n=34 B=131072 H=87236 gap=42512 e=1 D=1 sp=43883(7*6269) sq=65139(3*21713) ordN=(9402,5428) ordH=(18804,21712) residuals=[6269,6269,6269,6269,6269] centered_H={7:2,6269:-530,3:-1,21713:384}
p=91199 q=166847 N=15216279553 n=34 B=131072 H=116091 gap=75648 e=1 D=1 sp=45599(45599) sq=83423(83423) ordN=(3257,41711) ordH=(22799,83422) residuals=[45599,45599,45599,45599,45599] centered_H={45599:-20706,83423:32668}
p=101747 q=155579 N=15829696513 n=34 B=131072 H=120771 gap=53832 e=1 D=1 sp=50873(50873) sq=77789(107*727) ordN=(25436,12826) ordH=(50872,38478) residuals=[50873,50873,1,1,50873] centered_H={50873:19025,107:-32,727:89}
p=108503 q=211943 N=22996451329 n=35 B=131072 H=175449 gap=103440 e=1 D=1 sp=54251(54251) sq=105971(105971) ordN=(54250,105970) ordH=(7750,52985) residuals=[54251,54251,54251,54251,54251] centered_H={54251:12696,105971:-36493}
p=111467 q=123203 N=13733068801 n=34 B=131072 H=104775 gap=11736 e=1 D=1 sp=55733(55733) sq=61601(229*269) ordN=(55732,15276) ordH=(13933,268) residuals=[55733,269,1,1,55733] centered_H={55733:-6691,229:-107,269:134}
p=111863 q=216263 N=24191827969 n=35 B=131072 H=184569 gap=104400 e=1 D=1 sp=55931(55931) sq=108131(108131) ordN=(7990,108130) ordH=(27965,108130) residuals=[55931,55931,1,1,55931] centered_H={55931:16776,108131:-31693}
p=113567 q=172127 N=19547947009 n=35 B=131072 H=149139 gap=58560 e=1 D=1 sp=56783(56783) sq=86063(89*967) ordN=(28391,6072) ordH=(28391,10626) residuals=[56783,967,1,1,56783] centered_H={56783:-21210,89:-25,967:221}
p=115163 q=152147 N=17521704961 n=35 B=131072 H=133680 gap=36984 e=1 D=1 sp=57581(71*811) sq=76073(127*599) ordN=(5670,37674) ordH=(2835,483) residuals=[57581,1,1,1,57581] centered_H={71:-13,811:-135,127:-51,599:103}
p=115763 q=186107 N=21544304641 n=35 B=131072 H=164370 gap=70344 e=1 D=1 sp=57881(57881) sq=93053(93053) ordN=(57880,93052) ordH=(28940,46526) residuals=[57881,57881,57881,57881,57881] centered_H={57881:-9273,93053:-21736}
p=119699 q=213659 N=25574768641 n=35 B=131072 H=195120 gap=93960 e=1 D=1 sp=59849(97*617) sq=106829(317*337) ordN=(3696,2212) ordH=(3696,13272) residuals=[317,59849,1,1,59849] centered_H={97:-44,617:148,317:-152,337:-3}
p=120767 q=137279 N=16578772993 n=34 B=131072 H=126486 gap=16512 e=1 D=1 sp=60383(60383) sq=68639(68639) ordN=(60382,68638) ordH=(8626,34319) residuals=[60383,60383,60383,60383,60383] centered_H={60383:5720,68639:-10792}
p=121883 q=171539 N=20907687937 n=35 B=131072 H=159513 gap=49656 e=1 D=1 sp=60941(149*409) sq=85769(199*431) ordN=(15096,42570) ordH=(7548,4730) residuals=[60941,431,1,1,60941] centered_H={149:-66,409:3,199:-85,431:43}
p=123923 q=230939 N=28618653697 n=35 B=131072 H=218343 gap=107016 e=1 D=1 sp=61961(61961) sq=115469(115469) ordN=(7745,115468) ordH=(61960,115468) residuals=[61961,61961,61961,61961,61961] centered_H={61961:-29501,115469:-12595}
p=127979 q=171203 N=21910388737 n=35 B=131072 H=167163 gap=43224 e=1 D=1 sp=63989(61*1049) sq=85601(85601) ordN=(5240,10700) ordH=(2620,17120) residuals=[1049,1049,1,1,63989] centered_H={61:23,1049:372,85601:-4039}
p=130127 q=236207 N=30736908289 n=35 B=131072 H=234504 gap=106080 e=1 D=1 sp=65063(65063) sq=118103(89*1327) ordN=(32531,29172) ordH=(32531,14586) residuals=[65063,1327,1,1,65063] centered_H={65063:-25748,89:-11,1327:-375}
p=130223 q=186959 N=24346361857 n=35 B=131072 H=185748 gap=56736 e=1 D=1 sp=65111(65111) sq=93479(93479) ordN=(32555,46739) ordH=(32555,93478) residuals=[65111,65111,65111,65111,65111] centered_H={65111:-9585,93479:-1210}
p=130619 q=142067 N=18556649473 n=35 B=131072 H=141576 gap=11448 e=1 D=1 sp=65309(65309) sq=71033(251*283) ordN=(16327,11750) ordH=(65308,11750) residuals=[65309,65309,1,1,65309] centered_H={65309:10958,251:12,283:76}
p=133403 q=141587 N=18888130561 n=35 B=131072 H=144105 gap=8184 e=1 D=1 sp=66701(66701) sq=70793(70793) ordN=(66700,8849) ordH=(16675,17698) residuals=[66701,66701,66701,66701,66701] centered_H={66701:10703,70793:2519}
p=141707 q=210467 N=29824647169 n=35 B=131072 H=227544 gap=68760 e=1 D=1 sp=70853(70853) sq=105233(47*2239) ordN=(70852,25737) ordH=(17713,25737) residuals=[2239,2239,2239,2239,70853] centered_H={70853:14985,47:17,2239:-834}
p=146519 q=290663 N=42587652097 n=36 B=262144 H=162459 gap=144144 e=1 D=1 sp=73259(73259) sq=145331(19*7649) ordN=(73258,68832) ordH=(73258,34416) residuals=[7649,7649,7649,7649,7649] centered_H={73259:15941,19:9,7649:1830}
p=153107 q=189467 N=29008723969 n=35 B=131072 H=221319 gap=36360 e=1 D=1 sp=76553(37*2069) sq=94733(61*1553) ordN=(6204,7760) ordH=(18612,776) residuals=[1553,1553,1,1,76553] centered_H={37:-15,2069:-64,61:11,1553:-760}
p=163127 q=247943 N=40446197761 n=36 B=262144 H=154290 gap=84816 e=1 D=1 sp=81563(81563) sq=123971(151*821) ordN=(81562,3075) ordH=(81562,2460) residuals=[81563,821,1,1,81563] centered_H={81563:-8836,151:-32,821:-58}
p=164999 q=196919 N=32491438081 n=35 B=131072 H=247890 gap=31920 e=1 D=1 sp=82499(82499) sq=98459(98459) ordN=(82498,98458) ordH=(82498,49229) residuals=[82499,82499,82499,82499,82499] centered_H={82499:393,98459:-47487}
p=170123 q=200483 N=34106769409 n=35 B=131072 H=260214 gap=30360 e=1 D=1 sp=85061(85061) sq=100241(59*1699) ordN=(8506,16414) ordH=(42530,49242) residuals=[1699,85061,1,1,85061] centered_H={85061:5031,59:24,1699:267}
p=172427 q=327203 N=56418631681 n=36 B=262144 H=215220 gap=154776 e=1 D=1 sp=86213(73*1181) sq=163601(163601) ordN=(7080,163600) ordH=(10620,16360) residuals=[1181,1181,1,1,86213] centered_H={73:16,1181:278,163601:51619}
p=173039 q=322319 N=55773757441 n=36 B=262144 H=212760 gap=149280 e=1 D=1 sp=86519(241*359) sq=161159(161159) ordN=(14320,161158) ordH=(14320,161158) residuals=[86519,86519,1,1,86519] centered_H={241:-43,359:-127,161159:51601}
p=174467 q=175403 N=30602035201 n=35 B=131072 H=233475 gap=936 e=1 D=1 sp=87233(83*1051) sq=87701(87701) ordN=(43050,8770) ordH=(43050,1754) residuals=[87233,87233,1,1,87233] centered_H={83:-4,1051:153,87701:-29628}
p=176159 q=183263 N=32283426817 n=35 B=131072 H=246303 gap=7104 e=1 D=1 sp=88079(88079) sq=91631(91631) ordN=(44039,1078) ordH=(88078,45815) residuals=[88079,88079,88079,88079,88079] centered_H={88079:-17934,91631:-28590}
p=188687 q=257519 N=48590487553 n=36 B=262144 H=185358 gap=68832 e=1 D=1 sp=94343(94343) sq=128759(331*389) ordN=(47171,64020) ordH=(47171,5820) residuals=[94343,389,1,1,94343] centered_H={94343:-3328,331:-2,389:194}
p=191747 q=320939 N=61539090433 n=36 B=262144 H=234753 gap=129192 e=1 D=1 sp=95873(95873) sq=160469(37*4337) ordN=(11984,39024) ordH=(47936,39024) residuals=[4337,4337,4337,4337,95873] centered_H={95873:43007,37:-12,4337:555}
p=193847 q=315527 N=61163962369 n=36 B=262144 H=233322 gap=121680 e=1 D=1 sp=96923(103*941) sq=157763(79*1997) ordN=(11985,77844) ordH=(1598,77844) residuals=[96923,941,1,1,96923] centered_H={103:27,941:-46,79:35,1997:-327}
p=203843 q=331883 N=67652026369 n=36 B=262144 H=258072 gap=128040 e=1 D=1 sp=101921(101921) sq=165941(165941) ordN=(50960,82970) ordH=(101920,82970) residuals=[101921,101921,101921,101921,101921] centered_H={101921:-47691,165941:-73810}
p=212123 q=280979 N=59602108417 n=36 B=262144 H=227364 gap=68856 e=1 D=1 sp=106061(67*1583) sq=140489(37*3797) ordN=(52206,2628) ordH=(52206,1898) residuals=[3797,1583,1,1,106061] centered_H={67:33,1583:-588,37:-1,3797:-456}
p=215687 q=219959 N=47442296833 n=36 B=262144 H=180978 gap=4272 e=1 D=1 sp=107843(107843) sq=109979(71*1549) ordN=(107842,27090) ordH=(53921,258) residuals=[1549,1549,1,1,107843] centered_H={107843:-34708,71:-1,1549:-255}
p=216947 q=224699 N=48747773953 n=36 B=262144 H=185958 gap=7752 e=1 D=1 sp=108473(67*1619) sq=112349(112349) ordN=(53394,112348) ordH=(26697,112348) residuals=[108473,1619,1,1,108473] centered_H={67:33,1619:-227,112349:-38740}
p=217319 q=312023 N=67808526337 n=36 B=262144 H=258669 gap=94704 e=1 D=1 sp=108659(193*563) sq=156011(156011) ordN=(53952,15601) ordH=(3372,156010) residuals=[108659,563,1,1,108659] centered_H={193:49,563:252,156011:-53353}
p=222059 q=307523 N=68288249857 n=36 B=262144 H=260499 gap=85464 e=1 D=1 sp=111029(111029) sq=153761(179*859) ordN=(55514,25454) ordH=(111028,76362) residuals=[111029,111029,1,1,111029] centered_H={111029:38441,179:54,859:222}
p=227567 q=439823 N=100089200641 n=37 B=262144 H=381810 gap=212256 e=1 D=1 sp=113783(113783) sq=219911(219911) ordN=(113782,109955) ordH=(113782,109955) residuals=[113783,113783,113783,113783,113783] centered_H={113783:40461,219911:-58012}
p=233939 q=257627 N=60269002753 n=36 B=262144 H=229908 gap=23688 e=1 D=1 sp=116969(116969) sq=128813(128813) ordN=(29242,32203) ordH=(29242,128812) residuals=[116969,116969,116969,116969,116969] centered_H={116969:-4030,128813:-27718}
p=239147 q=387203 N=92598435841 n=37 B=262144 H=353235 gap=148056 e=1 D=1 sp=119573(109*1097) sq=193601(193601) ordN=(29592,7744) ordH=(9,193600) residuals=[1097,1,1,1,119573] centered_H={109:-34,1097:1,193601:-33967}
p=255467 q=400067 N=102203916289 n=37 B=262144 H=389877 gap=144600 e=1 D=1 sp=127733(127733) sq=200033(200033) ordN=(127732,100016) ordH=(63866,200032) residuals=[127733,127733,127733,127733,127733] centered_H={127733:6678,200033:-10189}
p=260483 q=384299 N=100103356417 n=37 B=262144 H=381864 gap=123816 e=1 D=1 sp=130241(130241) sq=192149(192149) ordN=(65120,8734) ordH=(32560,192148) residuals=[130241,130241,130241,130241,130241] centered_H={130241:-8859,192149:-2434}
p=261323 q=362723 N=94787862529 n=37 B=262144 H=361587 gap=101400 e=1 D=1 sp=130661(193*677) sq=181361(181361) ordN=(10816,36272) ordH=(16224,36272) residuals=[130661,130661,1,1,130661] centered_H={193:-95,677:69,181361:-1135}
p=261467 q=518867 N=135666597889 n=37 B=262144 H=517527 gap=257400 e=1 D=1 sp=130733(239*547) sq=259433(61*4253) ordN=(3094,12756) ordH=(3094,21260) residuals=[4253,4253,1,1,130733] centered_H={239:92,547:65,61:3,4253:-1339}
p=263519 q=366239 N=96510935041 n=37 B=262144 H=368160 gap=102720 e=1 D=1 sp=131759(131759) sq=183119(183119) ordN=(65879,91559) ordH=(131758,7043) residuals=[131759,131759,131759,131759,131759] centered_H={131759:-27117,183119:1922}
p=271703 q=300647 N=81686691841 n=37 B=262144 H=311610 gap=28944 e=1 D=1 sp=135851(135851) sq=150323(150323) ordN=(6175,150322) ordH=(67925,150322) residuals=[135851,135851,135851,135851,135851] centered_H={135851:39908,150323:10964}
p=273719 q=333959 N=91410923521 n=37 B=262144 H=348705 gap=60240 e=1 D=1 sp=136859(136859) sq=166979(166979) ordN=(68429,166978) ordH=(136858,83489) residuals=[136859,136859,136859,136859,136859] centered_H={136859:-61872,166979:14747}
p=276359 q=515639 N=142501478401 n=38 B=524288 H=271800 gap=239280 e=1 D=1 sp=138179(138179) sq=257819(311*829) ordN=(138178,128340) ordH=(138178,128340) residuals=[138179,138179,1,1,138179] centered_H={138179:-4558,311:-14,829:-112}
p=278879 q=547487 N=152682627073 n=38 B=524288 H=291219 gap=268608 e=1 D=1 sp=139439(139439) sq=273743(457*599) ordN=(69719,1196) ordH=(69719,11362) residuals=[599,599,1,1,139439] centered_H={139439:12341,457:110,599:105}
p=279779 q=467147 N=130697920513 n=37 B=262144 H=498573 gap=187368 e=1 D=1 sp=139889(59*2371) sq=233573(131*1783) ordN=(68730,57915) ordH=(4582,115830) residuals=[139889,139889,1,1,139889] centered_H={59:23,2371:663,131:-13,1783:-667}
p=281627 q=306707 N=86376972289 n=37 B=262144 H=329502 gap=25080 e=1 D=1 sp=140813(140813) sq=153353(153353) ordN=(140812,153352) ordH=(5029,153352) residuals=[140813,140813,140813,140813,140813] centered_H={140813:47876,153353:22796}
p=291287 q=397799 N=115873677313 n=37 B=262144 H=442023 gap=106512 e=1 D=1 sp=145643(145643) sq=198899(198899) ordN=(10403,198898) ordH=(72821,198898) residuals=[145643,145643,145643,145643,145643] centered_H={145643:5094,198899:44225}
p=298427 q=339827 N=101413552129 n=37 B=262144 H=386862 gap=41400 e=1 D=1 sp=149213(149213) sq=169913(169913) ordN=(149212,169912) ordH=(149212,42478) residuals=[149213,149213,149213,149213,149213] centered_H={149213:-60777,169913:47036}
p=312407 q=419687 N=131113156609 n=37 B=262144 H=500157 gap=107280 e=1 D=1 sp=156203(181*863) sq=209843(223*941) ordN=(19395,17390) ordH=(77580,17390) residuals=[156203,156203,1,1,156203] centered_H={181:54,863:-383,223:-32,941:-455}
p=319679 q=429887 N=137425846273 n=37 B=262144 H=524238 gap=110208 e=1 D=1 sp=159839(159839) sq=214943(214943) ordN=(159838,214942) ordH=(159838,107471) residuals=[159839,159839,159839,159839,159839] centered_H={159839:44721,214943:94352}
p=320687 q=586319 N=188024881153 n=38 B=524288 H=358629 gap=265632 e=1 D=1 sp=160343(160343) sq=293159(71*4129) ordN=(80171,7224) ordH=(160342,72240) residuals=[4129,4129,1,1,160343] centered_H={160343:37943,71:8,4129:-594}
p=333923 q=403787 N=134833766401 n=37 B=262144 H=514350 gap=69864 e=1 D=1 sp=166961(199*839) sq=201893(201893) ordN=(41481,11876) ordH=(82962,50473) residuals=[166961,166961,1,1,166961] centered_H={199:-65,839:43,201893:-91329}
p=335507 q=569243 N=190985011201 n=38 B=524288 H=364275 gap=233736 e=1 D=1 sp=167753(227*739) sq=284621(241*1181) ordN=(83394,14160) ordH=(4633,4720) residuals=[167753,167753,1,1,167753] centered_H={227:-60,739:-52,241:-117,1181:527}
p=347003 q=449459 N=155963621377 n=38 B=524288 H=297477 gap=102456 e=1 D=1 sp=173501(173501) sq=224729(224729) ordN=(86750,28091) ordH=(43375,28091) residuals=[173501,173501,173501,173501,173501] centered_H={173501:-49525,224729:72748}
p=348527 q=601487 N=209634459649 n=38 B=524288 H=399846 gap=252960 e=1 D=1 sp=174263(174263) sq=300743(300743) ordN=(87131,300742) ordH=(174262,150371) residuals=[174263,174263,174263,174263,174263] centered_H={174263:51320,300743:99103}
p=350459 q=455219 N=159535595521 n=38 B=524288 H=304290 gap=104760 e=1 D=1 sp=175229(175229) sq=227609(227609) ordN=(87614,56902) ordH=(175228,227608) residuals=[175229,175229,175229,175229,175229] centered_H={175229:-46168,227609:76681}
p=354647 q=365159 N=129502543873 n=37 B=262144 H=494013 gap=10512 e=1 D=1 sp=177323(177323) sq=182579(182579) ordN=(88661,8299) ordH=(88661,16598) residuals=[177323,177323,177323,177323,177323] centered_H={177323:-37956,182579:-53724}
p=378179 q=520043 N=196669341697 n=38 B=524288 H=375117 gap=141864 e=1 D=1 sp=189089(173*1093) sq=260021(43*6047) ordN=(46956,18138) ordH=(6708,126966) residuals=[6047,189089,1,1,189089] centered_H={173:53,1093:218,43:-15,6047:203}
p=381047 q=592199 N=225655652353 n=38 B=524288 H=430404 gap=211152 e=1 D=1 sp=190523(190523) sq=296099(296099) ordN=(95261,148049) ordH=(190522,3443) residuals=[190523,190523,190523,190523,190523] centered_H={190523:49358,296099:134305}
p=395027 q=580379 N=229265375233 n=38 B=524288 H=437289 gap=185352 e=1 D=1 sp=197513(263*751) sq=290189(290189) ordN=(98250,290188) ordH=(16375,145094) residuals=[197513,197513,1,1,197513] centered_H={263:-80,751:207,290189:-143089}
p=396479 q=746303 N=295893467137 n=39 B=524288 H=564372 gap=349824 e=1 D=1 sp=198239(137*1447) sq=373151(373151) ordN=(24582,186575) ordH=(16388,37315) residuals=[1447,198239,1,1,198239] centered_H={137:-68,1447:42,373151:-181930}
p=398339 q=538283 N=214419111937 n=38 B=524288 H=408972 gap=139944 e=1 D=1 sp=199169(151*1319) sq=269141(269141) ordN=(3954,67285) ordH=(6590,269140) residuals=[1319,1319,1,1,199169] centered_H={151:64,1319:82,269141:-129310}
p=398459 q=699059 N=278546350081 n=39 B=524288 H=531285 gap=300600 e=1 D=1 sp=199229(281*709) sq=349529(349529) ordN=(24780,43691) ordH=(1180,349528) residuals=[199229,709,1,1,199229] centered_H={281:-86,709:244,349529:-167773}
p=398759 q=606743 N=241944231937 n=38 B=524288 H=461472 gap=207984 e=1 D=1 sp=199379(199379) sq=303371(303371) ordN=(99689,151685) ordH=(99689,303370) residuals=[199379,199379,199379,199379,199379] centered_H={199379:62714,303371:-145270}
p=404267 q=473987 N=191617302529 n=38 B=524288 H=365481 gap=69720 e=1 D=1 sp=202133(131*1543) sq=236993(236993) ordN=(33410,118496) ordH=(100230,118496) residuals=[202133,202133,1,1,202133] centered_H={131:-9,1543:-210,236993:-108505}
p=405719 q=639719 N=259546152961 n=38 B=524288 H=495045 gap=234000 e=1 D=1 sp=202859(202859) sq=319859(499*641) ordN=(101429,53120) ordH=(101429,26560) residuals=[202859,202859,1,1,202859] centered_H={202859:89327,499:37,641:193}
p=411683 q=567179 N=233497952257 n=38 B=524288 H=445362 gap=155496 e=1 D=1 sp=205841(43*4787) sq=283589(61*4649) ordN=(100506,4980) ordH=(16751,581) residuals=[4787,4649,1,1,205841] centered_H={43:11,4787:171,61:1,4649:-942}
p=418043 q=830003 N=346976944129 n=39 B=524288 H=661806 gap=411960 e=1 D=1 sp=209021(209021) sq=415001(613*677) ordN=(104510,34476) ordH=(209020,103428) residuals=[209021,209021,1,1,209021] centered_H={209021:34743,613:-234,677:-300}
p=430259 q=433787 N=186640760833 n=38 B=524288 H=355989 gap=3528 e=1 D=1 sp=215129(43*5003) sq=216893(89*2437) ordN=(105042,53592) ordH=(17507,4466) residuals=[215129,2437,1,1,215129] centered_H={43:-8,5003:776,89:-11,2437:187}
p=435143 q=667127 N=290295644161 n=39 B=524288 H=553695 gap=231984 e=1 D=1 sp=217571(97*2243) sq=333563(333563) ordN=(107616,333562) ordH=(35872,166781) residuals=[217571,2243,1,1,217571] centered_H={97:19,2243:-326,333563:-113431}
p=438143 q=594047 N=260277534721 n=38 B=524288 H=496440 gap=155904 e=1 D=1 sp=219071(219071) sq=297023(297023) ordN=(219070,297022) ordH=(109535,297022) residuals=[219071,219071,219071,219071,219071] centered_H={219071:58298,297023:-97606}
p=442319 q=649007 N=287068127233 n=39 B=524288 H=547539 gap=206688 e=1 D=1 sp=221159(221159) sq=324503(324503) ordN=(110579,162251) ordH=(221158,162251) residuals=[221159,221159,221159,221159,221159] centered_H={221159:105221,324503:-101467}
p=445619 q=836219 N=372635074561 n=39 B=524288 H=710745 gap=390600 e=1 D=1 sp=222809(97*2297) sq=418109(418109) ordN=(4592,209054) ordH=(27552,209054) residuals=[2297,222809,1,1,222809] centered_H={97:26,2297:972,418109:-125473}
p=445883 q=585587 N=261103288321 n=38 B=524288 H=498015 gap=139704 e=1 D=1 sp=222941(222941) sq=292793(292793) ordN=(55735,146396) ordH=(222940,292792) residuals=[222941,222941,222941,222941,222941] centered_H={222941:52133,292793:-87571}
p=446003 q=580859 N=259064856577 n=38 B=524288 H=494127 gap=134856 e=1 D=1 sp=223001(269*829) sq=290429(290429) ordN=(18492,72607) ordH=(2412,145214) residuals=[223001,269,1,1,223001] centered_H={269:-26,829:43,290429:-86731}
p=447779 q=524939 N=235056660481 n=38 B=524288 H=448335 gap=77160 e=1 D=1 sp=223889(241*929) sq=262469(262469) ordN=(4640,262468) ordH=(6960,65617) residuals=[223889,223889,1,1,223889] centered_H={241:75,929:-372,262469:-76603}
p=448859 q=896723 N=402502189057 n=39 B=524288 H=767712 gap=447864 e=1 D=1 sp=224429(224429) sq=448361(43*10427) ordN=(56107,218946) ordH=(224428,218946) residuals=[10427,224429,10427,10427,224429] centered_H={224429:94425,43:-10,10427:-3886}
p=456167 q=478679 N=218357563393 n=38 B=524288 H=416484 gap=22512 e=1 D=1 sp=228083(41*5563) sq=239339(137*1747) ordN=(1030,118728) ordH=(111240,3298) residuals=[5563,1747,1,1,228083] centered_H={41:6,5563:-741,137:4,1747:698}
p=465419 q=860579 N=400529817601 n=39 B=524288 H=763950 gap=395160 e=1 D=1 sp=232709(232709) sq=430289(430289) ordN=(232708,215144) ordH=(58177,215144) residuals=[232709,232709,232709,232709,232709] centered_H={232709:65823,430289:-96628}
p=471299 q=901547 N=424898199553 n=39 B=524288 H=810429 gap=430248 e=1 D=1 sp=235649(71*3319) sq=450773(83*5431) ordN=(2765,22263) ordH=(16590,37105) residuals=[3319,235649,1,1,235649] centered_H={71:35,3319:593,83:17,5431:1210}
p=482507 q=731363 N=352887767041 n=39 B=524288 H=673080 gap=248856 e=1 D=1 sp=241253(241253) sq=365681(503*727) ordN=(60313,60742) ordH=(241252,182226) residuals=[241253,241253,1,1,241253] centered_H={241253:-50679,503:66,727:-122}
p=499559 q=527447 N=263490895873 n=38 B=524288 H=502569 gap=27888 e=1 D=1 sp=249779(249779) sq=263723(263723) ordN=(124889,131861) ordH=(249778,131861) residuals=[249779,249779,249779,249779,249779] centered_H={249779:3011,263723:-24877}
p=502787 q=876203 N=440543477761 n=39 B=524288 H=840270 gap=373416 e=1 D=1 sp=251393(251393) sq=438101(113*3877) ordN=(251392,54264) ordH=(125696,476) residuals=[251393,1,3877,1,251393] centered_H={251393:86091,113:2,3877:-1039}
p=505607 q=919223 N=464765583361 n=39 B=524288 H=886470 gap=413616 e=1 D=1 sp=252803(101*2503) sq=459611(459611) ordN=(62550,24190) ordH=(125100,459610) residuals=[252803,252803,2503,2503,252803] centered_H={101:-7,2503:408,459611:-32752}
p=508919 q=912839 N=464561111041 n=39 B=524288 H=886080 gap=403920 e=1 D=1 sp=254459(79*3221) sq=456419(101*4519) ordN=(897,18825) ordH=(12558,225900) residuals=[1,3221,1,1,254459] centered_H={79:16,3221:305,101:7,4519:356}
p=513203 q=719483 N=369240834049 n=39 B=524288 H=704271 gap=206280 e=1 D=1 sp=256601(137*1873) sq=359741(163*2207) ordN=(624,178686) ordH=(3536,89343) residuals=[1873,256601,1,1,256601] centered_H={137:-46,1873:23,163:-52,2207:238}
p=517079 q=835559 N=432050012161 n=39 B=524288 H=824070 gap=318480 e=1 D=1 sp=258539(258539) sq=417779(59*73*97) ordN=(129269,8352) ordH=(129269,928) residuals=[73,1,1,1,258539] centered_H={258539:48453,59:17,73:-27,97:-42}
p=519227 q=527603 N=273945722881 n=38 B=524288 H=522510 gap=8376 e=1 D=1 sp=259613(89*2917) sq=263801(251*1051) ordN=(10692,5250) ordH=(32076,125) residuals=[2917,251,1,1,259613] centered_H={89:-9,2917:367,251:-72,1051:163}
p=537743 q=682607 N=367067136001 n=39 B=524288 H=700125 gap=144864 e=1 D=1 sp=268871(67*4013) sq=341303(341303) ordN=(66198,170651) ordH=(44132,341302) residuals=[268871,4013,1,1,268871] centered_H={67:-25,4013:1863,341303:17519}
p=540347 q=743027 N=401492410369 n=39 B=524288 H=765786 gap=202680 e=1 D=1 sp=270173(73*3701) sq=371513(371513) ordN=(66600,371512) ordH=(1665,92878) residuals=[270173,3701,1,1,270173] centered_H={73:16,3701:-321,371513:22760}
p=542999 q=622247 N=337879498753 n=39 B=524288 H=644454 gap=79248 e=1 D=1 sp=271499(271499) sq=311123(311123) ordN=(271498,155561) ordH=(271498,155561) residuals=[271499,271499,271499,271499,271499] centered_H={271499:101456,311123:22208}
p=551099 q=892019 N=491590778881 n=39 B=524288 H=937635 gap=340920 e=1 D=1 sp=275549(275549) sq=446009(446009) ordN=(137774,223004) ordH=(5299,223004) residuals=[275549,275549,275549,275549,275549] centered_H={275549:110988,446009:45617}
p=552887 q=957959 N=529643077633 n=39 B=524288 H=1010214 gap=405072 e=1 D=1 sp=276443(276443) sq=478979(461*1039) ordN=(276442,238740) ordH=(276442,23874) residuals=[276443,276443,1,1,276443] centered_H={276443:-95558,461:163,1039:306}
p=555683 q=592139 N=329041575937 n=39 B=524288 H=627597 gap=36456 e=1 D=1 sp=277841(109*2549) sq=296069(107*2767) ordN=(68796,48866) ordH=(68796,48866) residuals=[277841,277841,1,1,277841] centered_H={109:-25,2549:543,107:42,2767:-512}
p=556763 q=871763 N=485365383169 n=39 B=524288 H=925761 gap=315000 e=1 D=1 sp=278381(47*5923) sq=435881(435881) ordN=(136206,108970) ordH=(136206,435880) residuals=[5923,5923,1,1,278381] centered_H={47:2,5923:1773,435881:53999}
p=557087 q=981983 N=547049963521 n=39 B=524288 H=1043415 gap=424896 e=1 D=1 sp=278543(278543) sq=490991(490991) ordN=(278542,98198) ordH=(139271,490990) residuals=[278543,278543,278543,278543,278543] centered_H={278543:-70757,490991:61433}
p=557927 q=714839 N=398827978753 n=39 B=524288 H=760704 gap=156912 e=1 D=1 sp=278963(83*3361) sq=357419(113*3163) ordN=(4592,59024) ordH=(22960,177072) residuals=[278963,278963,1,1,278963] centered_H={83:9,3361:1118,113:-12,3163:-1579}
p=559523 q=717323 N=401358716929 n=39 B=524288 H=765531 gap=157800 e=1 D=1 sp=279761(279761) sq=358661(59*6079) ordN=(139880,88131) ordH=(55952,176262) residuals=[6079,279761,6079,6079,279761] centered_H={279761:-73752,59:6,6079:-423}
p=563183 q=620303 N=349344104449 n=39 B=524288 H=666321 gap=57120 e=1 D=1 sp=281591(97*2903) sq=310151(193*1607) ordN=(23216,6424) ordH=(46432,4818) residuals=[1607,1607,1,1,281591] centered_H={97:28,2903:-1369,193:85,1607:-584}
p=568187 q=818099 N=464833216513 n=39 B=524288 H=886599 gap=249912 e=1 D=1 sp=284093(284093) sq=409049(97*4217) ordN=(284092,50592) ordH=(284092,16864) residuals=[284093,4217,4217,4217,284093] centered_H={284093:34320,97:19,4217:1029}
p=575987 q=587579 N=338437865473 n=39 B=524288 H=645519 gap=11592 e=1 D=1 sp=287993(97*2969) sq=293789(89*3301) ordN=(2968,132) ordH=(4452,1650) residuals=[2969,2969,1,1,287993] centered_H={97:-16,2969:1246,89:2,3301:-1477}
p=580487 q=653879 N=379568259073 n=39 B=524288 H=723969 gap=73392 e=1 D=1 sp=290243(290243) sq=326939(326939) ordN=(290242,163469) ordH=(145121,326938) residuals=[290243,290243,290243,290243,290243] centered_H={290243:143483,326939:70091}
p=585023 q=754367 N=441322045441 n=39 B=524288 H=841755 gap=169344 e=1 D=1 sp=292511(73*4007) sq=377183(377183) ordN=(144216,188591) ordH=(12018,377182) residuals=[292511,4007,1,1,292511] centered_H={73:-8,4007:285,377183:87389}
p=585899 q=756227 N=443072643073 n=39 B=524288 H=845094 gap=170328 e=1 D=1 sp=292949(73*4013) sq=378113(103*3671) ordN=(72216,187170) ordH=(4012,93585) residuals=[292949,4013,1,1,292949] centered_H={73:-27,4013:-1649,103:-21,3671:764}
p=593519 q=921743 N=547071983617 n=39 B=524288 H=1043457 gap=328224 e=1 D=1 sp=296759(167*1777) sq=460871(460871) ordN=(147408,230435) ordH=(49136,460870) residuals=[296759,296759,1,1,296759] centered_H={167:41,1777:358,460871:121715}
p=597803 q=1091459 N=652477464577 n=40 B=1048576 H=622251 gap=493656 e=1 D=1 sp=298901(499*599) sq=545729(367*1487) ordN=(148902,90646) ordH=(24817,271938) residuals=[298901,298901,1,1,298901] centered_H={499:-2,599:-110,367:-181,1487:685}
p=601379 q=813707 N=489346301953 n=39 B=524288 H=933354 gap=212328 e=1 D=1 sp=300689(199*1511) sq=406853(139*2927) ordN=(149490,67298) ordH=(149490,201894) residuals=[2927,300689,1,1,300689] centered_H={199:44,1511:-444,139:-31,2927:-359}
p=607967 q=783647 N=476431515649 n=39 B=524288 H=908721 gap=175680 e=1 D=1 sp=303983(303983) sq=391823(391823) ordN=(303982,195911) ordH=(303982,195911) residuals=[303983,303983,303983,303983,303983] centered_H={303983:-3228,391823:125075}
p=610619 q=614387 N=375156375553 n=39 B=524288 H=715554 gap=3768 e=1 D=1 sp=305309(109*2801) sq=307193(277*1109) ordN=(525,76452) ordH=(75600,76452) residuals=[2801,2801,1,1,305309] centered_H={109:-31,2801:1299,277:63,1109:249}
p=616439 q=756167 N=466130829313 n=39 B=524288 H=889074 gap=139728 e=1 D=1 sp=308219(308219) sq=378083(378083) ordN=(154109,189041) ordH=(308218,189041) residuals=[308219,308219,308219,308219,308219] centered_H={308219:-35583,378083:132908}
p=617447 q=686039 N=423592722433 n=39 B=524288 H=807939 gap=68592 e=1 D=1 sp=308723(308723) sq=343019(343019) ordN=(308722,171509) ordH=(154361,343018) residuals=[308723,308723,308723,308723,308723] centered_H={308723:-118230,343019:121901}
p=622607 q=880367 N=548122656769 n=39 B=524288 H=1045461 gap=257760 e=1 D=1 sp=311303(311303) sq=440183(440183) ordN=(311302,440182) ordH=(155651,440182) residuals=[311303,311303,311303,311303,311303] centered_H={311303:111552,440183:165095}
p=632447 q=792959 N=501504540673 n=39 B=524288 H=956544 gap=160512 e=1 D=1 sp=316223(316223) sq=396479(396479) ordN=(158111,396478) ordH=(316222,198239) residuals=[316223,316223,316223,316223,316223] centered_H={316223:7875,396479:163586}
p=636359 q=883703 N=562352357377 n=40 B=1048576 H=536301 gap=247344 e=1 D=1 sp=318179(318179) sq=441851(59*7489) ordN=(318178,24128) ordH=(318178,5568) residuals=[318179,318179,7489,7489,318179] centered_H={318179:-100057,59:-9,7489:-2907}
p=637727 q=655583 N=418082979841 n=39 B=524288 H=797430 gap=17856 e=1 D=1 sp=318863(318863) sq=327791(181*1811) ordN=(318862,5430) ordH=(318862,905) residuals=[1811,1811,1811,1811,318863] centered_H={318863:-159159,181:-56,1811:590}
p=640247 q=670919 N=429553876993 n=39 B=524288 H=819309 gap=30672 e=1 D=1 sp=320123(157*2039) sq=335459(335459) ordN=(26494,335458) ordH=(158964,167729) residuals=[2039,320123,1,1,320123] centered_H={157:-74,2039:-369,335459:148391}
p=642779 q=1277267 N=821000404993 n=40 B=1048576 H=782967 gap=634488 e=1 D=1 sp=321389(557*577) sq=638633(638633) ordN=(80064,638632) ordH=(40032,638632) residuals=[321389,321389,1,1,321389] centered_H={557:-175,577:-22,638633:144334}
p=650627 q=952619 N=619799642113 n=40 B=1048576 H=591087 gap=301992 e=1 D=1 sp=325313(61*5333) sq=476309(331*1439) ordN=(79980,47454) ordH=(26660,47454) residuals=[1439,5333,1,1,325313] centered_H={61:-3,5333:-876,331:-79,1439:-342}
p=652943 q=813167 N=530951700481 n=39 B=524288 H=1012710 gap=160224 e=1 D=1 sp=326471(137*2383) sq=406583(406583) ordN=(40494,203291) ordH=(161976,203291) residuals=[2383,326471,1,1,326471] centered_H={137:6,2383:-65,406583:199544}
p=658079 q=954719 N=628280524801 n=40 B=1048576 H=599175 gap=296640 e=1 D=1 sp=329039(293*1123) sq=477359(477359) ordN=(9636,68194) ordH=(13651,68194) residuals=[293,329039,1,1,329039] centered_H={293:-10,1123:-507,477359:121816}
p=660887 q=1161767 N=767796707329 n=40 B=1048576 H=732228 gap=500880 e=1 D=1 sp=330443(491*673) sq=580883(211*2753) ordN=(1470,72240) ordH=(5880,19264) residuals=[330443,491,1,1,330443] centered_H={491:147,673:4,211:58,2753:-70}
p=666683 q=773363 N=515587964929 n=39 B=524288 H=983406 gap=106680 e=1 D=1 sp=333341(333341) sq=386681(73*5297) ordN=(23810,23832) ordH=(16667,23832) residuals=[333341,5297,5297,5297,333341] centered_H={333341:-16617,73:23,5297:-1836}
p=669107 q=754043 N=504535449601 n=39 B=524288 H=962325 gap=84936 e=1 D=1 sp=334553(97*3449) sq=377021(377021) ordN=(5172,75404) ordH=(6896,377020) residuals=[3449,3449,3449,3449,334553] centered_H={97:-12,3449:54,377021:-168738}
p=673199 q=1192271 N=802635644929 n=40 B=1048576 H=765453 gap=519072 e=1 D=1 sp=336599(336599) sq=596135(5*119227) ordN=(168299,39742) ordH=(336598,238452) residuals=[119227,119227,119227,119227,119227] centered_H={336599:92255,5:-2,119227:50091}
p=682967 q=964583 N=658778357761 n=40 B=1048576 H=628260 gap=281616 e=1 D=1 sp=341483(313*1091) sq=482291(89*5419) ordN=(8502,238392) ordH=(170040,119196) residuals=[341483,341483,1,1,341483] centered_H={313:69,1091:-156,89:9,5419:-344}
p=689279 q=1129343 N=778432413697 n=40 B=1048576 H=742371 gap=440064 e=1 D=1 sp=344639(344639) sq=564671(564671) ordN=(344638,112934) ordH=(344638,282335) residuals=[344639,344639,344639,344639,344639] centered_H={344639:53093,564671:177700}
p=693167 q=828239 N=574107942913 n=40 B=1048576 H=547512 gap=135072 e=1 D=1 sp=346583(127*2729) sq=414119(199*2081) ordN=(85932,12870) ordH=(171864,143) residuals=[346583,1,1,1,346583] centered_H={127:15,2729:-1017,199:63,2081:209}
p=695447 q=697127 N=484814880769 n=39 B=524288 H=924711 gap=1680 e=1 D=1 sp=347723(89*3907) sq=348563(348563) ordN=(28644,348562) ordH=(1953,348562) residuals=[347723,3907,3907,3907,347723] centered_H={89:1,3907:-1248,348563:-120978}
p=700079 q=747599 N=523378360321 n=39 B=524288 H=998265 gap=47520 e=1 D=1 sp=350039(350039) sq=373799(43*8693) ordN=(350038,30422) ordH=(175019,91266) residuals=[8693,350039,8693,8693,350039] centered_H={350039:-51852,43:20,8693:-1430}
p=704303 q=1370063 N=964939481089 n=40 B=1048576 H=920238 gap=665760 e=1 D=1 sp=352151(157*2243) sq=685031(685031) ordN=(43719,342515) ordH=(174876,342515) residuals=[2243,352151,2243,2243,352151] centered_H={157:61,2243:608,685031:235207}
p=706943 q=718463 N=507912388609 n=39 B=524288 H=968766 gap=11520 e=1 D=1 sp=353471(353471) sq=359231(359231) ordN=(353470,179615) ordH=(35347,71846) residuals=[353471,353471,353471,353471,353471] centered_H={353471:-91647,359231:-108927}
p=714719 q=1020959 N=729698795521 n=40 B=1048576 H=695895 gap=306240 e=1 D=1 sp=357359(357359) sq=510479(631*809) ordN=(178679,2828) ordH=(357358,84840) residuals=[809,357359,1,1,357359] centered_H={357359:-18823,631:-98,809:155}
p=720779 q=995363 N=717436747777 n=40 B=1048576 H=684201 gap=274584 e=1 D=1 sp=360389(199*1811) sq=497681(479*1039) ordN=(179190,124041) ordH=(35838,248082) residuals=[360389,360389,1,1,360389] centered_H={199:39,1811:-357,479:189,1039:-500}
p=722027 q=1017923 N=734967889921 n=40 B=1048576 H=700920 gap=295896 e=1 D=1 sp=361013(361013) sq=508961(508961) ordN=(361012,101792) ordH=(361012,254480) residuals=[361013,361013,361013,361013,361013] centered_H={361013:-21106,508961:191959}
p=724079 q=1036943 N=750828650497 n=40 B=1048576 H=716046 gap=312864 e=1 D=1 sp=362039(277*1307) sq=518471(518471) ordN=(60076,259235) ordH=(1306,51847) residuals=[362039,1307,1,1,362039] centered_H={277:1,1307:-190,518471:197575}
p=728627 q=1379579 N=1005198508033 n=40 B=1048576 H=958632 gap=650952 e=1 D=1 sp=364313(364313) sq=689789(689789) ordN=(364312,689788) ordH=(45539,689788) residuals=[364313,364313,364313,364313,364313] centered_H={364313:-134307,689789:268843}
p=731483 q=1105619 N=808741502977 n=40 B=1048576 H=771276 gap=374136 e=1 D=1 sp=365741(59*6199) sq=552809(552809) ordN=(59914,552808) ordH=(179742,276404) residuals=[365741,6199,1,1,365741] centered_H={59:28,6199:2600,552809:218467}
p=737687 q=740903 N=546554511361 n=39 B=524288 H=1042470 gap=3216 e=1 D=1 sp=368843(103*3581) sq=370451(370451) ordN=(68,185225) ordH=(182580,185225) residuals=[1,368843,1,1,368843] centered_H={103:7,3581:399,370451:-68883}
p=747107 q=936779 N=699874148353 n=40 B=1048576 H=667452 gap=189672 e=1 D=1 sp=373553(373553) sq=468389(468389) ordN=(373552,468388) ordH=(373552,234194) residuals=[373553,373553,373553,373553,373553] centered_H={373553:-79654,468389:199063}
p=749807 q=900623 N=675293429761 n=40 B=1048576 H=644010 gap=150816 e=1 D=1 sp=374903(374903) sq=450311(450311) ordN=(187451,450310) ordH=(374902,6433) residuals=[374903,374903,374903,374903,374903] centered_H={374903:-105796,450311:193699}
p=755759 q=1490639 N=1126563840001 n=41 B=1048576 H=1074375 gap=734880 e=1 D=1 sp=377879(443*853) sq=745319(43*17333) ordN=(3692,25998) ordH=(62764,51996) residuals=[853,377879,1,1,377879] centered_H={443:100,853:-405,43:20,17333:-271}
p=761459 q=865979 N=659407503361 n=40 B=1048576 H=628860 gap=104520 e=1 D=1 sp=380729(380729) sq=432989(432989) ordN=(380728,216494) ordH=(190364,432988) residuals=[380729,380729,380729,380729,380729] centered_H={380729:-132598,432989:195871}
p=766583 q=1165127 N=893166551041 n=40 B=1048576 H=851790 gap=398544 e=1 D=1 sp=383291(383291) sq=582563(582563) ordN=(383290,291281) ordH=(191645,582562) residuals=[383291,383291,383291,383291,383291] centered_H={383291:85208,582563:269227}
p=776507 q=890867 N=691764461569 n=40 B=1048576 H=659718 gap=114360 e=1 D=1 sp=388253(388253) sq=445433(445433) ordN=(388252,111358) ordH=(97063,445432) residuals=[388253,388253,388253,388253,388253] centered_H={388253:-116788,445433:214285}
p=793139 q=1339643 N=1062523109377 n=40 B=1048576 H=1013301 gap=546504 e=1 D=1 sp=396569(227*1747) sq=669821(317*2113) ordN=(98649,41712) ordH=(65766,41712) residuals=[396569,396569,1,1,396569] centered_H={227:-27,1747:41,317:-148,2113:-939}
p=811607 q=1026407 N=833039106049 n=40 B=1048576 H=794448 gap=214800 e=1 D=1 sp=405803(257*1579) sq=513203(513203) ordN=(201984,256601) ordH=(33664,513202) residuals=[405803,405803,1,1,405803] centered_H={257:61,1579:211,513203:-231958}
p=811619 q=1388363 N=1126821789697 n=41 B=1048576 H=1074621 gap=576744 e=1 D=1 sp=405809(263*1543) sq=694181(443*1567) ordN=(101001,115362) ordH=(67334,5967) residuals=[405809,443,1,1,405809] centered_H={263:3,1543:693,443:-97,1567:-341}
p=814043 q=890963 N=725282193409 n=40 B=1048576 H=691683 gap=76920 e=1 D=1 sp=407021(191*2131) sq=445481(79*5639) ordN=(13490,73294) ordH=(20235,73294) residuals=[2131,5639,2131,2131,407021] centered_H={191:72,2131:-892,79:38,5639:-1914}
p=814127 q=1333967 N=1086018551809 n=40 B=1048576 H=1035708 gap=519840 e=1 D=1 sp=407063(461*883) sq=666983(666983) ordN=(20286,333491) ordH=(202860,333491) residuals=[407063,407063,1,1,407063] centered_H={461:-159,883:-51,666983:-298258}
p=815159 q=935303 N=762420658177 n=40 B=1048576 H=727101 gap=120144 e=1 D=1 sp=407579(407579) sq=467651(467651) ordN=(407578,467650) ordH=(407578,233825) residuals=[407579,407579,407579,407579,407579] centered_H={407579:-88057,467651:-208201}
p=817679 q=1127663 N=922066354177 n=40 B=1048576 H=879351 gap=309984 e=1 D=1 sp=408839(389*1051) sq=563831(563831) ordN=(13580,281915) ordH=(101850,281915) residuals=[389,408839,1,1,408839] centered_H={389:-178,1051:-336,563831:-248311}
p=825467 q=1279667 N=1056322879489 n=40 B=1048576 H=1007388 gap=454200 e=1 D=1 sp=412733(271*1523) sq=639833(639833) ordN=(20547,159958) ordH=(22830,79979) residuals=[1523,1523,1,1,412733] centered_H={271:81,1523:685,639833:-272278}
p=836183 q=1395047 N=1166514585601 n=41 B=1048576 H=1112475 gap=558864 e=1 D=1 sp=418091(157*2663) sq=697523(697523) ordN=(207636,697522) ordH=(17303,697522) residuals=[418091,2663,1,1,418091] centered_H={157:-27,2663:-659,697523:-282571}
p=837923 q=1289867 N=1080809226241 n=40 B=1048576 H=1030740 gap=451944 e=1 D=1 sp=418961(418961) sq=644933(644933) ordN=(418960,644932) ordH=(209480,644932) residuals=[418961,418961,418961,418961,418961] centered_H={418961:192818,644933:-259126}
p=842747 q=1308467 N=1102706638849 n=41 B=1048576 H=1051623 gap=465720 e=1 D=1 sp=421373(103*4091) sq=654233(654233) ordN=(104295,327116) ordH=(208590,654232) residuals=[421373,421373,4091,4091,421373] centered_H={103:-7,4091:236,654233:-256843}
p=865343 q=1358783 N=1175813357569 n=41 B=1048576 H=1121343 gap=493440 e=1 D=1 sp=432671(73*5927) sq=679391(307*2213) ordN=(213336,169218) ordH=(23704,112812) residuals=[432671,5927,1,1,432671] centered_H={73:-10,5927:1140,307:-128,2213:-648}
p=871463 q=1270679 N=1107349733377 n=41 B=1048576 H=1056051 gap=399216 e=1 D=1 sp=435731(435731) sq=635339(635339) ordN=(435730,317669) ordH=(43573,635338) residuals=[435731,435731,435731,435731,435731] centered_H={435731:184589,635339:-214627}
p=871679 q=1684223 N=1468101820417 n=41 B=1048576 H=1400091 gap=812544 e=1 D=1 sp=435839(435839) sq=842111(842111) ordN=(217919,842110) ordH=(217919,842110) residuals=[435839,435839,435839,435839,435839] centered_H={435839:92574,842111:-284131}
p=886583 q=1367687 N=1212568043521 n=41 B=1048576 H=1156395 gap=481104 e=1 D=1 sp=443291(443291) sq=683843(683843) ordN=(443290,683842) ordH=(44329,683842) residuals=[443291,443291,443291,443291,443291] centered_H={443291:-173478,683843:-211291}
p=886979 q=1009643 N=895532138497 n=40 B=1048576 H=854046 gap=122664 e=1 D=1 sp=443489(443489) sq=504821(504821) ordN=(443488,252410) ordH=(110872,11740) residuals=[443489,443489,443489,443489,443489] centered_H={443489:-32932,504821:-155596}
p=904823 q=1076039 N=973624836097 n=40 B=1048576 H=928521 gap=171216 e=1 D=1 sp=452411(227*1993) sq=538019(538019) ordN=(225096,269009) ordH=(75032,41386) residuals=[452411,452411,1,1,452411] centered_H={227:91,1993:-217,538019:-147517}
p=915683 q=1772747 N=1623274291201 n=41 B=1048576 H=1548075 gap=857064 e=1 D=1 sp=457841(353*1297) sq=886373(47*18859) ordN=(14256,144578) ordH=(9504,144578) residuals=[457841,18859,1,1,457841] centered_H={353:170,1297:-543,47:-11,18859:1637}
p=924383 q=1843487 N=1704088043521 n=41 B=1048576 H=1625145 gap=919104 e=1 D=1 sp=462191(462191) sq=921743(921743) ordN=(231095,460871) ordH=(231095,921742) residuals=[462191,462191,462191,462191,462191] centered_H={462191:-223619,921743:-218341}
p=927779 q=1034123 N=959437602817 n=40 B=1048576 H=914991 gap=106344 e=1 D=1 sp=463889(463889) sq=517061(517061) ordN=(463888,517060) ordH=(115972,517060) residuals=[463889,463889,463889,463889,463889] centered_H={463889:-12787,517061:-119131}
p=932039 q=1509623 N=1407027511297 n=41 B=1048576 H=1341846 gap=577584 e=1 D=1 sp=466019(466019) sq=754811(754811) ordN=(466018,377405) ordH=(33287,107830) residuals=[466019,466019,466019,466019,466019] centered_H={466019:-56211,754811:-167776}
p=932567 q=1661159 N=1549142065153 n=41 B=1048576 H=1477377 gap=728592 e=1 D=1 sp=466283(466283) sq=830579(830579) ordN=(233141,415289) ordH=(233141,118654) residuals=[466283,466283,466283,466283,466283] centered_H={466283:78528,830579:-183781}
p=934919 q=1436087 N=1342625021953 n=41 B=1048576 H=1280427 gap=501168 e=1 D=1 sp=467459(67*6977) sq=718043(718043) ordN=(19184,27617) ordH=(230208,718042) residuals=[6977,467459,6977,6977,467459] centered_H={67:-10,6977:-3341,718043:-155659}
p=939119 q=1411727 N=1325779648513 n=41 B=1048576 H=1264362 gap=472608 e=1 D=1 sp=469559(499*941) sq=705863(705863) ordN=(117030,705862) ordH=(39010,352931) residuals=[469559,469559,1,1,469559] centered_H={499:-104,941:-342,705863:-147364}
p=942779 q=1151603 N=1085707124737 n=40 B=1048576 H=1035411 gap=208824 e=1 D=1 sp=471389(471389) sq=575801(101*5701) ordN=(117847,1900) ordH=(117847,1900) residuals=[471389,5701,1,1,471389] centered_H={471389:92633,101:-41,5701:-2171}
p=953507 q=1214219 N=1157766316033 n=41 B=1048576 H=1104132 gap=260712 e=1 D=1 sp=476753(476753) sq=607109(607109) ordN=(119188,151777) ordH=(476752,303554) residuals=[476753,476753,476753,476753,476753] centered_H={476753:150626,607109:-110086}
p=954923 q=1809539 N=1727970410497 n=41 B=1048576 H=1647921 gap=854616 e=1 D=1 sp=477461(477461) sq=904769(904769) ordN=(47746,904768) ordH=(95492,226192) residuals=[477461,477461,477461,477461,477461] centered_H={477461:215538,904769:-161617}
p=956399 q=1799951 N=1721471336449 n=41 B=1048576 H=1641723 gap=843552 e=1 D=1 sp=478199(478199) sq=899975(5^2*35999) ordN=(34157,35998) ordH=(478198,359980) residuals=[35999,35999,35999,35999,35999] centered_H={478199:207126,5:-2,35999:-14231}
p=956843 q=1546499 N=1479756742657 n=41 B=1048576 H=1411206 gap=589656 e=1 D=1 sp=478421(478421) sq=773249(773249) ordN=(6295,27616) ordH=(25180,193312) residuals=[478421,478421,478421,478421,478421] centered_H={478421:-24057,773249:-135292}
p=956903 q=1796567 N=1719140352001 n=41 B=1048576 H=1639500 gap=839664 e=1 D=1 sp=478451(478451) sq=898283(898283) ordN=(478450,898282) ordH=(239225,898282) residuals=[478451,478451,478451,478451,478451] centered_H={478451:204147,898283:-157066}
p=970967 q=1254119 N=1217708163073 n=41 B=1048576 H=1161297 gap=283152 e=1 D=1 sp=485483(409*1187) sq=627059(627059) ordN=(10081,313529) ordH=(80648,627058) residuals=[1187,485483,1,1,485483] centered_H={409:146,1187:411,627059:-92821}
p=972047 q=1931759 N=1877760540673 n=41 B=1048576 H=1790772 gap=959712 e=1 D=1 sp=486023(486023) sq=965879(283*3413) ordN=(243011,80182) ordH=(486022,481092) residuals=[486023,486023,1,1,486023] centered_H={486023:-153320,283:-52,3413:-1053}
p=974147 q=1939307 N=1889170096129 n=41 B=1048576 H=1801653 gap=965160 e=1 D=1 sp=487073(487073) sq=969653(113*8581) ordN=(487072,40040) ordH=(487072,240240) residuals=[487073,487073,1,1,487073] centered_H={487073:-146639,113:-19,8581:-357}
p=997247 q=1607807 N=1603380707329 n=41 B=1048576 H=1529103 gap=610560 e=1 D=1 sp=498623(47*103^2) sq=803903(521*1543) ordN=(80546,16705) ordH=(241638,40092) residuals=[4841,498623,1,1,498623] centered_H={47:5,103:-35,521:-32,1543:-10}
p=997727 q=1794719 N=1790639603713 n=41 B=1048576 H=1707687 gap=796992 e=1 D=1 sp=498863(659*757) sq=897359(897359) ordN=(5076,897358) ordH=(35532,897358) residuals=[498863,498863,1,1,498863] centered_H={659:218,757:-105,897359:-87031}
p=1005647 q=1621679 N=1630836621313 n=41 B=1048576 H=1555287 gap=616032 e=1 D=1 sp=502823(61*8243) sq=810839(810839) ordN=(247260,810838) ordH=(247260,810838) residuals=[502823,502823,8243,8243,502823] centered_H={61:-30,8243:-2640,810839:-66391}
p=1008263 q=1295159 N=1305860898817 n=41 B=1048576 H=1245366 gap=286896 e=1 D=1 sp=504131(311*1621) sq=647579(647579) ordN=(2790,323789) ordH=(2790,323789) residuals=[504131,504131,1,1,504131] centered_H={311:122,1621:438,647579:-49792}
p=1011107 q=1125899 N=1138404360193 n=41 B=1048576 H=1085667 gap=114792 e=1 D=1 sp=505553(83*6091) sq=562949(562949) ordN=(8610,140737) ordH=(249690,281474) residuals=[6091,6091,1,1,505553] centered_H={83:27,6091:1469,562949:-40231}
p=1011719 q=1113527 N=1126576422913 n=41 B=1048576 H=1074387 gap=101808 e=1 D=1 sp=505859(241*2099) sq=556763(556763) ordN=(62940,556762) ordH=(62940,556762) residuals=[505859,505859,1,1,505859] centered_H={241:9,2099:-301,556763:-39139}
p=1025807 q=1337327 N=1371839397889 n=41 B=1048576 H=1308288 gap=311520 e=1 D=1 sp=512903(512903) sq=668663(157*4259) ordN=(256451,166062) ordH=(256451,110708) residuals=[4259,512903,1,1,512903] centered_H={512903:-230421,157:7,4259:775}
p=1034387 q=1873307 N=1937724407809 n=41 B=1048576 H=1847958 gap=838920 e=1 D=1 sp=517193(311*1663) sq=936653(151*6203) ordN=(257610,232575) ordH=(257610,155050) residuals=[517193,6203,1,1,517193] centered_H={311:-4,1663:365,151:20,6203:-536}
p=1037963 q=1138979 N=1182218059777 n=41 B=1048576 H=1127451 gap=101016 e=1 D=1 sp=518981(518981) sq=569489(211*2699) ordN=(103796,28329) ordH=(259490,283290) residuals=[2699,518981,2699,2699,518981] centered_H={518981:89489,211:78,2699:-731}
p=1039667 q=2057723 N=2139346698241 n=41 B=1048576 H=2040240 gap=1018056 e=1 D=1 sp=519833(73*7121) sq=1028861(43*71*337) ordN=(712,1680) ordH=(64080,210) residuals=[337,3053,1,1,519833] centered_H={73:36,7121:-3487,43:19,71:-16,337:42}
p=1039799 q=1478663 N=1537512308737 n=41 B=1048576 H=1466286 gap=438864 e=1 D=1 sp=519899(79*6581) sq=739331(739331) ordN=(64155,739330) ordH=(42770,147866) residuals=[6581,6581,6581,6581,519899] centered_H={79:-33,6581:-1277,739331:-12376}
p=1059743 q=1978463 N=2096662315009 n=41 B=1048576 H=1999533 gap=918720 e=1 D=1 sp=529871(529871) sq=989231(989231) ordN=(529870,989230) ordH=(264935,43010) residuals=[529871,529871,529871,529871,529871] centered_H={529871:-119951,989231:21071}
p=1063967 q=1064927 N=1133047185409 n=41 B=1048576 H=1080558 gap=960 e=1 D=1 sp=531983(531983) sq=532463(47*11329) ordN=(265991,65136) ordH=(531982,130272) residuals=[11329,11329,11329,11329,531983] centered_H={531983:16592,47:-19,11329:4303}
p=1077023 q=1985759 N=2138708115457 n=41 B=1048576 H=2039631 gap=908736 e=1 D=1 sp=538511(538511) sq=992879(269*3691) ordN=(538510,247230) ordH=(53851,27470) residuals=[538511,538511,3691,3691,538511] centered_H={538511:-114413,269:73,3691:-1492}
p=1077299 q=2099963 N=2262288039937 n=42 B=2097152 H=1078743 gap=1022664 e=1 D=1 sp=538649(538649) sq=1049981(181*5801) ordN=(538648,13050) ordH=(269324,10440) residuals=[538649,5801,1,1,538649] centered_H={538649:1445,181:-17,5801:-243}
p=1077743 q=1236239 N=1332347928577 n=41 B=1048576 H=1270626 gap=158496 e=1 D=1 sp=538871(538871) sq=618119(618119) ordN=(269435,309059) ordH=(538870,309059) residuals=[538871,538871,538871,538871,538871] centered_H={538871:192884,618119:34388}
p=1079867 q=1724147 N=1861849448449 n=41 B=1048576 H=1775598 gap=644280 e=1 D=1 sp=539933(173*3121) sq=862073(239*3607) ordN=(4472,429114) ordH=(134160,20434) residuals=[539933,3607,1,1,539933] centered_H={173:-74,3121:-251,239:67,3607:954}
p=1079987 q=1885307 N=2036107051009 n=41 B=1048576 H=1941783 gap=805320 e=1 D=1 sp=539993(539993) sq=942653(942653) ordN=(539992,235663) ordH=(539992,235663) residuals=[539993,539993,539993,539993,539993] centered_H={539993:-218189,942653:56477}
p=1084067 q=1145099 N=1241364037633 n=41 B=1048576 H=1183857 gap=61032 e=1 D=1 sp=542033(59*9187) sq=572549(572549) ordN=(88798,572548) ordH=(133197,572548) residuals=[9187,9187,1,1,542033] centered_H={59:22,9187:-1266,572549:38759}
p=1084547 q=1385003 N=1502100848641 n=41 B=1048576 H=1432515 gap=300456 e=1 D=1 sp=542273(43*12611) sq=692501(283*2447) ordN=(44135,172443) ordH=(132405,344886) residuals=[12611,12611,1,1,542273] centered_H={43:13,12611:-5139,283:-31,2447:1020}
p=1112747 q=1519619 N=1690951483393 n=41 B=1048576 H=1612617 gap=406872 e=1 D=1 sp=556373(556373) sq=759809(467*1627) ordN=(556372,126286) ordH=(556372,63143) residuals=[556373,556373,1,1,556373] centered_H={556373:-56502,467:66,1627:260}
p=1115267 q=1206827 N=1345934327809 n=41 B=1048576 H=1283583 gap=91560 e=1 D=1 sp=557633(557633) sq=603413(331*1823) ordN=(278816,27330) ordH=(278816,300630) residuals=[1823,557633,1,1,557633] centered_H={557633:168317,331:-35,1823:191}
p=1122923 q=1538627 N=1727759646721 n=41 B=1048576 H=1647720 gap=415704 e=1 D=1 sp=561461(561461) sq=769313(43*17891) ordN=(140365,125230) ordH=(140365,375690) residuals=[17891,561461,17891,17891,561461] centered_H={561461:-36663,43:3,17891:1748}
p=1123427 q=1211723 N=1361282334721 n=41 B=1048576 H=1298220 gap=88296 e=1 D=1 sp=561713(561713) sq=605861(605861) ordN=(70214,302930) ordH=(280856,605860) residuals=[561713,561713,561713,561713,561713] centered_H={561713:174794,605861:86498}
p=1128899 q=1474283 N=1664316604417 n=41 B=1048576 H=1587216 gap=345384 e=1 D=1 sp=564449(564449) sq=737141(457*1613) ordN=(282224,1612) ordH=(564448,2356) residuals=[1613,457,1,1,564449] centered_H={564449:-106131,457:55,1613:24}
p=1134059 q=1929923 N=2188646547457 n=41 B=1048576 H=2087256 gap=795864 e=1 D=1 sp=567029(307*1847) sq=964961(71*13591) ordN=(282438,95130) ordH=(21726,95130) residuals=[567029,567029,1,1,567029] centered_H={307:-37,1847:146,71:-2,13591:-5758}
p=1138667 q=2085059 N=2374187876353 n=42 B=2097152 H=1132101 gap=946392 e=1 D=1 sp=569333(89*6397) sq=1042529(1042529) ordN=(46904,1042528) ordH=(23452,260632) residuals=[569333,569333,1,1,569333] centered_H={89:21,6397:-168,1042529:89572}
p=1163843 q=1251947 N=1457069752321 n=41 B=1048576 H=1389570 gap=88104 e=1 D=1 sp=581921(581921) sq=625973(307*2039) ordN=(581920,103938) ordH=(581920,311814) residuals=[581921,581921,1,1,581921] centered_H={581921:225728,307:88,2039:1011}
p=1167059 q=1554779 N=1814518824961 n=41 B=1048576 H=1730460 gap=387720 e=1 D=1 sp=583529(173*3373) sq=777389(777389) ordN=(48332,194347) ordH=(144996,777388) residuals=[583529,583529,3373,3373,583529] centered_H={173:-59,3373:111,777389:175682}
p=1190699 q=1260419 N=1500779642881 n=41 B=1048576 H=1431255 gap=69720 e=1 D=1 sp=595349(47*53*239) sq=630209(73*89*97) ordN=(20332,792) ordH=(71162,1056) residuals=[1,89,1,1,595349] centered_H={47:11,53:-10,239:-116,73:17,89:-43,97:20}
p=1192559 q=2190479 N=2612275445761 n=42 B=2097152 H=1245630 gap=997920 e=1 D=1 sp=596279(596279) sq=1095239(1095239) ordN=(596278,547619) ordH=(298139,1095238) residuals=[596279,596279,596279,596279,596279] centered_H={596279:53072,1095239:150391}
p=1200359 q=1688279 N=2026540892161 n=41 B=1048576 H=1932660 gap=487920 e=1 D=1 sp=600179(61*9839) sq=844139(844139) ordN=(295140,844138) ordH=(24595,844138) residuals=[600179,9839,1,1,600179] centered_H={61:-3,9839:4216,844139:244382}
p=1207439 q=2175599 N=2626903080961 n=42 B=2097152 H=1252605 gap=968160 e=1 D=1 sp=603719(603719) sq=1087799(1087799) ordN=(603718,1087798) ordH=(603718,543899) residuals=[603719,603719,603719,603719,603719] centered_H={603719:45167,1087799:164806}
p=1214867 q=2030747 N=2467087515649 n=42 B=2097152 H=1176399 gap=815880 e=1 D=1 sp=607433(53*73*157) sq=1015373(193*5261) ordN=(936,84160) ordH=(468,21040) residuals=[73,157,1,1,607433] centered_H={53:11,73:4,157:-2,193:64,5261:-2065}
p=1219859 q=1684763 N=2055173308417 n=41 B=1048576 H=1959966 gap=464904 e=1 D=1 sp=609929(609929) sq=842381(47*17923) ordN=(76241,68701) ordH=(152482,412206) residuals=[17923,609929,1,1,609929] centered_H={609929:130179,47:19,17923:6359}
p=1221863 q=1715927 N=2096627712001 n=41 B=1048576 H=1999500 gap=494064 e=1 D=1 sp=610931(53*11527) sq=857963(857963) ordN=(11526,428981) ordH=(99892,428981) residuals=[11527,610931,11527,11527,610931] centered_H={53:22,11527:5329,857963:283574}
p=1227323 q=1969907 N=2417712168961 n=42 B=2097152 H=1152855 gap=742584 e=1 D=1 sp=613661(613661) sq=984953(227*4339) ordN=(306830,490194) ordH=(613660,490194) residuals=[613661,613661,1,1,613661] centered_H={613661:-74467,227:-78,4339:-1319}
p=1233539 q=1936427 N=2388658225153 n=42 B=2097152 H=1139001 gap=702888 e=1 D=1 sp=616769(616769) sq=968213(968213) ordN=(616768,484106) ordH=(308384,484106) residuals=[616769,616769,616769,616769,616769] centered_H={616769:-94537,968213:170788}
p=1235243 q=1252739 N=1547437080577 n=41 B=1048576 H=1475751 gap=17496 e=1 D=1 sp=617621(719*859) sq=626369(47*13327) ordN=(154011,306498) ordH=(51337,102166) residuals=[13327,617621,1,1,617621] centered_H={719:-356,859:-11,47:-2,13327:-3546}
p=1244627 q=1532507 N=1907399589889 n=41 B=1048576 H=1819038 gap=287880 e=1 D=1 sp=622313(622313) sq=766253(113*6781) ordN=(622312,189840) ordH=(311156,18984) residuals=[622313,622313,6781,6781,622313] centered_H={622313:-47901,113:-36,6781:1730}
p=1248503 q=1537223 N=1919227527169 n=41 B=1048576 H=1830318 gap=288720 e=1 D=1 sp=624251(624251) sq=768611(719*1069) ordN=(624250,191706) ordH=(624250,127804) residuals=[624251,624251,1,1,624251] centered_H={624251:-42435,719:-256,1069:190}
p=1249043 q=2429723 N=3034828505089 n=42 B=2097152 H=1447119 gap=1180680 e=1 D=1 sp=624521(624521) sq=1214861(373*3257) ordN=(624520,302808) ordH=(624520,302808) residuals=[624521,624521,1,1,624521] centered_H={624521:198077,373:-121,3257:1011}
p=1254767 q=1956239 N=2454624141313 n=42 B=2097152 H=1170456 gap=701472 e=1 D=1 sp=627383(627383) sq=978119(167*5857) ordN=(15302,40504) ordH=(313691,20252) residuals=[627383,627383,1,1,627383] centered_H={627383:-84310,167:-47,5857:-944}
p=1259243 q=2277827 N=2868337704961 n=42 B=2097152 H=1367730 gap=1018584 e=1 D=1 sp=629621(277*2273) sq=1138913(797*1429) ordN=(78384,284172) ordH=(78384,284172) residuals=[629621,629621,1,1,629621] centered_H={277:-96,2273:-616,797:78,1429:177}
p=1263947 q=2029667 N=2565391515649 n=42 B=2097152 H=1223274 gap=765720 e=1 D=1 sp=631973(521*1213) sq=1014833(1014833) ordN=(52520,507416) ordH=(31512,1014832) residuals=[631973,631973,1,1,631973] centered_H={521:-34,1213:570,1014833:208441}
p=1264643 q=1490603 N=1885080649729 n=41 B=1048576 H=1797753 gap=225960 e=1 D=1 sp=632321(632321) sq=745301(745301) ordN=(63232,372650) ordH=(79040,745300) residuals=[632321,632321,632321,632321,632321] centered_H={632321:-99210,745301:307151}
p=1272443 q=1434803 N=1825705033729 n=41 B=1048576 H=1741128 gap=162360 e=1 D=1 sp=636221(191*3331) sq=717401(151*4751) ordN=(63270,14250) ordH=(31635,250) residuals=[3331,4751,1,1,636221] centered_H={191:-28,3331:-985,151:-53,4751:2262}
p=1281803 q=1524899 N=1954620112897 n=41 B=1048576 H=1864071 gap=243096 e=1 D=1 sp=640901(640901) sq=762449(101*7549) ordN=(25636,188700) ordH=(640900,62900) residuals=[640901,640901,7549,7549,640901] centered_H={640901:-58632,101:15,7549:-532}
p=1284047 q=1969967 N=2529530216449 n=42 B=2097152 H=1206174 gap=685920 e=1 D=1 sp=642023(197*3259) sq=984983(71*13873) ordN=(3801,485520) ordH=(319284,12138) residuals=[3259,13873,1,1,642023] centered_H={197:-57,3259:344,71:26,13873:-777}
p=1285247 q=2106239 N=2707037356033 n=42 B=2097152 H=1290816 gap=820992 e=1 D=1 sp=642623(642623) sq=1053119(137*7687) ordN=(642622,7259) ordH=(642622,261324) residuals=[7687,642623,7687,7687,642623] centered_H={642623:5570,137:2,7687:-600}
p=1286807 q=2489639 N=3203684892673 n=42 B=2097152 H=1527636 gap=1202832 e=1 D=1 sp=643403(643403) sq=1244819(1244819) ordN=(643402,622409) ordH=(643402,622409) residuals=[643403,643403,643403,643403,643403] centered_H={643403:240830,1244819:282817}
p=1291163 q=1604243 N=2071339204609 n=41 B=1048576 H=1975383 gap=313080 e=1 D=1 sp=645581(645581) sq=802121(802121) ordN=(64558,401060) ordH=(645580,200530) residuals=[645581,645581,645581,645581,645581] centered_H={645581:38640,802121:371141}
p=1302227 q=2107739 N=2744754634753 n=42 B=2097152 H=1308801 gap=805512 e=1 D=1 sp=651113(599*1087) sq=1053869(683*1543) ordN=(324714,87637) ordH=(324714,525822) residuals=[651113,651113,1,1,651113] centered_H={599:-14,1087:53,683:173,1543:337}
p=1320623 q=1896527 N=2504597176321 n=42 B=2097152 H=1194285 gap=575904 e=1 D=1 sp=660311(317*2083) sq=948263(948263) ordN=(109652,948262) ordH=(328956,474131) residuals=[660311,660311,1,1,660311] centered_H={317:146,2083:726,948263:246022}
p=1321319 q=2089559 N=2760974008321 n=42 B=2097152 H=1316535 gap=768240 e=1 D=1 sp=660659(660659) sq=1044779(1044779) ordN=(330329,522389) ordH=(660658,522389) residuals=[660659,660659,660659,660659,660659] centered_H={660659:-4783,1044779:271756}
p=1325063 q=1684919 N=2232623824897 n=42 B=2097152 H=1064598 gap=359856 e=1 D=1 sp=662531(662531) sq=842459(619*1361) ordN=(662530,70040) ordH=(331265,420240) residuals=[662531,662531,1,1,662531] centered_H={662531:-260464,619:-82,1361:296}
p=1332587 q=1912643 N=2548763197441 n=42 B=2097152 H=1215345 gap=580056 e=1 D=1 sp=666293(97*6869) sq=956321(163*5867) ordN=(82416,237573) ordH=(82416,158382) residuals=[666293,666293,5867,5867,666293] centered_H={97:32,6869:-468,163:17,5867:876}
p=1334363 q=2192339 N=2925376045057 n=42 B=2097152 H=1394928 gap=857976 e=1 D=1 sp=667181(667181) sq=1096169(71*15439) ordN=(667180,540330) ordH=(333590,180110) residuals=[15439,667181,15439,15439,667181] centered_H={667181:60566,71:-9,15439:5418}
p=1344647 q=1376567 N=1850996686849 n=41 B=1048576 H=1765248 gap=31920 e=1 D=1 sp=672323(672323) sq=688283(113*6091) ordN=(672322,4060) ordH=(48023,16240) residuals=[6091,672323,1,1,672323] centered_H={672323:-251721,113:-38,6091:-1142}
p=1346483 q=1514363 N=2039064035329 n=41 B=1048576 H=1944603 gap=167880 e=1 D=1 sp=673241(673241) sq=757181(757181) ordN=(673240,757180) ordH=(134648,75718) residuals=[673241,673241,673241,673241,673241] centered_H={673241:-75120,757181:-326940}
p=1347587 q=1481387 N=1996297863169 n=41 B=1048576 H=1903818 gap=133800 e=1 D=1 sp=673793(673793) sq=740693(740693) ordN=(336896,740692) ordH=(96256,370346) residuals=[673793,673793,673793,673793,673793] centered_H={673793:-117561,740693:-318261}
p=1361903 q=1787663 N=2434623602689 n=42 B=2097152 H=1160919 gap=425760 e=1 D=1 sp=680951(683*997) sq=893831(503*1777) ordN=(169818,445776) ordH=(84909,445776) residuals=[680951,680951,1,1,680951] centered_H={683:-181,997:411,503:-5,1777:538}
p=1370819 q=2332139 N=3196940451841 n=42 B=2097152 H=1524420 gap=961320 e=1 D=1 sp=685409(139*4931) sq=1166069(433*2693) ordN=(10005,18171) ordH=(170085,290736) residuals=[2693,685409,1,1,685409] centered_H={139:7,4931:741,433:-173,2693:182}
p=1370987 q=2550083 N=3496130641921 n=42 B=2097152 H=1667085 gap=1179096 e=1 D=1 sp=685493(685493) sq=1275041(1275041) ordN=(342746,127504) ordH=(685492,1275040) residuals=[685493,685493,685493,685493,685493] centered_H={685493:296099,1275041:392044}
p=1381487 q=2542223 N=3512048025601 n=42 B=2097152 H=1674675 gap=1160736 e=1 D=1 sp=690743(317*2179) sq=1271111(1271111) ordN=(344124,1271110) ordH=(57354,254222) residuals=[690743,690743,1,1,690743] centered_H={317:-36,2179:-976,1271111:403564}
p=1383287 q=1715783 N=2373420318721 n=42 B=2097152 H=1131735 gap=332496 e=1 D=1 sp=691643(647*1069) sq=857891(47*18253) ordN=(344964,419796) ordH=(114988,209898) residuals=[691643,691643,1,1,691643] centered_H={647:132,1069:-336,47:22,18253:49}
p=1398407 q=2330423 N=3258879836161 n=42 B=2097152 H=1553955 gap=932016 e=1 D=1 sp=699203(181*3863) sq=1165211(1165211) ordN=(11586,1165210) ordH=(86895,1165210) residuals=[3863,699203,1,1,699203] centered_H={181:70,3863:1029,1165211:388744}
p=1401083 q=1419827 N=1989295472641 n=41 B=1048576 H=1897140 gap=18744 e=1 D=1 sp=700541(251*2791) sq=709913(709913) ordN=(13950,101416) ordH=(69750,101416) residuals=[700541,700541,1,1,700541] centered_H={251:82,2791:-740,709913:-232599}
p=1416587 q=1909283 N=2704665477121 n=42 B=2097152 H=1289685 gap=492696 e=1 D=1 sp=708293(708293) sq=954641(954641) ordN=(708292,954640) ordH=(354146,238660) residuals=[708293,708293,708293,708293,708293] centered_H={708293:-126901,954641:335044}
p=1422647 q=1446023 N=2057180282881 n=41 B=1048576 H=1961880 gap=23376 e=1 D=1 sp=711323(461*1543) sq=723011(127*5693) ordN=(23644,89649) ordH=(354660,39844) residuals=[711323,5693,1,1,711323] centered_H={461:-136,1543:727,127:-16,5693:-2205}
p=1431923 q=1504187 N=2153879961601 n=41 B=1048576 H=2054100 gap=72264 e=1 D=1 sp=715961(715961) sq=752093(752093) ordN=(71596,752092) ordH=(89495,752092) residuals=[715961,715961,715961,715961,715961] centered_H={715961:-93783,752093:-202179}
p=1436147 q=2676539 N=3843903455233 n=42 B=2097152 H=1832916 gap=1240392 e=1 D=1 sp=718073(307*2339) sq=1338269(1338269) ordN=(17034,1338268) ordH=(357714,1338268) residuals=[718073,718073,1,1,718073] centered_H={307:126,2339:-860,1338269:494647}
p=1440983 q=1619687 N=2333941432321 n=42 B=2097152 H=1112910 gap=178704 e=1 D=1 sp=720491(720491) sq=809843(809843) ordN=(144098,404921) ordH=(72049,809842) residuals=[720491,720491,720491,720491,720491] centered_H={720491:-328072,809843:303067}
p=1452299 q=2251427 N=3269745180673 n=42 B=2097152 H=1559136 gap=799128 e=1 D=1 sp=726149(726149) sq=1125713(1125713) ordN=(181537,1125712) ordH=(726148,1125712) residuals=[726149,726149,726149,726149,726149] centered_H={726149:106838,1125713:433423}
p=1460099 q=1605419 N=2344070676481 n=42 B=2097152 H=1117740 gap=145320 e=1 D=1 sp=730049(730049) sq=802709(802709) ordN=(42944,802708) ordH=(730048,802708) residuals=[730049,730049,730049,730049,730049] centered_H={730049:-342358,802709:315031}
p=1461407 q=1822559 N=2663500480513 n=42 B=2097152 H=1270056 gap=361152 e=1 D=1 sp=730703(107*6829) sq=911279(61*14939) ordN=(60314,448140) ordH=(180942,224070) residuals=[730703,14939,6829,6829,730703] centered_H={107:-34,6829:-138,61:-25,14939:241}
p=1462883 q=2801483 N=4098241855489 n=42 B=2097152 H=1954194 gap=1338600 e=1 D=1 sp=731441(149*4909) sq=1400741(47*29803) ordN=(181596,342723) ordH=(60532,228482) residuals=[29803,29803,1,1,731441] centered_H={149:59,4909:412,47:-19,29803:-12804}
p=1482407 q=1648919 N=2444369068033 n=42 B=2097152 H=1165566 gap=166512 e=1 D=1 sp=741203(251*2953) sq=824459(824459) ordN=(3075,412229) ordH=(369000,412229) residuals=[2953,741203,1,1,741203] centered_H={251:-78,2953:-869,824459:341107}
p=1503863 q=2787143 N=4191481233409 n=42 B=2097152 H=1998654 gap=1283280 e=1 D=1 sp=751931(283*2657) sq=1393571(127*10973) ordN=(187248,691236) ordH=(62416,691236) residuals=[751931,751931,1,1,751931] centered_H={283:108,2657:590,127:55,10973:1568}
p=1518563 q=2847179 N=4323620683777 n=42 B=2097152 H=2061663 gap=1328616 e=1 D=1 sp=759281(263*2887) sq=1423589(1423589) ordN=(126022,711794) ordH=(378066,1423588) residuals=[759281,759281,1,1,759281] centered_H={263:6,2887:345,1423589:638074}
p=1521623 q=2141159 N=3258036781057 n=42 B=2097152 H=1553553 gap=619536 e=1 D=1 sp=760811(661*1151) sq=1070579(1070579) ordN=(18975,1070578) ordH=(75900,1070578) residuals=[1151,760811,1,1,760811] centered_H={661:203,1151:-297,1070579:482974}
p=1527803 q=1532723 N=2341698797569 n=42 B=2097152 H=1116609 gap=4920 e=1 D=1 sp=763901(763901) sq=766361(766361) ordN=(152780,109480) ordH=(381950,191590) residuals=[763901,763901,763901,763901,763901] centered_H={763901:352708,766361:350248}
p=1529267 q=2843003 N=4347710668801 n=42 B=2097152 H=2073150 gap=1313736 e=1 D=1 sp=764633(163*4691) sq=1421501(1421501) ordN=(379890,710750) ordH=(379890,710750) residuals=[764633,764633,4691,4691,764633] centered_H={163:-47,4691:-272,1421501:651649}
p=1529327 q=1865999 N=2853722652673 n=42 B=2097152 H=1360761 gap=336672 e=1 D=1 sp=764663(653*1171) sq=932999(932999) ordN=(190710,84818) ordH=(19071,932998) residuals=[764663,764663,1,1,764663] centered_H={653:-91,1171:59,932999:427762}
p=1554863 q=2178383 N=3387087126529 n=42 B=2097152 H=1615089 gap=623520 e=1 D=1 sp=777431(777431) sq=1089191(1089191) ordN=(155486,544595) ordH=(388715,1089190) residuals=[777431,777431,777431,777431,777431] centered_H={777431:60227,1089191:525898}
p=1555223 q=2829479 N=4400470818817 n=43 B=2097152 H=2098308 gap=1274256 e=1 D=1 sp=777611(389*1999) sq=1414739(311*4549) ordN=(129204,704940) ordH=(96903,352470) residuals=[777611,777611,1,1,777611] centered_H={389:42,1999:-642,311:-9,4549:1219}
p=1559879 q=3001463 N=4681919102977 n=43 B=2097152 H=2232513 gap=1441584 e=1 D=1 sp=779939(779939) sq=1500731(1500731) ordN=(779938,750365) ordH=(779938,750365) residuals=[779939,779939,779939,779939,779939] centered_H={779939:-107304,1500731:731782}
p=1566479 q=2369519 N=3711801753601 n=42 B=2097152 H=1769925 gap=803040 e=1 D=1 sp=783239(461*1699) sq=1184759(1184759) ordN=(6509,1184758) ordH=(16980,1184758) residuals=[1699,1699,1,1,783239] centered_H={461:146,1699:-433,1184759:585166}
p=1579883 q=2242883 N=3543492722689 n=42 B=2097152 H=1689669 gap=663000 e=1 D=1 sp=789941(789941) sq=1121441(911*1231) ordN=(789940,15990) ordH=(789940,111930) residuals=[789941,789941,1,1,789941] centered_H={789941:109787,911:-236,1231:-494}
p=1584203 q=2833763 N=4489255845889 n=43 B=2097152 H=2140644 gap=1249560 e=1 D=1 sp=792101(792101) sq=1416881(1151*1231) ordN=(792100,141450) ordH=(39605,28290) residuals=[792101,792101,1,1,792101] centered_H={792101:-235659,1151:-216,1231:-65}
p=1590467 q=2198507 N=3496652832769 n=42 B=2097152 H=1667334 gap=608040 e=1 D=1 sp=795233(795233) sq=1099253(647*1699) ordN=(397616,548454) ordH=(99404,548454) residuals=[795233,795233,1,1,795233] centered_H={795233:76868,647:15,1699:615}
p=1592807 q=2389463 N=3805953392641 n=42 B=2097152 H=1814820 gap=796656 e=1 D=1 sp=796403(43*18521) sq=1194731(1194731) ordN=(129640,238946) ordH=(388920,1194730) residuals=[18521,18521,18521,18521,796403] centered_H={43:5,18521:-238,1194731:-574642}
p=1597703 q=2309303 N=3689580331009 n=42 B=2097152 H=1759329 gap=711600 e=1 D=1 sp=798851(673*1187) sq=1154651(1154651) ordN=(398496,577325) ordH=(18976,1154650) residuals=[798851,1187,1,1,798851] centered_H={673:107,1187:195,1154651:-549973}
p=1621979 q=2958419 N=4798493491201 n=43 B=2097152 H=2288100 gap=1336440 e=1 D=1 sp=810989(810989) sq=1479209(1479209) ordN=(810988,1479208) ordH=(202747,369802) residuals=[810989,810989,810989,810989,810989] centered_H={810989:-144867,1479209:-670318}
p=1636043 q=2637539 N=4315127218177 n=42 B=2097152 H=2057613 gap=1001496 e=1 D=1 sp=818021(818021) sq=1318769(193*6833) ordN=(29215,40992) ordH=(818020,11712) residuals=[818021,818021,6833,6833,818021] centered_H={818021:-396450,193:40,6833:880}
p=1637639 q=1826999 N=2991964815361 n=42 B=2097152 H=1426680 gap=189360 e=1 D=1 sp=818819(818819) sq=913499(463*1973) ordN=(818818,75922) ordH=(409409,6902) residuals=[818819,1973,1,1,818819] centered_H={818819:-210958,463:177,1973:201}
p=1651943 q=2268887 N=3748071997441 n=42 B=2097152 H=1787220 gap=616944 e=1 D=1 sp=825971(825971) sq=1134443(1134443) ordN=(825970,567221) ordH=(825970,567221) residuals=[825971,825971,825971,825971,825971] centered_H={825971:135278,1134443:-481666}
p=1654547 q=2515739 N=4162408415233 n=42 B=2097152 H=1984791 gap=861192 e=1 D=1 sp=827273(113*7321) sq=1257869(1257869) ordN=(560,628934) ordH=(102480,1257868) residuals=[113,827273,7321,1,827273] centered_H={113:-54,7321:800,1257869:-530947}
p=1654739 q=1994843 N=3300944510977 n=42 B=2097152 H=1574013 gap=340104 e=1 D=1 sp=827369(827369) sq=997421(157*6353) ordN=(827368,82576) ordH=(103421,247728) residuals=[827369,827369,6353,6353,827369] centered_H={827369:-80725,157:-69,6353:-1531}
p=1662527 q=3117503 N=5182932910081 n=43 B=2097152 H=2471415 gap=1454976 e=1 D=1 sp=831263(491*1693) sq=1558751(191*8161) ordN=(59220,3230) ordH=(69090,155040) residuals=[1693,8161,1,1,831263] centered_H={491:212,1693:-365,191:66,8161:-1368}
p=1674587 q=2349779 N=3934909366273 n=42 B=2097152 H=1876311 gap=675192 e=1 D=1 sp=837293(837293) sq=1174889(43*89*307) ordN=(44068,8568) ordH=(837292,13464) residuals=[307,27323,1,1,837293] centered_H={837293:201725,43:6,89:13,307:-73}
p=1683299 q=2968139 N=4996265410561 n=43 B=2097152 H=2382405 gap=1284840 e=1 D=1 sp=841649(613*1373) sq=1484069(61*24329) ordN=(104958,182460) ordH=(5831,24328) residuals=[24329,1373,1,1,841649] centered_H={613:287,1373:250,61:-11,24329:-1837}
p=1691507 q=2682299 N=4537127534593 n=43 B=2097152 H=2163471 gap=990792 e=1 D=1 sp=845753(845753) sq=1341149(149*9001) ordN=(845752,333000) ordH=(845752,333000) residuals=[845753,9001,1,1,845753] centered_H={845753:-373788,149:-9,9001:3231}
p=1691939 q=3335819 N=5644002263041 n=43 B=2097152 H=2691270 gap=1643880 e=1 D=1 sp=845969(845969) sq=1667909(331*5039) ordN=(22864,7557) ordH=(845968,75570) residuals=[5039,845969,1,1,845969] centered_H={845969:153363,331:-91,5039:444}
p=1696979 q=3150683 N=5346642886657 n=43 B=2097152 H=2549478 gap=1453704 e=1 D=1 sp=848489(848489) sq=1575341(1575341) ordN=(848488,1575340) ordH=(212122,6059) residuals=[848489,848489,848489,848489,848489] centered_H={848489:4011,1575341:-601204}
p=1699319 q=1762247 N=2994619809793 n=42 B=2097152 H=1427946 gap=62928 e=1 D=1 sp=849659(59*14401) sq=881123(863*1021) ordN=(417600,73270) ordH=(417600,73270) residuals=[14401,14401,1,1,849659] centered_H={59:28,14401:2247,863:-319,1021:-433}
p=1700603 q=1722419 N=2929150918657 n=42 B=2097152 H=1396728 gap=21816 e=1 D=1 sp=850301(850301) sq=861209(109*7901) ordN=(42515,106650) ordH=(425150,14220) residuals=[850301,7901,7901,7901,850301] centered_H={850301:-303874,109:2,7901:-1749}
p=1714547 q=2302907 N=3948442288129 n=42 B=2097152 H=1882764 gap=588360 e=1 D=1 sp=857273(857273) sq=1151453(47*24499) ordN=(214318,31303) ordH=(857272,187818) residuals=[24499,857273,24499,24499,857273] centered_H={857273:168218,47:-9,24499:-3659}
p=1719947 q=2472227 N=4252099411969 n=42 B=2097152 H=2027559 gap=752280 e=1 D=1 sp=859973(859973) sq=1236113(79*15647) ordN=(214993,203398) ordH=(859972,46938) residuals=[15647,15647,15647,15647,859973] centered_H={859973:307613,79:24,15647:-6551}
p=1720787 q=3194459 N=5496983519233 n=43 B=2097152 H=2621166 gap=1473672 e=1 D=1 sp=860393(860393) sq=1597229(1597229) ordN=(107549,798614) ordH=(66184,1597228) residuals=[860393,860393,860393,860393,860393] centered_H={860393:39987,1597229:-573292}
p=1724483 q=2129003 N=3671429480449 n=42 B=2097152 H=1750674 gap=404520 e=1 D=1 sp=862241(862241) sq=1064501(953*1117) ordN=(431120,3689) ordH=(431120,132804) residuals=[953,862241,1,1,862241] centered_H={862241:26192,953:13,1117:335}
p=1738943 q=2942783 N=5117331898369 n=43 B=2097152 H=2440134 gap=1203840 e=1 D=1 sp=869471(869471) sq=1471391(109*13499) ordN=(62105,60741) ordH=(869470,364446) residuals=[13499,869471,13499,13499,869471] centered_H={869471:-168279,109:-49,13499:-3185}
p=1743359 q=2188799 N=3815862435841 n=42 B=2097152 H=1819545 gap=445440 e=1 D=1 sp=871679(871679) sq=1094399(853*1283) ordN=(871678,546132) ordH=(871678,546132) residuals=[871679,871679,1,1,871679] centered_H={871679:76187,853:96,1283:251}
p=1759463 q=2407127 N=4235250892801 n=42 B=2097152 H=2019525 gap=647664 e=1 D=1 sp=879731(139*6329) sq=1203563(113*10651) ordN=(145544,49700) ordH=(20792,99400) residuals=[6329,879731,1,1,879731] centered_H={139:-6,6329:574,113:-11,10651:-4165}
p=1769627 q=1893779 N=3351282450433 n=42 B=2097152 H=1598016 gap=124152 e=1 D=1 sp=884813(884813) sq=946889(241*3929) ordN=(442406,19640) ordH=(221203,117840) residuals=[3929,884813,3929,3929,884813] centered_H={884813:-171610,241:-55,3929:-1087}
p=1778807 q=2487623 N=4425001205761 n=43 B=2097152 H=2110005 gap=708816 e=1 D=1 sp=889403(719*1237) sq=1243811(1243811) ordN=(221862,621905) ordH=(73954,124381) residuals=[889403,889403,1,1,889403] centered_H={719:-260,1237:-317,1243811:-377617}
p=1780379 q=2337683 N=4161961721857 n=42 B=2097152 H=1984578 gap=557304 e=1 D=1 sp=890189(571*1559) sq=1168841(1168841) ordN=(23370,1168840) ordH=(1558,1168840) residuals=[890189,1559,1,1,890189] centered_H={571:-218,1559:-29,1168841:-353104}
p=1782647 q=1807943 N=3222924165121 n=42 B=2097152 H=1536810 gap=25296 e=1 D=1 sp=891323(891323) sq=903971(167*5413) ordN=(891322,149732) ordH=(891322,112299) residuals=[891323,891323,5413,5413,891323] centered_H={891323:-245836,167:76,5413:-482}
p=1782959 q=1876559 N=3345827758081 n=42 B=2097152 H=1595415 gap=93600 e=1 D=1 sp=891479(863*1033) sq=938279(938279) ordN=(444792,469139) ordH=(148264,938278) residuals=[891479,891479,1,1,891479] centered_H={863:-272,1033:463,938279:-281143}
p=1812359 q=3501623 N=6346197958657 n=43 B=2097152 H=3026103 gap=1689264 e=1 D=1 sp=906179(906179) sq=1750811(1750811) ordN=(453089,1750810) ordH=(453089,1750810) residuals=[906179,906179,906179,906179,906179] centered_H={906179:307566,1750811:-475519}
p=1833023 q=2357183 N=4320770654209 n=42 B=2097152 H=2060304 gap=524160 e=1 D=1 sp=916511(916511) sq=1178591(1178591) ordN=(916510,1178590) ordH=(458255,33674) residuals=[916511,916511,916511,916511,916511] centered_H={916511:227282,1178591:-296878}
p=1839347 q=1935419 N=3559907131393 n=42 B=2097152 H=1697496 gap=96072 e=1 D=1 sp=919673(337*2729) sq=967709(967709) ordN=(57288,483854) ordH=(19096,967708) residuals=[919673,919673,2729,2729,919673] centered_H={337:27,2729:58,967709:-237922}
p=1840043 q=3034883 N=5584315219969 n=43 B=2097152 H=2662809 gap=1194840 e=1 D=1 sp=920021(920021) sq=1517441(1517441) ordN=(460010,379360) ordH=(920020,1517440) residuals=[920021,920021,920021,920021,920021] centered_H={920021:-97254,1517441:-372073}
p=1847687 q=2802743 N=5178591805441 n=43 B=2097152 H=2469345 gap=955056 e=1 D=1 sp=923843(53*17431) sq=1401371(1401371) ordN=(453180,700685) ordH=(151060,1401370) residuals=[923843,923843,17431,17431,923843] centered_H={53:22,17431:-5857,1401371:-333397}
p=1848467 q=2165147 N=4002202779649 n=42 B=2097152 H=1908399 gap=316680 e=1 D=1 sp=924233(907*1019) sq=1082573(1082573) ordN=(461154,1082572) ordH=(230577,270643) residuals=[924233,924233,1,1,924233] centered_H={907:71,1019:-188,1082573:-256747}
p=1850159 q=2681807 N=4961769357313 n=43 B=2097152 H=2365956 gap=831648 e=1 D=1 sp=925079(925079) sq=1340903(1340903) ordN=(925078,1340902) ordH=(462539,1340902) residuals=[925079,925079,925079,925079,925079] centered_H={925079:-409281,1340903:-315850}
p=1856159 q=3295583 N=6117126045697 n=43 B=2097152 H=2916873 gap=1439424 e=1 D=1 sp=928079(928079) sq=1647791(149*11059) ordN=(464039,43068) ordH=(464039,136382) residuals=[928079,11059,11059,11059,928079] centered_H={928079:132636,149:49,11059:-2703}
p=1856747 q=2208707 N=4101010096129 n=42 B=2097152 H=1955514 gap=351960 e=1 D=1 sp=928373(773*1201) sq=1104353(1104353) ordN=(77200,1104352) ordH=(115800,276088) residuals=[928373,928373,1,1,928373] centered_H={773:-176,1201:286,1104353:-253192}
p=1858643 q=3557339 N=6611823230977 n=43 B=2097152 H=3152763 gap=1698696 e=1 D=1 sp=929321(389*2389) sq=1778669(263*6763) ordN=(231636,885822) ordH=(231636,885822) residuals=[929321,929321,1,1,929321] centered_H={389:-82,2389:-717,263:-81,6763:1205}
p=1860059 q=2536019 N=4717144965121 n=43 B=2097152 H=2249310 gap=675960 e=1 D=1 sp=930029(71*13099) sq=1268009(271*4679) ordN=(30562,631530) ordH=(91686,23390) residuals=[13099,4679,4679,4679,930029] centered_H={71:30,13099:-3718,271:10,4679:-1289}
p=1880843 q=3014819 N=5670401212417 n=43 B=2097152 H=2703858 gap=1133976 e=1 D=1 sp=940421(940421) sq=1507409(397*3797) ordN=(36170,375804) ordH=(470210,375804) residuals=[940421,940421,1,1,940421] centered_H={940421:-117405,397:-109,3797:394}
p=1886447 q=3106319 N=5859906158593 n=43 B=2097152 H=2794221 gap=1219872 e=1 D=1 sp=943223(683*1381) sq=1553159(1553159) ordN=(470580,1553158) ordH=(235290,776579) residuals=[943223,943223,1,1,943223] centered_H={683:68,1381:458,1553159:-312097}
p=1890107 q=2222579 N=4200912125953 n=42 B=2097152 H=2003151 gap=332472 e=1 D=1 sp=945053(167*5659) sq=1111289(1111289) ordN=(469614,555644) ordH=(469614,1111288) residuals=[945053,945053,1,1,945053] centered_H={167:-14,5659:-135,1111289:-219427}
p=1896263 q=2886263 N=5473113735169 n=43 B=2097152 H=2609784 gap=990000 e=1 D=1 sp=948131(47*20173) sq=1443131(1443131) ordN=(77326,1443130) ordH=(231978,721565) residuals=[948131,948131,20173,20173,948131] centered_H={47:15,20173:7467,1443131:-276478}
p=1897079 q=2393927 N=4541468639233 n=43 B=2097152 H=2165541 gap=496848 e=1 D=1 sp=948539(373*2543) sq=1196963(103*11621) ordN=(2542,84660) ordH=(5084,197540) residuals=[948539,11621,1,1,948539] centered_H={373:-97,2543:-1095,103:-34,11621:4035}
p=1899167 q=2072927 N=3936834551809 n=42 B=2097152 H=1877229 gap=173760 e=1 D=1 sp=949583(949583) sq=1036463(863*1201) ordN=(474791,258600) ordH=(474791,172400) residuals=[949583,949583,1,1,949583] centered_H={949583:-21937,863:204,1201:66}
p=1909319 q=2221943 N=4242397986817 n=42 B=2097152 H=2022933 gap=312624 e=1 D=1 sp=954659(127*7517) sq=1110971(1110971) ordN=(236754,555485) ordH=(157836,1110970) residuals=[954659,7517,1,1,954659] centered_H={127:-50,7517:860,1110971:-199009}
p=1909487 q=3427343 N=6544466903041 n=43 B=2097152 H=3120645 gap=1517856 e=1 D=1 sp=954743(954743) sq=1713671(1713671) ordN=(477371,342734) ordH=(954742,856835) residuals=[954743,954743,954743,954743,954743] centered_H={954743:256416,1713671:-306697}
p=1914239 q=3443327 N=6591350833153 n=43 B=2097152 H=3143001 gap=1529088 e=1 D=1 sp=957119(957119) sq=1721663(271*6353) ordN=(957118,285840) ordH=(957118,95280) residuals=[957119,6353,1,1,957119] centered_H={957119:271644,271:-57,6353:-1734}
p=1918067 q=2425019 N=4651348918273 n=43 B=2097152 H=2217936 gap=506952 e=1 D=1 sp=959033(103*9311) sq=1212509(59*20551) ordN=(158270,39730) ordH=(158270,198650) residuals=[9311,9311,1,1,959033] centered_H={103:37,9311:1918,59:8,20551:-1572}
p=1918283 q=3021923 N=5796903518209 n=43 B=2097152 H=2764179 gap=1103640 e=1 D=1 sp=959141(53*18097) sq=1510961(1510961) ordN=(18096,13736) ordH=(3016,18887) residuals=[959141,18097,18097,18097,959141] centered_H={53:17,18097:-4662,1510961:-257743}
p=1931339 q=2658659 N=5134771814401 n=43 B=2097152 H=2448450 gap=727320 e=1 D=1 sp=965669(149*6481) sq=1329329(59*22531) ordN=(1776,217790) ordH=(239760,653370) residuals=[965669,22531,6481,6481,965669] centered_H={149:-67,6481:-1368,59:9,22531:-7429}
p=1941827 q=3797867 N=7374800683009 n=43 B=2097152 H=3516579 gap=1856040 e=1 D=1 sp=970913(101*9613) sq=1898933(293*6481) ordN=(8010,473040) ordH=(48060,10512) residuals=[9613,9613,1,1,970913] centered_H={101:-39,9613:-1779,293:-7,6481:-2604}
p=1950527 q=2337983 N=4560298967041 n=43 B=2097152 H=2174520 gap=387456 e=1 D=1 sp=975263(975263) sq=1168991(613*1907) ordN=(975262,34308) ordH=(975262,583236) residuals=[1907,975263,1,1,975263] centered_H={975263:223994,613:209,1907:540}
p=1953167 q=2929007 N=5720839815169 n=43 B=2097152 H=2727909 gap=975840 e=1 D=1 sp=976583(191*5113) sq=1464503(1464503) ordN=(161880,1464502) ordH=(485640,1464502) residuals=[976583,976583,1,1,976583] centered_H={191:47,5113:-2433,1464503:-201097}
p=1956359 q=2651063 N=5186430959617 n=43 B=2097152 H=2473083 gap=694704 e=1 D=1 sp=978179(978179) sq=1325531(251*5281) ordN=(978178,132000) ordH=(978178,5280) residuals=[978179,5281,5281,5281,978179] centered_H={978179:-461454,251:-20,5281:1575}
p=1962839 q=3057767 N=6001904320513 n=43 B=2097152 H=2861931 gap=1094928 e=1 D=1 sp=981419(981419) sq=1528883(239*6397) ordN=(981418,761124) ordH=(981418,380562) residuals=[981419,981419,6397,6397,981419] centered_H={981419:-82326,239:-94,6397:2472}
p=1966619 q=3082259 N=6061629112321 n=43 B=2097152 H=2890410 gap=1115640 e=1 D=1 sp=983309(53*18553) sq=1541129(571*2699) ordN=(80392,13490) ordH=(241176,2698) residuals=[18553,2699,1,1,983309] centered_H={53:2,18553:-3858,571:8,2699:-219}
p=1972823 q=3502439 N=6909692215297 n=43 B=2097152 H=3294798 gap=1529616 e=1 D=1 sp=986411(986411) sq=1751219(223*7853) ordN=(493205,871572) ordH=(986410,72631) residuals=[986411,7853,7853,7853,986411] centered_H={986411:335565,223:-27,7853:-3462}
p=1976243 q=3858299 N=7624936390657 n=43 B=2097152 H=3635853 gap=1882056 e=1 D=1 sp=988121(857*1153) sq=1929149(1929149) ordN=(61632,964574) ordH=(41088,1929148) residuals=[988121,988121,1,1,988121] centered_H={857:-398,1153:444,1929149:-222445}
p=1977023 q=3294527 N=6513355653121 n=43 B=2097152 H=3105810 gap=1317504 e=1 D=1 sp=988511(988511) sq=1647263(773*2131) ordN=(988510,822180) ordH=(988510,41109) residuals=[988511,988511,1,1,988511] centered_H={988511:140277,773:-104,2131:943}
p=1980983 q=3185543 N=6310506528769 n=43 B=2097152 H=3009084 gap=1204560 e=1 D=1 sp=990491(131*7561) sq=1592771(61*26111) ordN=(14040,52220) ordH=(98280,78330) residuals=[26111,26111,1,1,990491] centered_H={131:14,7561:-194,61:15,26111:6319}
p=1982447 q=3723023 N=7380695777281 n=43 B=2097152 H=3519390 gap=1740576 e=1 D=1 sp=991223(991223) sq=1861511(1861511) ordN=(991222,1861510) ordH=(991222,186151) residuals=[991223,991223,991223,991223,991223] centered_H={991223:-445502,1861511:-203632}
p=1990907 q=2402867 N=4783884730369 n=43 B=2097152 H=2281134 gap=411960 e=1 D=1 sp=995453(797*1249) sq=1201433(373*3221) ordN=(4776,99820) ordH=(248352,74865) residuals=[797,995453,1,1,995453] centered_H={797:120,1249:460,373:-134,3221:666}
p=1994387 q=3923867 N=7825709334529 n=43 B=2097152 H=3731589 gap=1929480 e=1 D=1 sp=997193(443*2251) sq=1961933(1961933) ordN=(99450,1961932) ordH=(99450,980966) residuals=[997193,997193,1,1,997193] centered_H={443:200,2251:-569,1961933:-192277}
p=2003819 q=2359619 N=4728249384961 n=43 B=2097152 H=2254605 gap=355800 e=1 D=1 sp=1001909(277*3617) sq=1179809(193*6113) ordN=(62376,18336) ordH=(83168,18336) residuals=[1001909,1001909,1,1,1001909] centered_H={277:102,3617:1214,193:-21,6113:-1092}
p=2005799 q=3613847 N=7248650698753 n=43 B=2097152 H=3456426 gap=1608048 e=1 D=1 sp=1002899(1002899) sq=1806923(67*149*181) ordN=(1002898,7326) ordH=(58994,6660) residuals=[9983,181,1,1,1002899] centered_H={1002899:447729,67:30,149:73,181:50}
p=2005943 q=2109959 N=4232457486337 n=42 B=2097152 H=2018193 gap=104016 e=1 D=1 sp=1002971(271*3701) sq=1054979(59*17881) ordN=(33300,518520) ordH=(49950,259260) residuals=[1002971,1002971,1,1,1002971] centered_H={271:56,3701:1148,59:-20,17881:-2360}
p=2006483 q=2933339 N=5885694836737 n=43 B=2097152 H=2806518 gap=926856 e=1 D=1 sp=1003241(1003241) sq=1466669(53*27673) ordN=(1003240,119912) ordH=(100324,29978) residuals=[27673,27673,27673,27673,1003241] centered_H={1003241:-203205,53:9,27673:11545}
p=2012663 q=2923463 N=5883945811969 n=43 B=2097152 H=2805684 gap=910800 e=1 D=1 sp=1006331(1006331) sq=1461731(1461731) ordN=(1006330,1461730) ordH=(503165,292346) residuals=[1006331,1006331,1006331,1006331,1006331] centered_H={1006331:-213309,1461731:-117778}
p=2023283 q=2252219 N=4556876414977 n=43 B=2097152 H=2172888 gap=228936 e=1 D=1 sp=1011641(1011641) sq=1126109(127*8867) ordN=(1011640,558558) ordH=(144520,42966) residuals=[1011641,1011641,8867,8867,1011641] centered_H={1011641:149606,127:45,8867:473}
p=2035967 q=2092799 N=4260869701633 n=42 B=2097152 H=2031741 gap=56832 e=1 D=1 sp=1017983(433*2351) sq=1046399(1046399) ordN=(507600,1046398) ordH=(253800,523199) residuals=[1017983,1017983,1,1,1017983] centered_H={433:105,2351:477,1046399:-61057}
p=2050547 q=3045179 N=6244282662913 n=43 B=2097152 H=2977506 gap=994632 e=1 D=1 sp=1025273(1025273) sq=1522589(1522589) ordN=(512636,1522588) ordH=(512636,761294) residuals=[1025273,1025273,1025273,1025273,1025273] centered_H={1025273:-98313,1522589:-67672}
p=2063687 q=3087479 N=6371590275073 n=43 B=2097152 H=3038211 gap=1023792 e=1 D=1 sp=1031843(71*14533) sq=1543739(79*19541) ordN=(12110,190515) ordH=(24220,762060) residuals=[19541,14533,14533,14533,1031843] centered_H={71:-21,14533:814,79:29,19541:9356}
p=2064299 q=2589443 N=5345384595457 n=43 B=2097152 H=2548878 gap=525144 e=1 D=1 sp=1032149(131*7879) sq=1294721(1294721) ordN=(39390,1294720) ordH=(13130,258944) residuals=[1032149,1032149,1,1,1032149] centered_H={131:11,7879:-3918,1294721:-40564}
p=2072363 q=3549059 N=7354938556417 n=43 B=2097152 H=3507108 gap=1476696 e=1 D=1 sp=1036181(349*2969) sq=1774529(1774529) ordN=(258216,887264) ordH=(129108,1774528) residuals=[1036181,1036181,1,1,1036181] centered_H={349:7,2969:719,1774529:-41950}
p=2078339 q=3328043 N=6916801560577 n=43 B=2097152 H=3298188 gap=1249704 e=1 D=1 sp=1039169(1039169) sq=1664021(1664021) ordN=(1039168,832010) ordH=(259792,416005) residuals=[1039169,1039169,1039169,1039169,1039169] centered_H={1039169:180681,1664021:-29854}
p=2080763 q=4027187 N=8379621703681 n=43 B=2097152 H=3995715 gap=1946424 e=1 D=1 sp=1040381(1040381) sq=2013593(2013593) ordN=(1040380,503398) ordH=(520190,251699) residuals=[1040381,1040381,1040381,1040381,1040381] centered_H={1040381:-165809,2013593:-31471}
p=2085983 q=2328479 N=4857167609857 n=43 B=2097152 H=2316078 gap=242496 e=1 D=1 sp=1042991(89*11719) sq=1164239(113*10303) ordN=(57288,576912) ordH=(515592,72114) residuals=[1042991,10303,10303,10303,1042991] centered_H={89:31,11719:-4284,113:30,10303:-2097}
p=2096687 q=3147983 N=6600335032321 n=43 B=2097152 H=3147285 gap=1051296 e=1 D=1 sp=1048343(1048343) sq=1573991(971*1621) ordN=(524171,39285) ordH=(1048342,78570) residuals=[1048343,1048343,1,1,1048343] centered_H={1048343:2256,971:274,1621:-697}
p=2111303 q=2769527 N=5847310663681 n=43 B=2097152 H=2788215 gap=658224 e=1 D=1 sp=1055651(97*10883) sq=1384763(229*6047) ordN=(522336,689244) ordH=(43528,36276) residuals=[1055651,6047,1,1,1055651] centered_H={97:47,10883:2167,229:-89,6047:548}
p=2112323 q=3713387 N=7843872768001 n=43 B=2097152 H=3740250 gap=1601064 e=1 D=1 sp=1056161(1056161) sq=1856693(1039*1787) ordN=(528080,926934) ordH=(211232,926934) residuals=[1056161,1056161,1,1,1056161] centered_H={1056161:-484394,1039:-150,1787:59}
p=2117903 q=4226543 N=8951408099329 n=44 B=4194304 H=2134182 gap=2108640 e=1 D=1 sp=1058951(1058951) sq=2113271(571*3701) ordN=(211790,70300) ordH=(211790,70300) residuals=[3701,1058951,1,1,1058951] centered_H={1058951:16280,571:-216,3701:-1295}
p=2120747 q=2720387 N=5769252569089 n=43 B=2097152 H=2750994 gap=599640 e=1 D=1 sp=1060373(1060373) sq=1360193(1360193) ordN=(1060372,340048) ordH=(265093,680096) residuals=[1060373,1060373,1060373,1060373,1060373] centered_H={1060373:-430125,1360193:30608}
p=2125463 q=2486567 N=5285106155521 n=43 B=2097152 H=2520135 gap=361104 e=1 D=1 sp=1062731(1062731) sq=1243283(157*7919) ordN=(531365,308802) ordH=(531365,205868) residuals=[7919,1062731,7919,7919,1062731] centered_H={1062731:394673,157:-29,7919:1893}
p=2146139 q=2185427 N=4690230116353 n=43 B=2097152 H=2236476 gap=39288 e=1 D=1 sp=1073069(1073069) sq=1092713(1092713) ordN=(1073068,273178) ordH=(268267,136589) residuals=[1073069,1073069,1073069,1073069,1073069] centered_H={1073069:90338,1092713:51050}
p=2150543 q=2510447 N=5398824222721 n=43 B=2097152 H=2574360 gap=359904 e=1 D=1 sp=1075271(151*7121) sq=1255223(997*1259) ordN=(17800,313242) ordH=(106800,626484) residuals=[7121,1075271,1,1,1075271] centered_H={151:-39,7121:-3442,997:106,1259:-295}
p=2167643 q=4252883 N=9218732064769 n=44 B=4194304 H=2197917 gap=2085240 e=1 D=1 sp=1083821(359*3019) sq=2126441(2126441) ordN=(270111,1063220) ordH=(540222,2126440) residuals=[1083821,1083821,1,1,1083821] centered_H={359:119,3019:85,2126441:71476}
p=2177243 q=3146579 N=6850867101697 n=43 B=2097152 H=3266748 gap=969336 e=1 D=1 sp=1088621(1088621) sq=1573289(71*22159) ordN=(272155,775530) ordH=(13780,775530) residuals=[1088621,22159,1,1,1088621] centered_H={1088621:885,71:-33,22159:9375}
p=2177507 q=3920843 N=8537663078401 n=43 B=2097152 H=4071075 gap=1743336 e=1 D=1 sp=1088753(1088753) sq=1960421(1960421) ordN=(1088752,490105) ordH=(1088752,1960420) residuals=[1088753,1088753,1088753,1088753,1088753] centered_H={1088753:-283937,1960421:150233}
p=2180027 q=3606899 N=7863137206273 n=43 B=2097152 H=3749436 gap=1426872 e=1 D=1 sp=1090013(1090013) sq=1803449(1803449) ordN=(545006,1803448) ordH=(1090012,1803448) residuals=[1090013,1090013,1090013,1090013,1090013] centered_H={1090013:479397,1803449:142538}
p=2183543 q=2807879 N=6131124535297 n=43 B=2097152 H=2923548 gap=624336 e=1 D=1 sp=1091771(373*2927) sq=1403939(1403939) ordN=(544236,701969) ordH=(544236,701969) residuals=[1091771,1091771,1,1,1091771] centered_H={373:-26,2927:-525,1403939:115670}
p=2187863 q=2795879 N=6117000216577 n=43 B=2097152 H=2916813 gap=608016 e=1 D=1 sp=1093931(101*10831) sq=1397939(1397939) ordN=(108300,698969) ordH=(36100,698969) residuals=[1093931,1093931,1,1,1093931] centered_H={101:34,10831:3274,1397939:120935}
p=2189879 q=2386823 N=5226853564417 n=43 B=2097152 H=2492358 gap=196944 e=1 D=1 sp=1094939(1094939) sq=1193411(283*4217) ordN=(1094938,594456) ordH=(47606,594456) residuals=[1094939,1094939,1,1,1094939] centered_H={1094939:302480,283:-23,4217:111}
p=2189939 q=2509499 N=5495649730561 n=43 B=2097152 H=2620530 gap=319560 e=1 D=1 sp=1094969(1094969) sq=1254749(251*4999) ordN=(1094968,208250) ordH=(547484,624750) residuals=[1094969,1094969,1,1,1094969] centered_H={1094969:430592,251:90,4999:1054}
p=2190047 q=2937119 N=6432428654593 n=43 B=2097152 H=3067221 gap=747072 e=1 D=1 sp=1095023(1095023) sq=1468559(1468559) ordN=(1095022,1468558) ordH=(1095022,734279) residuals=[1095023,1095023,1095023,1095023,1095023] centered_H={1095023:-217848,1468559:130103}
p=2198783 q=3502847 N=7702000435201 n=43 B=2097152 H=3672600 gap=1304064 e=1 D=1 sp=1099391(1099391) sq=1751423(1181*1483) ordN=(1099390,437190) ordH=(109939,437190) residuals=[1099391,1099391,1,1,1099391] centered_H={1099391:374427,1181:-310,1483:692}
p=2213423 q=2834639 N=6274255159297 n=43 B=2097152 H=2991798 gap=621216 e=1 D=1 sp=1106711(79*14009) sq=1417319(1417319) ordN=(273156,101237) ordH=(546312,1417318) residuals=[14009,1106711,1,1,1106711] centered_H={79:-11,14009:-6128,1417319:157160}
p=2242763 q=3566819 N=7999529680897 n=43 B=2097152 H=3814473 gap=1324056 e=1 D=1 sp=1121381(1049*1069) sq=1783409(1783409) ordN=(279816,81064) ordH=(279816,111463) residuals=[1121381,1121381,1,1,1121381] centered_H={1049:309,1069:281,1783409:247655}
p=2253023 q=3758879 N=8468840841217 n=43 B=2097152 H=4038258 gap=1505856 e=1 D=1 sp=1126511(103*10937) sq=1879439(1879439) ordN=(92956,1879438) ordH=(557736,170858) residuals=[10937,1126511,10937,10937,1126511] centered_H={103:40,10937:2505,1879439:279380}
p=2254223 q=2431343 N=5480789311489 n=43 B=2097152 H=2613444 gap=177120 e=1 D=1 sp=1127111(1127111) sq=1215671(173*7027) ordN=(563555,302118) ordH=(563555,302118) residuals=[1127111,7027,7027,7027,1127111] centered_H={1127111:359222,173:-67,7027:-600}
p=2257247 q=4074143 N=9196347064321 n=44 B=4194304 H=2192580 gap=1816896 e=1 D=1 sp=1128623(1128623) sq=2037071(2037071) ordN=(1128622,291010) ordH=(51301,407414) residuals=[1128623,1128623,1128623,1128623,1128623] centered_H={1128623:-64666,2037071:155509}
p=2257559 q=4468007 N=10086789414913 n=44 B=4194304 H=2404878 gap=2210448 e=1 D=1 sp=1128779(1128779) sq=2234003(53*61*691) ordN=(1128778,17940) ordH=(564389,17940) residuals=[42151,36623,1,1,1128779] centered_H={1128779:147320,53:3,61:14,691:198}
p=2258483 q=4027643 N=9096363245569 n=44 B=4194304 H=2168742 gap=1769160 e=1 D=1 sp=1129241(311*3631) sq=2013821(2013821) ordN=(37510,503455) ordH=(56265,2013820) residuals=[1129241,1129241,1,1,1129241] centered_H={311:139,3631:1035,2013821:154921}
p=2264699 q=2433203 N=5510472400897 n=43 B=2097152 H=2627598 gap=168504 e=1 D=1 sp=1132349(151*7499) sq=1216601(1216601) ordN=(562350,608300) ordH=(562350,243320) residuals=[1132349,1132349,7499,7499,1132349] centered_H={151:47,7499:2948,1216601:194396}
p=2271923 q=3544187 N=8052119961601 n=43 B=2097152 H=3839550 gap=1272264 e=1 D=1 sp=1135961(293*3877) sq=1772093(97*18269) ordN=(282948,219216) ordH=(282948,18268) residuals=[1135961,18269,3877,3877,1135961] centered_H={293:78,3877:1320,97:-1,18269:3060}
p=2272199 q=4433399 N=10073564774401 n=44 B=4194304 H=2401725 gap=2161200 e=1 D=1 sp=1136099(73*79*197) sq=2216699(2216699) ordN=(22932,2216698) ordH=(22932,1108349) residuals=[15563,197,1,1,1136099] centered_H={73:25,79:-33,197:98,2216699:185026}
p=2302043 q=2428883 N=5591393107969 n=43 B=2097152 H=2666184 gap=126840 e=1 D=1 sp=1151021(1151021) sq=1214441(1214441) ordN=(1151020,303610) ordH=(1151020,1214440) residuals=[1151021,1151021,1151021,1151021,1151021] centered_H={1151021:364142,1214441:237302}
p=2305463 q=2375687 N=5477058478081 n=43 B=2097152 H=2611665 gap=70224 e=1 D=1 sp=1152731(769*1499) sq=1187843(67*17729) ordN=(287616,146256) ordH=(95872,6094) residuals=[17729,17729,1,1,1152731] centered_H={769:141,1499:407,67:5,17729:5502}
p=2315063 q=4510343 N=10441728196609 n=44 B=4194304 H=2489502 gap=2195280 e=1 D=1 sp=1157531(1157531) sq=2255171(89*25339) ordN=(68090,557436) ordH=(578765,1114872) residuals=[25339,1157531,25339,25339,1157531] centered_H={1157531:174440,89:-6,25339:6280}
p=2316179 q=2514587 N=5824233603073 n=43 B=2097152 H=2777211 gap=198408 e=1 D=1 sp=1158089(1158089) sq=1257293(1257293) ordN=(1158088,314323) ordH=(1604,628646) residuals=[1158089,1158089,1158089,1158089,1158089] centered_H={1158089:461033,1257293:262625}
p=2320247 q=3383879 N=7851435098113 n=43 B=2097152 H=3743856 gap=1063632 e=1 D=1 sp=1160123(193*6011) sq=1691939(1691939) ordN=(576960,845969) ordH=(96160,1691938) residuals=[1160123,6011,1,1,1160123] centered_H={193:42,6011:-997,1691939:359978}
p=2333207 q=2702759 N=6306096218113 n=43 B=2097152 H=3006981 gap=369552 e=1 D=1 sp=1166603(1166603) sq=1351379(373*3623) ordN=(583301,673692) ordH=(1166602,224564) residuals=[1166603,1166603,1,1,1166603] centered_H={1166603:-492828,373:-145,3623:-109}
p=2335079 q=4516439 N=10546241863681 n=44 B=4194304 H=2514420 gap=2181360 e=1 D=1 sp=1167539(1167539) sq=2258219(487*4637) ordN=(583769,281637) ordH=(583769,125172) residuals=[1167539,4637,1,1,1167539] centered_H={1167539:179342,487:39,4637:1166}
p=2336903 q=2399543 N=5607499235329 n=43 B=2097152 H=2673864 gap=62640 e=1 D=1 sp=1168451(1168451) sq=1199771(199*6029) ordN=(584225,54252) ordH=(116845,54252) residuals=[1168451,1168451,1,1,1168451] centered_H={1168451:336962,199:-99,6029:-3012}
p=2346347 q=3012419 N=7068180283393 n=43 B=2097152 H=3370371 gap=666072 e=1 D=1 sp=1173173(1173173) sq=1506209(47*73*439) ordN=(1173172,60444) ordH=(586586,5256) residuals=[20633,32047,1,1,1173173] centered_H={1173173:-149148,47:1,73:34,439:168}
p=2347523 q=4253867 N=9986050621441 n=44 B=4194304 H=2380860 gap=1906344 e=1 D=1 sp=1173761(839*1399) sq=2126933(2126933) ordN=(292881,2126932) ordH=(585762,531733) residuals=[1173761,1173761,1,1,1173761] centered_H={839:-222,1399:-238,2126933:253927}
p=2352227 q=3521867 N=8284230647809 n=43 B=2097152 H=3950229 gap=1169640 e=1 D=1 sp=1176113(1176113) sq=1760933(373*4721) ordN=(294028,1770) ordH=(1176112,219480) residuals=[4721,1176113,4721,4721,1176113] centered_H={1176113:421890,373:159,4721:-1248}
p=2377007 q=3088847 N=7342210940929 n=43 B=2097152 H=3501039 gap=711840 e=1 D=1 sp=1188503(449*2647) sq=1544423(1544423) ordN=(2646,772211) ordH=(42336,772211) residuals=[2647,1188503,2647,2647,1188503] centered_H={449:186,2647:-942,1544423:412193}
p=2381147 q=2872019 N=6838699425793 n=43 B=2097152 H=3260946 gap=490872 e=1 D=1 sp=1190573(1190573) sq=1436009(139*10331) ordN=(297643,118795) ordH=(12941,23759) residuals=[10331,10331,10331,10331,1190573] centered_H={1190573:-310773,139:6,10331:-3650}
p=2384567 q=2628359 N=6267498135553 n=43 B=2097152 H=2988576 gap=243792 e=1 D=1 sp=1192283(281*4243) sq=1314179(1314179) ordN=(84840,657089) ordH=(21210,657089) residuals=[1192283,1192283,4243,4243,1192283] centered_H={281:-140,4243:1504,1314179:360218}
p=2387003 q=2591987 N=6187080744961 n=43 B=2097152 H=2950230 gap=204984 e=1 D=1 sp=1193501(1193501) sq=1295993(1295993) ordN=(34100,1295992) ordH=(1193500,1295992) residuals=[1193501,1193501,1193501,1193501,1193501] centered_H={1193501:563228,1295993:358244}
p=2390243 q=2657483 N=6352030138369 n=43 B=2097152 H=3028884 gap=267240 e=1 D=1 sp=1195121(1195121) sq=1328741(1328741) ordN=(597560,66437) ordH=(597560,664370) residuals=[1195121,1195121,1195121,1195121,1195121] centered_H={1195121:-556479,1328741:371402}
p=2401019 q=4462643 N=10714890633217 n=44 B=4194304 H=2554629 gap=2061624 e=1 D=1 sp=1200509(1200509) sq=2231321(59^2*641) ordN=(600254,1095040) ordH=(300127,219008) residuals=[1200509,1200509,1,1,1200509] centered_H={1200509:153611,59:-12,641:244}
p=2402663 q=2581079 N=6201463013377 n=43 B=2097152 H=2957088 gap=178416 e=1 D=1 sp=1201331(523*2297) sq=1290539(1290539) ordN=(599256,645269) ordH=(49938,645269) residuals=[1201331,1201331,2297,2297,1201331] centered_H={523:46,2297:849,1290539:376010}
p=2403119 q=2522063 N=6060817514497 n=43 B=2097152 H=2890023 gap=118944 e=1 D=1 sp=1201559(1201559) sq=1261031(71*17761) ordN=(1201558,10360) ordH=(1201558,124320) residuals=[1201559,17761,17761,17761,1201559] centered_H={1201559:486905,71:-32,17761:-5020}
p=2407883 q=2916323 N=7022164574209 n=43 B=2097152 H=3348429 gap=508440 e=1 D=1 sp=1203941(1203941) sq=1458161(131*11131) ordN=(601970,48230) ordH=(601970,48230) residuals=[1203941,11131,11131,11131,1203941] centered_H={1203941:-263394,131:-62,11131:-2002}
p=2408723 q=4796699 N=11553919205377 n=44 B=4194304 H=2754669 gap=2387976 e=1 D=1 sp=1204361(307*3923) sq=2398349(2398349) ordN=(600066,2398348) ordH=(600066,599587) residuals=[1204361,1204361,1,1,1204361] centered_H={307:-42,3923:723,2398349:356320}
p=2414507 q=2583299 N=6237393518593 n=43 B=2097152 H=2974221 gap=168792 e=1 D=1 sp=1207253(101*11953) sq=1291649(349*3701) ordN=(99600,53650) ordH=(149400,321900) residuals=[1207253,1207253,1,1,1207253] centered_H={101:-27,11953:-2076,349:43,3701:-1383}
p=2416487 q=4115543 N=9945156157441 n=44 B=4194304 H=2371110 gap=1699056 e=1 D=1 sp=1208243(1208243) sq=2057771(67*30713) ordN=(1208242,11517) ordH=(604121,92136) residuals=[30713,30713,30713,30713,1208243] centered_H={1208243:-45376,67:-20,30713:6209}
p=2416607 q=4430879 N=10707693207553 n=44 B=4194304 H=2552913 gap=2014272 e=1 D=1 sp=1208303(1208303) sq=2215439(47*47137) ordN=(604151,67758) ordH=(1208302,542064) residuals=[47137,47137,47137,47137,1208303] centered_H={1208303:136307,47:14,47137:7515}
p=2417243 q=2719187 N=6572935741441 n=43 B=2097152 H=3134220 gap=301944 e=1 D=1 sp=1208621(79*15299) sq=1359593(907*1499) ordN=(596622,226198) ordH=(596622,678594) residuals=[1208621,1208621,1,1,1208621] centered_H={79:-26,15299:-2075,907:-372,1499:-189}
p=2431763 q=3729179 N=9068479512577 n=44 B=4194304 H=2162094 gap=1297416 e=1 D=1 sp=1215881(1215881) sq=1864589(1864589) ordN=(151985,466147) ordH=(1215880,466147) residuals=[1215881,1215881,1215881,1215881,1215881] centered_H={1215881:-269668,1864589:297505}
p=2434739 q=3405947 N=8292591992833 n=43 B=2097152 H=3954216 gap=971208 e=1 D=1 sp=1217369(359*3391) sq=1702973(881*1933) ordN=(606810,5313) ordH=(606810,9240) residuals=[1933,1217369,1,1,1217369] centered_H={359:-169,3391:310,881:288,1933:-702}
p=2435519 q=3130943 N=7625471164417 n=43 B=2097152 H=3636108 gap=695424 e=1 D=1 sp=1217759(1217759) sq=1565471(1565471) ordN=(1217758,313094) ordH=(608879,1565470) residuals=[1217759,1217759,1217759,1217759,1217759] centered_H={1217759:-17169,1565471:505166}
p=2437847 q=4579559 N=11164264169473 n=44 B=4194304 H=2661768 gap=2141712 e=1 D=1 sp=1218923(1218923) sq=2289779(2289779) ordN=(1218922,2289778) ordH=(1218922,1144889) residuals=[1218923,1218923,1218923,1218923,1218923] centered_H={1218923:223922,2289779:371989}
p=2440499 q=4785659 N=11679396003841 n=44 B=4194304 H=2784585 gap=2345160 e=1 D=1 sp=1220249(1220249) sq=2392829(659*3631) ordN=(610124,1194270) ordH=(610124,1194270) residuals=[1220249,1220249,1,1,1220249] centered_H={1220249:344087,659:310,3631:-392}
p=2443619 q=3571787 N=8728086577153 n=43 B=2097152 H=4161876 gap=1128168 e=1 D=1 sp=1221809(53*23053) sq=1785893(257*6949) ordN=(149838,49408) ordH=(299676,74112) residuals=[23053,1221809,6949,6949,1221809] centered_H={53:-2,23053:-10717,257:18,6949:-575}
p=2445887 q=2727359 N=6670811922433 n=43 B=2097152 H=3180891 gap=281472 e=1 D=1 sp=1222943(1222943) sq=1363679(1363679) ordN=(1222942,1363678) ordH=(87353,1363678) residuals=[1222943,1222943,1222943,1222943,1222943] centered_H={1222943:-487938,1363679:453533}
p=2479847 q=2546903 N=6315929763841 n=43 B=2097152 H=3011670 gap=67056 e=1 D=1 sp=1239923(1239923) sq=1273451(131*9721) ordN=(619961,31590) ordH=(1239922,14040) residuals=[1239923,1239923,1,1,1239923] centered_H={1239923:531824,131:-20,9721:-1840}
p=2480579 q=3071723 N=7619651567617 n=43 B=2097152 H=3633333 gap=591144 e=1 D=1 sp=1240289(563*2203) sq=1535861(1535861) ordN=(309381,307172) ordH=(206254,767930) residuals=[1240289,1240289,1,1,1240289] centered_H={563:-269,2203:586,1535861:561611}
p=2526299 q=4441043 N=11219402489857 n=44 B=4194304 H=2674914 gap=1914744 e=1 D=1 sp=1263149(53*23833) sq=2220521(2220521) ordN=(34424,2220520) ordH=(77454,2220520) residuals=[1263149,23833,23833,23833,1263149] centered_H={53:4,23833:5618,2220521:454393}
p=2535887 q=3323183 N=8427216568321 n=43 B=2097152 H=4018410 gap=787296 e=1 D=1 sp=1267943(1267943) sq=1661591(47*35353) ordN=(633971,90344) ordH=(1267942,406548) residuals=[35353,35353,35353,35353,1267943] centered_H={1267943:214581,47:4,35353:-11832}
p=2537219 q=5041067 N=12790290972673 n=44 B=4194304 H=3049443 gap=2503848 e=1 D=1 sp=1268609(173*7333) sq=2520533(503*5011) ordN=(315276,251502) ordH=(315276,209585) residuals=[1268609,1268609,1,1,1268609] centered_H={173:-28,7333:-1085,503:-246,5011:-2256}
p=2540423 q=3117623 N=7920081174529 n=43 B=2097152 H=3776589 gap=577200 e=1 D=1 sp=1270211(59*21529) sq=1558811(1558811) ordN=(208104,779405) ordH=(7176,1558810) residuals=[21529,21529,21529,21529,1270211] centered_H={59:-1,21529:9014,1558811:658967}
p=2543459 q=2697803 N=6861751320577 n=43 B=2097152 H=3271938 gap=154344 e=1 D=1 sp=1271729(821*1549) sq=1348901(1348901) ordN=(317340,674450) ordH=(317340,674450) residuals=[1271729,1271729,1,1,1271729] centered_H={821:253,1549:450,1348901:574136}
p=2560343 q=3566183 N=9130651680769 n=44 B=4194304 H=2176917 gap=1005840 e=1 D=1 sp=1280171(269*4759) sq=1783091(61*29231) ordN=(212524,175380) ordH=(106262,175380) residuals=[1280171,1280171,4759,4759,1280171] centered_H={269:-100,4759:2054,61:10,29231:13823}
p=2574203 q=2719667 N=7000974950401 n=43 B=2097152 H=3338325 gap=145464 e=1 D=1 sp=1287101(1287101) sq=1359833(1359833) ordN=(1287100,169979) ordH=(51484,1359832) residuals=[1287101,1287101,1287101,1287101,1287101] centered_H={1287101:-522978,1359833:618659}
p=2577683 q=2735387 N=7050960568321 n=43 B=2097152 H=3362160 gap=157704 e=1 D=1 sp=1288841(163*7907) sq=1367693(383*3571) ordN=(640386,340935) ordH=(640386,68187) residuals=[1288841,1288841,3571,3571,1288841] centered_H={163:-41,7907:1685,383:186,3571:-1722}
p=2582627 q=5134667 N=13260929630209 n=44 B=4194304 H=3161652 gap=2552040 e=1 D=1 sp=1291313(1291313) sq=2567333(2567333) ordN=(645656,2567332) ordH=(645656,2567332) residuals=[1291313,1291313,1291313,1291313,1291313] centered_H={1291313:579026,2567333:594319}
p=2589563 q=2876339 N=7448461049857 n=43 B=2097152 H=3551703 gap=286776 e=1 D=1 sp=1294781(233*5557) sq=1438169(1438169) ordN=(80562,1438168) ordH=(322248,1438168) residuals=[1294781,1294781,5557,5557,1294781] centered_H={233:84,5557:780,1438169:675365}
p=2594939 q=4228787 N=10973444308993 n=44 B=4194304 H=2616273 gap=1633848 e=1 D=1 sp=1297469(59*21991) sq=2114393(2114393) ordN=(637710,2114392) ordH=(106285,2114392) residuals=[21991,21991,21991,21991,1297469] centered_H={59:-23,21991:-656,2114393:501880}
p=2598983 q=3375479 N=8772812537857 n=43 B=2097152 H=4183203 gap=776496 e=1 D=1 sp=1299491(1299491) sq=1687739(1687739) ordN=(129949,1687738) ordH=(259898,843869) residuals=[1299491,1299491,1299491,1299491,1299491] centered_H={1299491:284730,1687739:807725}
p=2600867 q=3013643 N=7838084628481 n=43 B=2097152 H=3737490 gap=412776 e=1 D=1 sp=1300433(1300433) sq=1506821(739*2039) ordN=(1300432,376011) ordH=(650216,41779) residuals=[1300433,2039,1,1,1300433] centered_H={1300433:-163809,739:367,2039:3}
p=2607743 q=2749823 N=7170831679489 n=43 B=2097152 H=3419319 gap=142080 e=1 D=1 sp=1303871(1303871) sq=1374911(167*8233) ordN=(1303870,683256) ordH=(651935,170814) residuals=[1303871,1303871,8233,8233,1303871] centered_H={1303871:-492294,167:-6,8233:2624}
p=2612243 q=4869659 N=12720732635137 n=44 B=4194304 H=3032859 gap=2257416 e=1 D=1 sp=1306121(1306121) sq=2434829(1361*1789) ordN=(326530,303960) ordH=(326530,101320) residuals=[1306121,1306121,1,1,1306121] centered_H={1306121:420617,1361:551,1789:504}
p=2619179 q=3346307 N=8764577021953 n=43 B=2097152 H=4179276 gap=727128 e=1 D=1 sp=1309589(1309589) sq=1673153(47*97*367) ordN=(654794,134688) ordH=(1309588,67344) residuals=[1309589,35599,1,1,1309589] centered_H={1309589:250509,47:-11,97:31,367:-120}
p=2620259 q=4808267 N=12598904881153 n=44 B=4194304 H=3003813 gap=2188008 e=1 D=1 sp=1310129(173*7573) sq=2404133(53*45361) ordN=(162798,147420) ordH=(162798,84240) residuals=[1310129,7573,7573,7573,1310129] centered_H={173:14,7573:-2668,53:-15,45361:9987}
p=2626367 q=3235007 N=8496315629569 n=43 B=2097152 H=4051359 gap=608640 e=1 D=1 sp=1313183(653*2011) sq=1617503(1617503) ordN=(218420,808751) ordH=(655260,808751) residuals=[1313183,1313183,1,1,1313183] centered_H={653:147,2011:-806,1617503:-801150}
p=2664059 q=3360947 N=8953761103873 n=44 B=4194304 H=2134743 gap=696888 e=1 D=1 sp=1332029(569*2341) sq=1680473(433*3881) ordN=(9230,26190) ordH=(332280,104760) residuals=[3881,1332029,1,1,1332029] centered_H={569:-145,2341:-249,433:53,3881:193}
p=2665427 q=3269723 N=8715207966721 n=43 B=2097152 H=4155735 gap=604296 e=1 D=1 sp=1332713(1332713) sq=1634861(61*26801) ordN=(666356,20100) ordH=(7243,10050) residuals=[26801,26801,26801,26801,1332713] centered_H={1332713:157596,61:-12,26801:1580}
p=2670923 q=3129443 N=8358501285889 n=43 B=2097152 H=3985644 gap=458520 e=1 D=1 sp=1335461(1335461) sq=1564721(1564721) ordN=(66773,195590) ordH=(267092,1564720) residuals=[1335461,1335461,1335461,1335461,1335461] centered_H={1335461:-20739,1564721:-708519}
p=2677343 q=3801503 N=10177927446529 n=44 B=4194304 H=2426607 gap=1124160 e=1 D=1 sp=1338671(1338671) sq=1900751(173*10987) ordN=(669335,314932) ordH=(669335,157466) residuals=[1338671,10987,10987,10987,1338671] centered_H={1338671:-250735,173:-64,10987:-1520}
p=2681423 q=2747567 N=7367389347841 n=43 B=2097152 H=3513045 gap=66144 e=1 D=1 sp=1340711(487*2753) sq=1373783(269*5107) ordN=(668736,228068) ordH=(334368,684204) residuals=[1340711,1340711,1,1,1340711] centered_H={487:-173,2753:217,269:-95,5107:-571}
p=2682503 q=2914103 N=7817090039809 n=43 B=2097152 H=3727479 gap=231600 e=1 D=1 sp=1341251(157*8543) sq=1457051(1457051) ordN=(666276,41630) ordH=(666276,63350) residuals=[1341251,1341251,8543,8543,1341251] centered_H={157:-15,8543:2731,1457051:-643674}
p=2694323 q=2814587 N=7583406489601 n=43 B=2097152 H=3616050 gap=120264 e=1 D=1 sp=1347161(47*28663) sq=1407293(1407293) ordN=(659226,1407292) ordH=(659226,351823) residuals=[1347161,1347161,28663,28663,1347161] centered_H={47:11,28663:4512,1407293:-605829}
p=2704127 q=2997503 N=8105628794881 n=43 B=2097152 H=3865065 gap=293376 e=1 D=1 sp=1352063(709*1907) sq=1498751(1498751) ordN=(112454,749375) ordH=(337362,136250) residuals=[1352063,1352063,1,1,1352063] centered_H={709:306,1907:-424,1498751:-631188}
p=2728907 q=4254179 N=11609258852353 n=44 B=4194304 H=2767863 gap=1525272 e=1 D=1 sp=1364453(1364453) sq=2127089(71*29959) ordN=(1364452,1048530) ordH=(341113,29958) residuals=[1364453,29959,29959,29959,1364453] centered_H={1364453:38957,71:-1,29959:11635}
p=2748059 q=2967443 N=8154708443137 n=43 B=2097152 H=3888468 gap=219384 e=1 D=1 sp=1374029(1374029) sq=1483721(1483721) ordN=(343507,370930) ordH=(343507,741860) residuals=[1374029,1374029,1374029,1374029,1374029] centered_H={1374029:-233619,1483721:-562695}
p=2762759 q=3196343 N=8830725390337 n=44 B=4194304 H=2105409 gap=433584 e=1 D=1 sp=1381379(73*127*149) sq=1598171(1598171) ordN=(9324,1598170) ordH=(4662,799085) residuals=[18923,127,1,1,1381379] centered_H={73:16,127:3,149:39,1598171:507238}
p=2766227 q=4337819 N=11999392038913 n=44 B=4194304 H=2860878 gap=1571592 e=1 D=1 sp=1383113(1383113) sq=2168909(47*46147) ordN=(1383112,1061358) ordH=(691556,1061358) residuals=[46147,1383113,46147,46147,1383113] centered_H={1383113:94652,47:-12,46147:-236}
p=2776979 q=4757147 N=13210497318913 n=44 B=4194304 H=3149628 gap=1980168 e=1 D=1 sp=1388489(89*15601) sq=2378573(61*38993) ordN=(28600,584880) ordH=(6864,584880) residuals=[15601,38993,1,1,1388489] centered_H={89:7,15601:-1774,61:15,38993:-8805}
p=2783687 q=3110903 N=8659780239361 n=43 B=2097152 H=4129305 gap=327216 e=1 D=1 sp=1391843(359*3877) sq=1555451(151*10301) ordN=(693804,30900) ordH=(346902,5150) residuals=[10301,10301,1,1,1391843] centered_H={359:87,3877:300,151:59,10301:-1396}
p=2788979 q=5228219 N=14581392998401 n=44 B=4194304 H=3476475 gap=2439240 e=1 D=1 sp=1394489(1394489) sq=2614109(337*7757) ordN=(697244,93072) ordH=(697244,31024) residuals=[1394489,1394489,7757,7757,1394489] centered_H={1394489:687497,337:-17,7757:1339}
p=2790923 q=4507043 N=12578809970689 n=44 B=4194304 H=2999022 gap=1716120 e=1 D=1 sp=1395461(653*2137) sq=2253521(2253521) ordN=(116056,450704) ordH=(174084,2253520) residuals=[1395461,1395461,1,1,1395461] centered_H={653:-207,2137:811,2253521:745501}
p=2793587 q=3736763 N=10438972538881 n=44 B=4194304 H=2488845 gap=943176 e=1 D=1 sp=1396793(47*113*263) sq=1868381(1868381) ordN=(337456,1868380) ordH=(337456,1868380) residuals=[29719,29719,1,1,1396793] centered_H={47:7,113:20,263:76,1868381:620464}
p=2801339 q=5559923 N=15575229136897 n=44 B=4194304 H=3713424 gap=2758584 e=1 D=1 sp=1400669(1400669) sq=2779961(2779961) ordN=(350167,347495) ordH=(700334,2779960) residuals=[1400669,1400669,1400669,1400669,1400669] centered_H={1400669:-488583,2779961:933463}
p=2820179 q=5274587 N=14875279491073 n=44 B=4194304 H=3546543 gap=2454408 e=1 D=1 sp=1410089(97*14537) sq=2637293(293*9001) ordN=(29072,65700) ordH=(174432,328500) residuals=[14537,1410089,1,1,1410089] centered_H={97:29,14537:-485,293:71,9001:149}
p=2820899 q=5536907 N=15619055419393 n=44 B=4194304 H=3723873 gap=2716008 e=1 D=1 sp=1410449(1410449) sq=2768453(2768453) ordN=(54248,692113) ordH=(705224,2768452) residuals=[1410449,1410449,1410449,1410449,1410449] centered_H={1410449:-507474,2768453:955420}
p=2839547 q=4374323 N=12421095751681 n=44 B=4194304 H=2961420 gap=1534776 e=1 D=1 sp=1419773(607*2339) sq=2187161(2187161) ordN=(708414,1093580) ordH=(708414,2187160) residuals=[1419773,1419773,1,1,1419773] centered_H={607:-133,2339:246,2187161:774259}
p=2850383 q=3070127 N=8751037808641 n=43 B=2097152 H=4172820 gap=219744 e=1 D=1 sp=1425191(857*1663) sq=1535063(457*3359) ordN=(711336,255208) ordH=(711336,382812) residuals=[1425191,1425191,1,1,1425191] centered_H={857:87,1663:353,457:-47,3359:942}
p=2855807 q=3681407 N=10513387880449 n=44 B=4194304 H=2506587 gap=825600 e=1 D=1 sp=1427903(431*3313) sq=1840703(1840703) ordN=(712080,1840702) ordH=(237360,1840702) residuals=[1427903,1427903,1,1,1427903] centered_H={431:-109,3313:-1354,1840703:665884}
p=2858699 q=3036899 N=8681580134401 n=43 B=2097152 H=4139700 gap=178200 e=1 D=1 sp=1429349(1429349) sq=1518449(1518449) ordN=(357337,759224) ordH=(714674,379612) residuals=[1429349,1429349,1429349,1429349,1429349] centered_H={1429349:-148347,1518449:-415647}
p=2860883 q=4797659 N=13725541072897 n=44 B=4194304 H=3272424 gap=1936776 e=1 D=1 sp=1430441(1430441) sq=2398829(1289*1861) ordN=(715220,19320) ordH=(1430440,598920) residuals=[1289,1430441,1,1,1430441] centered_H={1430441:411542,1289:-347,1861:786}
p=2862947 q=4934219 N=14126407483393 n=44 B=4194304 H=3367998 gap=2071272 e=1 D=1 sp=1431473(101*14173) sq=2467109(1181*2089) ordN=(354300,41064) ordH=(354300,123192) residuals=[1431473,14173,1,1,1431473] centered_H={101:-49,14173:-5176,1181:-214,2089:530}
p=2894447 q=4617359 N=13364700905473 n=44 B=4194304 H=3186393 gap=1722912 e=1 D=1 sp=1447223(1447223) sq=2308679(2308679) ordN=(103373,1154339) ordH=(1447222,1154339) residuals=[1447223,1447223,1447223,1447223,1447223] centered_H={1447223:291947,2308679:877714}
p=2899907 q=3746027 N=10863129919489 n=44 B=4194304 H=2589972 gap=846120 e=1 D=1 sp=1449953(1449953) sq=1873013(1873013) ordN=(724976,468253) ordH=(1449952,468253) residuals=[1449953,1449953,1449953,1449953,1449953] centered_H={1449953:-309934,1873013:716959}
p=2902787 q=3078059 N=8934949650433 n=44 B=4194304 H=2130258 gap=175272 e=1 D=1 sp=1451393(1451393) sq=1539029(1539029) ordN=(1451392,384757) ordH=(181424,1539028) residuals=[1451393,1451393,1451393,1451393,1451393] centered_H={1451393:678865,1539029:591229}
p=2913083 q=5500403 N=16023130472449 n=44 B=4194304 H=3820212 gap=2587320 e=1 D=1 sp=1456541(1456541) sq=2750201(2750201) ordN=(291308,2750200) ordH=(1456540,343775) residuals=[1456541,1456541,1456541,1456541,1456541] centered_H={1456541:-549411,2750201:1070011}
p=2915699 q=5697467 N=16612098834433 n=44 B=4194304 H=3960633 gap=2781768 e=1 D=1 sp=1457849(1457849) sq=2848733(71*40123) ordN=(1457848,1404270) ordH=(728924,1404270) residuals=[1457849,40123,40123,40123,1457849] centered_H={1457849:-412914,71:-31,40123:-11544}
p=2920427 q=3350723 N=9785541918721 n=44 B=4194304 H=2333055 gap=430296 e=1 D=1 sp=1460213(1460213) sq=1675361(1675361) ordN=(1460212,335072) ordH=(730106,1675360) residuals=[1460213,1460213,1460213,1460213,1460213] centered_H={1460213:-587371,1675361:657694}
p=2923499 q=2929859 N=8565439856641 n=43 B=2097152 H=4084320 gap=6360 e=1 D=1 sp=1461749(1461749) sq=1464929(1464929) ordN=(730874,1464928) ordH=(1461748,1464928) residuals=[1461749,1461749,1461749,1461749,1461749] centered_H={1461749:-300927,1464929:-310467}
p=2944379 q=4450739 N=13104662446081 n=44 B=4194304 H=3124395 gap=1506360 e=1 D=1 sp=1472189(157*9377) sq=2225369(409*5441) ordN=(121888,16320) ordH=(182832,3264) residuals=[1472189,1472189,5441,5441,1472189] centered_H={157:-62,9377:1854,409:44,5441:1261}
p=2978699 q=3284003 N=9782056452097 n=44 B=4194304 H=2332224 gap=305304 e=1 D=1 sp=1489349(673*2213) sq=1642001(457*3593) ordN=(53088,34124) ordH=(53088,51186) residuals=[1489349,1489349,1,1,1489349] centered_H={673:279,2213:-278,457:153,3593:367}
p=2983523 q=4008779 N=11960284348417 n=44 B=4194304 H=2851554 gap=1025256 e=1 D=1 sp=1491761(1491761) sq=2004389(773*2593) ordN=(745880,500256) ordH=(1491760,18528) residuals=[1491761,1491761,1,1,1491761] centered_H={1491761:-131968,773:-43,2593:-746}
p=3002459 q=5955539 N=17881261670401 n=45 B=4194304 H=4263225 gap=2953080 e=1 D=1 sp=1501229(1501229) sq=2977769(127*23447) ordN=(1501228,105507) ordH=(375307,492366) residuals=[23447,23447,23447,23447,1501229] centered_H={1501229:-240462,127:-38,23447:-4129}
p=3018539 q=4470659 N=13494858547201 n=44 B=4194304 H=3217425 gap=1452120 e=1 D=1 sp=1509269(1509269) sq=2235329(2235329) ordN=(1509268,2235328) ordH=(1509268,558832) residuals=[1509269,1509269,1509269,1509269,1509269] centered_H={1509269:198887,2235329:982096}
p=3019967 q=3627839 N=10955954061313 n=44 B=4194304 H=2612103 gap=607872 e=1 D=1 sp=1509983(631*2393) sq=1813919(79*22961) ordN=(251160,895440) ordH=(376740,44772) residuals=[1509983,1509983,1,1,1509983] centered_H={631:-237,2393:-1053,79:-32,22961:-5451}
p=3020399 q=5376143 N=16238096941057 n=44 B=4194304 H=3871464 gap=2355744 e=1 D=1 sp=1510199(1510199) sq=2688071(47*57193) ordN=(1510198,1315416) ordH=(1510198,219236) residuals=[1510199,57193,57193,57193,1510199] centered_H={1510199:-659133,47:-20,57193:-17660}
p=3020783 q=6027023 N=18206328619009 n=45 B=4194304 H=4340727 gap=3006240 e=1 D=1 sp=1510391(1510391) sq=3013511(1069*2819) ordN=(755195,752406) ordH=(1510390,752406) residuals=[1510391,1510391,1,1,1510391] centered_H={1510391:-190446,1069:-482,2819:-533}
p=3023963 q=3304403 N=9992392409089 n=44 B=4194304 H=2382372 gap=280440 e=1 D=1 sp=1511981(79*19139) sq=1652201(97*17033) ordN=(746382,34064) ordH=(746382,68128) residuals=[17033,17033,17033,17033,1511981] centered_H={79:-31,19139:9136,97:-45,17033:-2248}
p=3024767 q=5871743 N=17760654458881 n=45 B=4194304 H=4234470 gap=2846976 e=1 D=1 sp=1512383(1512383) sq=2935871(2935871) ordN=(1512382,419410) ordH=(756191,83882) residuals=[1512383,1512383,1512383,1512383,1512383] centered_H={1512383:-302679,2935871:1298599}
p=3025487 q=3976367 N=12030446665729 n=44 B=4194304 H=2868282 gap=950880 e=1 D=1 sp=1512743(593*2551) sq=1988183(1988183) ordN=(30192,1988182) ordH=(10200,1988182) residuals=[1512743,2551,1,1,1512743] centered_H={593:-59,2551:958,1988183:880099}
p=3035939 q=3110027 N=9441852260353 n=44 B=4194304 H=2251113 gap=74088 e=1 D=1 sp=1517969(709*2141) sq=1555013(1555013) ordN=(126260,777506) ordH=(378780,1555012) residuals=[1517969,1517969,1,1,1517969] centered_H={709:38,2141:922,1555013:696100}
p=3051947 q=4710659 N=14376681603073 n=44 B=4194304 H=3427668 gap=1658712 e=1 D=1 sp=1525973(727*2099) sq=2355329(2355329) ordN=(253858,147208) ordH=(11,2355328) residuals=[1525973,1,1,1,1525973] centered_H={727:-137,2099:1,2355329:1072339}
p=3067223 q=5271143 N=16167771045889 n=44 B=4194304 H=3854697 gap=2203920 e=1 D=1 sp=1533611(397*3863) sq=2635571(1231*2141) ordN=(764676,65805) ordH=(382338,263220) residuals=[1533611,1533611,1,1,1533611] centered_H={397:-173,3863:-577,1231:436,2141:897}
p=3069047 q=3753287 N=11519014207489 n=44 B=4194304 H=2746347 gap=684240 e=1 D=1 sp=1534523(71*21613) sq=1876643(1876643) ordN=(108060,938321) ordH=(378210,938321) residuals=[21613,1534523,21613,21613,1534523] centered_H={71:-4,21613:1496,1876643:869704}
p=3083303 q=4563863 N=14071772479489 n=44 B=4194304 H=3354972 gap=1480560 e=1 D=1 sp=1541651(1541651) sq=2281931(307*7433) ordN=(308330,126344) ordH=(770825,379032) residuals=[7433,1541651,7433,7433,1541651] centered_H={1541651:271670,307:76,7433:2689}
p=3087923 q=5311739 N=16402241028097 n=44 B=4194304 H=3910599 gap=2223816 e=1 D=1 sp=1543961(1543961) sq=2655869(1229*2161) ordN=(771980,663120) ordH=(1543960,82890) residuals=[1543961,1543961,1,1,1543961] centered_H={1543961:-721284,1229:-79,2161:-811}
p=3088607 q=6069023 N=18744826920961 n=45 B=4194304 H=4469115 gap=2980416 e=1 D=1 sp=1544303(701*2203) sq=3034511(3034511) ordN=(110100,3034510) ordH=(36700,1517255) residuals=[1544303,1544303,1,1,1544303] centered_H={701:240,2203:-772,3034511:1434604}
p=3096047 q=4821263 N=14926856847361 n=44 B=4194304 H=3558840 gap=1725216 e=1 D=1 sp=1548023(97*15959) sq=2410631(2410631) ordN=(382992,2410630) ordH=(765984,2410630) residuals=[1548023,1548023,1,1,1548023] centered_H={97:7,15959:-17,2410631:1148209}
p=3096323 q=4629419 N=14334176526337 n=44 B=4194304 H=3417534 gap=1533096 e=1 D=1 sp=1548161(1548161) sq=2314709(2314709) ordN=(1548160,578677) ordH=(774080,2314708) residuals=[1548161,1548161,1548161,1548161,1548161] centered_H={1548161:321212,2314709:1102825}
p=3101999 q=5116367 N=15870965317633 n=44 B=4194304 H=3783933 gap=2014368 e=1 D=1 sp=1550999(1550999) sq=2558183(293*8731) ordN=(775499,1274580) ordH=(775499,141620) residuals=[1550999,1550999,8731,8731,1550999] centered_H={1550999:681935,293:131,8731:3410}
p=3138767 q=3580463 N=11238239109121 n=44 B=4194304 H=2679405 gap=441696 e=1 D=1 sp=1569383(53*29611) sq=1790231(1790231) ordN=(256620,68855) ordH=(54990,179023) residuals=[1569383,29611,29611,29611,1569383] centered_H={53:-10,29611:14415,1790231:889174}
p=3155687 q=5213399 N=16451855450113 n=44 B=4194304 H=3922428 gap=2057712 e=1 D=1 sp=1577843(1577843) sq=2606699(53*137*359) ordN=(788921,316472) ordH=(788921,158236) residuals=[1577843,49183,1,1,1577843] centered_H={1577843:766742,53:4,137:-19,359:-6}
p=3158339 q=5235563 N=16535682809857 n=44 B=4194304 H=3942414 gap=2077224 e=1 D=1 sp=1579169(1579169) sq=2617781(149*17569) ordN=(1579168,72224) ordH=(789584,54168) residuals=[1579169,1579169,17569,17569,1579169] centered_H={1579169:784076,149:23,17569:6958}
p=3159323 q=3677459 N=11618280800257 n=44 B=4194304 H=2770014 gap=518136 e=1 D=1 sp=1579661(89*17749) sq=1838729(53*34693) ordN=(6732,450996) ordH=(11484,150332) residuals=[17749,17749,17749,17749,1579661] centered_H={89:-22,17749:1170,53:22,34693:-5426}
p=3164003 q=3895883 N=12326585499649 n=44 B=4194304 H=2938887 gap=731880 e=1 D=1 sp=1582001(1582001) sq=1947941(1947941) ordN=(791000,1947940) ordH=(1582000,97397) residuals=[1582001,1582001,1582001,1582001,1582001] centered_H={1582001:-225115,1947941:-956995}
p=3186203 q=6360083 N=20264515534849 n=45 B=4194304 H=4831437 gap=3173880 e=1 D=1 sp=1593101(103*15467) sq=3180041(59*53899) ordN=(262922,521014) ordH=(394383,1563042) residuals=[15467,53899,15467,15467,1593101] centered_H={103:16,15467:5733,59:-14,53899:-19473}
p=3223919 q=4803983 N=15487652069377 n=44 B=4194304 H=3692544 gap=1580064 e=1 D=1 sp=1611959(47*34297) sq=2401991(2401991) ordN=(394404,240199) ordH=(197202,2401990) residuals=[1611959,34297,34297,34297,1611959] centered_H={47:-11,34297:-11532,2401991:-1111438}
p=3250427 q=4239923 N=13781560197121 n=44 B=4194304 H=3285780 gap=989496 e=1 D=1 sp=1625213(47*151*229) sq=2119961(1193*1777) ordN=(32775,132312) ordH=(43700,264624) residuals=[34579,10763,1,1,1625213] centered_H={47:10,151:20,229:88,1193:258,1777:107}
p=3259667 q=5739803 N=18709846425601 n=45 B=4194304 H=4460775 gap=2480136 e=1 D=1 sp=1629833(173*9421) sq=2869901(2869901) ordN=(67510,2869900) ordH=(27004,2869900) residuals=[1629833,1629833,9421,9421,1629833] centered_H={173:-30,9421:4642,2869901:-1279027}
p=3260639 q=4324127 N=14099417137153 n=44 B=4194304 H=3361563 gap=1063488 e=1 D=1 sp=1630319(449*3631) sq=2162063(2162063) ordN=(162624,1081031) ordH=(9680,2162062) residuals=[1630319,3631,1,1,1630319] centered_H={449:-100,3631:-743,2162063:-962563}
p=3263243 q=3549347 N=11582381752321 n=44 B=4194304 H=2761455 gap=286104 e=1 D=1 sp=1631621(109*14969) sq=1774673(47*61*619) ordN=(404136,14214) ordH=(404136,71070) residuals=[14969,619,1,1,1631621] centered_H={109:49,14969:7159,47:17,61:-15,619:96}
p=3273899 q=4875779 N=15962807992321 n=44 B=4194304 H=3805830 gap=1601880 e=1 D=1 sp=1636949(577*2837) sq=2437889(181*13469) ordN=(408384,202020) ordH=(34032,46620) residuals=[13469,1636949,1,1,1636949] centered_H={577:-62,2837:1413,181:-57,13469:-5897}
p=3278699 q=6221123 N=20397189758977 n=45 B=4194304 H=4863069 gap=2942424 e=1 D=1 sp=1639349(1639349) sq=3110561(3110561) ordN=(409837,3110560) ordH=(409837,3110560) residuals=[1639349,1639349,1639349,1639349,1639349] centered_H={1639349:-54978,3110561:-1358053}
p=3280703 q=5333183 N=17496589467649 n=44 B=4194304 H=4171512 gap=2052480 e=1 D=1 sp=1640351(61*26891) sq=2666591(2666591) ordN=(80670,1333295) ordH=(26890,1333295) residuals=[26891,26891,26891,26891,1640351] centered_H={61:27,26891:3407,2666591:-1161670}
p=3286139 q=3414707 N=11221201846273 n=44 B=4194304 H=2675343 gap=128568 e=1 D=1 sp=1643069(1643069) sq=1707353(1707353) ordN=(1643068,1707352) ordH=(821534,1707352) residuals=[1643069,1643069,1643069,1643069,1643069] centered_H={1643069:-610795,1707353:-739363}
p=3296999 q=3597527 N=11861042921473 n=44 B=4194304 H=2827893 gap=300528 e=1 D=1 sp=1648499(1648499) sq=1798763(1798763) ordN=(1648498,1798762) ordH=(1648498,899381) residuals=[1648499,1648499,1648499,1648499,1648499] centered_H={1648499:-469105,1798763:-769633}
p=3298259 q=3570779 N=11777353973761 n=44 B=4194304 H=2807940 gap=272520 e=1 D=1 sp=1649129(1649129) sq=1785389(47*37987) ordN=(824564,436839) ordH=(1649128,873678) residuals=[37987,1649129,37987,37987,1649129] centered_H={1649129:-490318,47:19,37987:-3098}
p=3302603 q=4055267 N=13392936960001 n=44 B=4194304 H=3193125 gap=752664 e=1 D=1 sp=1651301(1109*1489) sq=2027633(2027633) ordN=(51522,2027632) ordH=(412176,2027632) residuals=[1651301,1651301,1,1,1651301] centered_H={1109:314,1489:709,2027633:-862141}
p=3313139 q=4117307 N=13641210396673 n=44 B=4194304 H=3252318 gap=804168 e=1 D=1 sp=1656569(163*10163) sq=2058653(2058653) ordN=(411561,2058652) ordH=(274374,1029326) residuals=[1656569,1656569,10163,10163,1656569] centered_H={163:-21,10163:158,2058653:-864988}
p=3324983 q=6142343 N=20423186055169 n=45 B=4194304 H=4869267 gap=2817360 e=1 D=1 sp=1662491(1662491) sq=3071171(1303*2357) ordN=(831245,3534) ordH=(332498,12369) residuals=[1662491,1662491,1,1,1662491] centered_H={1662491:-118206,1303:-44,2357:-295}
p=3349439 q=5166143 N=17303680843777 n=44 B=4194304 H=4125519 gap=1816704 e=1 D=1 sp=1674719(157*10667) sq=2583071(769*3359) ordN=(138658,1289472) ordH=(415974,1289472) residuals=[10667,10667,1,1,1674719] centered_H={157:30,10667:-2610,769:-166,3359:667}
p=3367907 q=4782539 N=16107146575873 n=44 B=4194304 H=3840243 gap=1414632 e=1 D=1 sp=1683953(163*10331) sq=2391269(2391269) ordN=(836730,1195634) ordH=(278910,597817) residuals=[1683953,10331,10331,10331,1683953] centered_H={163:-37,10331:-2889,2391269:-942295}
p=3368507 q=6587123 N=22188769935361 n=45 B=4194304 H=5290215 gap=3218616 e=1 D=1 sp=1684253(313*5381) sq=3293561(3293561) ordN=(41964,1646780) ordH=(27976,658712) residuals=[1684253,1684253,5381,5381,1684253] centered_H={313:-111,5381:692,3293561:-1296907}
p=3379127 q=4029959 N=13617743265793 n=44 B=4194304 H=3246723 gap=650832 e=1 D=1 sp=1689563(563*3001) sq=2014979(2014979) ordN=(42150,2014978) ordH=(843000,143927) residuals=[1689563,1689563,1,1,1689563] centered_H={563:-98,3001:-359,2014979:-783235}
p=3382307 q=3666827 N=12402334629889 n=44 B=4194304 H=2956947 gap=284520 e=1 D=1 sp=1691153(79*21407) sq=1833413(359*5107) ordN=(59631,304658) ordH=(64218,304658) residuals=[21407,21407,1,1,1691153] centered_H={79:-23,21407:2781,359:-136,5107:-6}
p=3393623 q=6136679 N=20825574998017 n=45 B=4194304 H=4965204 gap=2743056 e=1 D=1 sp=1696811(1696811) sq=3068339(313*9803) ordN=(1696810,117624) ordH=(848405,29406) residuals=[1696811,1696811,1,1,1696811] centered_H={1696811:-125229,313:85,9803:4886}
p=3394043 q=6019379 N=20430031159297 n=45 B=4194304 H=4870899 gap=2625336 e=1 D=1 sp=1697021(109*15569) sq=3009689(3009689) ordN=(420336,3009688) ordH=(144,752422) residuals=[1697021,1,15569,1,1697021] centered_H={109:16,15569:-2198,3009689:-1148479}
p=3411839 q=3911807 N=13346455683073 n=44 B=4194304 H=3182043 gap=499968 e=1 D=1 sp=1705919(1129*1511) sq=1955903(151*12953) ordN=(851640,971400) ordH=(851640,161900) residuals=[1705919,12953,1,1,1705919] centered_H={1129:521,1511:-123,151:20,12953:-4395}
p=3414227 q=6029147 N=20584876474369 n=45 B=4194304 H=4907817 gap=2614920 e=1 D=1 sp=1707113(1707113) sq=3014573(3014573) ordN=(1707112,1507286) ordH=(853556,3014572) residuals=[1707113,1707113,1707113,1707113,1707113] centered_H={1707113:-213522,3014573:-1121329}
p=3441059 q=5945867 N=20460079153153 n=45 B=4194304 H=4878063 gap=2504808 e=1 D=1 sp=1720529(47*36607) sq=2972933(857*3469) ordN=(280646,371076) ordH=(841938,247384) residuals=[1720529,36607,1,1,1720529] centered_H={47:-20,36607:9332,857:19,3469:649}
p=3474623 q=4746047 N=16490724065281 n=44 B=4194304 H=3931695 gap=1271424 e=1 D=1 sp=1737311(1737311) sq=2373023(709*3347) ordN=(868655,197414) ordH=(1737310,169212) residuals=[1737311,1737311,1,1,1737311] centered_H={1737311:457073,709:290,3347:-1030}
p=3481007 q=5658959 N=19698875891713 n=45 B=4194304 H=4696578 gap=2177952 e=1 D=1 sp=1740503(1740503) sq=2829479(2829479) ordN=(870251,1414739) ordH=(1740502,1414739) residuals=[1740503,1740503,1740503,1740503,1740503] centered_H={1740503:-524931,2829479:-962380}
p=3498359 q=6015047 N=21042793807873 n=45 B=4194304 H=5016993 gap=2516688 e=1 D=1 sp=1749179(1749179) sq=3007523(227*13249) ordN=(1749178,31188) ordH=(874589,748512) residuals=[1749179,1749179,13249,13249,1749179] centered_H={1749179:-230544,227:66,13249:-4378}
p=3508523 q=5959043 N=20907439423489 n=45 B=4194304 H=4984722 gap=2450520 e=1 D=1 sp=1754261(67*26183) sq=2979521(1091*2731) ordN=(864006,297570) ordH=(432003,297570) residuals=[1754261,26183,1,1,1754261] centered_H={67:-11,26183:9952,1091:-57,2731:647}
p=3515783 q=5705783 N=20060294873089 n=45 B=4194304 H=4782747 gap=2190000 e=1 D=1 sp=1757891(389*4519) sq=2852891(683*4177) ordN=(146082,237336) ordH=(292164,89001) residuals=[1757891,1757891,1,1,1757891] centered_H={389:-8,4519:1645,683:-302,4177:82}
p=3524699 q=5384147 N=18977497546753 n=45 B=4194304 H=4524588 gap=1859448 e=1 D=1 sp=1762349(101*17449) sq=2692073(709*3797) ordN=(43620,17228) ordH=(5816,671892) residuals=[17449,17449,1,1,1762349] centered_H={101:-10,17449:5297,709:-250,3797:-1436}
p=3529607 q=5569079 N=19656660221953 n=45 B=4194304 H=4686513 gap=2039472 e=1 D=1 sp=1764803(47*37549) sq=2784539(2784539) ordN=(431802,2784538) ordH=(863604,1392269) residuals=[37549,37549,37549,37549,1764803] centered_H={47:2,37549:-7112,2784539:-882565}
p=3548639 q=5756447 N=20427552325633 n=45 B=4194304 H=4870308 gap=2207808 e=1 D=1 sp=1774319(251*7069) sq=2878223(113*25471) ordN=(294500,713160) ordH=(883500,356580) residuals=[1774319,25471,7069,7069,1774319] centered_H={251:-96,7069:-233,113:8,25471:5347}
p=3550259 q=4763387 N=16911257567233 n=44 B=4194304 H=4031958 gap=1213128 e=1 D=1 sp=1775129(53*33493) sq=2381693(2381693) ordN=(435396,2381692) ordH=(145132,1190846) residuals=[1775129,33493,33493,33493,1775129] centered_H={53:-17,33493:12798,2381693:-731428}
p=3552047 q=5895119 N=20939739758593 n=45 B=4194304 H=4992423 gap=2343072 e=1 D=1 sp=1776023(1776023) sq=2947559(2947559) ordN=(888011,1473779) ordH=(888011,2947558) residuals=[1776023,1776023,1776023,1776023,1776023] centered_H={1776023:-335646,2947559:-902695}
p=3569939 q=4471067 N=15961436454913 n=44 B=4194304 H=3805503 gap=901128 e=1 D=1 sp=1784969(953*1873) sq=2235533(1423*1571) ordN=(9282,124030) ordH=(222768,372090) residuals=[1784969,1784969,1,1,1784969] centered_H={953:174,1873:-433,1423:401,1571:541}
p=3582263 q=4938887 N=17692392161281 n=45 B=4194304 H=4218195 gap=1356624 e=1 D=1 sp=1791131(919*1949) sq=2469443(881*2803) ordN=(447066,154110) ordH=(223533,82192) residuals=[1791131,1791131,1,1,1791131] centered_H={919:-15,1949:559,881:-33,2803:-320}
p=3587687 q=4947287 N=17749317255169 n=45 B=4194304 H=4231767 gap=1359600 e=1 D=1 sp=1793843(1793843) sq=2473643(281*8803) ordN=(1793842,616140) ordH=(1793842,58680) residuals=[1793843,8803,1,1,1793843] centered_H={1793843:644081,281:-93,8803:-2476}
p=3594299 q=4604147 N=16548680957953 n=44 B=4194304 H=3945513 gap=1009848 e=1 D=1 sp=1797149(181*9929) sq=2302073(997*2309) ordN=(446760,574692) ordH=(446760,191564) residuals=[1797149,1797149,1,1,1797149] centered_H={181:75,9929:3700,997:384,2309:-568}
p=3614747 q=6582803 N=23795167395841 n=45 B=4194304 H=5673210 gap=2968056 e=1 D=1 sp=1807373(587*3079) sq=3291401(3291401) ordN=(901854,1645700) ordH=(901854,82285) residuals=[1807373,1807373,1,1,1807373] centered_H={587:-145,3079:-1387,3291401:-909592}
p=3626087 q=5277527 N=19136772046849 n=45 B=4194304 H=4562562 gap=1651440 e=1 D=1 sp=1813043(241*7523) sq=2638763(251*10513) ordN=(902640,18250) ordH=(451320,1314000) residuals=[1813043,1813043,7523,7523,1813043] centered_H={241:-50,7523:3624,251:-116,10513:-80}
p=3633347 q=4112363 N=14941641768961 n=44 B=4194304 H=3562365 gap=479016 e=1 D=1 sp=1816673(173*10501) sq=2056181(1039*1979) ordN=(21500,1026582) ordH=(225750,1026582) residuals=[1816673,1816673,1,1,1816673] centered_H={173:-51,10501:2526,1039:-366,1979:165}
p=3635987 q=6653723 N=24192850329601 n=45 B=4194304 H=5768025 gap=3017736 e=1 D=1 sp=1817993(251*7243) sq=3326861(3326861) ordN=(301750,3326860) ordH=(53250,166343) residuals=[1817993,1817993,7243,7243,1817993] centered_H={251:45,7243:2597,3326861:-885697}
p=3636119 q=4895783 N=17801649586177 n=45 B=4194304 H=4244244 gap=1259664 e=1 D=1 sp=1818059(53*34303) sq=2447891(971*2521) ordN=(891852,20370) ordH=(445926,6790) residuals=[1818059,34303,1,1,1818059] centered_H={53:4,34303:-9328,971:3,2521:-1120}
p=3645563 q=6766259 N=24666823458817 n=45 B=4194304 H=5881029 gap=3120696 e=1 D=1 sp=1822781(1822781) sq=3383129(1511*2239) ordN=(1822780,563230) ordH=(1822780,281615) residuals=[1822781,1822781,1,1,1822781] centered_H={1822781:412686,1511:217,2239:-824}
p=3656483 q=5094539 N=18628095246337 n=45 B=4194304 H=4441284 gap=1438056 e=1 D=1 sp=1828241(83*22027) sq=2547269(89*28621) ordN=(22026,629640) ordH=(903066,125928) residuals=[22027,22027,22027,22027,1828241] centered_H={83:37,22027:-8170,89:6,28621:5029}
p=3664679 q=3724439 N=13648873390081 n=44 B=4194304 H=3254145 gap=59760 e=1 D=1 sp=1832339(571*3209) sq=1862219(1862219) ordN=(38095,1862218) ordH=(182856,931109) residuals=[1832339,1832339,1,1,1832339] centered_H={571:16,3209:219,1862219:-470293}
p=3669647 q=5070959 N=18608629481473 n=45 B=4194304 H=4436643 gap=1401312 e=1 D=1 sp=1834823(499*3677) sq=2535479(2535479) ordN=(228831,2535478) ordH=(457662,2535478) residuals=[1834823,1834823,3677,3677,1834823] centered_H={499:34,3677:-1496,2535479:-634315}
p=3670319 q=5825999 N=21383274823681 n=45 B=4194304 H=5098170 gap=2155680 e=1 D=1 sp=1835159(181*10139) sq=2912999(127*22937) ordN=(152070,34404) ordH=(912420,361242) residuals=[10139,1835159,1,1,1835159] centered_H={181:-57,10139:-1747,127:9,22937:6156}
p=3682859 q=5569667 N=20512298237953 n=45 B=4194304 H=4890513 gap=1886808 e=1 D=1 sp=1841429(1841429) sq=2784833(61*71*643) ordN=(460357,22470) ordH=(1841428,44940) residuals=[643,45653,1,1,1841429] centered_H={1841429:-633774,61:21,71:33,643:-145}
p=3695183 q=4682927 N=17304272240641 n=44 B=4194304 H=4125660 gap=987744 e=1 D=1 sp=1847591(1847591) sq=2341463(2341463) ordN=(184759,2341462) ordH=(1847590,1170731) residuals=[1847591,1847591,1847591,1847591,1847591] centered_H={1847591:430478,2341463:-557266}
p=3700283 q=7140083 N=26420327743489 n=45 B=4194304 H=6299097 gap=3439800 e=1 D=1 sp=1850141(1850141) sq=3570041(683*5227) ordN=(185014,1782066) ordH=(1850140,1782066) residuals=[1850141,1850141,5227,5227,1850141] centered_H={1850141:748674,683:-212,5227:562}
p=3700847 q=5236367 N=19378993102849 n=45 B=4194304 H=4620312 gap=1535520 e=1 D=1 sp=1850423(1850423) sq=2618183(107*24469) ordN=(925211,1296804) ordH=(264346,648402) residuals=[1850423,1850423,24469,24469,1850423] centered_H={1850423:919466,107:52,24469:-4329}
p=3707063 q=3886343 N=14406918340609 n=44 B=4194304 H=3434877 gap=179280 e=1 D=1 sp=1853531(241*7691) sq=1943171(1943171) ordN=(61520,388634) ordH=(46140,1943170) residuals=[1853531,1853531,7691,7691,1853531] centered_H={241:-96,7691:-3000,1943171:-451465}
p=3714587 q=4357139 N=16184971886593 n=44 B=4194304 H=3858798 gap=642552 e=1 D=1 sp=1857293(1857293) sq=2178569(271*8039) ordN=(928646,40190) ordH=(1857292,24114) residuals=[8039,8039,8039,8039,1857293] centered_H={1857293:144212,271:29,8039:78}
p=3725663 q=6931103 N=25822953996289 n=45 B=4194304 H=6156672 gap=3205440 e=1 D=1 sp=1862831(479*3889) sq=3465551(263*13177) ordN=(929232,1726056) ordH=(929232,1726056) residuals=[1862831,1862831,1,1,1862831] centered_H={479:85,3889:385,263:105,13177:3013}
p=3739103 q=5172767 N=19341508608001 n=45 B=4194304 H=4611375 gap=1433664 e=1 D=1 sp=1869551(1869551) sq=2586383(59^2*743) ordN=(37391,1269562) ordH=(934775,1269562) residuals=[1869551,43837,1,1,1869551] centered_H={1869551:872273,59:-6,743:317}
p=3739199 q=5759423 N=21535628722177 n=45 B=4194304 H=5134494 gap=2020224 e=1 D=1 sp=1869599(809*2311) sq=2879711(239*12049) ordN=(466620,1757) ordH=(133320,716856) residuals=[12049,1869599,1,1,1869599] centered_H={809:-229,2311:-548,239:57,12049:1620}
p=3761159 q=5294519 N=19913527787521 n=45 B=4194304 H=4747755 gap=1533360 e=1 D=1 sp=1880579(269*6991) sq=2647259(2647259) ordN=(93666,1323629) ordH=(312220,2647258) residuals=[1880579,1880579,6991,6991,1880579] centered_H={269:-95,6991:866,2647259:-546763}
p=3763043 q=6516299 N=24521113337857 n=45 B=4194304 H=5846289 gap=2753256 e=1 D=1 sp=1881521(1881521) sq=3258149(3258149) ordN=(47038,3258148) ordH=(940760,3258148) residuals=[1881521,1881521,1881521,1881521,1881521] centered_H={1881521:201726,3258149:-670009}
p=3781643 q=3946403 N=14923887280129 n=44 B=4194304 H=3558132 gap=164760 e=1 D=1 sp=1890821(97*101*193) sq=1973201(47*41983) ordN=(4800,965586) ordH=(600,321862) residuals=[19493,101,1,1,1890821] centered_H={97:-22,101:3,193:-16,47:-3,41983:-10423}
p=3783047 q=5684279 N=21503894618113 n=45 B=4194304 H=5126928 gap=1901232 e=1 D=1 sp=1891523(457*4139) sq=2842139(2842139) ordN=(314488,1421069) ordH=(235866,1421069) residuals=[1891523,1891523,1,1,1891523] centered_H={457:-155,4139:-1293,2842139:-557350}
p=3797819 q=6974963 N=26489647005697 n=45 B=4194304 H=6315624 gap=3177144 e=1 D=1 sp=1898909(349*5441) sq=3487481(1129*3089) ordN=(473280,435408) ordH=(118320,217704) residuals=[1898909,1898909,1,1,1898909] centered_H={349:120,5441:-1377,1129:-2,3089:-1381}
p=3798407 q=6406199 N=24333351124993 n=45 B=4194304 H=5801523 gap=2607792 e=1 D=1 sp=1899203(733*2591) sq=3203099(3203099) ordN=(9028,3203098) ordH=(947940,3203098) residuals=[733,1899203,1,1,1899203] centered_H={733:-172,2591:274,3203099:-604675}
p=3814667 q=6352547 N=24232851406849 n=45 B=4194304 H=5777562 gap=2537880 e=1 D=1 sp=1907333(1907333) sq=3176273(3176273) ordN=(1907332,1588136) ordH=(1907332,794068) residuals=[1907333,1907333,1907333,1907333,1907333] centered_H={1907333:55563,3176273:-574984}
p=3815363 q=5828843 N=22239151915009 n=45 B=4194304 H=5302227 gap=2013480 e=1 D=1 sp=1907681(593*3217) sq=2914421(2914421) ordN=(59496,728605) ordH=(118992,2914420) residuals=[1907681,1907681,1,1,1907681] centered_H={593:214,3217:611,2914421:-526615}
p=3819899 q=3943859 N=15065143050241 n=44 B=4194304 H=3591810 gap=123960 e=1 D=1 sp=1909949(1909949) sq=1971929(127*15527) ordN=(1909948,139734) ordH=(954974,15526) residuals=[1909949,15527,15527,15527,1909949] centered_H={1909949:-228088,127:-4,15527:5073}
p=3820319 q=4550879 N=17385809510401 n=44 B=4194304 H=4145100 gap=730560 e=1 D=1 sp=1910159(1910159) sq=2275439(2275439) ordN=(955079,2275438) ordH=(955079,2275438) residuals=[1910159,1910159,1910159,1910159,1910159] centered_H={1910159:324782,2275439:-405778}
p=3821723 q=6624659 N=25317611667457 n=45 B=4194304 H=6036189 gap=2802936 e=1 D=1 sp=1910861(1061*1801) sq=3312329(1667*1987) ordN=(95400,551446) ordH=(95400,236334) residuals=[1910861,1910861,1,1,1910861] centered_H={1061:160,1801:-763,1667:-18,1987:-317}
p=3836387 q=6095819 N=23385920765953 n=45 B=4194304 H=5575638 gap=2259432 e=1 D=1 sp=1918193(1918193) sq=3047909(3047909) ordN=(1918192,1523954) ordH=(1918192,1523954) residuals=[1918193,1918193,1918193,1918193,1918193] centered_H={1918193:-178941,3047909:-520180}
p=3853583 q=5931503 N=22857539125249 n=45 B=4194304 H=5449662 gap=2077920 e=1 D=1 sp=1926791(1926791) sq=2965751(239*12409) ordN=(192679,1476552) ordH=(963395,738276) residuals=[1926791,1926791,12409,12409,1926791] centered_H={1926791:-330711,239:-16,12409:2111}
p=3859139 q=5987819 N=23107825827841 n=45 B=4194304 H=5509335 gap=2128680 e=1 D=1 sp=1929569(1929569) sq=2993909(2993909) ordN=(241196,2993908) ordH=(1929568,748477) residuals=[1929569,1929569,1929569,1929569,1929569] centered_H={1929569:-279372,2993909:-478483}
p=3873743 q=4983599 N=19305181741057 n=45 B=4194304 H=4602714 gap=1109856 e=1 D=1 sp=1936871(1936871) sq=2491799(47*53017) ordN=(193687,609684) ordH=(1936870,609684) residuals=[53017,53017,53017,53017,1936871] centered_H={1936871:728972,47:4,53017:-9765}
p=3878003 q=4544699 N=17624356356097 n=45 B=4194304 H=4201974 gap=666696 e=1 D=1 sp=1939001(109*17789) sq=2272349(619*3671) ordN=(480276,1134030) ordH=(480276,378010) residuals=[1939001,1939001,1,1,1939001] centered_H={109:24,17789:3770,619:202,3671:-1321}
p=3882587 q=4964819 N=19276341706753 n=45 B=4194304 H=4595838 gap=1082232 e=1 D=1 sp=1941293(1941293) sq=2482409(1153*2153) ordN=(1941292,154944) ordH=(1941292,103296) residuals=[1941293,1941293,1,1,1941293] centered_H={1941293:713252,1153:-20,2153:-817}
p=3886787 q=6377963 N=24789783674881 n=45 B=4194304 H=5910345 gap=2491176 e=1 D=1 sp=1943393(1943393) sq=3188981(3188981) ordN=(1943392,3188980) ordH=(176672,1594490) residuals=[1943393,1943393,1943393,1943393,1943393] centered_H={1943393:80166,3188981:-467617}
p=3890759 q=4516727 N=17573496225793 n=44 B=4194304 H=4189848 gap=625968 e=1 D=1 sp=1945379(1303*1493) sq=2258363(2258363) ordN=(485646,2258362) ordH=(80941,2258362) residuals=[1945379,1945379,1,1,1945379] centered_H={1303:-600,1493:490,2258363:-326878}
p=3893243 q=5212979 N=20295394000897 n=45 B=4194304 H=4838799 gap=1319736 e=1 D=1 sp=1946621(1946621) sq=2606489(2606489) ordN=(1946620,2606488) ordH=(973310,2606488) residuals=[1946621,1946621,1946621,1946621,1946621] centered_H={1946621:945557,2606489:-374179}
p=3914459 q=6533459 N=25574957383681 n=45 B=4194304 H=6097545 gap=2619000 e=1 D=1 sp=1957229(421*4649) sq=3266729(79*41351) ordN=(34860,1612650) ordH=(2324,806325) residuals=[41351,4649,4649,4649,1957229] centered_H={421:202,4649:-1943,79:9,41351:18948}
p=3922463 q=6365663 N=24969077587969 n=45 B=4194304 H=5953092 gap=2443200 e=1 D=1 sp=1961231(1961231) sq=3182831(79*40289) ordN=(980615,98202) ordH=(980615,785616) residuals=[1961231,1961231,40289,40289,1961231] centered_H={1961231:69399,79:-32,40289:-9680}
p=3930887 q=6980279 N=27438687977473 n=45 B=4194304 H=6541893 gap=3049392 e=1 D=1 sp=1965443(1965443) sq=3490139(3490139) ordN=(982721,1745069) ordH=(1965442,1745069) residuals=[1965443,1965443,1965443,1965443,1965443] centered_H={1965443:645564,3490139:-438385}
p=3944483 q=5635979 N=22231023353857 n=45 B=4194304 H=5300289 gap=1691496 e=1 D=1 sp=1972241(73*27017) sq=2817989(181*15569) ordN=(243144,350280) ordH=(27016,350280) residuals=[1972241,27017,15569,15569,1972241] centered_H={73:-22,27017:4957,181:66,15569:6829}
p=3950327 q=6183623 N=24427332894721 n=45 B=4194304 H=5823930 gap=2233296 e=1 D=1 sp=1975163(1975163) sq=3091811(3091811) ordN=(1975162,1545905) ordH=(987581,3091810) residuals=[1975163,1975163,1975163,1975163,1975163] centered_H={1975163:-101559,3091811:-359692}
p=3950603 q=5374883 N=21234028904449 n=45 B=4194304 H=5062587 gap=1424280 e=1 D=1 sp=1975301(1975301) sq=2687441(907*2963) ordN=(987650,1341786) ordH=(1975300,223631) residuals=[1975301,1975301,1,1,1975301] centered_H={1975301:-863316,907:-287,2963:-1180}
p=3967487 q=6256127 N=24821102542849 n=45 B=4194304 H=5917812 gap=2288640 e=1 D=1 sp=1983743(1983743) sq=3128063(523*5981) ordN=(1983742,1334) ordH=(991871,780390) residuals=[5981,1983743,5981,5981,1983743] centered_H={1983743:-33417,523:67,5981:2603}
p=3971879 q=7939223 N=31533633110017 n=45 B=4194304 H=7518204 gap=3967344 e=1 D=1 sp=1985939(1985939) sq=3969611(3969611) ordN=(1985938,3969610) ordH=(42254,1984805) residuals=[1985939,1985939,1985939,1985939,1985939] centered_H={1985939:-425552,3969611:-421018}
p=3983999 q=7665023 N=30537443966977 n=45 B=4194304 H=7280694 gap=3681024 e=1 D=1 sp=1991999(1991999) sq=3832511(3832511) ordN=(1991998,3832510) ordH=(1991998,1916255) residuals=[1991999,1991999,1991999,1991999,1991999] centered_H={1991999:-687302,3832511:-384328}
p=4001147 q=5163443 N=20659694469121 n=45 B=4194304 H=4925655 gap=1162296 e=1 D=1 sp=2000573(2000573) sq=2581721(2581721) ordN=(500143,2581720) ordH=(1000286,516344) residuals=[2000573,2000573,2000573,2000573,2000573] centered_H={2000573:924509,2581721:-237787}
p=4006103 q=7459559 N=29883761688577 n=45 B=4194304 H=7124844 gap=3453456 e=1 D=1 sp=2003051(2003051) sq=3729779(47*79357) ordN=(1001525,1825188) ordH=(200305,912594) residuals=[2003051,2003051,79357,79357,2003051] centered_H={2003051:-887360,47:20,79357:-17286}
p=4013183 q=5669759 N=22753780432897 n=45 B=4194304 H=5424924 gap=1656576 e=1 D=1 sp=2006591(419*4789) sq=2834879(1301*2179) ordN=(26334,283140) ordH=(52668,157300) residuals=[2006591,2006591,1,1,2006591] centered_H={419:131,4789:-1013,1301:-246,2179:-786}
p=4013783 q=5805287 N=23301162270721 n=45 B=4194304 H=5555430 gap=1791504 e=1 D=1 sp=2006891(2006891) sq=2902643(103*28181) ordN=(200689,479060) ordH=(1003445,239530) residuals=[28181,28181,28181,28181,2006891] centered_H={2006891:-465243,103:22,28181:3773}
p=4024739 q=4526603 N=18218395631617 n=45 B=4194304 H=4343604 gap=501864 e=1 D=1 sp=2012369(619*3251) sq=2263301(97*23333) ordN=(1004250,559968) ordH=(334750,559968) residuals=[2012369,2012369,1,1,2012369] centered_H={619:81,3251:268,97:41,23333:3666}
p=4031219 q=4351547 N=17542038945793 n=44 B=4194304 H=4182348 gap=320328 e=1 D=1 sp=2015609(2015609) sq=2175773(2175773) ordN=(251951,2175772) ordH=(2015608,543943) residuals=[2015609,2015609,2015609,2015609,2015609] centered_H={2015609:151130,2175773:-169198}
p=4032947 q=7097723 N=28624740679681 n=45 B=4194304 H=6824670 gap=3064776 e=1 D=1 sp=2016473(89*139*163) sq=3548861(1493*2377) ordN=(163944,886248) ordH=(18216,221562) residuals=[2016473,12371,1,1,2016473] centered_H={89:-28,139:48,163:23,1493:167,2377:303}
p=4037543 q=6380567 N=25761813626881 n=45 B=4194304 H=6142095 gap=2343024 e=1 D=1 sp=2018771(1093*1847) sq=3190283(3190283) ordN=(25844,3190282) ordH=(12922,1595141) residuals=[2018771,2018771,1,1,2018771] centered_H={1093:528,1847:820,3190283:-238471}
p=4038803 q=5799323 N=23422323130369 n=45 B=4194304 H=5584317 gap=1760520 e=1 D=1 sp=2019401(2019401) sq=2899661(2899661) ordN=(2019400,2899660) ordH=(2019400,1449830) residuals=[2019401,2019401,2019401,2019401,2019401] centered_H={2019401:-473886,2899661:-215005}
p=4044779 q=6600899 N=26699177656321 n=45 B=4194304 H=6365580 gap=2556120 e=1 D=1 sp=2022389(2022389) sq=3300449(3300449) ordN=(2022388,1650224) ordH=(2022388,1650224) residuals=[2022389,2022389,2022389,2022389,2022389] centered_H={2022389:298413,3300449:-235318}
p=4045127 q=6955127 N=28134372016129 n=45 B=4194304 H=6707757 gap=2910000 e=1 D=1 sp=2022563(503*4021) sq=3477563(1031*3373) ordN=(84085,173658) ordH=(84085,868290) residuals=[2022563,2022563,1,1,2022563] centered_H={503:-251,4021:729,1031:71,3373:-1140}
p=4053059 q=5452907 N=22100953792513 n=45 B=4194304 H=5269278 gap=1399848 e=1 D=1 sp=2026529(1361*1489) sq=2726453(2726453) ordN=(1360,2726452) ordH=(25296,681613) residuals=[1361,2026529,1,1,2026529] centered_H={1361:-514,1489:-293,2726453:-183628}
p=4053779 q=4073243 N=16512026935297 n=44 B=4194304 H=3936774 gap=19464 e=1 D=1 sp=2026889(2026889) sq=2036621(59*34519) ordN=(2026888,91002) ordH=(506722,11506) residuals=[34519,34519,34519,34519,2026889] centered_H={2026889:-117004,59:-1,34519:1608}
p=4060487 q=6497399 N=26382604173313 n=45 B=4194304 H=6290103 gap=2436912 e=1 D=1 sp=2030243(2030243) sq=3248699(3248699) ordN=(1015121,3248698) ordH=(1015121,3248698) residuals=[2030243,2030243,2030243,2030243,2030243] centered_H={2030243:199374,3248699:-207295}
p=4070867 q=7946843 N=32350540922881 n=45 B=4194304 H=7712970 gap=3875976 e=1 D=1 sp=2035433(2035433) sq=3973421(3973421) ordN=(2035432,993355) ordH=(2035432,1986710) residuals=[2035433,2035433,2035433,2035433,2035433] centered_H={2035433:-428762,3973421:-233872}
p=4084079 q=6303119 N=25742435942401 n=45 B=4194304 H=6137475 gap=2219040 e=1 D=1 sp=2042039(2042039) sq=3151559(3151559) ordN=(2042038,3151558) ordH=(1021019,3151558) residuals=[2042039,2042039,2042039,2042039,2042039] centered_H={2042039:11358,3151559:-165643}
p=4110179 q=4227659 N=17376435240961 n=44 B=4194304 H=4142865 gap=117480 e=1 D=1 sp=2055089(2055089) sq=2113829(101*20929) ordN=(2055088,523200) ordH=(2055088,21800) residuals=[2055089,2055089,20929,20929,2055089] centered_H={2055089:32687,101:47,20929:-1077}
p=4116527 q=4224719 N=17391169830913 n=44 B=4194304 H=4146378 gap=108192 e=1 D=1 sp=2058263(479*4297) sq=2112359(1129*1871) ordN=(256686,70312) ordH=(342248,175780) residuals=[2058263,2058263,1,1,2058263] centered_H={479:154,4297:-227,1129:-439,1871:242}
p=4123907 q=8185259 N=33755246886913 n=45 B=4194304 H=8047878 gap=4061352 e=1 D=1 sp=2061953(109*18917) sq=4092629(4092629) ordN=(510732,2046314) ordH=(255366,4092628) residuals=[2061953,18917,18917,18917,2061953] centered_H={109:-28,18917:8153,4092629:-137380}
p=4123943 q=8106647 N=33431350149121 n=45 B=4194304 H=7970655 gap=3982704 e=1 D=1 sp=2061971(2061971) sq=4053323(4053323) ordN=(2061970,2026661) ordH=(1030985,4053322) residuals=[2061971,2061971,2061971,2061971,2061971] centered_H={2061971:-277229,4053323:-135991}
p=4124327 q=7067927 N=29150442160129 n=45 B=4194304 H=6950007 gap=2943600 e=1 D=1 sp=2062163(103*20021) sq=3533963(3533963) ordN=(145860,3533962) ordH=(2805,3533962) residuals=[2062163,2062163,20021,20021,2062163] centered_H={103:-21,20021:2720,3533963:-117919}
p=4136303 q=6349199 N=26262210871297 n=45 B=4194304 H=6261399 gap=2212896 e=1 D=1 sp=2068151(2068151) sq=3174599(3174599) ordN=(2068150,1587299) ordH=(206815,3174598) residuals=[2068151,2068151,2068151,2068151,2068151] centered_H={2068151:56946,3174599:-87799}
p=4137047 q=5491559 N=22718837686273 n=45 B=4194304 H=5416593 gap=1354512 e=1 D=1 sp=2068523(349*5927) sq=2745779(97*28307) ordN=(1031124,679344) ordH=(1031124,169836) residuals=[2068523,28307,1,1,2068523] centered_H={349:113,5927:-685,97:16,28307:9956}
p=4142519 q=6731783 N=27886538981377 n=45 B=4194304 H=6648669 gap=2589264 e=1 D=1 sp=2071259(2071259) sq=3365891(59*89*641) ordN=(1035629,204160) ordH=(1035629,204160) residuals=[2071259,2071259,1,1,2071259] centered_H={2071259:434892,59:18,89:13,641:217}
p=4151879 q=7745399 N=32157959454721 n=45 B=4194304 H=7667055 gap=3593520 e=1 D=1 sp=2075939(557*3727) sq=3872699(1013*3823) ordN=(1035828,1933932) ordH=(115092,644644) residuals=[2075939,2075939,1,1,2075939] centered_H={557:-50,3727:616,1013:-342,3823:-1883}
p=4153223 q=6567479 N=27276204834817 n=45 B=4194304 H=6503154 gap=2414256 e=1 D=1 sp=2076611(2076611) sq=3283739(811*4049) ordN=(2076610,819720) ordH=(1038305,3726) residuals=[2076611,2076611,1,1,2076611] centered_H={2076611:273321,811:-255,4049:460}
p=4153979 q=7548083 N=31354578272257 n=45 B=4194304 H=7475514 gap=3394104 e=1 D=1 sp=2076989(61*79*431) sq=3774041(479*7879) ordN=(16770,1882842) ordH=(16770,313807) residuals=[34049,34049,1,1,2076989] centered_H={61:25,79:-19,431:-181,479:-239,7879:-1657}
p=4159523 q=6354827 N=26433049067521 n=45 B=4194304 H=6302130 gap=2195304 e=1 D=1 sp=2079761(2079761) sq=3177413(127^2*197) ordN=(25997,37338) ordH=(415952,56007) residuals=[197,2079761,1,1,2079761] centered_H={2079761:62847,127:9,197:-97}
p=4164299 q=7604963 N=31669339815937 n=45 B=4194304 H=7550559 gap=3440664 e=1 D=1 sp=2082149(1433*1453) sq=3802481(3802481) ordN=(43318,3802480) ordH=(21659,3802480) residuals=[2082149,2082149,1,1,2082149] centered_H={1433:82,1453:-682,3802481:-54403}
p=4172699 q=4178579 N=17435952414721 n=44 B=4194304 H=4157055 gap=5880 e=1 D=1 sp=2086349(2086349) sq=2089289(571*3659) ordN=(521587,1042530) ordH=(521587,208506) residuals=[2086349,2086349,1,1,2086349] centered_H={2086349:-15643,571:175,3659:431}
p=4177703 q=5226647 N=21835378851841 n=45 B=4194304 H=5205960 gap=1048944 e=1 D=1 sp=2088851(881*2371) sq=2613323(2613323) ordN=(41712,2613322) ordH=(69520,1306661) residuals=[2088851,2088851,1,1,2088851] centered_H={881:131,2371:-756,2613323:-20686}
p=4186823 q=5258999 N=22018497970177 n=45 B=4194304 H=5249619 gap=1072176 e=1 D=1 sp=2093411(2093411) sq=2629499(2629499) ordN=(2093410,2629498) ordH=(2093410,1314749) residuals=[2093411,2093411,2093411,2093411,2093411] centered_H={2093411:-1030614,2629499:-9379}
p=4190987 q=4243619 N=17784952061953 n=45 B=4194304 H=4240263 gap=52632 e=1 D=1 sp=2095493(2095493) sq=2121809(2121809) ordN=(2095492,2121808) ordH=(523873,2121808) residuals=[2095493,2095493,2095493,2095493,2095493] centered_H={2095493:49277,2121809:-3355}
WORST_COMBINED
p=4190987 q=4243619 N=17784952061953 n=45 B=4194304 H=4240263 gap=52632 e=1 D=1 sp=2095493(2095493) sq=2121809(2121809) ordN=(2095492,2121808) ordH=(523873,2121808) residuals=[2095493,2095493,2095493,2095493,2095493] centered_H={2095493:49277,2121809:-3355}
p=4186823 q=5258999 N=22018497970177 n=45 B=4194304 H=5249619 gap=1072176 e=1 D=1 sp=2093411(2093411) sq=2629499(2629499) ordN=(2093410,2629498) ordH=(2093410,1314749) residuals=[2093411,2093411,2093411,2093411,2093411] centered_H={2093411:-1030614,2629499:-9379}
p=4136303 q=6349199 N=26262210871297 n=45 B=4194304 H=6261399 gap=2212896 e=1 D=1 sp=2068151(2068151) sq=3174599(3174599) ordN=(2068150,1587299) ordH=(206815,3174598) residuals=[2068151,2068151,2068151,2068151,2068151] centered_H={2068151:56946,3174599:-87799}
p=4123943 q=8106647 N=33431350149121 n=45 B=4194304 H=7970655 gap=3982704 e=1 D=1 sp=2061971(2061971) sq=4053323(4053323) ordN=(2061970,2026661) ordH=(1030985,4053322) residuals=[2061971,2061971,2061971,2061971,2061971] centered_H={2061971:-277229,4053323:-135991}
p=4084079 q=6303119 N=25742435942401 n=45 B=4194304 H=6137475 gap=2219040 e=1 D=1 sp=2042039(2042039) sq=3151559(3151559) ordN=(2042038,3151558) ordH=(1021019,3151558) residuals=[2042039,2042039,2042039,2042039,2042039] centered_H={2042039:11358,3151559:-165643}
p=4070867 q=7946843 N=32350540922881 n=45 B=4194304 H=7712970 gap=3875976 e=1 D=1 sp=2035433(2035433) sq=3973421(3973421) ordN=(2035432,993355) ordH=(2035432,1986710) residuals=[2035433,2035433,2035433,2035433,2035433] centered_H={2035433:-428762,3973421:-233872}
p=4060487 q=6497399 N=26382604173313 n=45 B=4194304 H=6290103 gap=2436912 e=1 D=1 sp=2030243(2030243) sq=3248699(3248699) ordN=(1015121,3248698) ordH=(1015121,3248698) residuals=[2030243,2030243,2030243,2030243,2030243] centered_H={2030243:199374,3248699:-207295}
p=4044779 q=6600899 N=26699177656321 n=45 B=4194304 H=6365580 gap=2556120 e=1 D=1 sp=2022389(2022389) sq=3300449(3300449) ordN=(2022388,1650224) ordH=(2022388,1650224) residuals=[2022389,2022389,2022389,2022389,2022389] centered_H={2022389:298413,3300449:-235318}
p=4038803 q=5799323 N=23422323130369 n=45 B=4194304 H=5584317 gap=1760520 e=1 D=1 sp=2019401(2019401) sq=2899661(2899661) ordN=(2019400,2899660) ordH=(2019400,1449830) residuals=[2019401,2019401,2019401,2019401,2019401] centered_H={2019401:-473886,2899661:-215005}
p=4031219 q=4351547 N=17542038945793 n=44 B=4194304 H=4182348 gap=320328 e=1 D=1 sp=2015609(2015609) sq=2175773(2175773) ordN=(251951,2175772) ordH=(2015608,543943) residuals=[2015609,2015609,2015609,2015609,2015609] centered_H={2015609:151130,2175773:-169198}
