PREREG_SHA256 0ae27d2388282828ca10150d13abe5213a81d718f1a7d28d9eb899579dd5f412
PREREG_CORRIGENDUM_2_SHA256 4f89d5a9041a7d4137a8d9c1978d6421fcf2fd0144c931192262533ebadc78ce
DOMAIN broad
TOTAL 18474958
BY_N 4:1 6:1 7:2 8:5 9:5 10:10 11:19 12:36 13:65 14:103 15:188 16:358 17:630 18:1134 19:2062 20:3792 21:6973 22:12589 23:23050 24:42622 25:78977 26:146536 27:271158 28:504015 29:942128 30:1764925 31:3303829 32:6185272 33:5184473
INCIDENCE_MASK 0:32710874 1:15831525 2:1935231 3:1791309 4:2092588 5:2198806 6:4384821 7:26946351
FIRST_K 0:41123514 1:5931257 2:6927970 3:6096611 4:3833772 5:3206533 6:2495100 7:2097920 8:1787546 9:1561820 10:1379262 11:1230709 12:1105387 13:998279 14:907949 15:832013 16:762002 17:709933 18:656644 19:607725 20:564003 21:524911 22:491247 23:454123 24:415908 25:370584 26:317305 27:249107 28:164740 29:73128 30:13914 31:589
FIRST_R 0:52833793 2:5765719 3:3134476 4:3128364 5:2018470 6:2107444 7:1831592 8:1632767 9:1455525 10:1305765 11:1179884 12:1073305 13:976538 14:896598 15:825233 16:761444 17:707730 18:658168 19:615469 20:576323 21:542535 22:509288 23:481437 24:455009 25:430692 26:407587 27:383601 28:357364 29:328422 30:273035 31:198414 32:39514
FIRST_C 0:52268939 3:5766165 4:3134469 5:4569592 6:1296596 7:3219024 8:1322192 9:1992441 10:1140950 11:1422981 12:975375 13:1079685 14:821816 15:866897 16:715436 17:713385 18:627295 19:609542 20:554608 21:533796 22:493927 23:474270 24:444936 25:426708 26:403386 27:385210 28:364686 29:349578 30:314740 31:281735 32:190712 33:130433
MENU K MAX 32759 COUNTS one=2778685 le_n=4132080 le_n2=13167346 le_n3=18474958
MAX_BY_N 4:1 6:1 7:1 8:1 9:1 10:7 11:7 12:23 13:29 14:41 15:83 16:113 17:155 18:239 19:341 20:491 21:683 22:1013 23:1439 24:2003 25:2819 26:4043 27:5723 28:8111 29:11549 30:16343 31:22979 32:32723 33:32759
RECORDS 2091
record p=3 q=5 N=15 n=4 value=1
record p=19 q=29 N=551 n=10 value=7
record p=37 q=59 N=2183 n=12 value=9
record p=47 q=53 N=2491 n=12 value=13
record p=47 q=59 N=2773 n=12 value=23
record p=59 q=83 N=4897 n=13 value=29
record p=67 q=131 N=8777 n=14 value=33
record p=83 q=107 N=8881 n=14 value=41
record p=107 q=163 N=17441 n=15 value=53
record p=131 q=227 N=29737 n=15 value=65
record p=167 q=179 N=29893 n=15 value=83
record p=179 q=227 N=40633 n=16 value=89
record p=191 q=263 N=50233 n=16 value=95
record p=227 q=263 N=59701 n=16 value=113
record p=251 q=479 N=120229 n=17 value=125
record p=263 q=311 N=81793 n=17 value=131
record p=311 q=359 N=111649 n=17 value=155
record p=347 q=431 N=149557 n=18 value=173
record p=359 q=419 N=150421 n=18 value=179
record p=383 q=439 N=168137 n=18 value=191
record p=419 q=503 N=210757 n=18 value=209
record p=431 q=467 N=201277 n=18 value=215
record p=443 q=467 N=206881 n=18 value=221
record p=467 q=503 N=234901 n=18 value=233
record p=479 q=503 N=240937 n=18 value=239
record p=487 q=599 N=291713 n=19 value=243
record p=503 q=563 N=283189 n=19 value=251
record p=523 q=1019 N=532937 n=20 value=261
record p=563 q=587 N=330481 n=19 value=281
record p=587 q=643 N=377441 n=19 value=293
record p=599 q=863 N=516937 n=19 value=299
record p=647 q=659 N=426373 n=19 value=323
record p=659 q=683 N=450097 n=19 value=329
record p=683 q=719 N=491077 n=19 value=341
record p=719 q=839 N=603241 n=20 value=359
record p=727 q=743 N=540161 n=20 value=363
record p=743 q=839 N=623377 n=20 value=371
record p=827 q=1367 N=1130509 n=21 value=413
record p=839 q=887 N=744193 n=20 value=419
record p=863 q=887 N=765481 n=20 value=431
record p=887 q=947 N=839989 n=20 value=443
record p=911 q=1187 N=1081357 n=21 value=455
record p=947 q=983 N=930901 n=20 value=473
record p=971 q=1307 N=1269097 n=21 value=485
record p=983 q=1019 N=1001677 n=20 value=491
record p=1019 q=1103 N=1123957 n=21 value=509
record p=1031 q=1559 N=1607329 n=21 value=515
record p=1039 q=1487 N=1544993 n=21 value=519
record p=1063 q=1103 N=1172489 n=21 value=531
record p=1091 q=1187 N=1295017 n=21 value=545
record p=1103 q=1283 N=1415149 n=21 value=551
record p=1151 q=1367 N=1573417 n=21 value=575
record p=1163 q=1367 N=1589821 n=21 value=581
record p=1187 q=1259 N=1494433 n=21 value=593
record p=1223 q=1319 N=1613137 n=21 value=611
record p=1259 q=1283 N=1615297 n=21 value=629
record p=1283 q=1307 N=1676881 n=21 value=641
record p=1307 q=1367 N=1786669 n=21 value=653
record p=1319 q=1367 N=1803073 n=21 value=659
record p=1367 q=1427 N=1950709 n=21 value=683
record p=1399 q=1607 N=2248193 n=22 value=699
record p=1427 q=1487 N=2121949 n=22 value=713
record p=1439 q=1487 N=2139793 n=22 value=719
record p=1447 q=1823 N=2637881 n=22 value=723
record p=1451 q=1523 N=2209873 n=22 value=725
record p=1483 q=1979 N=2934857 n=22 value=741
record p=1487 q=1499 N=2229013 n=22 value=743
record p=1499 q=1523 N=2282977 n=22 value=749
record p=1511 q=2099 N=3171589 n=22 value=755
record p=1523 q=1571 N=2392633 n=22 value=761
record p=1559 q=2039 N=3178801 n=22 value=779
record p=1571 q=2027 N=3184417 n=22 value=785
record p=1583 q=1847 N=2923801 n=22 value=791
record p=1607 q=1619 N=2601733 n=22 value=803
record p=1619 q=1787 N=2893153 n=22 value=809
record p=1663 q=1823 N=3031649 n=22 value=831
record p=1667 q=1787 N=2978929 n=22 value=833
record p=1787 q=1907 N=3407809 n=22 value=893
record p=1811 q=2687 N=4866157 n=23 value=905
record p=1823 q=1847 N=3367081 n=22 value=911
record p=1847 q=2027 N=3743869 n=22 value=923
record p=1907 q=2027 N=3865489 n=22 value=953
record p=1979 q=2027 N=4011433 n=22 value=989
record p=2003 q=2683 N=5374049 n=23 value=1001
record p=2027 q=2063 N=4181701 n=22 value=1013
record p=2039 q=2099 N=4279861 n=23 value=1019
record p=2063 q=2099 N=4330237 n=23 value=1031
record p=2087 q=2399 N=5006713 n=23 value=1043
record p=2099 q=2207 N=4632493 n=23 value=1049
record p=2203 q=4283 N=9435449 n=24 value=1101
record p=2207 q=2243 N=4950301 n=23 value=1103
record p=2239 q=4127 N=9240353 n=24 value=1119
record p=2243 q=2339 N=5246377 n=23 value=1121
record p=2267 q=2459 N=5574553 n=23 value=1133
record p=2339 q=2819 N=6593641 n=23 value=1169
record p=2347 q=2459 N=5771273 n=23 value=1173
record p=2351 q=2699 N=6345349 n=23 value=1175
record p=2399 q=2879 N=6906721 n=23 value=1199
record p=2411 q=3167 N=7635637 n=23 value=1205
record p=2423 q=2459 N=5958157 n=23 value=1211
record p=2447 q=2459 N=6017173 n=23 value=1223
record p=2459 q=2543 N=6253237 n=23 value=1229
record p=2543 q=2579 N=6558397 n=23 value=1271
record p=2579 q=2699 N=6960721 n=23 value=1289
record p=2591 q=3467 N=8982997 n=24 value=1295
record p=2647 q=4679 N=12385313 n=24 value=1323
record p=2663 q=2819 N=7506997 n=23 value=1331
record p=2687 q=2819 N=7574653 n=23 value=1343
record p=2699 q=2819 N=7608481 n=23 value=1349
record p=2711 q=3203 N=8683333 n=24 value=1355
record p=2803 q=3923 N=10996169 n=24 value=1401
record p=2819 q=2903 N=8183557 n=23 value=1409
record p=2843 q=2963 N=8423809 n=24 value=1421
record p=2879 q=2903 N=8357737 n=23 value=1439
record p=2903 q=2963 N=8601589 n=24 value=1451
record p=2927 q=3119 N=9129313 n=24 value=1463
record p=2939 q=2963 N=8708257 n=24 value=1469
record p=2963 q=2999 N=8886037 n=24 value=1481
record p=2999 q=3079 N=9233921 n=24 value=1499
record p=3011 q=4679 N=14088469 n=24 value=1505
record p=3019 q=5987 N=18074753 n=25 value=1509
record p=3023 q=3083 N=9319909 n=24 value=1511
record p=3083 q=3167 N=9763861 n=24 value=1541
record p=3119 q=3203 N=9990157 n=24 value=1559
record p=3163 q=3947 N=12484361 n=24 value=1581
record p=3167 q=3203 N=10143901 n=24 value=1583
record p=3187 q=5843 N=18621641 n=25 value=1593
record p=3191 q=5639 N=17994049 n=25 value=1595
record p=3203 q=3467 N=11104801 n=24 value=1601
record p=3251 q=4679 N=15211429 n=24 value=1625
record p=3299 q=3323 N=10962577 n=24 value=1649
record p=3323 q=3467 N=11520841 n=24 value=1661
record p=3343 q=5519 N=18450017 n=25 value=1671
record p=3347 q=3467 N=11604049 n=24 value=1673
record p=3359 q=3407 N=11444113 n=24 value=1679
record p=3371 q=4079 N=13750309 n=24 value=1685
record p=3407 q=3779 N=12875053 n=24 value=1703
record p=3467 q=3527 N=12228109 n=24 value=1733
record p=3491 q=3659 N=12773569 n=24 value=1745
record p=3499 q=5099 N=17841401 n=25 value=1749
record p=3527 q=3539 N=12482053 n=24 value=1763
record p=3539 q=3623 N=12821797 n=24 value=1769
record p=3547 q=5099 N=18086153 n=25 value=1773
record p=3607 q=4679 N=16877153 n=25 value=1803
record p=3623 q=3659 N=13256557 n=24 value=1811
record p=3643 q=5147 N=18750521 n=25 value=1821
record p=3659 q=3779 N=13827361 n=24 value=1829
record p=3671 q=4259 N=15634789 n=24 value=1835
record p=3719 q=4007 N=14902033 n=24 value=1859
record p=3767 q=4547 N=17128549 n=25 value=1883
record p=3779 q=3803 N=14371537 n=24 value=1889
record p=3803 q=3863 N=14690989 n=24 value=1901
record p=3863 q=3923 N=15154549 n=24 value=1931
record p=3907 q=5507 N=21515849 n=25 value=1953
record p=3911 q=4919 N=19238209 n=25 value=1955
record p=3923 q=3947 N=15484081 n=24 value=1961
record p=3947 q=4007 N=15815629 n=24 value=1973
record p=4007 q=4079 N=16344553 n=24 value=2003
record p=4019 q=4259 N=17116921 n=25 value=2009
record p=4079 q=4139 N=16882981 n=25 value=2039
record p=4091 q=4643 N=18994513 n=25 value=2045
record p=4127 q=4139 N=17081653 n=25 value=2063
record p=4139 q=4259 N=17628001 n=25 value=2069
record p=4211 q=4547 N=19147417 n=25 value=2105
record p=4259 q=4283 N=18241297 n=25 value=2129
record p=4271 q=7919 N=33822049 n=26 value=2135
record p=4283 q=4547 N=19474801 n=25 value=2141
record p=4391 q=4583 N=20123953 n=25 value=2195
record p=4423 q=8087 N=35768801 n=26 value=2211
record p=4451 q=7559 N=33645109 n=26 value=2225
record p=4463 q=4547 N=20293261 n=25 value=2231
record p=4483 q=7499 N=33618017 n=26 value=2241
record p=4523 q=4703 N=21271669 n=25 value=2261
record p=4547 q=4679 N=21275413 n=25 value=2273
record p=4583 q=4679 N=21443857 n=25 value=2291
record p=4639 q=4703 N=21817217 n=25 value=2319
record p=4643 q=4919 N=22838917 n=25 value=2321
record p=4679 q=4787 N=22398373 n=25 value=2339
record p=4703 q=4787 N=22513261 n=25 value=2351
record p=4751 q=5483 N=26049733 n=25 value=2375
record p=4783 q=4919 N=23527577 n=25 value=2391
record p=4787 q=4919 N=23547253 n=25 value=2393
record p=4799 q=4903 N=23529497 n=25 value=2399
record p=4871 q=5843 N=28461253 n=25 value=2435
record p=4903 q=4919 N=24117857 n=25 value=2451
record p=4919 q=4967 N=24432673 n=25 value=2459
record p=4931 q=5639 N=27805909 n=25 value=2465
record p=4943 q=5087 N=25145041 n=25 value=2471
record p=4967 q=5003 N=24849901 n=25 value=2483
record p=4999 q=6719 N=33588281 n=26 value=2499
record p=5003 q=5087 N=25450261 n=25 value=2501
record p=5039 q=5387 N=27145093 n=25 value=2519
record p=5051 q=7247 N=36604597 n=26 value=2525
record p=5059 q=9587 N=48500633 n=26 value=2529
record p=5087 q=5099 N=25938613 n=25 value=2543
record p=5099 q=5387 N=27468313 n=25 value=2549
record p=5147 q=5279 N=27171013 n=25 value=2573
record p=5171 q=7523 N=38901433 n=26 value=2585
record p=5179 q=6899 N=35729921 n=26 value=2589
record p=5231 q=5927 N=31004137 n=25 value=2615
record p=5279 q=6599 N=34836121 n=26 value=2639
record p=5303 q=5639 N=29903617 n=25 value=2651
record p=5351 q=5507 N=29467957 n=25 value=2675
record p=5387 q=5483 N=29536921 n=25 value=2693
record p=5399 q=5483 N=29602717 n=25 value=2699
record p=5443 q=6899 N=37551257 n=26 value=2721
record p=5471 q=6947 N=38007037 n=26 value=2735
record p=5483 q=5507 N=30194881 n=25 value=2741
record p=5507 q=5639 N=31053973 n=25 value=2753
record p=5519 q=5639 N=31121641 n=25 value=2759
record p=5531 q=6863 N=37959253 n=26 value=2765
record p=5591 q=6779 N=37901389 n=26 value=2795
record p=5639 q=5807 N=32745673 n=25 value=2819
record p=5651 q=5987 N=33832537 n=26 value=2825
record p=5683 q=8147 N=46299401 n=26 value=2841
record p=5711 q=9839 N=56190529 n=26 value=2855
record p=5783 q=5927 N=34275841 n=26 value=2891
record p=5807 q=5879 N=34139353 n=26 value=2903
record p=5843 q=5867 N=34280881 n=26 value=2921
record p=5867 q=6011 N=35266537 n=26 value=2933
record p=5879 q=5927 N=34844833 n=26 value=2939
record p=5903 q=5939 N=35057917 n=26 value=2951
record p=5927 q=5939 N=35200453 n=26 value=2963
record p=5939 q=5987 N=35556793 n=26 value=2969
record p=5987 q=6263 N=37496581 n=26 value=2993
record p=6011 q=6323 N=38007553 n=26 value=3005
record p=6043 q=7643 N=46186649 n=26 value=3021
record p=6047 q=6263 N=37872361 n=26 value=3023
record p=6131 q=6299 N=38619169 n=26 value=3065
record p=6143 q=6263 N=38473609 n=26 value=3071
record p=6199 q=8039 N=49833761 n=26 value=3099
record p=6203 q=6359 N=39444877 n=26 value=3101
record p=6263 q=6299 N=39450637 n=26 value=3131
record p=6287 q=6299 N=39601813 n=26 value=3143
record p=6299 q=6323 N=39828577 n=26 value=3149
record p=6311 q=8819 N=55656709 n=26 value=3155
record p=6323 q=6599 N=41725477 n=26 value=3161
record p=6359 q=6599 N=41963041 n=26 value=3179
record p=6379 q=7643 N=48754697 n=26 value=3189
record p=6491 q=11027 N=71576257 n=27 value=3245
record p=6551 q=7703 N=50462353 n=26 value=3275
record p=6563 q=6599 N=43309237 n=26 value=3281
record p=6599 q=6659 N=43942741 n=26 value=3299
record p=6619 q=10139 N=67110041 n=27 value=3309
record p=6659 q=6779 N=45141361 n=26 value=3329
record p=6679 q=10799 N=72126521 n=27 value=3339
record p=6719 q=6779 N=45548101 n=26 value=3359
record p=6763 q=9923 N=67109249 n=27 value=3381
record p=6779 q=6827 N=46280233 n=26 value=3389
record p=6803 q=6827 N=46444081 n=26 value=3401
record p=6827 q=6863 N=46853701 n=26 value=3413
record p=6863 q=6899 N=47347837 n=26 value=3431
record p=6899 q=6947 N=47927353 n=26 value=3449
record p=6911 q=8147 N=56303917 n=26 value=3455
record p=6947 q=7247 N=50344909 n=26 value=3473
record p=6959 q=6983 N=48594697 n=26 value=3479
record p=6971 q=8123 N=56625433 n=26 value=3485
record p=6983 q=7043 N=49181269 n=26 value=3491
record p=7019 q=7187 N=50445553 n=26 value=3509
record p=7027 q=11939 N=83895353 n=27 value=3513
record p=7043 q=7187 N=50618041 n=26 value=3521
record p=7079 q=7187 N=50876773 n=26 value=3539
record p=7103 q=7127 N=50623081 n=26 value=3551
record p=7127 q=9623 N=68583121 n=27 value=3563
record p=7151 q=7187 N=51394237 n=26 value=3575
record p=7187 q=7247 N=52084189 n=26 value=3593
record p=7207 q=13967 N=100660169 n=27 value=3603
record p=7211 q=10079 N=72679669 n=27 value=3605
record p=7247 q=7283 N=52779901 n=26 value=3623
record p=7283 q=7487 N=54527821 n=26 value=3641
record p=7307 q=8123 N=59354761 n=26 value=3653
record p=7331 q=8123 N=59549713 n=26 value=3665
record p=7451 q=9587 N=71432737 n=27 value=3725
record p=7487 q=7499 N=56145013 n=26 value=3743
record p=7499 q=7523 N=56414977 n=26 value=3749
record p=7523 q=7559 N=56866357 n=26 value=3761
record p=7547 q=9587 N=72353089 n=27 value=3773
record p=7559 q=7607 N=57501313 n=26 value=3779
record p=7583 q=7607 N=57683881 n=26 value=3791
record p=7607 q=7643 N=58140301 n=26 value=3803
record p=7643 q=7703 N=58874029 n=26 value=3821
record p=7691 q=7823 N=60166693 n=26 value=3845
record p=7699 q=8963 N=69006137 n=27 value=3849
record p=7703 q=7823 N=60260569 n=26 value=3851
record p=7723 q=10883 N=84049409 n=27 value=3861
record p=7727 q=7823 N=60448321 n=26 value=3863
record p=7823 q=7907 N=61856461 n=26 value=3911
record p=7867 q=11867 N=93357689 n=27 value=3933
record p=7883 q=8543 N=67344469 n=27 value=3941
record p=7907 q=8039 N=63564373 n=26 value=3953
record p=7919 q=8123 N=64326037 n=26 value=3959
record p=8039 q=8147 N=65493733 n=26 value=4019
record p=8087 q=8147 N=65884789 n=26 value=4043
record p=8111 q=8663 N=70265593 n=27 value=4055
record p=8123 q=8423 N=68420029 n=27 value=4061
record p=8147 q=8423 N=68622181 n=27 value=4073
record p=8167 q=12119 N=98975873 n=27 value=4083
record p=8171 q=15299 N=125008129 n=27 value=4085
record p=8219 q=8363 N=68735497 n=27 value=4109
record p=8231 q=8747 N=71996557 n=27 value=4115
record p=8243 q=8423 N=69430789 n=27 value=4121
record p=8263 q=12119 N=100139297 n=27 value=4131
record p=8287 q=16319 N=135235553 n=28 value=4143
record p=8291 q=9623 N=79784293 n=27 value=4145
record p=8363 q=8423 N=70441549 n=27 value=4181
record p=8387 q=8423 N=70643701 n=27 value=4193
record p=8423 q=8543 N=71957689 n=27 value=4211
record p=8447 q=8543 N=72162721 n=27 value=4223
record p=8543 q=8663 N=74008009 n=27 value=4271
record p=8623 q=17117 N=147599891 n=28 value=4279
record p=8627 q=8699 N=75046273 n=27 value=4313
record p=8663 q=8747 N=75775261 n=27 value=4331
record p=8699 q=8747 N=76090153 n=27 value=4349
record p=8747 q=8783 N=76824901 n=27 value=4373
record p=8783 q=8819 N=77457277 n=27 value=4391
record p=8807 q=9887 N=87074809 n=27 value=4403
record p=8819 q=8963 N=79044697 n=27 value=4409
record p=8831 q=8867 N=78304477 n=27 value=4415
record p=8863 q=10559 N=93584417 n=27 value=4431
record p=8867 q=9587 N=85007929 n=27 value=4433
record p=8951 q=8963 N=80227813 n=27 value=4475
record p=8963 q=9203 N=82486489 n=27 value=4481
record p=8999 q=9227 N=83033773 n=27 value=4499
record p=9007 q=10247 N=92294729 n=27 value=4503
record p=9011 q=13523 N=121855753 n=27 value=4505
record p=9059 q=9203 N=83369977 n=27 value=4529
record p=9187 q=14627 N=134378249 n=28 value=4593
record p=9203 q=9323 N=85799569 n=27 value=4601
record p=9227 q=10139 N=93552553 n=27 value=4613
record p=9239 q=9323 N=86135197 n=27 value=4619
record p=9319 q=10079 N=93926201 n=27 value=4659
record p=9323 q=9419 N=87813337 n=27 value=4661
record p=9343 q=9887 N=92374241 n=27 value=4671
record p=9371 q=10883 N=101984593 n=27 value=4685
record p=9419 q=9743 N=91769317 n=27 value=4709
record p=9431 q=12899 N=121650469 n=27 value=4715
record p=9467 q=9587 N=90760129 n=27 value=4733
record p=9479 q=9839 N=93263881 n=27 value=4739
record p=9491 q=10883 N=103290553 n=27 value=4745
record p=9539 q=9587 N=91450393 n=27 value=4769
record p=9551 q=11423 N=109101073 n=27 value=4775
record p=9587 q=9623 N=92255701 n=27 value=4793
record p=9623 q=9767 N=93987841 n=27 value=4811
record p=9719 q=9767 N=94925473 n=27 value=4859
record p=9743 q=9839 N=95861377 n=27 value=4871
record p=9767 q=9839 N=96097513 n=27 value=4883
record p=9791 q=12479 N=122181889 n=27 value=4895
record p=9803 q=10007 N=98098621 n=27 value=4901
record p=9839 q=10007 N=98458873 n=27 value=4919
record p=9851 q=11939 N=117611089 n=27 value=4925
record p=9871 q=14447 N=142606337 n=28 value=4935
record p=9887 q=10007 N=98939209 n=27 value=4943
record p=9907 q=14843 N=147049601 n=28 value=4953
record p=9923 q=10343 N=102633589 n=27 value=4961
record p=10007 q=10079 N=100860553 n=27 value=5003
record p=10067 q=10139 N=102069313 n=27 value=5033
record p=10079 q=10103 N=101828137 n=27 value=5039
record p=10091 q=11087 N=111878917 n=27 value=5045
record p=10103 q=10139 N=102434317 n=27 value=5051
record p=10139 q=10163 N=103042657 n=27 value=5069
record p=10159 q=16943 N=172123937 n=28 value=5079
record p=10163 q=10247 N=104140261 n=27 value=5081
record p=10211 q=11003 N=112351633 n=27 value=5105
record p=10223 q=10343 N=105736489 n=27 value=5111
record p=10247 q=10259 N=105123973 n=27 value=5123
record p=10259 q=10343 N=106108837 n=27 value=5129
record p=10271 q=13103 N=134580913 n=28 value=5135
record p=10331 q=10559 N=109085029 n=27 value=5165
record p=10343 q=10427 N=107846461 n=27 value=5171
record p=10391 q=13043 N=135529813 n=28 value=5195
record p=10399 q=14207 N=147738593 n=28 value=5199
record p=10427 q=11423 N=119107621 n=27 value=5213
record p=10463 q=10487 N=109725481 n=27 value=5231
record p=10487 q=10979 N=115136773 n=27 value=5243
record p=10499 q=10607 N=111362893 n=27 value=5249
record p=10559 q=10607 N=111999313 n=27 value=5279
record p=10607 q=10667 N=113144869 n=27 value=5303
record p=10631 q=13523 N=143763013 n=28 value=5315
record p=10663 q=13967 N=148930121 n=28 value=5331
record p=10667 q=10799 N=115192933 n=27 value=5333
record p=10691 q=11003 N=117633073 n=27 value=5345
record p=10739 q=15923 N=170997097 n=28 value=5369
record p=10799 q=10859 N=117266341 n=27 value=5399
record p=10847 q=10859 N=117787573 n=27 value=5423
record p=10859 q=10883 N=118178497 n=27 value=5429
record p=10883 q=10979 N=119484457 n=27 value=5441
record p=10903 q=13127 N=143123681 n=28 value=5451
record p=10939 q=17099 N=187045961 n=28 value=5469
record p=10979 q=11003 N=120801937 n=27 value=5489
record p=11003 q=11087 N=121990261 n=27 value=5501
record p=11027 q=11087 N=122256349 n=27 value=5513
record p=11087 q=11279 N=125050273 n=27 value=5543
record p=11159 q=12107 N=135102013 n=28 value=5579
record p=11171 q=14867 N=166079257 n=28 value=5585
record p=11243 q=11939 N=134230177 n=28 value=5621
record p=11279 q=11399 N=128569321 n=27 value=5639
record p=11351 q=12347 N=140150797 n=28 value=5675
record p=11399 q=11447 N=130484353 n=27 value=5699
record p=11423 q=11447 N=130759081 n=27 value=5711
record p=11443 q=11939 N=136617977 n=28 value=5721
record p=11447 q=11483 N=131445901 n=27 value=5723
record p=11471 q=20663 N=237025273 n=28 value=5735
record p=11483 q=11699 N=134339617 n=28 value=5741
record p=11519 q=11807 N=136004833 n=28 value=5759
record p=11527 q=17327 N=199728329 n=28 value=5763
record p=11579 q=11783 N=136435357 n=28 value=5789
record p=11699 q=11783 N=137849317 n=28 value=5849
record p=11783 q=11939 N=140677237 n=28 value=5891
record p=11807 q=11939 N=140963773 n=28 value=5903
record p=11827 q=22739 N=268934153 n=29 value=5913
record p=11839 q=16319 N=193200641 n=28 value=5919
record p=11867 q=11939 N=141680113 n=28 value=5933
record p=11903 q=12107 N=144109621 n=28 value=5951
record p=11923 q=12659 N=150933257 n=28 value=5961
record p=11927 q=11987 N=142968949 n=28 value=5963
record p=11939 q=11987 N=143112793 n=28 value=5969
record p=11987 q=12743 N=152750341 n=28 value=5993
record p=12011 q=16883 N=202781713 n=28 value=6005
record p=12043 q=14627 N=176152961 n=28 value=6021
record p=12071 q=12527 N=151213417 n=28 value=6035
record p=12107 q=12143 N=147015301 n=28 value=6053
record p=12119 q=12227 N=148179013 n=28 value=6059
record p=12143 q=12203 N=148181029 n=28 value=6071
record p=12163 q=22739 N=276574457 n=29 value=6081
record p=12203 q=12227 N=149206081 n=28 value=6101
record p=12227 q=12263 N=149939701 n=28 value=6113
record p=12239 q=12263 N=150086857 n=28 value=6119
record p=12263 q=12323 N=151116949 n=28 value=6131
record p=12323 q=12347 N=152152081 n=28 value=6161
record p=12347 q=12527 N=154670869 n=28 value=6173
record p=12479 q=12539 N=156474181 n=28 value=6239
record p=12491 q=13103 N=163669573 n=28 value=6245
record p=12503 q=14087 N=176129761 n=28 value=6251
record p=12527 q=12539 N=157076053 n=28 value=6263
record p=12539 q=12647 N=158580733 n=28 value=6269
record p=12611 q=22367 N=282070237 n=29 value=6305
record p=12619 q=21419 N=270286361 n=29 value=6309
record p=12647 q=12659 N=160098373 n=28 value=6323
record p=12659 q=12899 N=163288441 n=28 value=6329
record p=12671 q=13103 N=166028113 n=28 value=6335
record p=12703 q=15767 N=200288201 n=28 value=6351
record p=12743 q=12899 N=164371957 n=28 value=6371
record p=12763 q=13523 N=172594049 n=28 value=6381
record p=12791 q=13103 N=167600473 n=28 value=6395
record p=12899 q=12983 N=167467717 n=28 value=6449
record p=12911 q=16103 N=207905833 n=28 value=6455
record p=12923 q=13163 N=170105449 n=28 value=6461
record p=12959 q=13127 N=170112793 n=28 value=6479
record p=12967 q=13463 N=174574721 n=28 value=6483
record p=12983 q=13043 N=169337269 n=28 value=6491
record p=13007 q=13163 N=171211141 n=28 value=6503
record p=13043 q=13103 N=170902429 n=28 value=6521
record p=13103 q=13127 N=172003081 n=28 value=6551
record p=13127 q=13163 N=172790701 n=28 value=6563
record p=13151 q=17387 N=228656437 n=28 value=6575
record p=13163 q=13187 N=173580481 n=28 value=6581
record p=13187 q=13499 N=178011313 n=28 value=6593
record p=13259 q=14087 N=186779533 n=28 value=6629
record p=13327 q=25463 N=339345401 n=29 value=6663
record p=13331 q=15287 N=203790997 n=28 value=6665
record p=13367 q=13463 N=179959921 n=28 value=6683
record p=13451 q=17483 N=235163833 n=28 value=6725
record p=13463 q=13499 N=181737037 n=28 value=6731
record p=13487 q=13523 N=182384701 n=28 value=6743
record p=13499 q=13523 N=182546977 n=28 value=6749
record p=13523 q=13619 N=184169737 n=28 value=6761
record p=13619 q=14783 N=201329677 n=28 value=6809
record p=13627 q=21107 N=287625089 n=29 value=6813
record p=13679 q=14207 N=194337553 n=28 value=6839
record p=13687 q=24527 N=335701049 n=29 value=6843
record p=13691 q=15263 N=208965733 n=28 value=6845
record p=13751 q=16487 N=226712737 n=28 value=6875
record p=13763 q=13799 N=189915637 n=28 value=6881
record p=13799 q=13907 N=191902693 n=28 value=6899
record p=13859 q=14159 N=196229581 n=28 value=6929
record p=13883 q=14627 N=203066641 n=28 value=6941
record p=13903 q=13967 N=194183201 n=28 value=6951
record p=13907 q=14087 N=195907909 n=28 value=6953
record p=13931 q=16487 N=229680397 n=28 value=6965
record p=13967 q=14087 N=196753129 n=28 value=6983
record p=14051 q=14447 N=202994797 n=28 value=7025
record p=14083 q=19403 N=273252449 n=29 value=7041
record p=14087 q=14159 N=199457833 n=28 value=7043
record p=14107 q=19163 N=270332441 n=29 value=7053
record p=14159 q=14243 N=201666637 n=28 value=7079
record p=14207 q=14243 N=202350301 n=28 value=7103
record p=14243 q=14387 N=204914041 n=28 value=7121
record p=14303 q=14387 N=205777261 n=28 value=7151
record p=14327 q=14387 N=206122549 n=28 value=7163
record p=14347 q=23459 N=336566273 n=29 value=7173
record p=14387 q=14423 N=207503701 n=28 value=7193
record p=14411 q=16547 N=238458817 n=28 value=7205
record p=14423 q=14543 N=209753689 n=28 value=7211
record p=14447 q=14543 N=210102721 n=28 value=7223
record p=14503 q=18839 N=273222017 n=29 value=7251
record p=14519 q=14627 N=212369413 n=28 value=7259
record p=14543 q=14639 N=212894977 n=28 value=7271
record p=14563 q=19763 N=287808569 n=29 value=7281
record p=14591 q=15083 N=220076053 n=28 value=7295
record p=14627 q=14699 N=215002273 n=28 value=7313
record p=14639 q=14759 N=216057001 n=28 value=7319
record p=14683 q=20507 N=301104281 n=29 value=7341
record p=14699 q=14747 N=216766153 n=28 value=7349
record p=14723 q=15083 N=222067009 n=28 value=7361
record p=14747 q=14831 N=218712757 n=28 value=7373
record p=14759 q=14843 N=219067837 n=28 value=7379
record p=14767 q=19463 N=287410121 n=29 value=7383
record p=14771 q=15083 N=222790993 n=28 value=7385
record p=14783 q=15083 N=222971989 n=28 value=7391
record p=14831 q=14843 N=220136533 n=28 value=7415
record p=14843 q=15083 N=223876969 n=28 value=7421
record p=14867 q=15083 N=224238961 n=28 value=7433
record p=14879 q=15083 N=224419957 n=28 value=7439
record p=14891 q=15083 N=224600953 n=28 value=7445
record p=14923 q=18443 N=275224889 n=29 value=7461
record p=14939 q=20627 N=308146753 n=29 value=7469
record p=14951 q=18119 N=270897169 n=29 value=7475
record p=15083 q=15287 N=230573821 n=28 value=7541
record p=15107 q=18947 N=286232329 n=29 value=7553
record p=15131 q=15887 N=240386197 n=28 value=7565
record p=15227 q=15287 N=232775149 n=28 value=7613
record p=15259 q=22619 N=345143321 n=29 value=7629
record p=15263 q=15767 N=240651721 n=28 value=7631
record p=15287 q=15299 N=233875813 n=28 value=7643
record p=15299 q=15383 N=235344517 n=28 value=7649
record p=15307 q=18059 N=276429113 n=29 value=7653
record p=15319 q=17807 N=272785433 n=29 value=7659
record p=15359 q=17783 N=273129097 n=29 value=7679
record p=15383 q=15647 N=240697801 n=28 value=7691
record p=15427 q=18539 N=286001153 n=29 value=7713
record p=15439 q=25847 N=399051833 n=29 value=7719
record p=15443 q=17387 N=268507441 n=29 value=7721
record p=15467 q=15959 N=246837853 n=28 value=7733
record p=15527 q=17471 N=271272217 n=29 value=7763
record p=15551 q=16127 N=250790977 n=28 value=7775
record p=15559 q=25847 N=402153473 n=29 value=7779
record p=15607 q=25799 N=402644993 n=29 value=7803
record p=15647 q=15683 N=245391901 n=28 value=7823
record p=15671 q=17939 N=281122069 n=29 value=7835
record p=15683 q=15767 N=247273861 n=28 value=7841
record p=15731 q=19739 N=310514209 n=29 value=7865
record p=15767 q=15803 N=249165901 n=28 value=7883
record p=15787 q=21467 N=338899529 n=29 value=7893
record p=15791 q=19583 N=309235153 n=29 value=7895
record p=15803 q=15959 N=252200077 n=28 value=7901
record p=15887 q=16007 N=254303209 n=28 value=7943
record p=15907 q=17387 N=276575009 n=29 value=7953
record p=15923 q=16007 N=254879461 n=28 value=7961
record p=15959 q=16007 N=255455713 n=28 value=7979
record p=15971 q=19319 N=308543749 n=29 value=7985
record p=16007 q=16067 N=257184469 n=28 value=8003
record p=16067 q=16139 N=259305313 n=28 value=8033
record p=16091 q=17387 N=279774217 n=29 value=8045
record p=16103 q=16139 N=259886317 n=28 value=8051
record p=16127 q=16223 N=261628321 n=28 value=8063
record p=16139 q=16187 N=261241993 n=28 value=8069
record p=16187 q=16319 N=264155653 n=28 value=8093
record p=16223 q=16427 N=266495221 n=28 value=8111
record p=16319 q=16487 N=269051353 n=29 value=8159
record p=16339 q=22619 N=369571841 n=29 value=8169
record p=16427 q=16763 N=275365801 n=29 value=8213
record p=16487 q=16547 N=272810389 n=29 value=8243
record p=16547 q=16823 N=278370181 n=29 value=8273
record p=16567 q=16703 N=276718601 n=29 value=8283
record p=16603 q=17747 N=294653441 n=29 value=8301
record p=16607 q=16619 N=275991733 n=29 value=8303
record p=16619 q=16943 N=281575717 n=29 value=8309
record p=16631 q=16943 N=281779033 n=29 value=8315
record p=16691 q=16763 N=279791233 n=29 value=8345
record p=16703 q=17027 N=284401981 n=29 value=8351
record p=16747 q=32939 N=551629433 n=30 value=8373
record p=16763 q=18287 N=306544981 n=29 value=8381
record p=16787 q=17159 N=288048133 n=29 value=8393
record p=16811 q=18047 N=303388117 n=29 value=8405
record p=16823 q=16883 N=284022709 n=29 value=8411
record p=16871 q=24023 N=405292033 n=29 value=8435
record p=16883 q=17027 N=287466841 n=29 value=8441
record p=16903 q=31799 N=537498497 n=30 value=8451
record p=16931 q=26759 N=453056629 n=29 value=8465
record p=16943 q=16979 N=287675197 n=29 value=8471
record p=16979 q=17027 N=289101433 n=29 value=8489
record p=17027 q=17099 N=291144673 n=29 value=8513
record p=17099 q=17327 N=296274373 n=29 value=8549
record p=17123 q=18743 N=320936389 n=29 value=8561
record p=17159 q=17327 N=297313993 n=29 value=8579
record p=17167 q=20327 N=348953609 n=29 value=8583
record p=17183 q=17327 N=297729841 n=29 value=8591
record p=17207 q=18119 N=311773633 n=29 value=8603
record p=17231 q=18539 N=319445509 n=29 value=8615
record p=17291 q=32507 N=562078537 n=30 value=8645
record p=17299 q=31547 N=545731553 n=30 value=8649
record p=17327 q=17387 N=301264549 n=29 value=8663
record p=17351 q=23819 N=413283469 n=29 value=8675
record p=17387 q=17483 N=303976921 n=29 value=8693
record p=17471 q=18743 N=327458953 n=29 value=8735
record p=17483 q=17519 N=306284677 n=29 value=8741
record p=17519 q=17579 N=307966501 n=29 value=8759
record p=17539 q=21419 N=375667841 n=29 value=8769
record p=17579 q=20627 N=362602033 n=29 value=8789
record p=17627 q=17783 N=313460941 n=29 value=8813
record p=17707 q=30467 N=539479169 n=30 value=8853
record p=17747 q=17783 N=315594901 n=29 value=8873
record p=17783 q=18587 N=330532621 n=29 value=8891
record p=17807 q=17903 N=318798721 n=29 value=8903
record p=17827 q=32939 N=587203553 n=30 value=8913
record p=17839 q=18839 N=336068921 n=29 value=8919
record p=17891 q=18287 N=327172717 n=29 value=8945
record p=17903 q=17939 N=321161917 n=29 value=8951
record p=17923 q=22283 N=399378209 n=29 value=8961
record p=17939 q=18059 N=323960401 n=29 value=8969
record p=17959 q=32183 N=577974497 n=30 value=8979
record p=17987 q=18059 N=324827233 n=29 value=8993
record p=18047 q=18143 N=327426721 n=29 value=9023
record p=18059 q=18119 N=327211021 n=29 value=9029
record p=18119 q=18287 N=331342153 n=29 value=9059
record p=18143 q=18287 N=331781041 n=29 value=9071
record p=18191 q=18443 N=335496613 n=29 value=9095
record p=18251 q=22907 N=418075657 n=29 value=9125
record p=18287 q=18443 N=337267141 n=29 value=9143
record p=18311 q=26627 N=487566997 n=29 value=9155
record p=18367 q=18743 N=344252681 n=29 value=9183
record p=18371 q=24239 N=445294669 n=29 value=9185
record p=18379 q=21563 N=396306377 n=29 value=9189
record p=18443 q=18503 N=341250829 n=29 value=9221
record p=18503 q=18959 N=350798377 n=29 value=9251
record p=18539 q=18587 N=344584393 n=29 value=9269
record p=18583 q=20903 N=388440449 n=29 value=9291
record p=18587 q=18719 N=347930053 n=29 value=9293
record p=18671 q=21863 N=408204073 n=29 value=9335
record p=18719 q=18743 N=350850217 n=29 value=9359
record p=18731 q=23327 N=436938037 n=29 value=9365
record p=18743 q=18839 N=353099377 n=29 value=9371
record p=18787 q=36083 N=677891321 n=30 value=9393
record p=18803 q=20663 N=388526389 n=29 value=9401
record p=18839 q=18947 N=356942533 n=29 value=9419
record p=18899 q=19259 N=363975841 n=29 value=9449
record p=18911 q=25847 N=488792617 n=29 value=9455
record p=18947 q=19079 N=361489813 n=29 value=9473
record p=18959 q=19079 N=361718761 n=29 value=9479
record p=18979 q=35363 N=671154377 n=30 value=9489
record p=19031 q=23399 N=445306369 n=29 value=9515
record p=19079 q=19259 N=367442461 n=29 value=9539
record p=19087 q=20663 N=394394681 n=29 value=9543
record p=19139 q=19319 N=369746341 n=29 value=9569
record p=19163 q=21023 N=402863749 n=29 value=9581
record p=19207 q=28607 N=549454649 n=30 value=9603
record p=19211 q=21683 N=416552113 n=29 value=9605
record p=19259 q=19379 N=373220161 n=29 value=9629
record p=19319 q=19379 N=374382901 n=29 value=9659
record p=19379 q=19463 N=377173477 n=29 value=9689
record p=19387 q=35027 N=679068449 n=30 value=9693
record p=19391 q=27947 N=541920277 n=30 value=9695
record p=19403 q=19463 N=377640589 n=29 value=9701
record p=19427 q=20963 N=407248201 n=29 value=9713
record p=19463 q=19739 N=384180157 n=29 value=9731
record p=19543 q=28319 N=553438217 n=30 value=9771
record p=19559 q=23399 N=457661041 n=29 value=9779
record p=19571 q=20759 N=406274389 n=29 value=9785
record p=19583 q=19739 N=386548837 n=29 value=9791
record p=19603 q=29363 N=575602889 n=30 value=9801
record p=19727 q=21383 N=421822441 n=29 value=9863
record p=19739 q=19763 N=390101857 n=29 value=9869
record p=19751 q=22259 N=439637509 n=29 value=9875
record p=19763 q=19963 N=394528769 n=29 value=9881
record p=19819 q=27299 N=541038881 n=30 value=9909
record p=19919 q=20327 N=404893513 n=29 value=9959
record p=19963 q=20147 N=402194561 n=29 value=9981
record p=19979 q=21107 N=421696753 n=29 value=9989
record p=19991 q=20627 N=412354357 n=29 value=9995
record p=20051 q=20123 N=403486273 n=29 value=10025
record p=20063 q=21023 N=421784449 n=29 value=10031
record p=20107 q=29243 N=587989001 n=30 value=10053
record p=20123 q=20183 N=406142509 n=29 value=10061
record p=20147 q=20327 N=409528069 n=29 value=10073
record p=20183 q=20327 N=410259841 n=29 value=10091
record p=20219 q=20807 N=420696733 n=29 value=10109
record p=20327 q=20507 N=416845789 n=29 value=10163
record p=20347 q=39419 N=802058393 n=30 value=10173
record p=20399 q=20663 N=421504537 n=29 value=10199
record p=20411 q=28607 N=583897477 n=30 value=10205
record p=20479 q=28703 N=587808737 n=30 value=10239
record p=20483 q=22343 N=457651669 n=29 value=10241
record p=20507 q=20627 N=422997889 n=29 value=10253
record p=20543 q=20627 N=423740461 n=29 value=10271
record p=20563 q=26723 N=549505049 n=30 value=10281
record p=20599 q=38783 N=798891017 n=30 value=10299
record p=20627 q=20663 N=426215701 n=29 value=10313
record p=20639 q=20663 N=426463657 n=29 value=10319
record p=20663 q=20759 N=428943217 n=29 value=10331
record p=20719 q=37463 N=776195897 n=30 value=10359
record p=20743 q=33623 N=697441889 n=30 value=10371
record p=20747 q=21563 N=447367561 n=29 value=10373
record p=20759 q=20807 N=431932513 n=29 value=10379
record p=20771 q=21419 N=444894049 n=29 value=10385
record p=20807 q=21059 N=438174613 n=29 value=10403
record p=20879 q=22619 N=472262101 n=29 value=10439
record p=20903 q=21683 N=453239749 n=29 value=10451
record p=20939 q=21227 N=444472153 n=29 value=10469
record p=20963 q=21059 N=441459817 n=29 value=10481
record p=21011 q=21767 N=457346437 n=29 value=10505
record p=21023 q=21059 N=442723357 n=29 value=10511
record p=21059 q=21107 N=444492313 n=29 value=10529
record p=21067 q=36683 N=772800761 n=30 value=10533
record p=21107 q=21179 N=447025153 n=29 value=10553
record p=21139 q=27827 N=588234953 n=30 value=10569
record p=21143 q=21179 N=447787597 n=29 value=10571
record p=21163 q=28163 N=596013569 n=30 value=10581
record p=21179 q=21227 N=449566633 n=29 value=10589
record p=21187 q=28163 N=596689481 n=30 value=10593
record p=21191 q=23603 N=500171173 n=29 value=10595
record p=21227 q=21383 N=453896941 n=29 value=10613
record p=21247 q=34847 N=740394209 n=30 value=10623
record p=21283 q=32939 N=701040737 n=30 value=10641
record p=21323 q=21467 N=457740841 n=29 value=10661
record p=21347 q=22259 N=475162873 n=29 value=10673
record p=21383 q=21419 N=458002477 n=29 value=10691
record p=21407 q=25583 N=547655281 n=30 value=10703
record p=21419 q=21467 N=459801673 n=29 value=10709
record p=21467 q=21563 N=462892921 n=29 value=10733
record p=21487 q=25583 N=549701921 n=30 value=10743
record p=21491 q=29879 N=642129589 n=30 value=10745
record p=21503 q=22259 N=478635277 n=29 value=10751
record p=21559 q=25343 N=546369737 n=30 value=10779
record p=21563 q=21587 N=465480481 n=29 value=10781
record p=21587 q=21647 N=467293789 n=29 value=10793
record p=21599 q=21647 N=467553553 n=29 value=10799
record p=21611 q=22643 N=489337873 n=29 value=10805
record p=21647 q=21803 N=471969541 n=29 value=10823
record p=21683 q=21767 N=471973861 n=29 value=10841
record p=21727 q=34367 N=746691809 n=30 value=10863
record p=21767 q=21803 N=474585901 n=29 value=10883
record p=21787 q=35507 N=773591009 n=30 value=10893
record p=21803 q=22367 N=487667701 n=29 value=10901
record p=21839 q=21863 N=477466057 n=29 value=10919
record p=21851 q=40787 N=891236737 n=30 value=10925
record p=21859 q=36083 N=788738297 n=30 value=10929
record p=21863 q=22259 N=486648517 n=29 value=10931
record p=21911 q=29123 N=638114053 n=30 value=10955
record p=21943 q=27143 N=595598849 n=30 value=10971
record p=22027 q=30467 N=671096609 n=30 value=11013
record p=22031 q=25463 N=560975353 n=30 value=11015
record p=22063 q=34127 N=752944001 n=30 value=11031
record p=22067 q=22907 N=505488769 n=29 value=11033
record p=22079 q=25463 N=562197577 n=30 value=11039
record p=22091 q=24659 N=544741969 n=30 value=11045
record p=22123 q=24419 N=540221537 n=30 value=11061
record p=22159 q=31727 N=703038593 n=30 value=11079
record p=22247 q=24239 N=539245033 n=30 value=11123
record p=22259 q=22283 N=495997297 n=29 value=11129
record p=22271 q=24239 N=539826769 n=30 value=11135
record p=22283 q=22511 N=501612613 n=29 value=11141
record p=22303 q=31583 N=704395649 n=30 value=11151
record p=22307 q=22619 N=504562033 n=29 value=11153
record p=22343 q=22391 N=500282113 n=29 value=11171
record p=22367 q=22619 N=505919173 n=29 value=11183
record p=22391 q=25127 N=562618657 n=30 value=11195
record p=22483 q=30707 N=690385481 n=30 value=11241
record p=22511 q=24203 N=544833733 n=30 value=11255
record p=22567 q=25463 N=574623521 n=30 value=11283
record p=22571 q=25367 N=572558557 n=30 value=11285
record p=22619 q=22643 N=512162017 n=29 value=11309
record p=22643 q=22679 N=513520597 n=29 value=11321
record p=22679 q=22727 N=515425633 n=29 value=11339
record p=22691 q=25703 N=583226773 n=30 value=11345
record p=22727 q=22739 N=516789253 n=29 value=11363
record p=22739 q=22787 N=518153593 n=29 value=11369
record p=22751 q=27527 N=626266777 n=30 value=11375
record p=22783 q=29663 N=675812129 n=30 value=11391
record p=22787 q=22859 N=520888033 n=29 value=11393
record p=22811 q=24527 N=559485397 n=30 value=11405
record p=22859 q=22907 N=523631113 n=29 value=11429
record p=22871 q=23567 N=539000857 n=30 value=11435
record p=22907 q=23447 N=537100429 n=30 value=11453
record p=22943 q=23027 N=528308461 n=29 value=11471
record p=23003 q=23531 N=541283593 n=30 value=11501
record p=23027 q=23063 N=531071701 n=29 value=11513
record p=23039 q=23063 N=531348457 n=29 value=11519
record p=23063 q=23099 N=532732237 n=29 value=11531
record p=23087 q=24623 N=568471201 n=30 value=11543
record p=23099 q=23159 N=534949741 n=29 value=11549
record p=23159 q=23279 N=539118361 n=30 value=11579
record p=23279 q=23399 N=544705321 n=30 value=11639
record p=23291 q=27827 N=648118657 n=30 value=11645
record p=23327 q=23399 N=545828473 n=30 value=11663
record p=23339 q=23459 N=547509601 n=30 value=11669
record p=23399 q=23447 N=548636353 n=30 value=11699
record p=23447 q=23459 N=550043173 n=30 value=11723
record p=23459 q=23567 N=552858253 n=30 value=11729
record p=23531 q=23603 N=555402193 n=30 value=11765
record p=23567 q=23603 N=556251901 n=30 value=11783
record p=23603 q=23627 N=557668081 n=30 value=11801
record p=23623 q=31607 N=746652161 n=30 value=11811
record p=23627 q=23663 N=559085701 n=30 value=11813
record p=23663 q=23687 N=560505481 n=30 value=11831
record p=23687 q=23819 N=564200653 n=30 value=11843
record p=23719 q=33599 N=796934681 n=30 value=11859
record p=23743 q=28607 N=679216001 n=30 value=11871
record p=23747 q=23819 N=565629793 n=30 value=11873
record p=23767 q=32687 N=776871929 n=30 value=11883
record p=23819 q=23879 N=568773901 n=30 value=11909
record p=23831 q=27059 N=644843029 n=30 value=11915
record p=23879 q=24023 N=573645217 n=30 value=11939
record p=23887 q=31079 N=742384073 n=30 value=11943
record p=23899 q=31547 N=753941753 n=30 value=11949
record p=24019 q=28019 N=672988361 n=30 value=12009
record p=24023 q=24083 N=578545909 n=30 value=12011
record p=24043 q=44867 N=1078737281 n=31 value=12021
record p=24071 q=25667 N=617830357 n=30 value=12035
record p=24083 q=24203 N=582880849 n=30 value=12041
record p=24107 q=25307 N=610075849 n=30 value=12053
record p=24179 q=25847 N=624954613 n=30 value=12089
record p=24203 q=24239 N=586656517 n=30 value=12101
record p=24239 q=24359 N=590437801 n=30 value=12119
record p=24251 q=34127 N=827613877 n=30 value=12125
record p=24359 q=24407 N=594530113 n=30 value=12179
record p=24371 q=25667 N=625530457 n=30 value=12185
record p=24379 q=44819 N=1092642401 n=31 value=12189
record p=24407 q=24419 N=595994533 n=30 value=12203
record p=24419 q=24527 N=598924813 n=30 value=12209
record p=24439 q=31847 N=778308833 n=30 value=12219
record p=24443 q=24527 N=599513461 n=30 value=12221
record p=24499 q=47123 N=1154466377 n=31 value=12249
record p=24527 q=24659 N=604811293 n=30 value=12263
record p=24547 q=46643 N=1144945721 n=31 value=12273
record p=24551 q=27107 N=665503957 n=30 value=12275
record p=24611 q=25127 N=618400597 n=30 value=12305
record p=24623 q=24659 N=607178557 n=30 value=12311
record p=24659 q=25163 N=620494417 n=30 value=12329
record p=24671 q=26099 N=643888429 n=30 value=12335
record p=24683 q=26723 N=659603809 n=30 value=12341
record p=24767 q=25583 N=633614161 n=30 value=12383
record p=24799 q=44519 N=1104026681 n=31 value=12399
record p=24851 q=32687 N=812304637 n=30 value=12425
record p=24859 q=44027 N=1094467193 n=31 value=12429
record p=24919 q=32159 N=801370121 n=30 value=12459
record p=24923 q=25307 N=630726361 n=30 value=12461
record p=24971 q=49103 N=1226151013 n=31 value=12485
record p=25031 q=26267 N=657489277 n=30 value=12515
record p=25127 q=25463 N=639808801 n=30 value=12563
record p=25163 q=25391 N=638913733 n=30 value=12581
record p=25183 q=46679 N=1175517257 n=31 value=12591
record p=25219 q=46643 N=1176289817 n=31 value=12609
record p=25247 q=25643 N=647408821 n=30 value=12623
record p=25303 q=31247 N=790642841 n=30 value=12651
record p=25307 q=25439 N=643784773 n=30 value=12653
record p=25343 q=25367 N=642875881 n=30 value=12671
record p=25367 q=25463 N=645919921 n=30 value=12683
record p=25391 q=34583 N=878096953 n=30 value=12695
record p=25439 q=26759 N=680722201 n=30 value=12719
record p=25447 q=26423 N=672386081 n=30 value=12723
record p=25463 q=25643 N=652947709 n=30 value=12731
record p=25523 q=25643 N=654486289 n=30 value=12761
record p=25583 q=25643 N=656024869 n=30 value=12791
record p=25603 q=28979 N=741949337 n=30 value=12801
record p=25643 q=25679 N=658486597 n=30 value=12821
record p=25667 q=25703 N=659718901 n=30 value=12833
record p=25679 q=25799 N=662492521 n=30 value=12839
record p=25703 q=25763 N=662186389 n=30 value=12851
record p=25747 q=31139 N=801735833 n=30 value=12873
record p=25759 q=45887 N=1182003233 n=31 value=12879
record p=25763 q=25799 N=664659637 n=30 value=12881
record p=25799 q=25847 N=666826753 n=30 value=12899
record p=25847 q=25931 N=670238557 n=30 value=12923
record p=25919 q=26003 N=673971757 n=30 value=12959
record p=25931 q=32027 N=830492137 n=30 value=12965
record p=25939 q=51827 N=1344340553 n=31 value=12969
record p=25943 q=29243 N=758651149 n=30 value=12971
record p=26003 q=26099 N=678652297 n=30 value=13001
record p=26083 q=51539 N=1344291737 n=31 value=13041
record p=26099 q=26267 N=685542433 n=30 value=13049
record p=26111 q=35339 N=922736629 n=30 value=13055
record p=26119 q=29567 N=772260473 n=30 value=13059
record p=26171 q=31139 N=814938769 n=30 value=13085
record p=26183 q=26387 N=690890821 n=30 value=13091
record p=26227 q=41243 N=1081680161 n=31 value=13113
record p=26263 q=41543 N=1091043809 n=31 value=13131
record p=26267 q=26387 N=693107329 n=30 value=13133
record p=26339 q=26627 N=701328553 n=30 value=13169
record p=26347 q=44579 N=1174522913 n=31 value=13173
record p=26387 q=26423 N=697223701 n=30 value=13193
record p=26399 q=26423 N=697540777 n=30 value=13199
record p=26407 q=28559 N=754157513 n=30 value=13203
record p=26423 q=26459 N=699126157 n=30 value=13211
record p=26459 q=26627 N=704523793 n=30 value=13229
record p=26479 q=29399 N=778456121 n=30 value=13239
record p=26591 q=33503 N=890878273 n=30 value=13295
record p=26627 q=26723 N=711553321 n=30 value=13313
record p=26683 q=41243 N=1100486969 n=31 value=13341
record p=26687 q=27059 N=722123533 n=30 value=13343
record p=26699 q=28019 N=748079281 n=30 value=13349
record p=26711 q=37139 N=992019829 n=30 value=13355
record p=26723 q=26903 N=718928869 n=30 value=13361
record p=26759 q=27059 N=724071781 n=30 value=13379
record p=26783 q=28499 N=763288717 n=30 value=13391
record p=26839 q=27527 N=738797153 n=30 value=13419
record p=26879 q=26903 N=723125737 n=30 value=13439
record p=26891 q=30803 N=828323473 n=30 value=13445
record p=26903 q=26987 N=726031261 n=30 value=13451
record p=26927 q=26987 N=726678949 n=30 value=13463
record p=26947 q=42899 N=1155999353 n=31 value=13473
record p=26951 q=30047 N=809796697 n=30 value=13475
record p=26987 q=27059 N=730241233 n=30 value=13493
record p=27011 q=29867 N=806737537 n=30 value=13505
record p=27043 q=27299 N=738246857 n=30 value=13521
record p=27059 q=27107 N=733488313 n=30 value=13529
record p=27103 q=43607 N=1181880521 n=31 value=13551
record p=27107 q=27143 N=735765301 n=30 value=13553
record p=27143 q=27179 N=737719597 n=30 value=13571
record p=27179 q=27239 N=740328781 n=30 value=13589
record p=27191 q=29879 N=812439889 n=30 value=13595
record p=27239 q=27299 N=743597461 n=30 value=13619
record p=27283 q=28979 N=790634057 n=30 value=13641
record p=27299 q=27407 N=748183693 n=30 value=13649
record p=27367 q=49367 N=1351026689 n=31 value=13683
record p=27407 q=27527 N=754432489 n=30 value=13703
record p=27431 q=39659 N=1087886029 n=31 value=13715
record p=27479 q=29759 N=817747561 n=30 value=13739
record p=27487 q=43943 N=1207861241 n=31 value=13743
record p=27527 q=27767 N=764342209 n=30 value=13763
record p=27539 q=28643 N=788799577 n=30 value=13769
record p=27551 q=41579 N=1145543029 n=31 value=13775
record p=27583 q=28703 N=791714849 n=30 value=13791
record p=27611 q=41759 N=1153007749 n=31 value=13805
record p=27647 q=27767 N=767674249 n=30 value=13823
record p=27739 q=39323 N=1090780697 n=31 value=13869
record p=27743 q=29663 N=822940609 n=30 value=13871
record p=27767 q=27779 N=771339493 n=30 value=13883
record p=27779 q=27827 N=773006233 n=30 value=13889
record p=27791 q=29423 N=817694593 n=30 value=13895
record p=27799 q=39719 N=1104148481 n=31 value=13899
record p=27803 q=27827 N=773674081 n=30 value=13901
record p=27827 q=27947 N=777681169 n=30 value=13913
record p=27851 q=29147 N=811773097 n=30 value=13925
record p=27943 q=28559 N=798024137 n=30 value=13971
record p=27947 q=28163 N=787071361 n=30 value=13973
record p=27983 q=28019 N=784055677 n=30 value=13991
record p=28019 q=28163 N=789099097 n=30 value=14009
record p=28031 q=29819 N=835856389 n=30 value=14015
record p=28151 q=29027 N=817139077 n=30 value=14075
record p=28163 q=28283 N=796534129 n=30 value=14081
record p=28219 q=40763 N=1150291097 n=31 value=14109
record p=28279 q=55103 N=1558257737 n=31 value=14139
record p=28283 q=28307 N=800606881 n=30 value=14141
record p=28307 q=28499 N=806721193 n=30 value=14153
record p=28319 q=28439 N=805364041 n=30 value=14159
record p=28403 q=28559 N=811161277 n=30 value=14201
record p=28439 q=28499 N=810483061 n=30 value=14219
record p=28447 q=40127 N=1141492769 n=31 value=14223
record p=28463 q=28607 N=814241041 n=30 value=14231
record p=28499 q=28559 N=813902941 n=30 value=14249
record p=28547 q=29399 N=839253253 n=30 value=14273
record p=28559 q=28643 N=818015437 n=30 value=14279
record p=28571 q=28979 N=827959009 n=30 value=14285
record p=28607 q=28619 N=818703733 n=30 value=14303
record p=28619 q=28643 N=819734017 n=30 value=14309
record p=28643 q=28859 N=826608337 n=30 value=14321
record p=28663 q=52223 N=1496867849 n=31 value=14331
record p=28703 q=28751 N=825239953 n=30 value=14351
record p=28723 q=41507 N=1192205561 n=31 value=14361
record p=28751 q=31547 N=907007797 n=30 value=14375
record p=28759 q=38447 N=1105697273 n=31 value=14379
record p=28807 q=38327 N=1104085889 n=31 value=14403
record p=28859 q=28979 N=836304961 n=30 value=14429
record p=28867 q=55787 N=1610403329 n=31 value=14433
record p=28871 q=30323 N=875455333 n=30 value=14435
record p=28879 q=53783 N=1553199257 n=31 value=14439
record p=28927 q=46727 N=1351671929 n=31 value=14463
record p=28979 q=29123 N=843955417 n=30 value=14489
record p=29027 q=29123 N=845353321 n=30 value=14513
record p=29059 q=39563 N=1149661217 n=31 value=14529
record p=29063 q=29207 N=848843041 n=30 value=14531
record p=29123 q=29207 N=850595461 n=30 value=14561
record p=29147 q=29363 N=855843361 n=30 value=14573
record p=29167 q=46103 N=1344686201 n=31 value=14583
record p=29179 q=55163 N=1609601177 n=31 value=14589
record p=29207 q=29243 N=854100301 n=30 value=14603
record p=29231 q=34319 N=1003178689 n=30 value=14615
record p=29243 q=29339 N=857960377 n=30 value=14621
record p=29303 q=29399 N=861478897 n=30 value=14651
record p=29327 q=29339 N=860424853 n=30 value=14663
record p=29339 q=29399 N=862537261 n=30 value=14669
record p=29363 q=29399 N=863242837 n=30 value=14681
record p=29383 q=36599 N=1075388417 n=31 value=14691
record p=29387 q=29423 N=864653701 n=30 value=14693
record p=29399 q=29483 N=866770717 n=30 value=14699
record p=29411 q=33479 N=984650869 n=30 value=14705
record p=29423 q=29483 N=867478309 n=30 value=14711
record p=29443 q=45587 N=1342218041 n=31 value=14721
record p=29483 q=29663 N=874554229 n=30 value=14741
record p=29531 q=30347 N=896177257 n=30 value=14765
record p=29567 q=29663 N=877045921 n=30 value=14783
record p=29587 q=54323 N=1607254601 n=31 value=14793
record p=29599 q=49943 N=1478262857 n=31 value=14799
record p=29663 q=29819 N=884520997 n=30 value=14831
record p=29683 q=53987 N=1602496121 n=31 value=14841
record p=29723 q=30539 N=907710697 n=30 value=14861
record p=29759 q=29819 N=887383621 n=30 value=14879
record p=29803 q=39659 N=1181957177 n=31 value=14901
record p=29819 q=29867 N=890604073 n=30 value=14909
record p=29867 q=30047 N=897413749 n=30 value=14933
record p=29879 q=30047 N=897774313 n=30 value=14939
record p=29927 q=31583 N=945184441 n=30 value=14963
record p=29959 q=39359 N=1179156281 n=31 value=14979
record p=30011 q=30347 N=910743817 n=30 value=15005
record p=30047 q=30119 N=904985593 n=30 value=15023
record p=30059 q=31223 N=938532157 n=30 value=15029
record p=30071 q=32687 N=982930777 n=30 value=15035
record p=30103 q=35879 N=1080065537 n=31 value=15051
record p=30119 q=30323 N=913298437 n=30 value=15059
record p=30139 q=52379 N=1578650681 n=31 value=15069
record p=30187 q=51683 N=1560154721 n=31 value=15093
record p=30203 q=30323 N=915845569 n=30 value=15101
record p=30223 q=35543 N=1074216089 n=31 value=15111
record p=30259 q=38867 N=1176076553 n=31 value=15129
record p=30307 q=36299 N=1100113793 n=31 value=15153
record p=30323 q=30347 N=920212081 n=30 value=15161
record p=30347 q=30467 N=924582049 n=30 value=15173
record p=30403 q=49139 N=1493973017 n=31 value=15201
record p=30431 q=31223 N=950147113 n=30 value=15215
record p=30467 q=30539 N=930431713 n=30 value=15233
record p=30491 q=31583 N=962997253 n=30 value=15245
record p=30539 q=30803 N=940692817 n=30 value=15269
record p=30643 q=44963 N=1377801209 n=31 value=15321
record p=30671 q=31259 N=958744789 n=30 value=15335
record p=30707 q=31379 N=963554953 n=30 value=15353
record p=30727 q=37463 N=1151125601 n=31 value=15363
record p=30763 q=48539 N=1493205257 n=31 value=15381
record p=30803 q=30839 N=949933717 n=30 value=15401
record p=30839 q=31079 N=958445281 n=30 value=15419
record p=30851 q=40763 N=1257579313 n=31 value=15425
record p=30911 q=32507 N=1004823877 n=30 value=15455
record p=30971 q=31607 N=978900397 n=30 value=15485
record p=30983 q=35339 N=1094908237 n=31 value=15491
record p=31019 q=31079 N=964039501 n=30 value=15509
record p=31063 q=43487 N=1350836681 n=31 value=15531
record p=31079 q=31223 N=970379617 n=30 value=15539
record p=31091 q=31847 N=990155077 n=30 value=15545
record p=31139 q=31223 N=972252997 n=30 value=15569
record p=31151 q=34607 N=1078042657 n=31 value=15575
record p=31223 q=31259 N=975999757 n=30 value=15611
record p=31247 q=31511 N=984624217 n=30 value=15623
record p=31259 q=31547 N=986127673 n=30 value=15629
record p=31267 q=35363 N=1105694921 n=31 value=15633
record p=31271 q=39227 N=1226667517 n=31 value=15635
record p=31307 q=31583 N=988768981 n=30 value=15653
record p=31319 q=34319 N=1074836761 n=31 value=15659
record p=31379 q=32183 N=1009870357 n=30 value=15689
record p=31391 q=34319 N=1077307729 n=31 value=15695
record p=31511 q=40823 N=1286373553 n=31 value=15755
record p=31547 q=31607 N=997106029 n=30 value=15773
record p=31583 q=31607 N=998243881 n=30 value=15791
record p=31607 q=31643 N=1000140301 n=30 value=15803
record p=31643 q=31847 N=1007734621 n=30 value=15821
record p=31663 q=42863 N=1357171169 n=31 value=15831
record p=31667 q=31799 N=1006978933 n=30 value=15833
record p=31687 q=36527 N=1157431049 n=31 value=15843
record p=31727 q=31847 N=1010409769 n=30 value=15863
record p=31751 q=36299 N=1152529549 n=31 value=15875
record p=31799 q=31847 N=1012702753 n=30 value=15899
record p=31847 q=31859 N=1014613573 n=30 value=15923
record p=31859 q=32363 N=1031052817 n=30 value=15929
record p=31883 q=32303 N=1029916549 n=30 value=15941
record p=31907 q=34439 N=1098845173 n=31 value=15953
record p=31991 q=33647 N=1076401177 n=31 value=15995
record p=32003 q=32027 N=1024960081 n=30 value=16001
record p=32027 q=32183 N=1030724941 n=30 value=16013
record p=32051 q=33587 N=1076496937 n=31 value=16025
record p=32063 q=32099 N=1029190237 n=30 value=16031
record p=32083 q=42227 N=1354768841 n=31 value=16041
record p=32099 q=32183 N=1033042117 n=30 value=16049
record p=32159 q=33599 N=1080510241 n=31 value=16079
record p=32183 q=32303 N=1039607449 n=30 value=16091
record p=32303 q=33347 N=1077208141 n=31 value=16151
record p=32323 q=41603 N=1344733769 n=31 value=16161
record p=32327 q=33287 N=1076068849 n=31 value=16163
record p=32359 q=42767 N=1383897353 n=31 value=16179
record p=32363 q=32603 N=1055130889 n=30 value=16181
record p=32423 q=32783 N=1062923209 n=30 value=16211
record p=32507 q=32603 N=1059825721 n=30 value=16253
record p=32531 q=34367 N=1117992877 n=31 value=16265
record p=32563 q=36899 N=1201542137 n=31 value=16281
record p=32579 q=34667 N=1129416193 n=31 value=16289
record p=32603 q=32687 N=1065694261 n=30 value=16301
record p=32687 q=32783 N=1071577921 n=30 value=16343
record p=32771 q=40583 N=1329945493 n=31 value=16385
record p=32783 q=32939 N=1079839237 n=31 value=16391
record p=32831 q=38219 N=1254767989 n=31 value=16415
record p=32843 q=32939 N=1081815577 n=31 value=16421
record p=32939 q=33179 N=1092883081 n=31 value=16469
record p=32983 q=34607 N=1141442681 n=31 value=16491
record p=32987 q=33107 N=1092100609 n=31 value=16493
record p=32999 q=33107 N=1092497893 n=31 value=16499
record p=33023 q=33119 N=1093688737 n=31 value=16511
record p=33071 q=33599 N=1111152529 n=31 value=16535
record p=33083 q=33347 N=1103218801 n=31 value=16541
record p=33107 q=33179 N=1098457153 n=31 value=16553
record p=33119 q=33347 N=1104419293 n=31 value=16559
record p=33179 q=33347 N=1106420113 n=31 value=16589
record p=33191 q=34499 N=1145056309 n=31 value=16595
record p=33203 q=33479 N=1111603237 n=31 value=16601
record p=33247 q=48383 N=1608589601 n=31 value=16623
record p=33287 q=37967 N=1263807529 n=31 value=16643
record p=33311 q=33347 N=1110821917 n=31 value=16655
record p=33343 q=42023 N=1401172889 n=31 value=16671
record p=33347 q=33599 N=1120425853 n=31 value=16673
record p=33359 q=33599 N=1120829041 n=31 value=16679
record p=33479 q=33647 N=1126467913 n=31 value=16739
record p=33487 q=34319 N=1149240353 n=31 value=16743
record p=33503 q=33827 N=1133305981 n=31 value=16751
record p=33547 q=65147 N=2185486409 n=32 value=16773
record p=33563 q=33623 N=1128488749 n=31 value=16781
record p=33587 q=33623 N=1129295701 n=31 value=16793
record p=33599 q=33623 N=1129699177 n=31 value=16799
record p=33623 q=33767 N=1135347841 n=31 value=16811
record p=33647 q=33767 N=1136158249 n=31 value=16823
record p=33679 q=34127 N=1149363233 n=31 value=16839
record p=33767 q=33863 N=1143451921 n=31 value=16883
record p=33791 q=34259 N=1157645869 n=31 value=16895
record p=33827 q=34019 N=1150760713 n=31 value=16913
record p=33851 q=34283 N=1160513833 n=31 value=16925
record p=33863 q=34019 N=1151985397 n=31 value=16931
record p=33911 q=36383 N=1233783913 n=31 value=16955
record p=33923 q=34367 N=1165831741 n=31 value=16961
record p=34019 q=34127 N=1160966413 n=31 value=17009
record p=34031 q=36299 N=1235291269 n=31 value=17015
record p=34039 q=64679 N=2201608481 n=32 value=17019
record p=34127 q=34283 N=1169975941 n=31 value=17063
record p=34183 q=64319 N=2198616377 n=32 value=17091
record p=34211 q=38867 N=1329678937 n=31 value=17105
record p=34259 q=35507 N=1216434313 n=31 value=17129
record p=34283 q=34319 N=1176558277 n=31 value=17141
record p=34303 q=46559 N=1597113377 n=31 value=17151
record p=34319 q=34403 N=1180676557 n=31 value=17159
record p=34367 q=34403 N=1182327901 n=31 value=17183
record p=34403 q=34439 N=1184804917 n=31 value=17201
record p=34439 q=34487 N=1187697793 n=31 value=17219
record p=34487 q=34583 N=1192663921 n=31 value=17243
record p=34499 q=34583 N=1193078917 n=31 value=17249
record p=34511 q=47207 N=1629160777 n=31 value=17255
record p=34583 q=34667 N=1198888861 n=31 value=17291
record p=34607 q=36131 N=1250385517 n=31 value=17303
record p=34631 q=34883 N=1208033173 n=31 value=17315
record p=34667 q=34703 N=1203048901 n=31 value=17333
record p=34679 q=35027 N=1214701333 n=31 value=17339
record p=34703 q=34807 N=1207907321 n=31 value=17351
record p=34739 q=35027 N=1216802953 n=31 value=17369
record p=34747 q=42683 N=1483106201 n=31 value=17373
record p=34763 q=34883 N=1212637729 n=31 value=17381
record p=34807 q=45503 N=1583822921 n=31 value=17403
record p=34847 q=35279 N=1229367313 n=31 value=17423
record p=34871 q=37799 N=1318088929 n=31 value=17435
record p=34883 q=34919 N=1218079477 n=31 value=17441
record p=34919 q=35279 N=1231907401 n=31 value=17459
record p=34963 q=66107 N=2311299041 n=32 value=17481
record p=35027 q=35159 N=1231514293 n=31 value=17513
record p=35051 q=35879 N=1257594829 n=31 value=17525
record p=35059 q=43067 N=1509885953 n=31 value=17529
record p=35083 q=68099 N=2389117217 n=32 value=17541
record p=35099 q=36383 N=1277006917 n=31 value=17549
record p=35111 q=45887 N=1611138457 n=31 value=17555
record p=35159 q=35171 N=1236577189 n=31 value=17579
record p=35171 q=35543 N=1250082853 n=31 value=17585
record p=35267 q=36383 N=1283119261 n=31 value=17633
record p=35279 q=35339 N=1246724581 n=31 value=17639
record p=35291 q=36683 N=1294579753 n=31 value=17645
record p=35327 q=35423 N=1251388321 n=31 value=17663
record p=35339 q=35363 N=1249693057 n=31 value=17669
record p=35363 q=35507 N=1255634041 n=31 value=17681
record p=35419 q=44027 N=1559392313 n=31 value=17709
record p=35423 q=35543 N=1259039689 n=31 value=17711
record p=35447 q=36083 N=1279034101 n=31 value=17723
record p=35507 q=35543 N=1262025301 n=31 value=17753
record p=35543 q=35879 N=1275247297 n=31 value=17771
record p=35591 q=36299 N=1291917709 n=31 value=17795
record p=35603 q=35759 N=1273127677 n=31 value=17801
record p=35747 q=35963 N=1285569361 n=31 value=17873
record p=35759 q=37547 N=1342643173 n=31 value=17879
record p=35831 q=37307 N=1336747117 n=31 value=17915
record p=35863 q=37799 N=1355585537 n=31 value=17931
record p=35879 q=35963 N=1290316477 n=31 value=17939
record p=35951 q=37223 N=1338204073 n=31 value=17975
record p=35963 q=36083 N=1297652929 n=31 value=17981
record p=35983 q=41039 N=1476706337 n=31 value=17991
record p=35999 q=36083 N=1298951917 n=31 value=17999
record p=36011 q=45083 N=1623483913 n=31 value=18005
record p=36067 q=66083 N=2383415561 n=32 value=18033
record p=36083 q=36263 N=1308477829 n=31 value=18041
record p=36107 q=36251 N=1308914857 n=31 value=18053
record p=36131 q=44687 N=1614585997 n=31 value=18065
record p=36187 q=59699 N=2160327713 n=32 value=18093
record p=36191 q=64283 N=2326466053 n=32 value=18095
record p=36251 q=45083 N=1634303833 n=31 value=18125
record p=36263 q=36299 N=1316310637 n=31 value=18131
record p=36299 q=36383 N=1320666517 n=31 value=18149
record p=36307 q=38723 N=1405915961 n=31 value=18153
record p=36319 q=43607 N=1583762633 n=31 value=18159
record p=36343 q=43943 N=1597020449 n=31 value=18171
record p=36383 q=36467 N=1326778861 n=31 value=18191
record p=36467 q=36599 N=1334655733 n=31 value=18233
record p=36479 q=36923 N=1346914117 n=31 value=18239
record p=36523 q=59747 N=2182139681 n=32 value=18261
record p=36527 q=36563 N=1335536701 n=31 value=18263
record p=36551 q=36563 N=1336414213 n=31 value=18275
record p=36559 q=38327 N=1401196793 n=31 value=18279
record p=36563 q=36587 N=1337730481 n=31 value=18281
record p=36587 q=36923 N=1350901801 n=31 value=18293
record p=36599 q=36683 N=1342561117 n=31 value=18299
record p=36643 q=37547 N=1375834721 n=31 value=18321
record p=36671 q=45587 N=1671720877 n=31 value=18335
record p=36683 q=36767 N=1348723861 n=31 value=18341
record p=36767 q=36887 N=1356224329 n=31 value=18383
record p=36779 q=41183 N=1514669557 n=31 value=18389
record p=36791 q=44027 N=1619797357 n=31 value=18395
record p=36887 q=36923 N=1361978701 n=31 value=18443
record p=36899 q=36923 N=1362421777 n=31 value=18449
record p=36923 q=37019 N=1366852537 n=31 value=18461
record p=36947 q=37223 N=1375278181 n=31 value=18473
record p=36979 q=40787 N=1508262473 n=31 value=18489
record p=37019 q=37307 N=1381067833 n=31 value=18509
record p=37039 q=40583 N=1503153737 n=31 value=18519
record p=37087 q=39839 N=1477508993 n=31 value=18543
record p=37139 q=37223 N=1382424997 n=31 value=18569
record p=37199 q=39827 N=1481524573 n=31 value=18599
record p=37223 q=37307 N=1388678461 n=31 value=18611
record p=37243 q=58067 N=2162589281 n=32 value=18621
record p=37307 q=37463 N=1397632141 n=31 value=18653
record p=37379 q=37547 N=1403469313 n=31 value=18689
record p=37447 q=42839 N=1604192033 n=31 value=18723
record p=37463 q=37547 N=1406623261 n=31 value=18731
record p=37483 q=73643 N=2760360569 n=32 value=18741
record p=37507 q=37547 N=1408275329 n=31 value=18753
record p=37511 q=47639 N=1786986529 n=31 value=18755
record p=37547 q=37607 N=1412030029 n=31 value=18773
record p=37571 q=50147 N=1884072937 n=31 value=18785
record p=37579 q=62603 N=2352558137 n=32 value=18789
record p=37607 q=37643 N=1415640301 n=31 value=18803
record p=37619 q=39779 N=1496446201 n=31 value=18809
record p=37643 q=37799 N=1422867757 n=31 value=18821
record p=37691 q=43067 N=1623238297 n=31 value=18845
record p=37783 q=60527 N=2286891641 n=32 value=18891
record p=37799 q=37967 N=1435114633 n=31 value=18899
record p=37811 q=47507 N=1796287177 n=31 value=18905
record p=37847 q=37967 N=1436937049 n=31 value=18923
record p=37871 q=59447 N=2251317337 n=32 value=18935
record p=37879 q=39503 N=1496334137 n=31 value=18939
record p=37907 q=38219 N=1448767633 n=31 value=18953
record p=37963 q=40763 N=1547485769 n=31 value=18981
record p=37967 q=38183 N=1449693961 n=31 value=18983
record p=37991 q=42839 N=1627496449 n=31 value=18995
record p=38119 q=38783 N=1478369177 n=31 value=19059
record p=38183 q=38219 N=1459316077 n=31 value=19091
record p=38219 q=38327 N=1464819613 n=31 value=19109
record p=38231 q=42767 N=1635025177 n=31 value=19115
record p=38239 q=57503 N=2198857217 n=32 value=19119
record p=38287 q=42023 N=1608934601 n=31 value=19143
record p=38303 q=38447 N=1472635441 n=31 value=19151
record p=38327 q=38447 N=1473558169 n=31 value=19163
record p=38351 q=60527 N=2321270977 n=32 value=19175
record p=38447 q=38603 N=1484169541 n=31 value=19223
record p=38459 q=38783 N=1491555397 n=31 value=19229
record p=38543 q=38639 N=1489262977 n=31 value=19271
record p=38567 q=41843 N=1613758981 n=31 value=19283
record p=38603 q=38639 N=1491581317 n=31 value=19301
record p=38639 q=38723 N=1496217997 n=31 value=19319
record p=38651 q=41759 N=1614027109 n=31 value=19325
record p=38699 q=41627 N=1610923273 n=31 value=19349
record p=38707 q=60899 N=2357217593 n=32 value=19353
record p=38711 q=46919 N=1816281409 n=31 value=19355
record p=38723 q=38747 N=1500400081 n=31 value=19361
record p=38747 q=38867 N=1505979649 n=31 value=19373
record p=38783 q=38867 N=1507378861 n=31 value=19391
record p=38839 q=56207 N=2183023673 n=32 value=19419
record p=38867 q=38903 N=1512042901 n=31 value=19433
record p=38891 q=42863 N=1666984933 n=31 value=19445
record p=38903 q=39023 N=1518111769 n=31 value=19451
record p=39023 q=39107 N=1526072461 n=31 value=19511
record p=39043 q=40883 N=1596194969 n=31 value=19521
record p=39047 q=39827 N=1555124869 n=31 value=19523
record p=39079 q=75983 N=2969339657 n=32 value=19539
record p=39107 q=39323 N=1537804561 n=31 value=19553
record p=39119 q=39239 N=1534990441 n=31 value=19559
record p=39191 q=42767 N=1676081497 n=31 value=19595
record p=39227 q=41507 N=1628195089 n=31 value=19613
record p=39239 q=39323 N=1542995197 n=31 value=19619
record p=39251 q=45863 N=1800168613 n=31 value=19625
record p=39323 q=39383 N=1548657709 n=31 value=19661
record p=39359 q=41519 N=1634146321 n=31 value=19679
record p=39371 q=46703 N=1838743813 n=31 value=19685
record p=39383 q=39659 N=1561890397 n=31 value=19691
record p=39419 q=39503 N=1557168757 n=31 value=19709
record p=39439 q=58679 N=2314241081 n=32 value=19719
record p=39443 q=40763 N=1607815009 n=31 value=19721
record p=39503 q=39563 N=1562857189 n=31 value=19751
record p=39563 q=39659 N=1569029017 n=31 value=19781
record p=39623 q=40739 N=1614201397 n=31 value=19811
record p=39659 q=39779 N=1577595361 n=31 value=19829
record p=39671 q=44267 N=1756116157 n=31 value=19835
record p=39719 q=40163 N=1595234197 n=31 value=19859
record p=39727 q=70607 N=2805004289 n=32 value=19863
record p=39779 q=39827 N=1584278233 n=31 value=19889
record p=39791 q=45119 N=1795330129 n=31 value=19895
record p=39827 q=39983 N=1592402941 n=31 value=19913
record p=39839 q=39863 N=1588102057 n=31 value=19919
record p=39847 q=55487 N=2210990489 n=32 value=19923
record p=39863 q=40583 N=1617760129 n=31 value=19931
record p=39883 q=70019 N=2792567777 n=32 value=19941
record p=39887 q=41183 N=1642666321 n=31 value=19943
record p=39971 q=43787 N=1750210177 n=31 value=19985
record p=39983 q=40127 N=1604397841 n=31 value=19991
record p=40031 q=40763 N=1631783653 n=31 value=20015
record p=40039 q=73847 N=2956760033 n=32 value=20019
record p=40087 q=70223 N=2815029401 n=32 value=20043
record p=40127 q=40151 N=1611139177 n=31 value=20063
record p=40163 q=40583 N=1629935029 n=31 value=20081
record p=40283 q=40763 N=1642055929 n=31 value=20141
record p=40343 q=40487 N=1633367041 n=31 value=20171
record p=40387 q=74099 N=2992636313 n=32 value=20193
record p=40423 q=58967 N=2383623041 n=32 value=20211
record p=40427 q=40487 N=1636767949 n=31 value=20213
record p=40459 q=66467 N=2689188353 n=32 value=20229
record p=40487 q=40499 N=1639683013 n=31 value=20243
record p=40499 q=40559 N=1642598941 n=31 value=20249
record p=40507 q=79187 N=3207627809 n=32 value=20253
record p=40519 q=57119 N=2314404761 n=32 value=20259
record p=40559 q=41507 N=1683482413 n=31 value=20279
record p=40583 q=41243 N=1673764669 n=31 value=20291
record p=40639 q=76607 N=3113231873 n=32 value=20319
record p=40739 q=40763 N=1660643857 n=31 value=20369
record p=40751 q=42923 N=1749155173 n=31 value=20375
record p=40759 q=76367 N=3112642553 n=32 value=20379
record p=40763 q=40787 N=1662600481 n=31 value=20381
record p=40787 q=40823 N=1665047701 n=31 value=20393
record p=40819 q=67427 N=2752302713 n=32 value=20409
record p=40823 q=40883 N=1668966709 n=31 value=20411
record p=40847 q=41183 N=1682202001 n=31 value=20423
record p=40879 q=52919 N=2163275801 n=32 value=20439
record p=40883 q=41039 N=1677797437 n=31 value=20441
record p=41023 q=55799 N=2289042377 n=32 value=20511
record p=41039 q=41399 N=1698973561 n=31 value=20519
record p=41051 q=43403 N=1781736553 n=31 value=20525
record p=41143 q=65447 N=2692685921 n=32 value=20571
record p=41179 q=53147 N=2188540313 n=32 value=20589
record p=41183 q=41243 N=1698510469 n=31 value=20591
record p=41203 q=67619 N=2786105657 n=32 value=20601
record p=41227 q=76907 N=3170644889 n=32 value=20613
record p=41243 q=42323 N=1745527489 n=31 value=20621
record p=41263 q=57839 N=2386610657 n=32 value=20631
record p=41351 q=43103 N=1782352153 n=31 value=20675
record p=41387 q=41507 N=1717850209 n=31 value=20693
record p=41399 q=41543 N=1719838657 n=31 value=20699
record p=41411 q=53639 N=2221244629 n=32 value=20705
record p=41443 q=55787 N=2311980641 n=32 value=20721
record p=41479 q=66359 N=2752504961 n=32 value=20739
record p=41507 q=41543 N=1724325301 n=31 value=20753
record p=41519 q=41543 N=1724823817 n=31 value=20759
record p=41543 q=41579 N=1727316397 n=31 value=20771
record p=41579 q=41627 N=1730809033 n=31 value=20789
record p=41603 q=41759 N=1737299677 n=31 value=20801
record p=41627 q=41687 N=1735304749 n=31 value=20813
record p=41651 q=43607 N=1816275157 n=31 value=20825
record p=41659 q=72467 N=3018902753 n=32 value=20829
record p=41687 q=42023 N=1751812801 n=31 value=20843
record p=41759 q=41843 N=1747321837 n=31 value=20879
record p=41771 q=41843 N=1747823953 n=31 value=20885
record p=41843 q=41879 N=1752342997 n=31 value=20921
record p=41863 q=54623 N=2286682649 n=32 value=20931
record p=41879 q=41927 N=1755860833 n=31 value=20939
record p=41887 q=71399 N=2990689913 n=32 value=20943
record p=41903 q=41927 N=1756867081 n=31 value=20951
record p=41927 q=42023 N=1761898321 n=31 value=20963
record p=41947 q=73643 N=3089102921 n=32 value=20973
record p=41959 q=51407 N=2156986313 n=32 value=20979
record p=41999 q=42083 N=1767443917 n=31 value=20999
record p=42019 q=51347 N=2157549593 n=32 value=21009
record p=42023 q=42179 N=1772488117 n=31 value=21011
record p=42071 q=51047 N=2147598337 n=32 value=21035
record p=42083 q=42179 N=1775018857 n=31 value=21041
record p=42131 q=54443 N=2293738033 n=32 value=21065
record p=42179 q=42299 N=1784129521 n=31 value=21089
record p=42187 q=51203 N=2160100961 n=32 value=21093
record p=42223 q=52103 N=2199944969 n=32 value=21111
record p=42227 q=42299 N=1786159873 n=31 value=21113
record p=42239 q=42683 N=1802887237 n=31 value=21119
record p=42299 q=42359 N=1791743341 n=31 value=21149
record p=42323 q=42443 N=1796315089 n=31 value=21161
record p=42359 q=42443 N=1797843037 n=31 value=21179
record p=42403 q=52067 N=2207797001 n=32 value=21201
record p=42407 q=52223 N=2214620761 n=32 value=21203
record p=42443 q=42683 N=1811594569 n=31 value=21221
record p=42467 q=42767 N=1816186189 n=31 value=21233
record p=42487 q=63599 N=2702130713 n=32 value=21243
record p=42499 q=73259 N=3113434241 n=32 value=21249
record p=42611 q=42683 N=1818765313 n=31 value=21305
record p=42643 q=53699 N=2289886457 n=32 value=21321
record p=42683 q=42767 N=1825423861 n=31 value=21341
record p=42719 q=44543 N=1902832417 n=31 value=21359
record p=42743 q=43403 N=1855174429 n=31 value=21371
record p=42767 q=42839 N=1832095513 n=31 value=21383
record p=42787 q=69899 N=2990768513 n=32 value=21393
record p=42839 q=42899 N=1837750261 n=31 value=21419
record p=42863 q=43019 N=1843923397 n=31 value=21431
record p=42899 q=43019 N=1845472081 n=31 value=21449
record p=42923 q=44027 N=1889770921 n=31 value=21461
record p=43003 q=70067 N=3013091201 n=32 value=21501
record p=43019 q=43067 N=1852699273 n=31 value=21509
record p=43063 q=65063 N=2801807969 n=32 value=21531
record p=43067 q=43223 N=1861484941 n=31 value=21533
record p=43103 q=43223 N=1863040969 n=31 value=21551
record p=43151 q=44207 N=1907576257 n=31 value=21575
record p=43159 q=54623 N=2357474057 n=32 value=21579
record p=43223 q=43403 N=1876007869 n=31 value=21611
record p=43271 q=44519 N=1926381649 n=31 value=21635
record p=43283 q=43403 N=1878612049 n=31 value=21641
record p=43319 q=43427 N=1881214213 n=31 value=21659
record p=43331 q=74759 N=3239382229 n=32 value=21665
record p=43391 q=43487 N=1886944417 n=31 value=21695
record p=43403 q=43427 N=1884862081 n=31 value=21701
record p=43427 q=43607 N=1893721189 n=31 value=21713
record p=43451 q=49559 N=2153388109 n=32 value=21725
record p=43487 q=43787 N=1904165269 n=31 value=21743
record p=43499 q=51803 N=2253378697 n=32 value=21749
record p=43579 q=67979 N=2962456841 n=32 value=21789
record p=43607 q=43787 N=1909419709 n=31 value=21803
record p=43691 q=60719 N=2652873829 n=32 value=21845
record p=43783 q=72959 N=3194363897 n=32 value=21891
record p=43787 q=43943 N=1924132141 n=31 value=21893
record p=43867 q=68819 N=3018883073 n=32 value=21933
record p=43943 q=44027 N=1934678461 n=31 value=21971
record p=43963 q=68507 N=3011773241 n=32 value=21981
record p=43991 q=52379 N=2304204589 n=32 value=21995
record p=44027 q=44267 N=1948943209 n=31 value=22013
record p=44059 q=70067 N=3087081953 n=32 value=22029
record p=44087 q=48947 N=2157926389 n=32 value=22043
record p=44111 q=44123 N=1946309653 n=31 value=22055
record p=44123 q=44351 N=1956899173 n=31 value=22061
record p=44159 q=44267 N=1954786453 n=31 value=22079
record p=44179 q=48947 N=2162429513 n=32 value=22089
record p=44207 q=44267 N=1956911269 n=31 value=22103
record p=44263 q=62927 N=2785337801 n=32 value=22131
record p=44267 q=44483 N=1969128961 n=31 value=22133
record p=44279 q=44867 N=1986665893 n=31 value=22139
record p=44351 q=45083 N=1999476133 n=31 value=22175
record p=44483 q=44519 N=1980338677 n=31 value=22241
record p=44507 q=57143 N=2543263501 n=32 value=22253
record p=44519 q=44579 N=1984612501 n=31 value=22259
record p=44531 q=51683 N=2301495673 n=32 value=22265
record p=44543 q=44579 N=1985682397 n=31 value=22271
record p=44579 q=44687 N=1992101773 n=31 value=22289
record p=44587 q=48539 N=2164208393 n=32 value=22293
record p=44651 q=51407 N=2295373957 n=32 value=22325
record p=44687 q=44699 N=1997464213 n=31 value=22343
record p=44699 q=44819 N=2003364481 n=31 value=22349
record p=44711 q=48407 N=2164325377 n=32 value=22355
record p=44771 q=84047 N=3762868237 n=32 value=22385
record p=44819 q=44867 N=2010894073 n=31 value=22409
record p=44843 q=48383 N=2169638869 n=32 value=22421
record p=44867 q=44939 N=2016278113 n=31 value=22433
record p=44879 q=44939 N=2016817381 n=31 value=22439
record p=44887 q=61487 N=2759966969 n=32 value=22443
record p=44927 q=47903 N=2152138081 n=32 value=22463
record p=44939 q=44963 N=2020592257 n=31 value=22469
record p=44963 q=44987 N=2022750481 n=31 value=22481
record p=44987 q=45083 N=2028148921 n=31 value=22493
record p=45007 q=51407 N=2313674849 n=32 value=22503
record p=45083 q=45503 N=2051411749 n=31 value=22541
record p=45119 q=45503 N=2053049857 n=31 value=22559
record p=45131 q=48239 N=2177074309 n=32 value=22565
record p=45139 q=70619 N=3187671041 n=32 value=22569
record p=45179 q=47639 N=2152282381 n=32 value=22589
record p=45191 q=47639 N=2152854049 n=32 value=22595
record p=45263 q=48383 N=2189959729 n=32 value=22631
record p=45307 q=53147 N=2407931129 n=32 value=22653
record p=45343 q=48767 N=2211242081 n=32 value=22671
record p=45427 q=60899 N=2766458873 n=32 value=22713
record p=45439 q=68639 N=3118887521 n=32 value=22719
record p=45491 q=47303 N=2151860773 n=32 value=22745
record p=45503 q=45659 N=2077621477 n=31 value=22751
record p=45587 q=45659 N=2081456833 n=31 value=22793
record p=45599 q=47639 N=2172290761 n=32 value=22799
record p=45659 q=45707 N=2086935913 n=31 value=22829
record p=45707 q=45779 N=2092420753 n=31 value=22853
record p=45763 q=61547 N=2816575361 n=32 value=22881
record p=45767 q=47303 N=2164916401 n=32 value=22883
record p=45779 q=45863 N=2099562277 n=31 value=22889
record p=45827 q=45863 N=2101763701 n=31 value=22913
record p=45863 q=46199 N=2118824737 n=31 value=22931
record p=45887 q=45959 N=2108920633 n=31 value=22943
record p=45959 q=46499 N=2137047541 n=31 value=22979
record p=45971 q=49019 N=2253452449 n=32 value=22985
record p=46027 q=47819 N=2200965113 n=32 value=23013
record p=46091 q=50363 N=2321281033 n=32 value=23045
record p=46103 q=49139 N=2265455317 n=32 value=23051
record p=46147 q=47819 N=2206703393 n=32 value=23073
record p=46183 q=49823 N=2300975609 n=32 value=23091
record p=46187 q=47303 N=2184783661 n=32 value=23093
record p=46199 q=46499 N=2148207301 n=32 value=23099
record p=46271 q=55163 N=2552447173 n=32 value=23135
record p=46307 q=46499 N=2153229193 n=32 value=23153
record p=46439 q=47147 N=2189459533 n=32 value=23219
record p=46451 q=49307 N=2290359457 n=32 value=23225
record p=46499 q=46643 N=2168852857 n=32 value=23249
record p=46507 q=51803 N=2409202121 n=32 value=23253
record p=46511 q=48383 N=2250341713 n=32 value=23255
record p=46523 q=47459 N=2207935057 n=32 value=23261
record p=46559 q=46643 N=2171651437 n=32 value=23279
record p=46619 q=46679 N=2176128301 n=32 value=23309
record p=46639 q=63599 N=2966193761 n=32 value=23319
record p=46643 q=46679 N=2177248597 n=32 value=23321
record p=46679 q=46727 N=2181169633 n=32 value=23339
record p=46703 q=46727 N=2182291081 n=32 value=23351
record p=46727 q=46919 N=2192384113 n=32 value=23363
record p=46747 q=47339 N=2212956233 n=32 value=23373
record p=46751 q=69623 N=3254944873 n=32 value=23375
record p=46811 q=49103 N=2298560533 n=32 value=23405
record p=46819 q=92363 N=4324343297 n=33 value=23409
record p=46867 q=67619 N=3169099673 n=32 value=23433
record p=46919 q=47123 N=2210964037 n=32 value=23459
record p=47051 q=49307 N=2319943657 n=32 value=23525
record p=47087 q=47123 N=2218880701 n=32 value=23543
record p=47111 q=51383 N=2420704513 n=32 value=23555
record p=47119 q=57143 N=2692521017 n=32 value=23559
record p=47123 q=47207 N=2224535461 n=32 value=23561
record p=47147 q=48767 N=2299217749 n=32 value=23573
record p=47207 q=47303 N=2233032721 n=32 value=23603
record p=47279 q=53147 N=2512737013 n=32 value=23639
record p=47303 q=47339 N=2239276717 n=32 value=23651
record p=47339 q=47459 N=2246661601 n=32 value=23669
record p=47351 q=48647 N=2303484097 n=32 value=23675
record p=47363 q=47963 N=2271671569 n=32 value=23681
record p=47387 q=47639 N=2257469293 n=32 value=23693
record p=47407 q=56663 N=2686222841 n=32 value=23703
record p=47459 q=47507 N=2254634713 n=32 value=23729
record p=47507 q=47639 N=2263185973 n=32 value=23753
record p=47543 q=48239 N=2293426777 n=32 value=23771
record p=47563 q=92459 N=4397627417 n=33 value=23781
record p=47591 q=48023 N=2285462593 n=32 value=23795
record p=47623 q=48479 N=2308715417 n=32 value=23811
record p=47639 q=47819 N=2278049341 n=32 value=23819
record p=47699 q=47903 N=2284925197 n=32 value=23849
record p=47711 q=68219 N=3254796709 n=32 value=23855
record p=47743 q=90527 N=4322030561 n=33 value=23871
record p=47807 q=47819 N=2286082933 n=32 value=23903
record p=47819 q=47843 N=2287804417 n=32 value=23909
record p=47843 q=47963 N=2294693809 n=32 value=23921
record p=47903 q=47963 N=2297571589 n=32 value=23951
record p=47939 q=48023 N=2302174597 n=32 value=23969
record p=47963 q=48187 N=2311193081 n=32 value=23981
record p=48023 q=48479 N=2328107017 n=32 value=24011
record p=48079 q=66863 N=3214706177 n=32 value=24039
record p=48119 q=48407 N=2329296433 n=32 value=24059
record p=48131 q=51287 N=2468494597 n=32 value=24065
record p=48163 q=62627 N=3016304201 n=32 value=24081
record p=48179 q=50147 N=2416032313 n=32 value=24089
record p=48187 q=62603 N=3016650761 n=32 value=24093
record p=48239 q=48407 N=2335105273 n=32 value=24119
record p=48299 q=48371 N=2336270929 n=32 value=24149
record p=48311 q=53267 N=2573382037 n=32 value=24155
record p=48371 q=50867 N=2460487657 n=32 value=24185
record p=48383 q=49943 N=2416392169 n=32 value=24191
record p=48407 q=48479 N=2346722953 n=32 value=24203
record p=48463 q=56039 N=2715818057 n=32 value=24231
record p=48479 q=48563 N=2354285677 n=32 value=24239
record p=48487 q=62207 N=3016230809 n=32 value=24243
record p=48491 q=50543 N=2450880613 n=32 value=24245
record p=48523 q=60923 N=2956166729 n=32 value=24261
record p=48527 q=48563 N=2356616701 n=32 value=24263
record p=48539 q=49823 N=2418358597 n=32 value=24269
record p=48563 q=48947 N=2377013161 n=32 value=24281
record p=48611 q=51203 N=2489029033 n=32 value=24305
record p=48623 q=49739 N=2418459397 n=32 value=24311
record p=48647 q=48947 N=2381124709 n=32 value=24323
record p=48731 q=54167 N=2639612077 n=32 value=24365
record p=48767 q=48947 N=2386998349 n=32 value=24383
record p=48779 q=49103 N=2395195237 n=32 value=24389
record p=48787 q=89459 N=4364436233 n=33 value=24393
record p=48799 q=89567 N=4370780033 n=33 value=24399
record p=48847 q=60647 N=2962424009 n=32 value=24423
record p=48947 q=49019 N=2399332993 n=32 value=24473
record p=49003 q=56843 N=2785477529 n=32 value=24501
record p=49019 q=49103 N=2406979957 n=32 value=24509
record p=49031 q=66383 N=3254824873 n=32 value=24515
record p=49043 q=49367 N=2421105781 n=32 value=24521
record p=49103 q=49139 N=2412872317 n=32 value=24551
record p=49139 q=49223 N=2418768997 n=32 value=24569
record p=49199 q=49223 N=2421722377 n=32 value=24599
record p=49211 q=73643 N=3624045673 n=32 value=24605
record p=49223 q=49367 N=2429991841 n=32 value=24611
record p=49307 q=49367 N=2434138669 n=32 value=24653
record p=49331 q=49943 N=2463738133 n=32 value=24665
record p=49339 q=60107 N=2965619273 n=32 value=24669
record p=49367 q=49499 N=2443617133 n=32 value=24683
record p=49391 q=53783 N=2656396153 n=32 value=24695
record p=49451 q=51599 N=2551622149 n=32 value=24725
record p=49459 q=60899 N=3012003641 n=32 value=24729
record p=49463 q=49559 N=2451336817 n=32 value=24731
record p=49499 q=49559 N=2453120941 n=32 value=24749
record p=49523 q=49739 N=2463224497 n=32 value=24761
record p=49547 q=50159 N=2485227973 n=32 value=24773
record p=49559 q=49943 N=2475125137 n=32 value=24779
record p=49663 q=64223 N=3189506849 n=32 value=24831
record p=49667 q=50423 N=2504359141 n=32 value=24833
record p=49727 q=49823 N=2477548321 n=32 value=24863
record p=49739 q=49943 N=2484114877 n=32 value=24869
record p=49747 q=60539 N=3011633633 n=32 value=24873
record p=49783 q=55439 N=2759919737 n=32 value=24891
record p=49787 q=49943 N=2486512141 n=32 value=24893
record p=49807 q=88919 N=4428788633 n=33 value=24903
record p=49811 q=52883 N=2634155113 n=32 value=24905
record p=49823 q=49943 N=2488310089 n=32 value=24911
record p=49871 q=51503 N=2568506113 n=32 value=24935
record p=49919 q=50123 N=2502090037 n=32 value=24959
record p=49943 q=50087 N=2501495041 n=32 value=24971
record p=49991 q=51539 N=2576486149 n=32 value=24995
record p=50087 q=50147 N=2511712789 n=32 value=25043
record p=50111 q=50147 N=2512916317 n=32 value=25055
record p=50119 q=87359 N=4378345721 n=33 value=25059
record p=50123 q=50147 N=2513518081 n=32 value=25061
record p=50147 q=50423 N=2528562181 n=32 value=25073
record p=50159 q=50627 N=2539399693 n=32 value=25079
record p=50207 q=50459 N=2533395013 n=32 value=25103
record p=50231 q=52379 N=2631049549 n=32 value=25115
record p=50263 q=61583 N=3095346329 n=32 value=25131
record p=50287 q=61487 N=3091996769 n=32 value=25143
record p=50291 q=52379 N=2634192289 n=32 value=25145
record p=50363 q=50459 N=2541266617 n=32 value=25181
record p=50383 q=62927 N=3170451041 n=32 value=25191
record p=50387 q=52103 N=2625313861 n=32 value=25193
record p=50411 q=52667 N=2654996137 n=32 value=25205
record p=50423 q=50459 N=2544294157 n=32 value=25211
record p=50459 q=50543 N=2550349237 n=32 value=25229
record p=50503 q=53279 N=2690749337 n=32 value=25251
record p=50539 q=53147 N=2685996233 n=32 value=25269
record p=50543 q=50891 N=2572183813 n=32 value=25271
record p=50587 q=61547 N=3113478089 n=32 value=25293
record p=50591 q=52067 N=2634121597 n=32 value=25295
record p=50599 q=59663 N=3018888137 n=32 value=25299
record p=50627 q=51047 N=2584356469 n=32 value=25313
record p=50651 q=50867 N=2576464417 n=32 value=25325
record p=50683 q=85259 N=4321181897 n=33 value=25341
record p=50707 q=58403 N=2961440921 n=32 value=25353
record p=50723 q=51599 N=2617256077 n=32 value=25361
record p=50767 q=87119 N=4422770273 n=33 value=25383
record p=50867 q=51047 N=2596607749 n=32 value=25433
record p=50891 q=71879 N=3657994189 n=32 value=25445
record p=50951 q=63743 N=3247769593 n=32 value=25475
record p=51047 q=51203 N=2613759541 n=32 value=25523
record p=51059 q=51383 N=2623564597 n=32 value=25529
record p=51071 q=51419 N=2626019749 n=32 value=25535
record p=51131 q=51203 N=2618060593 n=32 value=25565
record p=51203 q=51287 N=2626048261 n=32 value=25601
record p=51239 q=51827 N=2655563653 n=32 value=25619
record p=51263 q=52583 N=2695562329 n=32 value=25631
record p=51287 q=51347 N=2633433589 n=32 value=25643
record p=51307 q=53699 N=2755134593 n=32 value=25653
record p=51343 q=52919 N=2717020217 n=32 value=25671
record p=51347 q=51383 N=2638362901 n=32 value=25673
record p=51383 q=51419 N=2642062477 n=32 value=25691
record p=51407 q=51419 N=2643296533 n=32 value=25703
record p=51419 q=51539 N=2650083841 n=32 value=25709
record p=51427 q=89963 N=4626527201 n=33 value=25713
record p=51431 q=71147 N=3659161357 n=32 value=25715
record p=51439 q=54167 N=2786296313 n=32 value=25719
record p=51479 q=52127 N=2683445833 n=32 value=25739
record p=51487 q=61463 N=3164545481 n=32 value=25743
record p=51503 q=51599 N=2657503297 n=32 value=25751
record p=51539 q=51599 N=2659360861 n=32 value=25769
record p=51551 q=51599 N=2659980049 n=32 value=25775
record p=51563 q=51599 N=2660599237 n=32 value=25781
record p=51599 q=51659 N=2665552741 n=32 value=25799
record p=51647 q=58943 N=3044229121 n=32 value=25823
record p=51659 q=51683 N=2669892097 n=32 value=25829
record p=51679 q=52103 N=2692630937 n=32 value=25839
record p=51683 q=51803 N=2677334449 n=32 value=25841
record p=51719 q=52127 N=2695956313 n=32 value=25859
record p=51767 q=52067 N=2695352389 n=32 value=25883
record p=51803 q=51827 N=2684794081 n=32 value=25901
record p=51827 q=51899 N=2689769473 n=32 value=25913
record p=51839 q=52067 N=2699101213 n=32 value=25919
record p=51859 q=91163 N=4727622017 n=33 value=25929
record p=51899 q=62423 N=3239691277 n=32 value=25949
record p=51971 q=68567 N=3563495557 n=32 value=25985
record p=52067 q=53003 N=2759707201 n=32 value=26033
record p=52103 q=52379 N=2729103037 n=32 value=26051
record p=52127 q=52163 N=2719100701 n=32 value=26063
record p=52147 q=53507 N=2790229529 n=32 value=26073
record p=52163 q=52583 N=2742887029 n=32 value=26081
record p=52223 q=52259 N=2729121757 n=32 value=26111
record p=52259 q=52583 N=2747934997 n=32 value=26129
record p=52379 q=52583 N=2754244957 n=32 value=26189
record p=52387 q=83987 N=4399826969 n=33 value=26193
record p=52391 q=76403 N=4002829573 n=32 value=26195
record p=52511 q=62099 N=3260880589 n=32 value=26255
record p=52571 q=66959 N=3520101589 n=32 value=26285
record p=52579 q=83939 N=4413428681 n=33 value=26289
record p=52583 q=52667 N=2769388861 n=32 value=26291
record p=52631 q=61547 N=3239280157 n=32 value=26315
record p=52639 q=60647 N=3192397433 n=32 value=26319
record p=52667 q=52883 N=2785188961 n=32 value=26333
record p=52691 q=74687 N=3935332717 n=32 value=26345
record p=52727 q=53507 N=2821263589 n=32 value=26363
record p=52747 q=102539 N=5408624633 n=33 value=26373
record p=52783 q=102023 N=5385080009 n=33 value=26391
record p=52807 q=58967 N=3113870369 n=32 value=26403
record p=52859 q=52919 N=2797245421 n=32 value=26429
record p=52883 q=52919 N=2798515477 n=32 value=26441
record p=52903 q=83663 N=4426023689 n=33 value=26451
record p=52919 q=52967 N=2802960673 n=32 value=26459
record p=52967 q=53003 N=2807409901 n=32 value=26483
record p=53003 q=53147 N=2816950441 n=32 value=26501
record p=53051 q=62327 N=3306509677 n=32 value=26525
record p=53087 q=53279 N=2828422273 n=32 value=26543
record p=53147 q=53267 N=2830981249 n=32 value=26573
record p=53171 q=60923 N=3239336833 n=32 value=26585
record p=53231 q=60647 N=3228300457 n=32 value=26615
record p=53267 q=53699 N=2860384633 n=32 value=26633
record p=53279 q=54323 N=2894275117 n=32 value=26639
record p=53327 q=58067 N=3096538909 n=32 value=26663
record p=53411 q=67427 N=3601343497 n=32 value=26705
record p=53503 q=104183 N=5574103049 n=33 value=26751
record p=53507 q=53639 N=2870061973 n=32 value=26753
record p=53591 q=60539 N=3244345549 n=32 value=26795
record p=53623 q=104999 N=5630361377 n=33 value=26811
record p=53639 q=53699 N=2880360661 n=32 value=26819
record p=53699 q=53783 N=2888093317 n=32 value=26849
record p=53719 q=58727 N=3154755713 n=32 value=26859
record p=53759 q=53783 N=2891320297 n=32 value=26879
record p=53783 q=53819 N=2894547277 n=32 value=26891
record p=53819 q=53927 N=2902297213 n=32 value=26909
record p=53831 q=83939 N=4518520309 n=33 value=26915
record p=53891 q=61967 N=3339463597 n=32 value=26945
record p=53927 q=53939 N=2908768453 n=32 value=26963
record p=53939 q=53987 N=2912004793 n=32 value=26969
record p=53951 q=72167 N=3893481817 n=32 value=26975
record p=53959 q=54959 N=2965532681 n=32 value=26979
record p=53987 q=54059 N=2918483233 n=32 value=26993
record p=54011 q=68207 N=3683928277 n=32 value=27005
record p=54059 q=54287 N=2934700933 n=32 value=27029
record p=54083 q=54779 N=2962612657 n=32 value=27041
record p=54167 q=55079 N=2983464193 n=32 value=27083
record p=54251 q=59999 N=3255005749 n=32 value=27125
record p=54287 q=54323 N=2949032701 n=32 value=27143
record p=54311 q=59747 N=3244919317 n=32 value=27155
record p=54323 q=54443 N=2957507089 n=32 value=27161
record p=54347 q=54419 N=2957509393 n=32 value=27173
record p=54371 q=59723 N=3247199233 n=32 value=27185
record p=54403 q=102539 N=5578429217 n=33 value=27201
record p=54419 q=79427 N=4322337913 n=33 value=27209
record p=54443 q=54563 N=2970573409 n=32 value=27221
record p=54499 q=84467 N=4603367033 n=33 value=27249
record p=54503 q=56663 N=3088303489 n=32 value=27251
record p=54539 q=59183 N=3227781637 n=32 value=27269
record p=54547 q=108347 N=5910003809 n=33 value=27273
record p=54563 q=54647 N=2981704261 n=32 value=27281
record p=54623 q=54647 N=2984983081 n=32 value=27311
record p=54647 q=55487 N=3032198089 n=32 value=27323
record p=54667 q=54779 N=2994603593 n=32 value=27333
record p=54679 q=103079 N=5636256641 n=33 value=27339
record p=54767 q=54779 N=3000081493 n=32 value=27383
record p=54779 q=54959 N=3010599061 n=32 value=27389
record p=54787 q=100907 N=5528391809 n=33 value=27393
record p=54799 q=85847 N=4704329753 n=33 value=27399
record p=54851 q=59063 N=3239664613 n=32 value=27425
record p=54907 q=98867 N=5428490369 n=33 value=27453
record p=54919 q=54959 N=3018293321 n=32 value=27459
record p=54959 q=54983 N=3021810697 n=32 value=27479
record p=54983 q=55079 N=3028408657 n=32 value=27491
record p=55079 q=55127 N=3036340033 n=32 value=27539
record p=55103 q=55127 N=3037663081 n=32 value=27551
record p=55127 q=55163 N=3040970701 n=32 value=27563
record p=55163 q=55259 N=3048252217 n=32 value=27581
record p=55207 q=109367 N=6037823969 n=33 value=27603
record p=55259 q=56207 N=3105942613 n=32 value=27629
record p=55331 q=64283 N=3556842673 n=32 value=27665
record p=55339 q=101723 N=5629249097 n=33 value=27669
record p=55343 q=56207 N=3110664001 n=32 value=27671
record p=55439 q=55547 N=3079470133 n=32 value=27719
record p=55487 q=55547 N=3082136389 n=32 value=27743
record p=55511 q=77699 N=4313149189 n=33 value=27755
record p=55547 q=55619 N=3089468593 n=32 value=27773
record p=55579 q=96827 N=5381547833 n=33 value=27789
record p=55603 q=79139 N=4400365817 n=33 value=27801
record p=55619 q=55787 N=3102817153 n=32 value=27809
record p=55631 q=63299 N=3521386669 n=32 value=27815
record p=55663 q=97583 N=5431762529 n=33 value=27831
record p=55667 q=56039 N=3119523013 n=32 value=27833
record p=55691 q=59447 N=3310662877 n=32 value=27845
record p=55763 q=55967 N=3120887821 n=32 value=27881
record p=55787 q=55967 N=3122231029 n=32 value=27893
record p=55799 q=57803 N=3225349597 n=32 value=27899
record p=55807 q=82487 N=4603352009 n=33 value=27903
record p=55823 q=56003 N=3126255469 n=32 value=27911
record p=55843 q=107699 N=6014235257 n=33 value=27921
record p=55871 q=59183 N=3306613393 n=32 value=27935
record p=55931 q=89939 N=5030378209 n=33 value=27965
record p=55967 q=56003 N=3134319901 n=32 value=27983
record p=56003 q=56039 N=3138352117 n=32 value=28001
record p=56039 q=56087 N=3143059393 n=32 value=28019
record p=56087 q=56099 N=3146424613 n=32 value=28043
record p=56099 q=56207 N=3153156493 n=32 value=28049
record p=56123 q=57503 N=3227240869 n=32 value=28061
record p=56171 q=58043 N=3260333353 n=32 value=28085
record p=56179 q=105683 N=5937165257 n=33 value=28089
record p=56207 q=56267 N=3162599269 n=32 value=28103
record p=56263 q=110807 N=6234334241 n=33 value=28131
record p=56267 q=57587 N=3240247729 n=32 value=28133
record p=56383 q=98807 N=5571035081 n=33 value=28191
record p=56443 q=81563 N=4603660409 n=33 value=28221
record p=56479 q=76607 N=4326686753 n=33 value=28239
record p=56503 q=83663 N=4727210489 n=33 value=28251
record p=56519 q=56999 N=3221526481 n=32 value=28259
record p=56527 q=76463 N=4322224001 n=33 value=28263
record p=56531 q=57383 N=3243918373 n=32 value=28265
record p=56543 q=56663 N=3203896009 n=32 value=28271
record p=56591 q=58907 N=3333606037 n=32 value=28295
record p=56599 q=80687 N=4566803513 n=33 value=28299
record p=56663 q=56807 N=3218855041 n=32 value=28331
record p=56687 q=56843 N=3222259141 n=32 value=28343
record p=56711 q=59063 N=3349521793 n=32 value=28355
record p=56747 q=56807 N=3223626829 n=32 value=28373
record p=56767 q=75743 N=4299702881 n=33 value=28383
record p=56779 q=76163 N=4324458977 n=33 value=28389
record p=56783 q=56843 N=3227716069 n=32 value=28391
record p=56807 q=56843 N=3229080301 n=32 value=28403
record p=56843 q=56999 N=3239994157 n=32 value=28421
record p=56891 q=58427 N=3323970457 n=32 value=28445
record p=56951 q=58403 N=3326109253 n=32 value=28475
record p=56963 q=57347 N=3266657161 n=32 value=28481
record p=56983 q=82799 N=4718135417 n=33 value=28491
record p=56999 q=57059 N=3252305941 n=32 value=28499
record p=57047 q=57059 N=3255044773 n=32 value=28523
record p=57059 q=57143 N=3260522437 n=32 value=28529
record p=57107 q=57143 N=3263265301 n=32 value=28553
record p=57119 q=57143 N=3263951017 n=32 value=28559
record p=57131 q=57203 N=3268064593 n=32 value=28565
record p=57143 q=57251 N=3271493893 n=32 value=28571
record p=57179 q=59699 N=3413529121 n=32 value=28589
record p=57203 q=57287 N=3276988261 n=32 value=28601
record p=57251 q=62627 N=3585458377 n=32 value=28625
record p=57259 q=75083 N=4299177497 n=33 value=28629
record p=57283 q=112403 N=6438781049 n=33 value=28641
record p=57287 q=57347 N=3285237589 n=32 value=28643
record p=57347 q=57467 N=3295560049 n=32 value=28673
record p=57367 q=82463 N=4730654921 n=33 value=28683
record p=57383 q=57587 N=3304514821 n=32 value=28691
record p=57467 q=57719 N=3316937773 n=32 value=28733
record p=57503 q=57587 N=3311425261 n=32 value=28751
record p=57527 q=58907 N=3388742989 n=32 value=28763
record p=57559 q=79559 N=4579336481 n=33 value=28779
record p=57587 q=57719 N=3323864053 n=32 value=28793
record p=57719 q=57803 N=3336331357 n=32 value=28859
record p=57727 q=93047 N=5371324169 n=33 value=28863
record p=57731 q=60647 N=3501211957 n=32 value=28865
record p=57787 q=82619 N=4774304153 n=33 value=28893
record p=57791 q=61547 N=3556862677 n=32 value=28895
record p=57803 q=57899 N=3346735897 n=32 value=28901
record p=57839 q=58067 N=3358537213 n=32 value=28919
record p=57899 q=57923 N=3353683777 n=32 value=28949
record p=57923 q=58043 N=3362024689 n=32 value=28961
record p=57943 q=108959 N=6313411337 n=33 value=28971
record p=57947 q=58067 N=3364808449 n=32 value=28973
record p=58031 q=112559 N=6531911329 n=33 value=29015
record p=58043 q=58067 N=3370382881 n=32 value=29021
record p=58067 q=58403 N=3391287001 n=32 value=29033
record p=58147 q=79139 N=4601695433 n=33 value=29073
record p=58151 q=61967 N=3603443017 n=32 value=29075
record p=58199 q=58439 N=3401091361 n=32 value=29099
record p=58207 q=79319 N=4616921033 n=33 value=29103
record p=58211 q=62627 N=3645580297 n=32 value=29105
record p=58243 q=73859 N=4301769737 n=33 value=29121
record p=58271 q=61403 N=3578014213 n=32 value=29135
record p=58363 q=75659 N=4415686217 n=33 value=29181
record p=58367 q=58979 N=3442427293 n=32 value=29183
record p=58379 q=60107 N=3508986553 n=32 value=29189
record p=58391 q=62207 N=3632328937 n=32 value=29195
record p=58403 q=58427 N=3412312081 n=32 value=29201
record p=58427 q=58679 N=3428437933 n=32 value=29213
record p=58439 q=58679 N=3429142081 n=32 value=29219
record p=58451 q=91283 N=5335582633 n=33 value=29225
record p=58511 q=61463 N=3596261593 n=32 value=29255
record p=58631 q=82487 N=4836295297 n=33 value=29315
record p=58679 q=58727 N=3446041633 n=32 value=29339
record p=58687 q=101183 N=5938126721 n=33 value=29343
record p=58727 q=58907 N=3459431389 n=32 value=29363
record p=58763 q=58979 N=3465782977 n=32 value=29381
record p=58787 q=92507 N=5438209009 n=33 value=29393
record p=58907 q=58967 N=3473569069 n=32 value=29453
record p=58943 q=58967 N=3475691881 n=32 value=29471
record p=58963 q=93827 N=5532321401 n=33 value=29481
record p=58967 q=58979 N=3477814693 n=32 value=29483
record p=58979 q=59063 N=3483476677 n=32 value=29489
record p=58991 q=66107 N=3899718037 n=32 value=29495
record p=59023 q=81647 N=4819050881 n=33 value=29511
record p=59051 q=60623 N=3579848773 n=32 value=29525
record p=59063 q=59159 N=3494108017 n=32 value=29531
record p=59107 q=79907 N=4723063049 n=33 value=29553
record p=59123 q=61379 N=3628910617 n=32 value=29561
record p=59159 q=59219 N=3503336821 n=32 value=29579
record p=59167 q=77783 N=4602186761 n=33 value=29583
record p=59183 q=59243 N=3506178469 n=32 value=29591
record p=59207 q=59219 N=3506179333 n=32 value=29603
record p=59219 q=59399 N=3517549381 n=32 value=29609
record p=59239 q=72959 N=4322018201 n=33 value=29619
record p=59243 q=59999 N=3554520757 n=32 value=29621
record p=59351 q=63467 N=3766829917 n=32 value=29675
record p=59387 q=59447 N=3530378989 n=32 value=29693
record p=59399 q=59747 N=3548912053 n=32 value=29699
record p=59407 q=94823 N=5633149961 n=33 value=29703
record p=59419 q=80363 N=4775089097 n=33 value=29709
record p=59443 q=93083 N=5533132769 n=33 value=29721
record p=59447 q=59747 N=3551779909 n=32 value=29723
record p=59471 q=61343 N=3648129553 n=32 value=29735
record p=59539 q=100379 N=5976465281 n=33 value=29769
record p=59567 q=63599 N=3788401633 n=32 value=29783
record p=59627 q=59747 N=3562534369 n=32 value=29813
record p=59651 q=61403 N=3662750353 n=32 value=29825
record p=59663 q=59747 N=3564685261 n=32 value=29831
record p=59699 q=59999 N=3581880301 n=32 value=29849
record p=59723 q=62927 N=3758189221 n=32 value=29861
record p=59743 q=72383 N=4324377569 n=33 value=29871
record p=59747 q=59999 N=3584760253 n=32 value=29873
record p=59771 q=60167 N=3596241757 n=32 value=29885
record p=59863 q=72167 N=4320133121 n=33 value=29931
record p=59879 q=75347 N=4511703013 n=33 value=29939
record p=59887 q=73847 N=4422475289 n=33 value=29943
record p=59951 q=66923 N=4012100773 n=32 value=29975
record p=59999 q=60107 N=3606359893 n=32 value=29999
record p=60083 q=60167 N=3615013861 n=32 value=30041
record p=60103 q=76607 N=4604310521 n=33 value=30051
record p=60107 q=60167 N=3616457869 n=32 value=30053
record p=60127 q=72767 N=4375261409 n=33 value=30063
record p=60167 q=60251 N=3625121917 n=32 value=30083
record p=60251 q=62603 N=3771893353 n=32 value=30125
record p=60343 q=106319 N=6415607417 n=33 value=30171
record p=60383 q=61583 N=3718566289 n=32 value=30191
record p=60427 q=89123 N=5385435521 n=33 value=30213
record p=60443 q=60527 N=3658433461 n=32 value=30221
record p=60527 q=60539 N=3664244053 n=32 value=30263
record p=60539 q=60647 N=3671508733 n=32 value=30269
record p=60607 q=88799 N=5381840993 n=33 value=30303
record p=60611 q=62927 N=3814068397 n=32 value=30305
record p=60623 q=60719 N=3680967937 n=32 value=30311
record p=60647 q=60779 N=3686064013 n=32 value=30323
record p=60659 q=62099 N=3766863241 n=32 value=30329
record p=60719 q=61343 N=3724685617 n=32 value=30359
record p=60727 q=101807 N=6182433689 n=33 value=30363
record p=60779 q=60899 N=3701380321 n=32 value=30389
record p=60859 q=75539 N=4597228001 n=33 value=30429
record p=60887 q=60899 N=3707957413 n=32 value=30443
record p=60899 q=60923 N=3710149777 n=32 value=30449
record p=60923 q=61343 N=3737199589 n=32 value=30461
record p=60943 q=105167 N=6409192481 n=33 value=30471
record p=61007 q=61703 N=3764314921 n=32 value=30503
record p=61027 q=92363 N=5636636801 n=33 value=30513
record p=61031 q=64223 N=3919593913 n=32 value=30515
record p=61043 q=61343 N=3744560749 n=32 value=30521
record p=61091 q=62423 N=3813483493 n=32 value=30545
record p=61151 q=62327 N=3811358377 n=32 value=30575
record p=61211 q=64319 N=3937030309 n=32 value=30605
record p=61223 q=70607 N=4322772361 n=33 value=30611
record p=61283 q=61463 N=3766637029 n=32 value=30641
record p=61331 q=62039 N=3804913909 n=32 value=30665
record p=61339 q=77747 N=4768923233 n=33 value=30669
record p=61343 q=61379 N=3765171997 n=32 value=30671
record p=61379 q=61463 N=3772537477 n=32 value=30689
record p=61403 q=61463 N=3774012589 n=32 value=30701
record p=61463 q=61547 N=3782863261 n=32 value=30731
record p=61487 q=61547 N=3784340389 n=32 value=30743
record p=61511 q=62003 N=3813866533 n=32 value=30755
record p=61519 q=76367 N=4698021473 n=33 value=30759
record p=61543 q=70199 N=4320257057 n=33 value=30771
record p=61547 q=61703 N=3797634541 n=32 value=30773
record p=61559 q=71339 N=4391557501 n=33 value=30779
record p=61583 q=61703 N=3799855849 n=32 value=30791
record p=61631 q=70067 N=4318299277 n=33 value=30815
record p=61643 q=70919 N=4371659917 n=33 value=30821
record p=61667 q=61703 N=3805038901 n=32 value=30833
record p=61703 q=61967 N=3823549801 n=32 value=30851
record p=61751 q=75707 N=4674982957 n=33 value=30875
record p=61871 q=64187 N=3971313877 n=32 value=30935
record p=61879 q=102023 N=6313081217 n=33 value=30939
record p=61927 q=99839 N=6182729753 n=33 value=30963
record p=61967 q=62003 N=3842139901 n=32 value=30983
record p=61979 q=69827 N=4327807633 n=33 value=30989
record p=61987 q=89867 N=5570585729 n=33 value=30993
record p=61991 q=62219 N=3857018029 n=32 value=30995
record p=62003 q=62039 N=3846604117 n=32 value=31001
record p=62039 q=62099 N=3852559861 n=32 value=31019
record p=62099 q=62303 N=3868953997 n=32 value=31049
record p=62171 q=69263 N=4306149973 n=33 value=31085
record p=62207 q=62627 N=3895837789 n=32 value=31103
record p=62219 q=62303 N=3876430357 n=32 value=31109
record p=62299 q=74099 N=4616293601 n=33 value=31149
record p=62303 q=62507 N=3894373621 n=32 value=31151
record p=62327 q=62627 N=3903353029 n=32 value=31163
record p=62347 q=73859 N=4604887073 n=33 value=31173
record p=62351 q=80207 N=5000986657 n=33 value=31175
record p=62383 q=102407 N=6388455881 n=33 value=31191
record p=62423 q=62507 N=3901874461 n=32 value=31211
record p=62459 q=63059 N=3938602081 n=32 value=31229
record p=62483 q=70619 N=4412486977 n=33 value=31241
record p=62507 q=62603 N=3913125721 n=32 value=31253
record p=62563 q=86627 N=5419645001 n=33 value=31281
record p=62591 q=79907 N=5001459037 n=33 value=31295
record p=62603 q=62627 N=3920638081 n=32 value=31301
record p=62627 q=62723 N=3928153321 n=32 value=31313
record p=62639 q=62927 N=3941684353 n=32 value=31319
record p=62683 q=94547 N=5926489601 n=33 value=31341
record p=62687 q=63587 N=3986078269 n=32 value=31343
record p=62723 q=63419 N=3977829937 n=32 value=31361
record p=62743 q=86183 N=5407379969 n=33 value=31371
record p=62819 q=68507 N=4303541233 n=33 value=31409
record p=62903 q=68543 N=4311560329 n=33 value=31451
record p=62927 q=62939 N=3960562453 n=32 value=31463
record p=62939 q=63059 N=3968870401 n=32 value=31469
record p=62983 q=74687 N=4704011321 n=33 value=31491
record p=62987 q=70223 N=4423136101 n=33 value=31493
record p=63059 q=63299 N=3991571641 n=32 value=31529
record p=63067 q=68507 N=4320530969 n=33 value=31533
record p=63131 q=72287 N=4563550597 n=33 value=31565
record p=63179 q=63311 N=3999925669 n=32 value=31589
record p=63199 q=72767 N=4598801633 n=33 value=31599
record p=63299 q=63347 N=4009801753 n=32 value=31649
record p=63311 q=67883 N=4297740613 n=33 value=31655
record p=63347 q=63419 N=4017403393 n=32 value=31673
record p=63419 q=63443 N=4023491617 n=32 value=31709
record p=63439 q=85223 N=5406461897 n=33 value=31719
record p=63443 q=63467 N=4026536881 n=32 value=31721
record p=63463 q=69263 N=4395637769 n=33 value=31731
record p=63467 q=63839 N=4051669813 n=32 value=31733
record p=63487 q=99767 N=6333907529 n=33 value=31743
record p=63527 q=63587 N=4039491349 n=32 value=31763
record p=63559 q=71999 N=4576184441 n=33 value=31779
record p=63587 q=63719 N=4051700053 n=32 value=31793
record p=63599 q=63719 N=4052464681 n=32 value=31799
record p=63607 q=97127 N=6177957089 n=33 value=31803
record p=63611 q=67883 N=4318105513 n=33 value=31805
record p=63647 q=63719 N=4055523193 n=32 value=31823
record p=63659 q=67547 N=4299974473 n=33 value=31829
record p=63671 q=68483 N=4360381093 n=33 value=31835
record p=63719 q=63863 N=4069286497 n=32 value=31859
record p=63743 q=68087 N=4340069641 n=33 value=31871
record p=63799 q=68903 N=4395942497 n=33 value=31899
record p=63803 q=64007 N=4083838621 n=32 value=31901
record p=63839 q=63863 N=4076950057 n=32 value=31919
record p=63863 q=64007 N=4087679041 n=32 value=31931
record p=63907 q=86627 N=5536071689 n=33 value=31953
record p=64007 q=64019 N=4097664133 n=32 value=32003
record p=64019 q=64067 N=4101505273 n=32 value=32009
record p=64067 q=64187 N=4112268529 n=32 value=32033
record p=64091 q=78203 N=5012108473 n=33 value=32045
record p=64123 q=93179 N=5974917017 n=33 value=32061
record p=64151 q=67547 N=4333207597 n=33 value=32075
record p=64187 q=64283 N=4126132921 n=32 value=32093
record p=64223 q=64283 N=4128447109 n=32 value=32111
record p=64271 q=66959 N=4303521889 n=33 value=32135
record p=64279 q=91943 N=5910004097 n=33 value=32139
record p=64283 q=64403 N=4140018049 n=32 value=32141
record p=64319 q=64439 N=4144652041 n=32 value=32159
record p=64327 q=67967 N=4372113209 n=33 value=32163
record p=64403 q=64679 N=4165521637 n=32 value=32201
record p=64439 q=64679 N=4167850081 n=32 value=32219
record p=64451 q=70919 N=4570800469 n=33 value=32225
record p=64499 q=67979 N=4384577521 n=33 value=32249
record p=64667 q=66587 N=4305981529 n=33 value=32333
record p=64679 q=65027 N=4205881333 n=32 value=32339
record p=64763 q=65063 N=4213675069 n=32 value=32381
record p=64783 q=67343 N=4362681569 n=33 value=32391
record p=64811 q=66959 N=4339679749 n=33 value=32405
record p=64871 q=68279 N=4429327009 n=33 value=32435
record p=64879 q=68207 N=4425201953 n=33 value=32439
record p=64919 q=66359 N=4307959921 n=33 value=32459
record p=64927 q=70439 N=4573392953 n=33 value=32463
record p=65003 q=67559 N=4391537677 n=33 value=32501
record p=65027 q=65063 N=4230851701 n=32 value=32513
record p=65063 q=65123 N=4237097749 n=32 value=32531
record p=65099 q=65123 N=4239442177 n=32 value=32549
record p=65111 q=68099 N=4433993989 n=33 value=32555
record p=65119 q=97919 N=6376387361 n=33 value=32559
record p=65123 q=65147 N=4242568081 n=32 value=32561
record p=65147 q=65267 N=4251949249 n=32 value=32573
record p=65167 q=70223 N=4576222241 n=33 value=32583
record p=65183 q=65519 N=4270724977 n=32 value=32591
record p=65203 q=92243 N=6014520329 n=33 value=32601
record p=65267 q=65327 N=4263697309 n=32 value=32633
record p=65323 q=92459 N=6039699257 n=33 value=32661
record p=65327 q=65447 N=4275456169 n=32 value=32663
record p=65407 q=73079 N=4779878153 n=33 value=32703
record p=65419 q=66923 N=4378035737 n=33 value=32709
record p=65423 q=65687 N=4297440601 n=33 value=32711
record p=65447 q=65543 N=4289592721 n=32 value=32723
record p=65519 q=66107 N=4331264533 n=33 value=32759
TOP20
p=65519 q=66107 N=4331264533 n=33 d=2 sp=32759(17*41*47) sq=33053(33053) residuals=K:(32759,33053),R:(799,33053),C:(47,33053),KR:(799,33053),KC:(47,33053),RC:(47,33053),KRC:(47,33053) hits=p{17:K[]R[]C[15,16,17],41:K[]R[10,11]C[11],47:K[]R[]C[]};q{33053:K[]R[]C[]}
p=65519 q=66467 N=4354851373 n=33 d=2 sp=32759(17*41*47) sq=33233(167*199) residuals=K:(32759,33233),R:(32759,33233),C:(1927,33233),KR:(32759,33233),KC:(1927,33233),RC:(1927,33233),KRC:(1927,33233) hits=p{17:K[]R[]C[15,16,17],41:K[]R[]C[],47:K[]R[]C[]};q{167:K[]R[]C[],199:K[]R[]C[]}
p=65519 q=67043 N=4392590317 n=33 d=2 sp=32759(17*41*47) sq=33521(33521) residuals=K:(32759,33521),R:(1927,33521),C:(47,33521),KR:(1927,33521),KC:(47,33521),RC:(47,33521),KRC:(47,33521) hits=p{17:K[]R[9]C[16,17],41:K[]R[]C[21],47:K[]R[]C[]};q{33521:K[]R[]C[]}
p=65519 q=67307 N=4409887333 n=33 d=2 sp=32759(17*41*47) sq=33653(73*461) residuals=K:(32759,33653),R:(697,33653),C:(47,33653),KR:(697,33653),KC:(47,33653),RC:(1,33653),KRC:(1,33653) hits=p{17:K[]R[]C[16,17],41:K[]R[]C[12,23,24],47:K[]R[26]C[]};q{73:K[]R[]C[],461:K[]R[]C[]}
p=65519 q=67619 N=4430329261 n=33 d=2 sp=32759(17*41*47) sq=33809(33809) residuals=K:(32759,33809),R:(32759,33809),C:(1927,33809),KR:(32759,33809),KC:(1927,33809),RC:(1927,33809),KRC:(1927,33809) hits=p{17:K[]R[]C[11,17],41:K[]R[]C[],47:K[]R[]C[]};q{33809:K[]R[]C[]}
p=65519 q=68099 N=4461778381 n=33 d=2 sp=32759(17*41*47) sq=34049(79*431) residuals=K:(32759,34049),R:(799,34049),C:(1927,34049),KR:(799,34049),KC:(1927,34049),RC:(47,34049),KRC:(47,34049) hits=p{17:K[]R[]C[7,8,9,17],41:K[]R[8]C[],47:K[]R[]C[]};q{79:K[]R[]C[],431:K[]R[]C[]}
p=65519 q=68219 N=4469640661 n=33 d=2 sp=32759(17*41*47) sq=34109(23*1483) residuals=K:(32759,34109),R:(1927,34109),C:(1927,34109),KR:(1927,34109),KC:(1927,34109),RC:(1927,34109),KRC:(1927,34109) hits=p{17:K[]R[7]C[17],41:K[]R[]C[],47:K[]R[]C[]};q{23:K[]R[]C[],1483:K[]R[]C[]}
p=65519 q=68687 N=4500303553 n=33 d=2 sp=32759(17*41*47) sq=34343(61*563) residuals=K:(32759,34343),R:(697,34343),C:(1927,34343),KR:(697,34343),KC:(1927,34343),RC:(41,34343),KRC:(41,34343) hits=p{17:K[]R[]C[17],41:K[]R[]C[],47:K[]R[10]C[]};q{61:K[]R[]C[],563:K[]R[]C[]}
p=65519 q=68879 N=4512883201 n=33 d=2 sp=32759(17*41*47) sq=34439(34439) residuals=K:(32759,34439),R:(32759,34439),C:(47,34439),KR:(32759,34439),KC:(47,34439),RC:(47,34439),KRC:(47,34439) hits=p{17:K[]R[]C[17],41:K[]R[]C[19,20,21,22,23,24],47:K[]R[]C[]};q{34439:K[]R[]C[]}
p=65519 q=69143 N=4530180217 n=33 d=2 sp=32759(17*41*47) sq=34571(181*191) residuals=K:(32759,34571),R:(32759,34571),C:(1927,34571),KR:(32759,34571),KC:(1927,34571),RC:(1927,34571),KRC:(1927,34571) hits=p{17:K[]R[]C[17],41:K[]R[]C[],47:K[]R[]C[]};q{181:K[]R[]C[],191:K[]R[]C[]}
p=65519 q=74759 N=4898134921 n=33 d=2 sp=32759(17*41*47) sq=37379(37379) residuals=K:(32759,37379),R:(799,37379),C:(1,37379),KR:(799,37379),KC:(1,37379),RC:(1,37379),KRC:(1,37379) hits=p{17:K[]R[]C[8,9,10],41:K[]R[26,27,28,29]C[27,28,29],47:K[]R[]C[30]};q{37379:K[]R[]C[]}
p=65519 q=75167 N=4924866673 n=33 d=2 sp=32759(17*41*47) sq=37583(7^2*13*59) residuals=K:(32759,37583),R:(47,59),C:(32759,59),KR:(47,59),KC:(32759,59),RC:(47,59),KRC:(47,59) hits=p{17:K[]R[5]C[],41:K[]R[24]C[],47:K[]R[]C[]};q{7:K[]R[6,24]C[16,17,18],13:K[]R[18,19]C[19],59:K[]R[]C[]}
p=65519 q=75407 N=4940591233 n=33 d=2 sp=32759(17*41*47) sq=37703(37*1019) residuals=K:(32759,37703),R:(697,37703),C:(32759,37703),KR:(697,37703),KC:(32759,37703),RC:(697,37703),KRC:(697,37703) hits=p{17:K[]R[]C[],41:K[]R[]C[],47:K[]R[20]C[]};q{37:K[]R[]C[],1019:K[]R[]C[]}
p=65519 q=75767 N=4964178073 n=33 d=2 sp=32759(17*41*47) sq=37883(43*881) residuals=K:(32759,37883),R:(1927,37883),C:(1927,37883),KR:(1927,37883),KC:(1927,37883),RC:(1927,37883),KRC:(1927,37883) hits=p{17:K[]R[8,9,10,11,23]C[9,10,11],41:K[]R[]C[],47:K[]R[]C[]};q{43:K[]R[]C[],881:K[]R[]C[]}
p=65519 q=76103 N=4986192457 n=33 d=2 sp=32759(17*41*47) sq=38051(13*2927) residuals=K:(32759,38051),R:(32759,2927),C:(32759,2927),KR:(32759,2927),KC:(32759,2927),RC:(32759,2927),KRC:(32759,2927) hits=p{17:K[]R[]C[],41:K[]R[]C[],47:K[]R[]C[]};q{13:K[]R[10,11,12,13,14,18,19,20]C[11,12,13,14,19,20,25],2927:K[]R[]C[]}
p=65519 q=76667 N=5023145173 n=33 d=2 sp=32759(17*41*47) sq=38333(38333) residuals=K:(32759,38333),R:(1927,38333),C:(1927,38333),KR:(1927,38333),KC:(1927,38333),RC:(1927,38333),KRC:(1927,38333) hits=p{17:K[]R[7]C[30],41:K[]R[]C[],47:K[]R[]C[]};q{38333:K[]R[]C[]}
p=65519 q=76919 N=5039655961 n=33 d=2 sp=32759(17*41*47) sq=38459(38459) residuals=K:(32759,38459),R:(47,38459),C:(47,38459),KR:(47,38459),KC:(47,38459),RC:(47,38459),KRC:(47,38459) hits=p{17:K[]R[23,24,25,26]C[24,25,26],41:K[]R[23,24,25,26]C[24,25,26],47:K[]R[]C[]};q{38459:K[]R[]C[]}
p=65519 q=77867 N=5101767973 n=33 d=2 sp=32759(17*41*47) sq=38933(38933) residuals=K:(32759,38933),R:(32759,38933),C:(41,38933),KR:(32759,38933),KC:(41,38933),RC:(41,38933),KRC:(41,38933) hits=p{17:K[]R[]C[11,12],41:K[]R[]C[],47:K[]R[]C[15,16]};q{38933:K[]R[]C[]}
p=65519 q=77999 N=5110416481 n=33 d=2 sp=32759(17*41*47) sq=38999(59*661) residuals=K:(32759,38999),R:(32759,661),C:(32759,661),KR:(32759,661),KC:(32759,661),RC:(32759,661),KRC:(32759,661) hits=p{17:K[]R[]C[],41:K[]R[]C[],47:K[]R[]C[]};q{59:K[]R[11,12,13,14]C[12,13,14],661:K[]R[]C[]}
p=65519 q=79103 N=5182749457 n=33 d=2 sp=32759(17*41*47) sq=39551(39551) residuals=K:(32759,39551),R:(47,39551),C:(1927,39551),KR:(47,39551),KC:(1927,39551),RC:(47,39551),KRC:(47,39551) hits=p{17:K[]R[5,6,7,8,24,25,26]C[6,7,8,25,26,33],41:K[]R[13]C[],47:K[]R[]C[]};q{39551:K[]R[]C[]}
MENU R MAX 32759 COUNTS one=1493000 le_n=3511053 le_n2=11748724 le_n3=18474958
MAX_BY_N 4:1 6:1 7:1 8:5 9:8 10:7 11:21 12:23 13:33 14:44 15:86 16:116 17:176 18:251 19:341 20:491 21:716 22:1013 23:1439 24:2036 25:2858 26:4058 27:5759 28:8114 29:11558 30:16343 31:23099 32:32723 33:32759
RECORDS 3665
record p=3 q=5 N=15 n=4 value=1
record p=11 q=17 N=187 n=8 value=5
record p=17 q=23 N=391 n=9 value=8
record p=29 q=47 N=1363 n=11 value=14
record p=43 q=47 N=2021 n=11 value=21
record p=47 q=53 N=2491 n=12 value=23
record p=53 q=83 N=4399 n=13 value=26
record p=59 q=83 N=4897 n=13 value=29
record p=67 q=107 N=7169 n=13 value=33
record p=83 q=149 N=12367 n=14 value=41
record p=89 q=167 N=14863 n=14 value=44
record p=103 q=179 N=18437 n=15 value=51
record p=107 q=167 N=17869 n=15 value=53
record p=127 q=227 N=28829 n=15 value=63
record p=131 q=137 N=17947 n=15 value=65
record p=137 q=167 N=22879 n=15 value=68
record p=139 q=179 N=24881 n=15 value=69
record p=149 q=167 N=24883 n=15 value=74
record p=167 q=173 N=28891 n=15 value=83
record p=173 q=179 N=30967 n=15 value=86
record p=179 q=227 N=40633 n=16 value=89
record p=197 q=383 N=75451 n=17 value=98
record p=227 q=257 N=58339 n=16 value=113
record p=233 q=263 N=61279 n=16 value=116
record p=239 q=293 N=70027 n=17 value=119
record p=251 q=293 N=73543 n=17 value=125
record p=257 q=263 N=67591 n=17 value=128
record p=263 q=269 N=70747 n=17 value=131
record p=269 q=347 N=93343 n=17 value=134
record p=293 q=359 N=105187 n=17 value=146
record p=311 q=317 N=98587 n=17 value=155
record p=317 q=347 N=109999 n=17 value=158
record p=347 q=359 N=124573 n=17 value=173
record p=353 q=359 N=126727 n=17 value=176
record p=359 q=383 N=137497 n=18 value=179
record p=383 q=389 N=148987 n=18 value=191
record p=389 q=467 N=181663 n=18 value=194
record p=401 q=599 N=240199 n=18 value=200
record p=419 q=467 N=195673 n=18 value=209
record p=431 q=647 N=278857 n=19 value=215
record p=439 q=599 N=262961 n=19 value=219
record p=443 q=449 N=198907 n=18 value=221
record p=449 q=467 N=209683 n=18 value=224
record p=461 q=479 N=220819 n=18 value=230
record p=467 q=479 N=223693 n=18 value=233
record p=479 q=503 N=240937 n=18 value=239
record p=503 q=509 N=256027 n=18 value=251
record p=509 q=563 N=286567 n=19 value=254
record p=557 q=563 N=313591 n=19 value=278
record p=563 q=569 N=320347 n=19 value=281
record p=569 q=587 N=334003 n=19 value=284
record p=587 q=593 N=348091 n=19 value=293
record p=593 q=647 N=383671 n=19 value=296
record p=599 q=719 N=430681 n=19 value=299
record p=607 q=863 N=523841 n=19 value=303
record p=617 q=971 N=599107 n=20 value=308
record p=641 q=647 N=414727 n=19 value=320
record p=647 q=653 N=422491 n=19 value=323
record p=653 q=683 N=445999 n=19 value=326
record p=659 q=1019 N=671521 n=20 value=329
record p=677 q=719 N=486763 n=19 value=338
record p=683 q=719 N=491077 n=19 value=341
record p=701 q=839 N=588139 n=20 value=350
record p=719 q=743 N=534217 n=20 value=359
record p=739 q=1439 N=1063421 n=21 value=369
record p=743 q=797 N=592171 n=20 value=371
record p=761 q=1427 N=1085947 n=21 value=380
record p=773 q=839 N=648547 n=20 value=386
record p=787 q=1499 N=1179713 n=21 value=393
record p=797 q=839 N=668683 n=20 value=398
record p=809 q=839 N=678751 n=20 value=404
record p=821 q=839 N=688819 n=20 value=410
record p=823 q=1559 N=1283057 n=21 value=411
record p=827 q=857 N=708739 n=20 value=413
record p=839 q=857 N=719023 n=20 value=419
record p=857 q=863 N=739591 n=20 value=428
record p=863 q=887 N=765481 n=20 value=431
record p=881 q=1523 N=1341763 n=21 value=440
record p=887 q=947 N=839989 n=20 value=443
record p=919 q=1319 N=1212161 n=21 value=459
record p=929 q=971 N=902059 n=20 value=464
record p=941 q=1319 N=1241179 n=21 value=470
record p=947 q=983 N=930901 n=20 value=473
record p=953 q=1307 N=1245571 n=21 value=476
record p=971 q=1193 N=1158403 n=21 value=485
record p=977 q=983 N=960391 n=20 value=488
record p=983 q=1019 N=1001677 n=20 value=491
record p=1013 q=1187 N=1202431 n=21 value=506
record p=1019 q=1061 N=1081159 n=21 value=509
record p=1031 q=1103 N=1137193 n=21 value=515
record p=1039 q=1163 N=1208357 n=21 value=519
record p=1049 q=1187 N=1245163 n=21 value=524
record p=1061 q=1607 N=1705027 n=21 value=530
record p=1063 q=1787 N=1899581 n=21 value=531
record p=1091 q=1217 N=1327747 n=21 value=545
record p=1097 q=1187 N=1302139 n=21 value=548
record p=1103 q=1193 N=1315879 n=21 value=551
record p=1109 q=1187 N=1316383 n=21 value=554
record p=1151 q=1367 N=1573417 n=21 value=575
record p=1163 q=1193 N=1387459 n=21 value=581
record p=1181 q=2063 N=2436403 n=22 value=590
record p=1187 q=1193 N=1416091 n=21 value=593
record p=1193 q=1283 N=1530619 n=21 value=596
record p=1217 q=1307 N=1590619 n=21 value=608
record p=1223 q=1319 N=1613137 n=21 value=611
record p=1229 q=1283 N=1576807 n=21 value=614
record p=1259 q=1277 N=1607743 n=21 value=629
record p=1277 q=1307 N=1669039 n=21 value=638
record p=1279 q=1283 N=1640957 n=21 value=639
record p=1283 q=1307 N=1676881 n=21 value=641
record p=1289 q=1907 N=2458123 n=22 value=644
record p=1307 q=1319 N=1723933 n=21 value=653
record p=1319 q=1367 N=1803073 n=21 value=659
record p=1327 q=1487 N=1973249 n=21 value=663
record p=1361 q=1559 N=2121799 n=22 value=680
record p=1367 q=1373 N=1876891 n=21 value=683
record p=1373 q=1823 N=2502979 n=22 value=686
record p=1409 q=1439 N=2027551 n=21 value=704
record p=1427 q=1447 N=2064869 n=21 value=713
record p=1433 q=1439 N=2062087 n=21 value=716
record p=1439 q=1487 N=2139793 n=22 value=719
record p=1451 q=1499 N=2175049 n=22 value=725
record p=1483 q=2963 N=4394129 n=23 value=741
record p=1487 q=1493 N=2220091 n=22 value=743
record p=1493 q=1523 N=2273839 n=22 value=746
record p=1499 q=1553 N=2327947 n=22 value=749
record p=1511 q=1613 N=2437243 n=22 value=755
record p=1523 q=1559 N=2374357 n=22 value=761
record p=1553 q=1559 N=2421127 n=22 value=776
record p=1559 q=1619 N=2524021 n=22 value=779
record p=1567 q=3023 N=4737041 n=23 value=783
record p=1571 q=2459 N=3863089 n=22 value=785
record p=1583 q=2027 N=3208741 n=22 value=791
record p=1601 q=1979 N=3168379 n=22 value=800
record p=1607 q=1637 N=2630659 n=22 value=803
record p=1613 q=2039 N=3288907 n=22 value=806
record p=1619 q=1637 N=2650303 n=22 value=809
record p=1627 q=2663 N=4332701 n=23 value=813
record p=1637 q=1787 N=2925319 n=22 value=818
record p=1663 q=2543 N=4229009 n=23 value=831
record p=1667 q=1913 N=3188971 n=22 value=833
record p=1697 q=1847 N=3134359 n=22 value=848
record p=1709 q=1847 N=3156523 n=22 value=854
record p=1721 q=2447 N=4211287 n=23 value=860
record p=1733 q=1787 N=3096871 n=22 value=866
record p=1759 q=2459 N=4325381 n=23 value=879
record p=1787 q=1823 N=3257701 n=22 value=893
record p=1811 q=2099 N=3801289 n=22 value=905
record p=1823 q=1877 N=3421771 n=22 value=911
record p=1847 q=1907 N=3522229 n=22 value=923
record p=1867 q=2543 N=4747781 n=23 value=933
record p=1877 q=2039 N=3827203 n=22 value=938
record p=1879 q=3623 N=6807617 n=23 value=939
record p=1889 q=1907 N=3602323 n=22 value=944
record p=1901 q=2903 N=5518603 n=23 value=950
record p=1907 q=1913 N=3648091 n=22 value=953
record p=1913 q=1979 N=3785827 n=22 value=956
record p=1931 q=2417 N=4667227 n=23 value=965
record p=1949 q=2027 N=3950623 n=22 value=974
record p=1973 q=2039 N=4022947 n=22 value=986
record p=1979 q=2153 N=4260787 n=23 value=989
record p=1987 q=3323 N=6602801 n=23 value=993
record p=1997 q=2027 N=4047919 n=22 value=998
record p=1999 q=3947 N=7890053 n=23 value=999
record p=2027 q=2039 N=4133053 n=22 value=1013
record p=2039 q=2063 N=4206457 n=23 value=1019
record p=2063 q=2099 N=4330237 n=23 value=1031
record p=2069 q=2903 N=6006307 n=23 value=1034
record p=2081 q=2663 N=5541703 n=23 value=1040
record p=2087 q=2693 N=5620291 n=23 value=1043
record p=2099 q=2153 N=4519147 n=23 value=1049
record p=2111 q=2693 N=5684923 n=23 value=1055
record p=2141 q=3203 N=6857623 n=23 value=1070
record p=2153 q=2207 N=4751671 n=23 value=1076
record p=2179 q=3803 N=8286737 n=23 value=1089
record p=2203 q=2999 N=6606797 n=23 value=1101
record p=2207 q=2273 N=5016511 n=23 value=1103
record p=2213 q=2903 N=6424339 n=23 value=1106
record p=2237 q=2447 N=5473939 n=23 value=1118
record p=2239 q=2819 N=6311741 n=23 value=1119
record p=2243 q=2399 N=5380957 n=23 value=1121
record p=2267 q=2777 N=6295459 n=23 value=1133
record p=2273 q=2339 N=5316547 n=23 value=1136
record p=2297 q=3539 N=8129083 n=23 value=1148
record p=2309 q=2447 N=5650123 n=23 value=1154
record p=2333 q=2879 N=6716707 n=23 value=1166
record p=2339 q=2579 N=6032281 n=23 value=1169
record p=2351 q=3677 N=8644627 n=24 value=1175
record p=2357 q=2459 N=5795863 n=23 value=1178
record p=2383 q=3467 N=8261861 n=23 value=1191
record p=2393 q=2903 N=6946879 n=23 value=1196
record p=2399 q=2459 N=5899141 n=23 value=1199
record p=2411 q=3539 N=8532529 n=24 value=1205
record p=2417 q=2447 N=5914399 n=23 value=1208
record p=2423 q=2693 N=6525139 n=23 value=1211
record p=2441 q=3023 N=7379143 n=23 value=1220
record p=2447 q=2459 N=6017173 n=23 value=1223
record p=2459 q=2477 N=6090943 n=23 value=1229
record p=2467 q=2999 N=7398533 n=23 value=1233
record p=2477 q=2543 N=6299011 n=23 value=1238
record p=2543 q=2657 N=6756751 n=23 value=1271
record p=2549 q=3023 N=7705627 n=23 value=1274
record p=2579 q=2657 N=6852403 n=23 value=1289
record p=2609 q=2699 N=7041691 n=23 value=1304
record p=2621 q=2903 N=7608763 n=23 value=1310
record p=2633 q=3803 N=10013299 n=24 value=1316
record p=2657 q=2687 N=7139359 n=23 value=1328
record p=2663 q=2693 N=7171459 n=23 value=1331
record p=2687 q=2693 N=7236091 n=23 value=1343
record p=2693 q=2819 N=7591567 n=23 value=1346
record p=2699 q=2837 N=7657063 n=23 value=1349
record p=2711 q=2903 N=7870033 n=23 value=1355
record p=2729 q=2843 N=7758547 n=23 value=1364
record p=2741 q=2903 N=7957123 n=23 value=1370
record p=2753 q=2819 N=7760707 n=23 value=1376
record p=2777 q=2819 N=7828363 n=23 value=1388
record p=2789 q=2879 N=8029531 n=23 value=1394
record p=2801 q=3947 N=11055547 n=24 value=1400
record p=2819 q=2837 N=7997503 n=23 value=1409
record p=2837 q=2879 N=8167723 n=23 value=1418
record p=2843 q=3803 N=10811929 n=24 value=1421
record p=2861 q=3119 N=8923459 n=24 value=1430
record p=2879 q=2897 N=8340463 n=23 value=1439
record p=2897 q=2903 N=8409991 n=24 value=1448
record p=2903 q=2909 N=8444827 n=24 value=1451
record p=2909 q=2939 N=8549551 n=24 value=1454
record p=2927 q=2999 N=8778073 n=24 value=1463
record p=2939 q=2963 N=8708257 n=24 value=1469
record p=2957 q=2963 N=8761591 n=24 value=1478
record p=2963 q=2999 N=8886037 n=24 value=1481
record p=2969 q=4259 N=12644971 n=24 value=1484
record p=2999 q=3023 N=9065977 n=24 value=1499
record p=3023 q=3083 N=9319909 n=24 value=1511
record p=3041 q=4259 N=12951619 n=24 value=1520
record p=3083 q=3119 N=9615877 n=24 value=1541
record p=3089 q=3119 N=9634591 n=24 value=1544
record p=3119 q=3167 N=9877873 n=24 value=1559
record p=3137 q=3779 N=11854723 n=24 value=1568
record p=3167 q=3203 N=10143901 n=24 value=1583
record p=3203 q=3209 N=10278427 n=24 value=1601
record p=3209 q=3299 N=10586491 n=24 value=1604
record p=3251 q=3467 N=11271217 n=24 value=1625
record p=3257 q=4007 N=13050799 n=24 value=1628
record p=3299 q=3359 N=11081341 n=24 value=1649
record p=3323 q=3413 N=11341399 n=24 value=1661
record p=3329 q=3863 N=12859927 n=24 value=1664
record p=3347 q=3527 N=11804869 n=24 value=1673
record p=3359 q=3413 N=11464267 n=24 value=1679
record p=3371 q=3449 N=11626579 n=24 value=1685
record p=3407 q=3617 N=12323119 n=24 value=1703
record p=3413 q=3467 N=11832871 n=24 value=1706
record p=3449 q=3467 N=11957683 n=24 value=1724
record p=3461 q=4139 N=14325079 n=24 value=1730
record p=3463 q=5147 N=17824061 n=25 value=1731
record p=3467 q=3527 N=12228109 n=24 value=1733
record p=3491 q=3779 N=13192489 n=24 value=1745
record p=3527 q=3533 N=12460891 n=24 value=1763
record p=3533 q=3539 N=12503287 n=24 value=1766
record p=3539 q=3593 N=12715627 n=24 value=1769
record p=3557 q=4871 N=17326147 n=25 value=1778
record p=3581 q=4787 N=17142247 n=25 value=1790
record p=3593 q=3623 N=13017439 n=24 value=1796
record p=3617 q=3659 N=13234603 n=24 value=1808
record p=3623 q=3659 N=13256557 n=24 value=1811
record p=3643 q=4643 N=16914449 n=25 value=1821
record p=3659 q=3779 N=13827361 n=24 value=1829
record p=3671 q=4679 N=17176609 n=25 value=1835
record p=3677 q=3779 N=13895383 n=24 value=1838
record p=3701 q=5147 N=19049047 n=25 value=1850
record p=3719 q=4547 N=16910293 n=25 value=1859
record p=3761 q=5879 N=22110919 n=25 value=1880
record p=3767 q=4013 N=15116971 n=24 value=1883
record p=3779 q=3797 N=14348863 n=24 value=1889
record p=3797 q=3863 N=14667811 n=24 value=1898
record p=3803 q=3833 N=14576899 n=24 value=1901
record p=3821 q=4583 N=17511643 n=25 value=1910
record p=3833 q=3863 N=14806879 n=24 value=1916
record p=3847 q=5387 N=20723789 n=25 value=1923
record p=3863 q=3929 N=15177727 n=24 value=1931
record p=3881 q=6863 N=26635303 n=25 value=1940
record p=3911 q=5717 N=22359187 n=25 value=1955
record p=3917 q=4547 N=17810599 n=25 value=1958
record p=3923 q=3929 N=15413467 n=24 value=1961
record p=3929 q=3947 N=15507763 n=24 value=1964
record p=3947 q=3989 N=15744583 n=24 value=1973
record p=3967 q=4787 N=18990029 n=25 value=1983
record p=3989 q=4007 N=15983923 n=24 value=1994
record p=4001 q=4259 N=17040259 n=25 value=2000
record p=4003 q=6287 N=25166861 n=25 value=2001
record p=4007 q=4013 N=16080091 n=24 value=2003
record p=4013 q=4463 N=17910019 n=25 value=2006
record p=4019 q=4289 N=17237491 n=25 value=2009
record p=4027 q=6323 N=25462721 n=25 value=2013
record p=4049 q=4079 N=16515871 n=24 value=2024
record p=4073 q=4079 N=16613767 n=24 value=2036
record p=4079 q=4127 N=16834033 n=25 value=2039
record p=4091 q=4133 N=16908103 n=25 value=2045
record p=4099 q=8123 N=33296177 n=25 value=2049
record p=4127 q=4133 N=17056891 n=25 value=2063
record p=4133 q=4139 N=17106487 n=25 value=2066
record p=4139 q=4157 N=17205823 n=25 value=2069
record p=4157 q=4259 N=17704663 n=25 value=2078
record p=4211 q=5147 N=21674017 n=25 value=2105
record p=4217 q=4259 N=17960203 n=25 value=2108
record p=4229 q=4391 N=18569539 n=25 value=2114
record p=4241 q=6203 N=26306923 n=25 value=2120
record p=4253 q=4259 N=18113527 n=25 value=2126
record p=4259 q=4283 N=18241297 n=25 value=2129
record p=4271 q=5189 N=22162219 n=25 value=2135
record p=4283 q=4289 N=18369787 n=25 value=2141
record p=4289 q=4463 N=19141807 n=25 value=2144
record p=4337 q=4463 N=19356031 n=25 value=2168
record p=4339 q=5807 N=25196573 n=25 value=2169
record p=4349 q=4463 N=19409587 n=25 value=2174
record p=4373 q=4463 N=19516699 n=25 value=2186
record p=4391 q=4877 N=21414907 n=25 value=2195
record p=4397 q=4967 N=21839899 n=25 value=2198
record p=4409 q=4547 N=20047723 n=25 value=2204
record p=4421 q=7487 N=33100027 n=25 value=2210
record p=4451 q=5009 N=22295059 n=25 value=2225
record p=4457 q=4547 N=20265979 n=25 value=2228
record p=4463 q=4517 N=20159371 n=25 value=2231
record p=4481 q=6323 N=28333363 n=25 value=2240
record p=4483 q=7127 N=31950341 n=25 value=2241
record p=4493 q=4547 N=20429671 n=25 value=2246
record p=4507 q=6719 N=30282533 n=25 value=2253
record p=4517 q=4547 N=20538799 n=25 value=2258
record p=4523 q=4673 N=21135979 n=25 value=2261
record p=4547 q=4583 N=20838901 n=25 value=2273
record p=4583 q=4643 N=21278869 n=25 value=2291
record p=4637 q=4679 N=21696523 n=25 value=2318
record p=4643 q=4877 N=22643911 n=25 value=2321
record p=4649 q=6323 N=29395627 n=25 value=2324
record p=4663 q=5483 N=25567229 n=25 value=2331
record p=4673 q=4703 N=21977119 n=25 value=2336
record p=4679 q=4703 N=22005337 n=25 value=2339
record p=4691 q=5393 N=25298563 n=25 value=2345
record p=4703 q=4787 N=22513261 n=25 value=2351
record p=4721 q=5003 N=23619163 n=25 value=2360
record p=4723 q=5387 N=25442801 n=25 value=2361
record p=4733 q=4799 N=22713667 n=25 value=2366
record p=4751 q=5813 N=27617563 n=25 value=2375
record p=4783 q=6803 N=32538749 n=25 value=2391
record p=4787 q=4793 N=22944091 n=25 value=2393
record p=4793 q=4799 N=23001607 n=25 value=2396
record p=4799 q=4877 N=23404723 n=25 value=2399
record p=4817 q=6299 N=30342283 n=25 value=2408
record p=4871 q=5303 N=25830913 n=25 value=2435
record p=4877 q=5483 N=26740591 n=25 value=2438
record p=4889 q=5387 N=26337043 n=25 value=2444
record p=4919 q=4937 N=24285103 n=25 value=2459
record p=4931 q=5273 N=26001163 n=25 value=2465
record p=4937 q=5003 N=24699811 n=25 value=2468
record p=4943 q=5039 N=24907777 n=25 value=2471
record p=4967 q=5009 N=24879703 n=25 value=2483
record p=4973 q=5099 N=25357327 n=25 value=2486
record p=4987 q=6047 N=30156389 n=25 value=2493
record p=5003 q=5009 N=25060027 n=25 value=2501
record p=5009 q=5039 N=25240351 n=25 value=2504
record p=5021 q=5507 N=27650647 n=25 value=2510
record p=5039 q=5309 N=26752051 n=25 value=2519
record p=5051 q=5483 N=27694633 n=25 value=2525
record p=5081 q=5483 N=27859123 n=25 value=2540
record p=5087 q=5099 N=25938613 n=25 value=2543
record p=5099 q=5147 N=26244553 n=25 value=2549
record p=5119 q=5147 N=26347493 n=25 value=2559
record p=5147 q=5189 N=26707783 n=25 value=2573
record p=5153 q=6299 N=32458747 n=25 value=2576
record p=5189 q=5387 N=27953143 n=25 value=2594
record p=5227 q=5807 N=30353189 n=25 value=2613
record p=5231 q=5573 N=29152363 n=25 value=2615
record p=5261 q=6047 N=31813267 n=25 value=2630
record p=5273 q=5387 N=28405651 n=25 value=2636
record p=5279 q=6389 N=33727531 n=26 value=2639
record p=5297 q=5303 N=28089991 n=25 value=2648
record p=5303 q=5387 N=28567261 n=25 value=2651
record p=5309 q=5387 N=28599583 n=25 value=2654
record p=5333 q=5351 N=28536883 n=25 value=2666
record p=5351 q=5393 N=28857943 n=25 value=2675
record p=5381 q=6047 N=32538907 n=25 value=2690
record p=5387 q=5393 N=29052091 n=25 value=2693
record p=5393 q=5399 N=29116807 n=25 value=2696
record p=5399 q=5417 N=29246383 n=25 value=2699
record p=5417 q=5483 N=29701411 n=25 value=2708
record p=5471 q=6143 N=33608353 n=26 value=2735
record p=5477 q=5483 N=30030391 n=25 value=2738
record p=5479 q=5939 N=32539781 n=25 value=2739
record p=5483 q=5507 N=30194881 n=25 value=2741
record p=5501 q=7823 N=43034323 n=26 value=2750
record p=5507 q=5519 N=30393133 n=25 value=2753
record p=5519 q=5693 N=31419667 n=25 value=2759
record p=5573 q=5879 N=32763667 n=25 value=2786
record p=5591 q=6053 N=33842323 n=26 value=2795
record p=5639 q=5693 N=32102827 n=25 value=2819
record p=5651 q=5939 N=33561289 n=26 value=2825
record p=5657 q=6947 N=39299179 n=26 value=2828
record p=5669 q=5807 N=32919883 n=25 value=2834
record p=5693 q=5807 N=33059251 n=25 value=2846
record p=5711 q=5807 N=33163777 n=25 value=2855
record p=5717 q=5807 N=33198619 n=25 value=2858
record p=5783 q=5807 N=33581881 n=26 value=2891
record p=5801 q=6779 N=39324979 n=26 value=2900
record p=5807 q=5813 N=33756091 n=26 value=2903
record p=5813 q=5843 N=33965359 n=26 value=2906
record p=5843 q=5879 N=34350997 n=26 value=2921
record p=5849 q=6143 N=35930407 n=26 value=2924
record p=5861 q=5903 N=34597483 n=26 value=2930
record p=5867 q=6263 N=36745021 n=26 value=2933
record p=5879 q=5927 N=34844833 n=26 value=2939
record p=5897 q=5927 N=34951519 n=26 value=2948
record p=5903 q=6029 N=35589187 n=26 value=2951
record p=5927 q=5939 N=35200453 n=26 value=2963
record p=5939 q=6047 N=35913133 n=26 value=2969
record p=5981 q=6323 N=37817863 n=26 value=2990
record p=5987 q=6029 N=36095623 n=26 value=2993
record p=6011 q=6569 N=39486259 n=26 value=3005
record p=6029 q=6047 N=36457363 n=26 value=3014
record p=6043 q=11783 N=71204669 n=27 value=3021
record p=6047 q=6089 N=36820183 n=26 value=3023
record p=6053 q=6299 N=38127847 n=26 value=3026
record p=6067 q=11087 N=67264829 n=27 value=3033
record p=6089 q=6143 N=37404727 n=26 value=3044
record p=6101 q=10079 N=61491979 n=26 value=3050
record p=6113 q=6263 N=38285719 n=26 value=3056
record p=6131 q=7193 N=44100283 n=26 value=3065
record p=6143 q=6197 N=38068171 n=26 value=3071
record p=6173 q=6263 N=38661499 n=26 value=3086
record p=6197 q=6263 N=38811811 n=26 value=3098
record p=6203 q=6263 N=38849389 n=26 value=3101
record p=6221 q=7823 N=48666883 n=26 value=3110
record p=6257 q=6299 N=39412843 n=26 value=3128
record p=6263 q=6269 N=39262747 n=26 value=3131
record p=6269 q=6323 N=39638887 n=26 value=3134
record p=6287 q=6359 N=39979033 n=26 value=3143
record p=6299 q=6317 N=39790783 n=26 value=3149
record p=6311 q=11927 N=75271297 n=27 value=3155
record p=6317 q=6323 N=39942391 n=26 value=3158
record p=6323 q=6353 N=40170019 n=26 value=3161
record p=6329 q=6899 N=43663771 n=26 value=3164
record p=6353 q=6599 N=41923447 n=26 value=3176
record p=6359 q=6659 N=42344581 n=26 value=3179
record p=6367 q=11939 N=76015613 n=27 value=3183
record p=6379 q=10607 N=67662053 n=27 value=3189
record p=6389 q=6599 N=42161011 n=26 value=3194
record p=6449 q=6719 N=43330831 n=26 value=3224
record p=6473 q=6563 N=42482299 n=26 value=3236
record p=6491 q=10667 N=69239497 n=27 value=3245
record p=6521 q=6659 N=43423339 n=26 value=3260
record p=6547 q=10859 N=71093873 n=27 value=3273
record p=6551 q=9029 N=59148979 n=26 value=3275
record p=6563 q=6569 N=43112347 n=26 value=3281
record p=6569 q=6599 N=43348831 n=26 value=3284
record p=6581 q=6599 N=43428019 n=26 value=3290
record p=6599 q=6653 N=43903147 n=26 value=3299
record p=6653 q=6659 N=44302327 n=26 value=3326
record p=6659 q=6719 N=44741821 n=26 value=3329
record p=6689 q=6947 N=46468483 n=26 value=3344
record p=6701 q=6983 N=46793083 n=26 value=3350
record p=6703 q=11279 N=75603137 n=27 value=3351
record p=6719 q=6737 N=45265903 n=26 value=3359
record p=6737 q=6779 N=45670123 n=26 value=3368
record p=6779 q=6827 N=46280233 n=26 value=3389
record p=6803 q=6857 N=46648171 n=26 value=3401
record p=6827 q=6857 N=46812739 n=26 value=3413
record p=6833 q=7643 N=52224619 n=26 value=3416
record p=6857 q=6863 N=47059591 n=26 value=3428
record p=6863 q=6869 N=47141947 n=26 value=3431
record p=6869 q=6899 N=47389231 n=26 value=3434
record p=6883 q=9887 N=68052221 n=27 value=3441
record p=6899 q=6947 N=47927353 n=26 value=3449
record p=6907 q=10079 N=69615653 n=27 value=3453
record p=6911 q=10103 N=69821833 n=27 value=3455
record p=6917 q=8783 N=60752011 n=26 value=3458
record p=6947 q=6959 N=48344173 n=26 value=3473
record p=6959 q=7517 N=52310803 n=26 value=3479
record p=6967 q=10103 N=70387601 n=27 value=3483
record p=6977 q=6983 N=48720391 n=26 value=3488
record p=6983 q=7013 N=48971779 n=26 value=3491
record p=7001 q=10883 N=76191883 n=27 value=3500
record p=7013 q=7079 N=49645027 n=26 value=3506
record p=7019 q=7229 N=50740351 n=26 value=3509
record p=7043 q=7187 N=50618041 n=26 value=3521
record p=7079 q=7103 N=50282137 n=26 value=3539
record p=7103 q=7109 N=50495227 n=26 value=3551
record p=7109 q=7187 N=51092383 n=26 value=3554
record p=7127 q=7517 N=53573659 n=26 value=3563
record p=7159 q=11483 N=82206797 n=27 value=3579
record p=7187 q=7229 N=51954823 n=26 value=3593
record p=7193 q=7247 N=52127671 n=26 value=3596
record p=7207 q=9767 N=70390769 n=27 value=3603
record p=7211 q=9209 N=66406099 n=26 value=3605
record p=7219 q=14207 N=102560333 n=27 value=3609
record p=7229 q=7247 N=52388563 n=26 value=3614
record p=7247 q=7433 N=53866951 n=26 value=3623
record p=7253 q=7727 N=56043931 n=26 value=3626
record p=7283 q=7703 N=56100949 n=26 value=3641
record p=7307 q=7433 N=54312931 n=26 value=3653
record p=7331 q=8369 N=61353139 n=26 value=3665
record p=7349 q=8147 N=59872303 n=26 value=3674
record p=7433 q=7487 N=55650871 n=26 value=3716
record p=7451 q=8069 N=60122119 n=26 value=3725
record p=7457 q=7487 N=55830559 n=26 value=3728
record p=7487 q=7517 N=56279779 n=26 value=3743
record p=7499 q=7523 N=56414977 n=26 value=3749
record p=7507 q=14303 N=107372621 n=27 value=3753
record p=7517 q=7523 N=56550391 n=26 value=3758
record p=7523 q=7529 N=56640667 n=26 value=3761
record p=7529 q=7559 N=56911711 n=26 value=3764
record p=7547 q=7817 N=58994899 n=26 value=3773
record p=7559 q=7577 N=57274543 n=26 value=3779
record p=7577 q=7583 N=57456391 n=26 value=3788
record p=7583 q=7643 N=57956869 n=26 value=3791
record p=7589 q=8783 N=66654187 n=26 value=3794
record p=7607 q=7643 N=58140301 n=26 value=3803
record p=7639 q=13799 N=105410561 n=27 value=3819
record p=7643 q=7649 N=58461307 n=26 value=3821
record p=7649 q=7691 N=58828459 n=26 value=3824
record p=7673 q=11171 N=85715083 n=27 value=3836
record p=7691 q=8699 N=66904009 n=26 value=3845
record p=7699 q=8747 N=67343153 n=27 value=3849
record p=7703 q=7727 N=59521081 n=26 value=3851
record p=7727 q=7793 N=60216511 n=26 value=3863
record p=7757 q=8783 N=68129731 n=27 value=3878
record p=7759 q=15263 N=118425617 n=27 value=3879
record p=7793 q=7823 N=60964639 n=26 value=3896
record p=7817 q=7823 N=61152391 n=26 value=3908
record p=7823 q=7907 N=61856461 n=26 value=3911
record p=7829 q=7907 N=61903903 n=26 value=3914
record p=7841 q=14243 N=111679363 n=27 value=3920
record p=7853 q=8039 N=63130267 n=26 value=3926
record p=7867 q=8807 N=69284669 n=27 value=3933
record p=7877 q=8039 N=63323203 n=26 value=3938
record p=7883 q=7907 N=62330881 n=26 value=3941
record p=7901 q=10883 N=85986583 n=27 value=3950
record p=7907 q=7949 N=62852743 n=26 value=3953
record p=7919 q=7949 N=62948131 n=26 value=3959
record p=7927 q=8963 N=71049701 n=27 value=3963
record p=7937 q=8039 N=63805543 n=26 value=3968
record p=7949 q=8039 N=63902011 n=26 value=3974
record p=7963 q=8543 N=68027909 n=27 value=3981
record p=8039 q=8069 N=64866691 n=26 value=4019
record p=8059 q=10163 N=81903617 n=27 value=4029
record p=8069 q=8087 N=65254003 n=26 value=4034
record p=8081 q=11003 N=88915243 n=27 value=4040
record p=8087 q=8537 N=69038719 n=27 value=4043
record p=8093 q=8423 N=68167339 n=27 value=4046
record p=8111 q=8447 N=68513617 n=27 value=4055
record p=8117 q=8123 N=65934391 n=26 value=4058
record p=8123 q=8287 N=67315301 n=27 value=4061
record p=8147 q=8243 N=67155721 n=27 value=4073
record p=8167 q=8699 N=71044733 n=27 value=4083
record p=8171 q=12347 N=100887337 n=27 value=4085
record p=8219 q=8363 N=68735497 n=27 value=4109
record p=8231 q=8573 N=70564363 n=27 value=4115
record p=8237 q=8363 N=68886031 n=27 value=4118
record p=8243 q=8273 N=68194339 n=27 value=4121
record p=8263 q=12983 N=107278529 n=27 value=4131
record p=8273 q=8543 N=70676239 n=27 value=4136
record p=8287 q=8543 N=70795841 n=27 value=4143
record p=8291 q=8747 N=72521377 n=27 value=4145
record p=8297 q=8363 N=69387811 n=27 value=4148
record p=8363 q=8369 N=69989947 n=27 value=4181
record p=8369 q=8423 N=70492087 n=27 value=4184
record p=8387 q=8753 N=73411411 n=27 value=4193
record p=8423 q=8447 N=71149081 n=27 value=4211
record p=8429 q=9239 N=77875531 n=27 value=4214
record p=8447 q=8573 N=72416131 n=27 value=4223
record p=8501 q=10463 N=88945963 n=27 value=4250
record p=8513 q=10499 N=89377987 n=27 value=4256
record p=8537 q=8543 N=72931591 n=27 value=4268
record p=8539 q=14243 N=121620977 n=27 value=4269
record p=8543 q=8573 N=73239139 n=27 value=4271
record p=8563 q=14087 N=120626981 n=27 value=4281
record p=8573 q=8627 N=73959271 n=27 value=4286
record p=8597 q=9743 N=83760571 n=27 value=4298
record p=8599 q=8999 N=77382401 n=27 value=4299
record p=8609 q=8699 N=74889691 n=27 value=4304
record p=8627 q=8693 N=74994511 n=27 value=4313
record p=8647 q=11699 N=101161253 n=27 value=4323
record p=8663 q=8699 N=75359437 n=27 value=4331
record p=8669 q=8747 N=75827743 n=27 value=4334
record p=8681 q=8963 N=77807803 n=27 value=4340
record p=8693 q=8747 N=76037671 n=27 value=4346
record p=8699 q=8747 N=76090153 n=27 value=4349
record p=8707 q=12479 N=108654653 n=27 value=4353
record p=8719 q=9203 N=80240957 n=27 value=4359
record p=8747 q=8753 N=76562491 n=27 value=4373
record p=8753 q=8783 N=76877599 n=27 value=4376
record p=8783 q=8819 N=77457277 n=27 value=4391
record p=8803 q=11927 N=104993381 n=27 value=4401
record p=8807 q=9533 N=83957131 n=27 value=4403
record p=8819 q=8837 N=77933503 n=27 value=4409
record p=8831 q=9173 N=81006763 n=27 value=4415
record p=8837 q=8963 N=79206031 n=27 value=4418
record p=8839 q=11867 N=104892413 n=27 value=4419
record p=8849 q=8963 N=79313587 n=27 value=4424
record p=8861 q=9743 N=86332723 n=27 value=4430
record p=8867 q=10289 N=91232563 n=27 value=4433
record p=8887 q=9323 N=82853501 n=27 value=4443
record p=8923 q=14243 N=127090289 n=27 value=4461
record p=8951 q=9377 N=83933527 n=27 value=4475
record p=8963 q=8969 N=80389147 n=27 value=4481
record p=8969 q=9419 N=84479011 n=27 value=4484
record p=8999 q=9377 N=84383623 n=27 value=4499
record p=9011 q=9467 N=85307137 n=27 value=4505
record p=9029 q=9239 N=83418931 n=27 value=4514
record p=9041 q=9467 N=85591147 n=27 value=4520
record p=9059 q=9137 N=82772083 n=27 value=4529
record p=9067 q=9203 N=83443601 n=27 value=4533
record p=9137 q=9203 N=84087811 n=27 value=4568
record p=9161 q=12227 N=112011547 n=27 value=4580
record p=9173 q=9239 N=84749347 n=27 value=4586
record p=9203 q=9209 N=84750427 n=27 value=4601
record p=9209 q=9323 N=85855507 n=27 value=4604
record p=9221 q=12263 N=113077123 n=27 value=4610
record p=9227 q=9239 N=85248253 n=27 value=4613
record p=9239 q=9377 N=86634103 n=27 value=4619
record p=9257 q=9323 N=86303011 n=27 value=4628
record p=9281 q=9323 N=86526763 n=27 value=4640
record p=9293 q=9323 N=86638639 n=27 value=4646
record p=9323 q=9377 N=87421771 n=27 value=4661
record p=9341 q=10007 N=93475387 n=27 value=4670
record p=9343 q=13679 N=127802897 n=27 value=4671
record p=9371 q=9833 N=92145043 n=27 value=4685
record p=9377 q=9419 N=88321963 n=27 value=4688
record p=9413 q=9719 N=91484947 n=27 value=4706
record p=9419 q=9467 N=89169673 n=27 value=4709
record p=9431 q=10007 N=94376017 n=27 value=4715
record p=9437 q=9743 N=91944691 n=27 value=4718
record p=9463 q=14087 N=133305281 n=27 value=4731
record p=9467 q=9473 N=89680891 n=27 value=4733
record p=9473 q=9587 N=90817651 n=27 value=4736
record p=9479 q=9887 N=93718873 n=27 value=4739
record p=9491 q=11273 N=106992043 n=27 value=4745
record p=9497 q=9587 N=91047739 n=27 value=4748
record p=9533 q=9587 N=91392871 n=27 value=4766
record p=9539 q=9629 N=91851031 n=27 value=4769
record p=9551 q=10613 N=101364763 n=27 value=4775
record p=9587 q=9629 N=92313223 n=27 value=4793
record p=9623 q=9839 N=94680697 n=27 value=4811
record p=9629 q=9719 N=93584251 n=27 value=4814
record p=9677 q=9719 N=94050763 n=27 value=4838
record p=9679 q=10859 N=105104261 n=27 value=4839
record p=9689 q=10163 N=98469307 n=27 value=4844
record p=9719 q=9743 N=94692217 n=27 value=4859
record p=9739 q=13043 N=127025777 n=27 value=4869
record p=9743 q=9749 N=94984507 n=27 value=4871
record p=9749 q=9839 N=95920411 n=27 value=4874
record p=9767 q=10103 N=98676001 n=27 value=4883
record p=9791 q=13997 N=137044627 n=28 value=4895
record p=9803 q=9887 N=96922261 n=27 value=4901
record p=9833 q=9839 N=96746887 n=27 value=4916
record p=9839 q=9887 N=97278193 n=27 value=4919
record p=9851 q=10457 N=103011907 n=27 value=4925
record p=9857 q=10883 N=107273731 n=27 value=4928
record p=9883 q=11903 N=117637349 n=27 value=4941
record p=9887 q=10007 N=98939209 n=27 value=4943
record p=9907 q=10667 N=105677969 n=27 value=4953
record p=9923 q=10289 N=102097747 n=27 value=4961
record p=9929 q=10007 N=99359503 n=27 value=4964
record p=10007 q=10079 N=100860553 n=27 value=5003
record p=10037 q=10103 N=101403811 n=27 value=5018
record p=10061 q=10463 N=105268243 n=27 value=5030
record p=10067 q=10313 N=103820971 n=27 value=5033
record p=10079 q=10103 N=101828137 n=27 value=5039
record p=10091 q=10163 N=102554833 n=27 value=5045
record p=10103 q=10139 N=102434317 n=27 value=5051
record p=10133 q=10139 N=102738487 n=27 value=5066
record p=10139 q=10163 N=103042657 n=27 value=5069
record p=10151 q=13829 N=140378179 n=28 value=5075
record p=10159 q=11807 N=119947313 n=27 value=5079
record p=10163 q=10169 N=103347547 n=27 value=5081
record p=10169 q=10343 N=105177967 n=27 value=5084
record p=10181 q=12143 N=123627883 n=27 value=5090
record p=10193 q=10883 N=110930419 n=27 value=5096
record p=10211 q=10337 N=105551107 n=27 value=5105
record p=10223 q=10289 N=105184447 n=27 value=5111
record p=10247 q=10259 N=105123973 n=27 value=5123
record p=10253 q=10463 N=107277139 n=27 value=5126
record p=10259 q=10289 N=105554851 n=27 value=5129
record p=10267 q=10463 N=107423621 n=27 value=5133
record p=10289 q=10343 N=106419127 n=27 value=5144
record p=10301 q=12263 N=126321163 n=27 value=5150
record p=10313 q=10343 N=106667359 n=27 value=5156
record p=10331 q=10667 N=110200777 n=27 value=5165
record p=10337 q=10499 N=108528163 n=27 value=5168
record p=10343 q=10433 N=107908519 n=27 value=5171
record p=10391 q=11393 N=118384663 n=27 value=5195
record p=10427 q=10433 N=108784891 n=27 value=5213
record p=10433 q=10463 N=109160479 n=27 value=5216
record p=10457 q=10463 N=109411591 n=27 value=5228
record p=10463 q=10559 N=110478817 n=27 value=5231
record p=10487 q=10589 N=111046843 n=27 value=5243
record p=10499 q=10667 N=111992833 n=27 value=5249
record p=10529 q=11987 N=126211123 n=27 value=5264
record p=10559 q=10589 N=111809251 n=27 value=5279
record p=10567 q=12659 N=133767653 n=27 value=5283
record p=10589 q=10607 N=112317523 n=27 value=5294
record p=10601 q=13487 N=142975687 n=28 value=5300
record p=10607 q=10667 N=113144869 n=27 value=5303
record p=10613 q=11399 N=120977587 n=27 value=5306
record p=10631 q=11633 N=123670423 n=27 value=5315
record p=10667 q=10709 N=114232903 n=27 value=5333
record p=10691 q=11933 N=127575703 n=27 value=5345
record p=10709 q=10799 N=115646491 n=27 value=5354
record p=10723 q=11003 N=117985169 n=27 value=5361
record p=10733 q=10799 N=115905667 n=27 value=5366
record p=10739 q=11867 N=127439713 n=27 value=5369
record p=10799 q=10853 N=117201547 n=27 value=5399
record p=10847 q=11027 N=119609869 n=27 value=5423
record p=10853 q=10859 N=117852727 n=27 value=5426
record p=10859 q=10883 N=118178497 n=27 value=5429
record p=10867 q=11003 N=119569601 n=27 value=5433
record p=10883 q=10889 N=118504987 n=27 value=5441
record p=10889 q=11003 N=119811667 n=27 value=5444
record p=10937 q=11003 N=120339811 n=27 value=5468
record p=10949 q=12647 N=138472003 n=28 value=5474
record p=10973 q=11087 N=121657651 n=27 value=5486
record p=10979 q=11003 N=120801937 n=27 value=5489
record p=10987 q=12143 N=133415141 n=27 value=5493
record p=11003 q=11027 N=121330081 n=27 value=5501
record p=11027 q=11057 N=121925539 n=27 value=5513
record p=11057 q=11279 N=124711903 n=27 value=5528
record p=11069 q=11279 N=124847251 n=27 value=5534
record p=11083 q=11927 N=132186941 n=27 value=5541
record p=11087 q=11177 N=123919399 n=27 value=5543
record p=11093 q=11423 N=126715339 n=27 value=5546
record p=11117 q=13127 N=145932859 n=28 value=5558
record p=11119 q=11699 N=130081181 n=27 value=5559
record p=11159 q=11483 N=128138797 n=27 value=5579
record p=11171 q=11273 N=125930683 n=27 value=5585
record p=11177 q=11399 N=127406623 n=27 value=5588
record p=11213 q=11279 N=126471427 n=27 value=5606
record p=11243 q=11399 N=128158957 n=27 value=5621
record p=11261 q=11927 N=134309947 n=28 value=5630
record p=11273 q=11279 N=127148167 n=27 value=5636
record p=11279 q=11393 N=128501647 n=27 value=5639
record p=11321 q=11987 N=135704827 n=28 value=5660
record p=11351 q=11813 N=134089363 n=27 value=5675
record p=11369 q=11483 N=130550227 n=27 value=5684
record p=11393 q=11399 N=129868807 n=27 value=5696
record p=11399 q=11423 N=130210777 n=27 value=5699
record p=11411 q=12107 N=138152977 n=28 value=5705
record p=11423 q=11447 N=130759081 n=27 value=5711
record p=11447 q=11483 N=131445901 n=27 value=5723
record p=11471 q=12809 N=146932039 n=28 value=5735
record p=11483 q=11489 N=131928187 n=27 value=5741
record p=11489 q=11519 N=132341791 n=27 value=5744
record p=11519 q=11549 N=133032931 n=27 value=5759
record p=11549 q=11699 N=135111751 n=28 value=5774
record p=11579 q=11681 N=135254299 n=28 value=5789
record p=11597 q=11783 N=136647451 n=28 value=5798
record p=11633 q=11699 N=136094467 n=28 value=5816
record p=11657 q=11699 N=136375243 n=28 value=5828
record p=11681 q=12659 N=147869779 n=28 value=5840
record p=11699 q=11717 N=137077183 n=28 value=5849
record p=11717 q=11807 N=138342619 n=28 value=5858
record p=11777 q=11783 N=138768391 n=28 value=5888
record p=11783 q=11807 N=139121881 n=28 value=5891
record p=11789 q=12119 N=142870891 n=28 value=5894
record p=11801 q=12107 N=142874707 n=28 value=5900
record p=11807 q=11813 N=139476091 n=28 value=5903
record p=11813 q=11867 N=140184871 n=28 value=5906
record p=11867 q=11897 N=141181699 n=28 value=5933
record p=11897 q=11903 N=141609991 n=28 value=5948
record p=11903 q=11939 N=142109917 n=28 value=5951
record p=11909 q=12119 N=144325171 n=28 value=5954
record p=11923 q=23327 N=278127821 n=29 value=5961
record p=11927 q=11939 N=142396453 n=28 value=5963
record p=11933 q=12107 N=144472831 n=28 value=5966
record p=11939 q=12113 N=144617107 n=28 value=5969
record p=11969 q=12527 N=149935663 n=28 value=5984
record p=11981 q=14759 N=176827579 n=28 value=5990
record p=11987 q=12107 N=145126609 n=28 value=5993
record p=12011 q=16187 N=194422057 n=28 value=6005
record p=12043 q=22343 N=269076749 n=29 value=6021
record p=12071 q=13037 N=157369627 n=28 value=6035
record p=12107 q=12113 N=146652091 n=28 value=6053
record p=12113 q=12119 N=146797447 n=28 value=6056
record p=12119 q=12143 N=147161017 n=28 value=6059
record p=12143 q=12149 N=147525307 n=28 value=6071
record p=12149 q=12203 N=148254247 n=28 value=6074
record p=12161 q=12227 N=148692547 n=28 value=6080
record p=12197 q=12203 N=148839991 n=28 value=6098
record p=12203 q=12227 N=149206081 n=28 value=6101
record p=12227 q=12263 N=149939701 n=28 value=6113
record p=12239 q=12269 N=150160291 n=28 value=6119
record p=12251 q=23993 N=293938243 n=29 value=6125
record p=12263 q=12269 N=150454747 n=28 value=6131
record p=12269 q=12323 N=151190887 n=28 value=6134
record p=12281 q=13859 N=170202379 n=28 value=6140
record p=12323 q=12329 N=151930267 n=28 value=6161
record p=12329 q=12527 N=154445383 n=28 value=6164
record p=12347 q=12401 N=153115147 n=28 value=6173
record p=12377 q=12659 N=156680443 n=28 value=6188
record p=12401 q=16067 N=199246867 n=28 value=6200
record p=12413 q=12527 N=155497651 n=28 value=6206
record p=12437 q=12527 N=155798299 n=28 value=6218
record p=12473 q=12527 N=156249271 n=28 value=6236
record p=12479 q=12539 N=156474181 n=28 value=6239
record p=12491 q=14549 N=181731559 n=28 value=6245
record p=12497 q=12647 N=158049559 n=28 value=6248
record p=12503 q=14243 N=178080229 n=28 value=6251
record p=12527 q=12539 N=157076053 n=28 value=6263
record p=12539 q=12569 N=157602691 n=28 value=6269
record p=12569 q=12647 N=158960143 n=28 value=6284
record p=12583 q=21383 N=269062289 n=29 value=6291
record p=12611 q=14657 N=184839427 n=28 value=6305
record p=12619 q=21347 N=269377793 n=29 value=6309
record p=12641 q=14627 N=184899907 n=28 value=6320
record p=12647 q=12653 N=160022491 n=28 value=6323
record p=12653 q=12659 N=160174327 n=28 value=6326
record p=12659 q=12689 N=160630051 n=28 value=6329
record p=12671 q=22013 N=278926723 n=29 value=6335
record p=12689 q=13043 N=165502627 n=28 value=6344
record p=12713 q=13523 N=171917899 n=28 value=6356
record p=12743 q=12809 N=163225087 n=28 value=6371
record p=12791 q=15749 N=201445459 n=28 value=6395
record p=12799 q=23603 N=302094797 n=29 value=6399
record p=12809 q=12899 N=165223291 n=28 value=6404
record p=12821 q=13127 N=168301267 n=28 value=6410
record p=12893 q=13103 N=168936979 n=28 value=6446
record p=12899 q=12917 N=166616383 n=28 value=6449
record p=12911 q=13109 N=169250299 n=28 value=6455
record p=12917 q=12983 N=167701411 n=28 value=6458
record p=12919 q=21467 N=277332173 n=29 value=6459
record p=12923 q=14489 N=187241347 n=28 value=6461
record p=12941 q=14327 N=185405707 n=28 value=6470
record p=12953 q=12983 N=168168799 n=28 value=6476
record p=12959 q=13043 N=169024237 n=28 value=6479
record p=12967 q=24659 N=319753253 n=29 value=6483
record p=12983 q=13007 N=168869881 n=28 value=6491
record p=13001 q=21179 N=275348179 n=29 value=6500
record p=13007 q=13187 N=171523309 n=28 value=6503
record p=13037 q=13043 N=170041591 n=28 value=6518
record p=13043 q=13103 N=170902429 n=28 value=6521
record p=13049 q=14747 N=192433603 n=28 value=6524
record p=13099 q=23567 N=308704133 n=29 value=6549
record p=13103 q=13109 N=171767227 n=28 value=6551
record p=13109 q=13127 N=172081843 n=28 value=6554
record p=13121 q=13127 N=172239367 n=28 value=6560
record p=13127 q=13163 N=172790701 n=28 value=6563
record p=13151 q=13577 N=178551127 n=28 value=6575
record p=13163 q=13187 N=173580481 n=28 value=6581
record p=13187 q=13367 N=176270629 n=28 value=6593
record p=13217 q=14387 N=190152979 n=28 value=6608
record p=13219 q=25307 N=334533233 n=29 value=6609
record p=13229 q=13367 N=176832043 n=28 value=6614
record p=13241 q=13967 N=184937047 n=28 value=6620
record p=13259 q=13487 N=178824133 n=28 value=6629
record p=13313 q=13367 N=177954871 n=28 value=6656
record p=13327 q=20147 N=268499069 n=29 value=6663
record p=13331 q=13649 N=181954819 n=28 value=6665
record p=13337 q=13367 N=178275679 n=28 value=6668
record p=13367 q=13397 N=179077699 n=28 value=6683
record p=13397 q=13463 N=180363811 n=28 value=6698
record p=13421 q=20627 N=276834967 n=29 value=6710
record p=13451 q=13877 N=186659527 n=28 value=6725
record p=13457 q=13967 N=187953919 n=28 value=6728
record p=13463 q=13499 N=181737037 n=28 value=6731
record p=13469 q=13799 N=185858731 n=28 value=6734
record p=13487 q=13523 N=182384701 n=28 value=6743
record p=13499 q=13577 N=183275923 n=28 value=6749
record p=13523 q=13577 N=183601771 n=28 value=6761
record p=13553 q=14243 N=193035379 n=28 value=6776
record p=13577 q=13799 N=187349023 n=28 value=6788
record p=13613 q=13799 N=187845787 n=28 value=6806
record p=13619 q=13697 N=186539443 n=28 value=6809
record p=13627 q=24359 N=331940093 n=29 value=6813
record p=13649 q=13799 N=188342551 n=28 value=6824
record p=13679 q=13967 N=191054593 n=28 value=6839
record p=13687 q=24023 N=328802801 n=29 value=6843
record p=13691 q=13829 N=189332839 n=28 value=6845
record p=13697 q=13799 N=189004903 n=28 value=6848
record p=13709 q=13859 N=189993031 n=28 value=6854
record p=13721 q=22739 N=312001819 n=29 value=6860
record p=13751 q=20183 N=277536433 n=29 value=6875
record p=13757 q=13799 N=189832843 n=28 value=6878
record p=13763 q=14447 N=198834061 n=28 value=6881
record p=13781 q=27143 N=374057683 n=29 value=6890
record p=13799 q=13829 N=190826371 n=28 value=6899
record p=13829 q=13883 N=191988007 n=28 value=6914
record p=13841 q=16139 N=223379899 n=28 value=6920
record p=13859 q=13913 N=192820267 n=28 value=6929
record p=13877 q=13907 N=192987439 n=28 value=6938
record p=13883 q=13997 N=194320351 n=28 value=6941
record p=13901 q=14387 N=199993687 n=28 value=6950
record p=13907 q=13997 N=194656279 n=28 value=6953
record p=13913 q=13967 N=194322871 n=28 value=6956
record p=13931 q=14387 N=200425297 n=28 value=6965
record p=13967 q=13997 N=195496099 n=28 value=6983
record p=13997 q=14087 N=197175739 n=28 value=6998
record p=14009 q=14207 N=199025863 n=28 value=7004
record p=14033 q=14087 N=197682871 n=28 value=7016
record p=14051 q=15569 N=218760019 n=28 value=7025
record p=14057 q=14387 N=202238059 n=28 value=7028
record p=14081 q=14759 N=207821479 n=28 value=7040
record p=14087 q=14153 N=199373311 n=28 value=7043
record p=14143 q=19259 N=272380037 n=29 value=7071
record p=14153 q=14159 N=200392327 n=28 value=7076
record p=14159 q=14177 N=200732143 n=28 value=7079
record p=14177 q=14207 N=201412639 n=28 value=7088
record p=14207 q=14243 N=202350301 n=28 value=7103
record p=14243 q=14303 N=203717629 n=28 value=7121
record p=14249 q=14387 N=205000363 n=28 value=7124
record p=14303 q=14327 N=204919081 n=28 value=7151
record p=14321 q=14699 N=210504379 n=28 value=7160
record p=14327 q=14423 N=206638321 n=28 value=7163
record p=14347 q=19763 N=283539761 n=29 value=7173
record p=14369 q=14387 N=206726803 n=28 value=7184
record p=14387 q=14423 N=207503701 n=28 value=7193
record p=14411 q=16229 N=233876119 n=28 value=7205
record p=14423 q=14447 N=208369081 n=28 value=7211
record p=14447 q=14519 N=209755993 n=28 value=7223
record p=14489 q=14627 N=211930603 n=28 value=7244
record p=14503 q=28307 N=410536421 n=29 value=7251
record p=14519 q=14549 N=211236931 n=28 value=7259
record p=14537 q=14627 N=212632699 n=28 value=7268
record p=14543 q=14639 N=212894977 n=28 value=7271
record p=14549 q=14627 N=212808223 n=28 value=7274
record p=14561 q=24203 N=352419883 n=29 value=7280
record p=14563 q=18443 N=268585409 n=29 value=7281
record p=14591 q=18713 N=273041383 n=29 value=7295
record p=14621 q=15299 N=223686679 n=28 value=7310
record p=14627 q=14669 N=214563463 n=28 value=7313
record p=14633 q=14699 N=215090467 n=28 value=7316
record p=14639 q=14669 N=214739491 n=28 value=7319
record p=14657 q=14699 N=215443243 n=28 value=7328
record p=14669 q=14699 N=215619631 n=28 value=7334
record p=14683 q=21023 N=308680709 n=29 value=7341
record p=14699 q=14717 N=216325183 n=28 value=7349
record p=14717 q=14879 N=218974243 n=28 value=7358
record p=14723 q=14759 N=217296757 n=28 value=7361
record p=14741 q=25643 N=378003463 n=29 value=7370
record p=14747 q=14753 N=217562491 n=28 value=7373
record p=14753 q=14759 N=217739527 n=28 value=7376
record p=14759 q=14843 N=219067837 n=28 value=7379
record p=14767 q=22283 N=329053061 n=29 value=7383
record p=14771 q=21017 N=310442107 n=29 value=7385
record p=14779 q=18839 N=278421581 n=29 value=7389
record p=14783 q=14867 N=219778861 n=28 value=7391
record p=14813 q=16487 N=244221931 n=28 value=7406
record p=14831 q=19037 N=282337747 n=29 value=7415
record p=14843 q=14867 N=220670881 n=28 value=7421
record p=14867 q=14957 N=222365719 n=28 value=7433
record p=14879 q=14957 N=222545203 n=28 value=7439
record p=14891 q=18947 N=282139777 n=29 value=7445
record p=14897 q=17387 N=259014139 n=28 value=7448
record p=14923 q=22259 N=332171057 n=29 value=7461
record p=14939 q=15227 N=227476153 n=28 value=7469
record p=14947 q=18959 N=283380173 n=29 value=7473
record p=14951 q=19079 N=285250129 n=29 value=7475
record p=14957 q=15083 N=225596431 n=28 value=7478
record p=14969 q=15083 N=225777427 n=28 value=7484
record p=15017 q=15083 N=226501411 n=28 value=7508
record p=15053 q=15083 N=227044399 n=28 value=7526
record p=15077 q=15083 N=227406391 n=28 value=7538
record p=15083 q=15173 N=228854359 n=28 value=7541
record p=15101 q=17903 N=270353203 n=29 value=7550
record p=15107 q=16529 N=249703603 n=28 value=7553
record p=15131 q=18353 N=277699243 n=29 value=7565
record p=15137 q=15683 N=237393571 n=28 value=7568
record p=15149 q=15767 N=238854283 n=28 value=7574
record p=15161 q=17747 N=269062267 n=29 value=7580
record p=15173 q=15287 N=231949651 n=28 value=7586
record p=15227 q=15299 N=232957873 n=28 value=7613
record p=15233 q=17387 N=264856171 n=28 value=7616
record p=15259 q=21059 N=321339281 n=29 value=7629
record p=15263 q=15329 N=233966527 n=28 value=7631
record p=15269 q=15299 N=233600431 n=28 value=7634
record p=15287 q=15299 N=233875813 n=28 value=7643
record p=15299 q=15329 N=234518371 n=28 value=7649
record p=15307 q=18119 N=277347533 n=29 value=7653
record p=15329 q=15383 N=235806007 n=28 value=7664
record p=15359 q=16103 N=247325977 n=28 value=7679
record p=15377 q=15647 N=240603919 n=28 value=7688
record p=15383 q=15413 N=237098179 n=28 value=7691
record p=15413 q=15647 N=241167211 n=28 value=7706
record p=15427 q=19583 N=302106941 n=29 value=7713
record p=15439 q=17387 N=268437893 n=29 value=7719
record p=15443 q=16673 N=257481139 n=28 value=7721
record p=15461 q=17483 N=270304663 n=29 value=7730
record p=15467 q=16103 N=249065101 n=28 value=7733
record p=15473 q=15647 N=242106031 n=28 value=7736
record p=15497 q=15767 N=244341199 n=28 value=7748
record p=15527 q=15749 N=244534723 n=28 value=7763
record p=15551 q=17789 N=276636739 n=29 value=7775
record p=15559 q=19739 N=307119101 n=29 value=7779
record p=15569 q=17939 N=279292291 n=29 value=7784
record p=15581 q=25943 N=404217883 n=29 value=7790
record p=15607 q=27143 N=423620801 n=29 value=7803
record p=15619 q=25847 N=403704293 n=29 value=7809
record p=15629 q=15647 N=244546963 n=28 value=7814
record p=15641 q=24203 N=378559123 n=29 value=7820
record p=15643 q=25847 N=404324621 n=29 value=7821
record p=15647 q=15683 N=245391901 n=28 value=7823
record p=15671 q=18749 N=293815579 n=29 value=7835
record p=15683 q=15749 N=246991567 n=28 value=7841
record p=15727 q=20879 N=328364033 n=29 value=7863
record p=15731 q=17483 N=275025073 n=29 value=7865
record p=15737 q=17099 N=269086963 n=29 value=7868
record p=15739 q=20807 N=327481373 n=29 value=7869
record p=15749 q=15959 N=251338291 n=28 value=7874
record p=15761 q=17483 N=275549563 n=29 value=7880
record p=15767 q=15773 N=248692891 n=28 value=7883
record p=15773 q=15803 N=249260719 n=28 value=7886
record p=15787 q=30803 N=486286961 n=29 value=7893
record p=15791 q=17033 N=268968103 n=29 value=7895
record p=15797 q=16007 N=252862579 n=28 value=7898
record p=15803 q=15923 N=251631169 n=28 value=7901
record p=15809 q=17903 N=283028527 n=29 value=7904
record p=15823 q=26723 N=422838029 n=29 value=7911
record p=15881 q=21467 N=340917427 n=29 value=7940
record p=15887 q=16139 N=256400293 n=28 value=7943
record p=15907 q=17483 N=278102081 n=29 value=7953
record p=15923 q=16319 N=259847437 n=28 value=7961
record p=15959 q=16067 N=256413253 n=28 value=7979
record p=15971 q=17027 N=271938217 n=29 value=7985
record p=16001 q=18947 N=303170947 n=29 value=8000
record p=16007 q=16097 N=257664679 n=28 value=8003
record p=16061 q=16979 N=272699719 n=29 value=8030
record p=16063 q=25343 N=407084609 n=29 value=8031
record p=16067 q=16073 N=258244891 n=28 value=8033
record p=16073 q=16187 N=260173651 n=28 value=8036
record p=16087 q=17483 N=281249021 n=29 value=8043
record p=16091 q=17027 N=273981457 n=29 value=8045
record p=16097 q=16103 N=259209991 n=28 value=8048
record p=16103 q=16193 N=260755879 n=28 value=8051
record p=16127 q=16547 N=266853469 n=28 value=8063
record p=16139 q=16187 N=261241993 n=28 value=8069
record p=16183 q=19079 N=308755457 n=29 value=8091
record p=16187 q=16217 N=262504579 n=28 value=8093
record p=16193 q=16979 N=274940947 n=29 value=8096
record p=16217 q=16223 N=263088391 n=28 value=8108
record p=16223 q=16229 N=263283067 n=28 value=8111
record p=16229 q=16319 N=264841051 n=28 value=8114
record p=16253 q=17099 N=277910047 n=29 value=8126
record p=16267 q=18959 N=308406053 n=29 value=8133
record p=16301 q=17519 N=285577219 n=29 value=8150
record p=16319 q=16487 N=269051353 n=29 value=8159
record p=16339 q=31847 N=520348133 n=29 value=8169
record p=16349 q=16427 N=268565023 n=29 value=8174
record p=16361 q=17327 N=283487047 n=29 value=8180
record p=16421 q=16607 N=272703547 n=29 value=8210
record p=16427 q=17159 N=281870893 n=29 value=8213
record p=16433 q=16763 N=275466379 n=29 value=8216
record p=16447 q=16943 N=278661521 n=29 value=8223
record p=16451 q=21467 N=353153617 n=29 value=8225
record p=16481 q=17483 N=288137323 n=29 value=8240
record p=16487 q=16529 N=272513623 n=29 value=8243
record p=16493 q=21383 N=352669819 n=29 value=8246
record p=16529 q=16547 N=273505363 n=29 value=8264
record p=16547 q=16553 N=273902491 n=29 value=8273
record p=16553 q=16883 N=279464299 n=29 value=8276
record p=16567 q=24407 N=404350769 n=29 value=8283
record p=16603 q=24659 N=409413377 n=29 value=8301
record p=16607 q=17093 N=283863451 n=29 value=8303
record p=16619 q=16649 N=276689731 n=29 value=8309
record p=16631 q=17189 N=285870259 n=29 value=8315
record p=16649 q=16943 N=282084007 n=29 value=8324
record p=16661 q=20543 N=342266923 n=29 value=8330
record p=16673 q=16691 N=278289043 n=29 value=8336
record p=16691 q=20147 N=336273577 n=29 value=8345
record p=16703 q=17093 N=285504379 n=29 value=8351
record p=16747 q=17027 N=285151169 n=29 value=8373
record p=16763 q=16883 N=283009729 n=29 value=8381
record p=16787 q=22739 N=381719593 n=29 value=8393
record p=16811 q=20789 N=349483879 n=29 value=8405
record p=16823 q=16937 N=284931151 n=29 value=8411
record p=16829 q=16943 N=285133747 n=29 value=8414
record p=16843 q=24023 N=404619389 n=29 value=8421
record p=16879 q=18143 N=306235697 n=29 value=8439
record p=16883 q=16937 N=285947371 n=29 value=8441
record p=16889 q=16931 N=285947659 n=29 value=8444
record p=16901 q=32603 N=551023303 n=30 value=8450
record p=16931 q=17033 N=288385723 n=29 value=8465
record p=16937 q=16979 N=287573323 n=29 value=8468
record p=16943 q=17033 N=288590119 n=29 value=8471
record p=16979 q=17027 N=289101433 n=29 value=8489
record p=16987 q=30839 N=523862093 n=29 value=8493
record p=17021 q=18287 N=311263027 n=29 value=8510
record p=17027 q=17033 N=290020891 n=29 value=8513
record p=17033 q=17099 N=291247267 n=29 value=8516
record p=17047 q=25127 N=428339969 n=29 value=8523
record p=17093 q=17159 N=293298787 n=29 value=8546
record p=17099 q=17159 N=293401741 n=29 value=8549
record p=17107 q=18143 N=310372301 n=29 value=8553
record p=17117 q=17483 N=299256511 n=29 value=8558
record p=17123 q=17393 N=297820339 n=29 value=8561
record p=17159 q=17189 N=294946051 n=29 value=8579
record p=17167 q=30539 N=524263013 n=29 value=8583
record p=17183 q=17393 N=298863919 n=29 value=8591
record p=17189 q=17327 N=297833803 n=29 value=8594
record p=17207 q=18059 N=310741213 n=29 value=8603
record p=17231 q=18269 N=314793139 n=29 value=8615
record p=17299 q=23567 N=407685533 n=29 value=8649
record p=17321 q=20219 N=350213299 n=29 value=8660
record p=17327 q=17387 N=301264549 n=29 value=8663
record p=17333 q=18119 N=314056627 n=29 value=8666
record p=17351 q=18797 N=326146747 n=29 value=8675
record p=17383 q=28979 N=503741957 n=29 value=8691
record p=17387 q=17393 N=302412091 n=29 value=8693
record p=17393 q=17483 N=304081819 n=29 value=8696
record p=17417 q=21683 N=377652811 n=29 value=8708
record p=17419 q=17807 N=310180133 n=29 value=8709
record p=17467 q=23327 N=407452709 n=29 value=8733
record p=17471 q=17477 N=305340667 n=29 value=8735
record p=17477 q=17483 N=305550391 n=29 value=8738
record p=17483 q=17489 N=305760187 n=29 value=8741
record p=17489 q=17783 N=311006887 n=29 value=8744
record p=17519 q=17609 N=308492071 n=29 value=8759
record p=17539 q=26927 N=472272653 n=29 value=8769
record p=17573 q=17903 N=314609419 n=29 value=8786
record p=17579 q=18059 N=317459161 n=29 value=8789
record p=17597 q=17807 N=313349779 n=29 value=8798
record p=17599 q=26879 N=473043521 n=29 value=8799
record p=17609 q=18587 N=327298483 n=29 value=8804
record p=17627 q=17729 N=312509083 n=29 value=8813
record p=17657 q=17807 N=314418199 n=29 value=8828
record p=17669 q=18287 N=323113003 n=29 value=8834
record p=17681 q=22619 N=399926539 n=29 value=8840
record p=17729 q=17783 N=315274807 n=29 value=8864
record p=17747 q=17789 N=315701383 n=29 value=8873
record p=17783 q=17903 N=318369049 n=29 value=8891
record p=17789 q=17903 N=318476467 n=29 value=8894
record p=17807 q=17903 N=318798721 n=29 value=8903
record p=17827 q=29663 N=528802301 n=29 value=8913
record p=17837 q=18143 N=323616691 n=29 value=8918
record p=17839 q=23747 N=423622733 n=29 value=8919
record p=17863 q=27143 N=484855409 n=29 value=8931
record p=17891 q=18257 N=326635987 n=29 value=8945
record p=17903 q=17939 N=321161917 n=29 value=8951
record p=17909 q=18059 N=323418631 n=29 value=8954
record p=17939 q=17987 N=322668793 n=29 value=8969
record p=17957 q=18059 N=324285463 n=29 value=8978
record p=17971 q=29867 N=536739857 n=29 value=8985
record p=17981 q=18839 N=338744059 n=29 value=8990
record p=17987 q=18443 N=331734241 n=29 value=8993
record p=18041 q=21023 N=379275943 n=29 value=9020
record p=18043 q=29567 N=533477381 n=29 value=9021
record p=18047 q=18749 N=338363203 n=29 value=9023
record p=18059 q=18077 N=326452543 n=29 value=9029
record p=18077 q=18119 N=327537163 n=29 value=9038
record p=18089 q=26003 N=470368267 n=29 value=9044
record p=18119 q=18143 N=328733017 n=29 value=9059
record p=18127 q=18287 N=331488449 n=29 value=9063
record p=18143 q=18149 N=329277307 n=29 value=9071
record p=18149 q=18287 N=331890763 n=29 value=9074
record p=18191 q=24953 N=453920023 n=29 value=9095
record p=18199 q=23099 N=420378701 n=29 value=9099
record p=18223 q=23567 N=429461441 n=29 value=9111
record p=18233 q=18743 N=341741119 n=29 value=9116
record p=18251 q=18917 N=345254167 n=29 value=9125
record p=18257 q=18947 N=345915379 n=29 value=9128
record p=18269 q=18443 N=336935167 n=29 value=9134
record p=18287 q=18539 N=339022693 n=29 value=9143
record p=18307 q=27767 N=508330469 n=29 value=9153
record p=18311 q=18353 N=336061783 n=29 value=9155
record p=18329 q=18839 N=345300031 n=29 value=9164
record p=18341 q=24527 N=449849707 n=29 value=9170
record p=18353 q=18371 N=337162963 n=29 value=9176
record p=18367 q=27407 N=503384369 n=29 value=9183
record p=18371 q=19259 N=353807089 n=29 value=9185
record p=18379 q=22343 N=410641997 n=29 value=9189
record p=18401 q=19379 N=356592979 n=29 value=9200
record p=18413 q=18443 N=339590959 n=29 value=9206
record p=18443 q=18587 N=342800041 n=29 value=9221
record p=18461 q=27767 N=512606587 n=29 value=9230
record p=18503 q=18959 N=350798377 n=29 value=9251
record p=18521 q=19259 N=356695939 n=29 value=9260
record p=18539 q=21227 N=393527353 n=29 value=9269
record p=18583 q=27107 N=503729381 n=29 value=9291
record p=18587 q=18617 N=346034179 n=29 value=9293
record p=18593 q=20507 N=381286651 n=29 value=9296
record p=18617 q=18743 N=348938431 n=29 value=9308
record p=18671 q=20249 N=378069079 n=29 value=9335
record p=18701 q=21683 N=405493783 n=29 value=9350
record p=18713 q=18743 N=350737759 n=29 value=9356
record p=18719 q=18869 N=353208811 n=29 value=9359
record p=18731 q=20849 N=390522619 n=29 value=9365
record p=18743 q=18749 N=351412507 n=29 value=9371
record p=18749 q=18839 N=353212411 n=29 value=9374
record p=18773 q=18839 N=353664547 n=29 value=9386
record p=18787 q=23039 N=432833693 n=29 value=9393
record p=18797 q=18839 N=354116683 n=29 value=9398
record p=18803 q=19079 N=358742437 n=29 value=9401
record p=18839 q=18869 N=355473091 n=29 value=9419
record p=18869 q=18899 N=356605231 n=29 value=9434
record p=18899 q=19079 N=360574021 n=29 value=9449
record p=18911 q=18917 N=357739387 n=29 value=9455
record p=18917 q=18947 N=358420399 n=29 value=9458
record p=18919 q=22343 N=422707217 n=29 value=9459
record p=18947 q=18959 N=359216173 n=29 value=9473
record p=18959 q=19037 N=360922483 n=29 value=9479
record p=18979 q=21563 N=409244177 n=29 value=9489
record p=19001 q=20639 N=392161639 n=29 value=9500
record p=19013 q=19583 N=372331579 n=29 value=9506
record p=19031 q=22277 N=423953587 n=29 value=9515
record p=19037 q=19079 N=363206923 n=29 value=9518
record p=19073 q=19079 N=363893767 n=29 value=9536
record p=19079 q=19157 N=365496403 n=29 value=9539
record p=19087 q=28019 N=534798653 n=29 value=9543
record p=19121 q=19763 N=377888323 n=29 value=9560
record p=19139 q=19919 N=381229741 n=29 value=9569
record p=19157 q=19259 N=368944663 n=29 value=9578
record p=19163 q=21587 N=413671681 n=29 value=9581
record p=19211 q=24917 N=478680487 n=29 value=9605
record p=19259 q=19289 N=371486851 n=29 value=9629
record p=19289 q=19379 N=373801531 n=29 value=9644
record p=19301 q=19739 N=380982439 n=29 value=9650
record p=19319 q=19577 N=378208063 n=29 value=9659
record p=19373 q=19379 N=375429367 n=29 value=9686
record p=19379 q=19427 N=376475833 n=29 value=9689
record p=19403 q=19469 N=377757007 n=29 value=9701
record p=19421 q=19463 N=377990923 n=29 value=9710
record p=19427 q=19463 N=378107701 n=29 value=9713
record p=19433 q=21179 N=411571507 n=29 value=9716
record p=19457 q=19583 N=381026431 n=29 value=9728
record p=19463 q=19577 N=381027151 n=29 value=9731
record p=19469 q=19763 N=384765847 n=29 value=9734
record p=19483 q=22343 N=435308669 n=29 value=9741
record p=19541 q=21803 N=426052423 n=29 value=9770
record p=19543 q=22307 N=435945701 n=29 value=9771
record p=19553 q=19583 N=382906399 n=29 value=9776
record p=19559 q=19919 N=389595721 n=29 value=9779
record p=19571 q=23993 N=469567003 n=29 value=9785
record p=19577 q=19583 N=383376391 n=29 value=9788
record p=19583 q=19697 N=385726351 n=29 value=9791
record p=19661 q=21347 N=419703367 n=29 value=9830
record p=19687 q=24023 N=472940801 n=29 value=9843
record p=19697 q=19763 N=389271811 n=29 value=9848
record p=19709 q=19727 N=388799443 n=29 value=9854
record p=19727 q=21419 N=422532613 n=29 value=9863
record p=19739 q=19763 N=390101857 n=29 value=9869
record p=19751 q=20477 N=404441227 n=29 value=9875
record p=19763 q=19793 N=391169059 n=29 value=9881
record p=19793 q=19979 N=395444347 n=29 value=9896
record p=19841 q=21467 N=425926747 n=29 value=9920
record p=19843 q=20543 N=407634749 n=29 value=9921
record p=19853 q=19919 N=395451907 n=29 value=9926
record p=19889 q=20183 N=401419687 n=29 value=9944
record p=19913 q=20183 N=401904079 n=29 value=9956
record p=19919 q=19949 N=397364131 n=29 value=9959
record p=19937 q=20627 N=411240499 n=29 value=9968
record p=19949 q=20123 N=401433727 n=29 value=9974
record p=19961 q=20507 N=409340227 n=29 value=9980
record p=19963 q=26723 N=533471249 n=29 value=9981
record p=19973 q=20123 N=401916679 n=29 value=9986
record p=19979 q=20327 N=406113133 n=29 value=9989
record p=19991 q=20183 N=403478353 n=29 value=9995
record p=19997 q=20123 N=402399631 n=29 value=9998
record p=20047 q=26699 N=535234853 n=29 value=10023
record p=20051 q=20477 N=410584327 n=29 value=10025
record p=20063 q=20627 N=413839501 n=29 value=10031
record p=20107 q=21683 N=435980081 n=29 value=10053
record p=20117 q=20123 N=404814391 n=29 value=10058
record p=20123 q=20183 N=406142509 n=29 value=10061
record p=20129 q=20507 N=412785403 n=29 value=10064
record p=20143 q=26627 N=536347661 n=29 value=10071
record p=20147 q=21089 N=424880083 n=29 value=10073
record p=20177 q=20627 N=416190979 n=29 value=10088
record p=20183 q=20249 N=408685567 n=29 value=10091
record p=20201 q=36683 N=741033283 n=30 value=10100
record p=20219 q=20249 N=409414531 n=29 value=10109
record p=20231 q=29879 N=604482049 n=30 value=10115
record p=20249 q=20327 N=411601423 n=29 value=10124
record p=20261 q=21767 N=441021187 n=29 value=10130
record p=20297 q=20327 N=412577119 n=29 value=10148
record p=20327 q=20357 N=413796739 n=29 value=10163
record p=20333 q=23159 N=470891947 n=29 value=10166
record p=20357 q=20663 N=420636691 n=29 value=10178
record p=20369 q=20507 N=417707083 n=29 value=10184
record p=20393 q=20507 N=418199251 n=29 value=10196
record p=20399 q=20543 N=419056657 n=29 value=10199
record p=20411 q=22613 N=461553943 n=29 value=10205
record p=20443 q=23159 N=473439437 n=29 value=10221
record p=20477 q=20507 N=419921839 n=29 value=10238
record p=20479 q=20507 N=419962853 n=29 value=10239
record p=20483 q=20663 N=423240229 n=29 value=10241
record p=20507 q=20543 N=421275301 n=29 value=10253
record p=20543 q=20627 N=423740461 n=29 value=10271
record p=20549 q=20663 N=424603987 n=29 value=10274
record p=20627 q=20663 N=426215701 n=29 value=10313
record p=20639 q=20753 N=428321167 n=29 value=10319
record p=20663 q=20717 N=428075371 n=29 value=10331
record p=20681 q=21227 N=438995587 n=29 value=10340
record p=20693 q=21599 N=446948107 n=29 value=10346
record p=20717 q=20759 N=430064203 n=29 value=10358
record p=20719 q=22787 N=472123853 n=29 value=10359
record p=20747 q=21179 N=439400713 n=29 value=10373
record p=20753 q=20759 N=430811527 n=29 value=10376
record p=20759 q=20789 N=431558851 n=29 value=10379
record p=20771 q=21017 N=436544107 n=29 value=10385
record p=20789 q=20807 N=432556723 n=29 value=10394
record p=20807 q=20849 N=433805143 n=29 value=10403
record p=20849 q=20963 N=437057587 n=29 value=10424
record p=20873 q=21059 N=439564507 n=29 value=10436
record p=20879 q=22013 N=459609427 n=29 value=10439
record p=20897 q=20963 N=438063811 n=29 value=10448
record p=20903 q=21179 N=442704637 n=29 value=10451
record p=20921 q=26879 N=562335559 n=30 value=10460
record p=20939 q=21059 N=440954401 n=29 value=10469
record p=20947 q=25583 N=535887101 n=29 value=10473
record p=20963 q=21017 N=440579371 n=29 value=10481
record p=20981 q=23327 N=489423787 n=29 value=10490
record p=21011 q=27773 N=583538503 n=30 value=10505
record p=21017 q=21107 N=443605819 n=29 value=10508
record p=21023 q=21089 N=443354047 n=29 value=10511
record p=21059 q=21089 N=444113251 n=29 value=10529
record p=21067 q=22343 N=470699981 n=29 value=10533
record p=21089 q=21179 N=446643931 n=29 value=10544
record p=21101 q=23327 N=492223027 n=29 value=10550
record p=21107 q=21179 N=447025153 n=29 value=10553
record p=21143 q=21227 N=448802461 n=29 value=10571
record p=21149 q=21179 N=447914671 n=29 value=10574
record p=21179 q=21227 N=449566633 n=29 value=10589
record p=21191 q=25799 N=546706609 n=30 value=10595
record p=21221 q=21503 N=456315163 n=29 value=10610
record p=21227 q=21317 N=452495959 n=29 value=10613
record p=21269 q=21419 N=455560711 n=29 value=10634
record p=21317 q=21383 N=455821411 n=29 value=10658
record p=21323 q=22307 N=475652161 n=29 value=10661
record p=21347 q=21377 N=456334819 n=29 value=10673
record p=21377 q=21383 N=457104391 n=29 value=10688
record p=21383 q=21419 N=458002477 n=29 value=10691
record p=21401 q=22367 N=478676167 n=29 value=10700
record p=21407 q=26189 N=560627923 n=30 value=10703
record p=21419 q=21467 N=459801673 n=29 value=10709
record p=21467 q=21563 N=462892921 n=29 value=10733
record p=21491 q=42089 N=904534699 n=30 value=10745
record p=21503 q=21569 N=463798207 n=29 value=10751
record p=21521 q=25463 N=547989223 n=30 value=10760
record p=21557 q=21587 N=465350959 n=29 value=10778
record p=21563 q=21569 N=465092347 n=29 value=10781
record p=21569 q=21587 N=465610003 n=29 value=10784
record p=21587 q=21599 N=466257613 n=29 value=10793
record p=21599 q=21647 N=467553553 n=29 value=10799
record p=21611 q=22277 N=481428247 n=29 value=10805
record p=21617 q=25163 N=543948571 n=30 value=10808
record p=21647 q=21683 N=469371901 n=29 value=10823
record p=21683 q=21773 N=472103959 n=29 value=10841
record p=21713 q=21839 N=474190207 n=29 value=10856
record p=21737 q=31223 N=678694351 n=30 value=10868
record p=21739 q=23447 N=509714333 n=29 value=10869
record p=21767 q=21773 N=473932891 n=29 value=10883
record p=21773 q=21839 N=475500547 n=29 value=10886
record p=21803 q=21839 N=476155717 n=29 value=10901
record p=21821 q=23567 N=514255507 n=29 value=10910
record p=21839 q=22037 N=481266043 n=29 value=10919
record p=21851 q=28433 N=621289483 n=30 value=10925
record p=21859 q=23327 N=509904893 n=29 value=10929
record p=21863 q=21893 N=478646659 n=29 value=10931
record p=21881 q=23027 N=503853787 n=29 value=10940
record p=21893 q=22343 N=489155299 n=29 value=10946
record p=21911 q=23357 N=511775227 n=29 value=10955
record p=21929 q=22307 N=489170203 n=29 value=10964
record p=21943 q=23747 N=521080421 n=29 value=10971
record p=21977 q=22283 N=489713491 n=29 value=10988
record p=22003 q=23819 N=524089457 n=29 value=11001
record p=22013 q=22067 N=485760871 n=29 value=11006
record p=22031 q=23117 N=509290627 n=29 value=11015
record p=22037 q=22343 N=492372691 n=29 value=11018
record p=22067 q=24533 N=541369711 n=30 value=11033
record p=22073 q=22343 N=493177039 n=29 value=11036
record p=22079 q=22943 N=506558497 n=29 value=11039
record p=22091 q=22817 N=504050347 n=29 value=11045
record p=22109 q=22259 N=492124231 n=29 value=11054
record p=22133 q=23399 N=517890067 n=29 value=11066
record p=22157 q=22343 N=495053851 n=29 value=11078
record p=22193 q=22343 N=495858199 n=29 value=11096
record p=22229 q=22307 N=495862303 n=29 value=11114
record p=22247 q=22643 N=503738821 n=29 value=11123
record p=22259 q=22343 N=497332837 n=29 value=11129
record p=22271 q=23957 N=533546347 n=29 value=11135
record p=22277 q=22283 N=496398391 n=29 value=11138
record p=22283 q=22469 N=500676727 n=29 value=11141
record p=22307 q=22349 N=498539143 n=29 value=11153
record p=22343 q=22349 N=499343707 n=29 value=11171
record p=22349 q=22367 N=499880083 n=29 value=11174
record p=22367 q=22409 N=501222103 n=29 value=11183
record p=22391 q=24023 N=537898993 n=30 value=11195
record p=22397 q=22739 N=509285383 n=29 value=11198
record p=22409 q=22619 N=506869171 n=29 value=11204
record p=22433 q=22619 N=507412027 n=29 value=11216
record p=22469 q=22739 N=510922591 n=29 value=11234
record p=22481 q=23747 N=533856307 n=29 value=11240
record p=22483 q=22619 N=508542977 n=29 value=11241
record p=22511 q=25343 N=570496273 n=30 value=11255
record p=22571 q=23537 N=531253627 n=29 value=11285
record p=22613 q=22643 N=512026159 n=29 value=11306
record p=22619 q=22637 N=512026303 n=29 value=11309
record p=22637 q=22643 N=512569591 n=29 value=11318
record p=22643 q=22697 N=513928171 n=29 value=11321
record p=22679 q=22943 N=520324297 n=29 value=11339
record p=22691 q=22937 N=520463467 n=29 value=11345
record p=22697 q=22739 N=516107083 n=29 value=11348
record p=22709 q=22943 N=521012587 n=29 value=11354
record p=22721 q=23627 N=536829067 n=29 value=11360
record p=22727 q=22739 N=516789253 n=29 value=11363
record p=22739 q=22769 N=517744291 n=29 value=11369
record p=22769 q=22787 N=518837203 n=29 value=11384
record p=22787 q=22817 N=519930979 n=29 value=11393
record p=22811 q=23609 N=538544899 n=30 value=11405
record p=22817 q=23627 N=539097259 n=30 value=11408
record p=22853 q=22943 N=524316379 n=29 value=11426
record p=22859 q=22937 N=524316883 n=29 value=11429
record p=22871 q=23357 N=534197947 n=29 value=11435
record p=22877 q=22943 N=524867011 n=29 value=11438
record p=22901 q=23819 N=545478919 n=30 value=11450
record p=22907 q=23369 N=535313683 n=29 value=11453
record p=22937 q=22943 N=526243591 n=29 value=11468
record p=22943 q=22973 N=527069539 n=29 value=11471
record p=22973 q=23039 N=529274947 n=29 value=11486
record p=23003 q=23537 N=541421611 n=30 value=11501
record p=23021 q=24419 N=562149799 n=30 value=11510
record p=23027 q=23099 N=531900673 n=29 value=11513
record p=23039 q=23099 N=532177861 n=29 value=11519
record p=23057 q=23327 N=537850639 n=30 value=11528
record p=23063 q=23417 N=540066271 n=30 value=11531
record p=23081 q=23279 N=537302599 n=30 value=11540
record p=23087 q=23459 N=541597933 n=30 value=11543
record p=23099 q=23117 N=533979583 n=29 value=11549
record p=23117 q=23159 N=535366603 n=29 value=11558
record p=23159 q=23279 N=539118361 n=30 value=11579
record p=23189 q=23627 N=547886503 n=30 value=11594
record p=23201 q=26759 N=620835559 n=30 value=11600
record p=23279 q=23333 N=543168907 n=30 value=11639
record p=23291 q=23909 N=556864519 n=30 value=11645
record p=23297 q=24659 N=574480723 n=30 value=11648
record p=23321 q=29819 N=695408899 n=30 value=11660
record p=23327 q=23357 N=544848739 n=30 value=11663
record p=23333 q=23399 N=545968867 n=30 value=11666
record p=23339 q=23369 N=545409091 n=30 value=11669
record p=23357 q=23399 N=546530443 n=30 value=11678
record p=23369 q=23627 N=552139363 n=30 value=11684
record p=23399 q=23417 N=547934383 n=30 value=11699
record p=23417 q=23459 N=549339403 n=30 value=11708
record p=23447 q=23567 N=552575449 n=30 value=11723
record p=23459 q=23567 N=552858253 n=30 value=11729
record p=23531 q=30593 N=719883883 n=30 value=11765
record p=23537 q=23567 N=554696479 n=30 value=11768
record p=23549 q=24239 N=570804211 n=30 value=11774
record p=23567 q=23603 N=556251901 n=30 value=11783
record p=23603 q=23627 N=557668081 n=30 value=11801
record p=23609 q=23663 N=558659767 n=30 value=11804
record p=23627 q=23663 N=559085701 n=30 value=11813
record p=23633 q=25163 N=594677179 n=30 value=11816
record p=23663 q=23669 N=560079547 n=30 value=11831
record p=23669 q=23819 N=563771911 n=30 value=11834
record p=23687 q=23747 N=562495189 n=30 value=11843
record p=23741 q=25463 N=604517083 n=30 value=11870
record p=23747 q=23813 N=565487311 n=30 value=11873
record p=23753 q=23819 N=565772707 n=30 value=11876
record p=23767 q=45863 N=1090025921 n=31 value=11883
record p=23789 q=23819 N=566630191 n=30 value=11894
record p=23813 q=23819 N=567201847 n=30 value=11906
record p=23819 q=23873 N=568630987 n=30 value=11909
record p=23831 q=23879 N=569060449 n=30 value=11915
record p=23873 q=23879 N=570063367 n=30 value=11936
record p=23879 q=23993 N=572928847 n=30 value=11939
record p=23887 q=45503 N=1086930161 n=31 value=11943
record p=23899 q=45587 N=1089483713 n=31 value=11949
record p=23909 q=24083 N=575800447 n=30 value=11954
record p=23957 q=24023 N=575519011 n=30 value=11978
record p=23981 q=25583 N=613505923 n=30 value=11990
record p=23993 q=24023 N=576383839 n=30 value=11996
record p=24023 q=24029 N=577248667 n=30 value=12011
record p=24029 q=24083 N=578690407 n=30 value=12014
record p=24043 q=47123 N=1132978289 n=31 value=12021
record p=24071 q=25409 N=611620039 n=30 value=12035
record p=24077 q=24239 N=583602403 n=30 value=12038
record p=24083 q=24113 N=580713379 n=30 value=12041
record p=24107 q=24203 N=583461721 n=30 value=12053
record p=24113 q=24407 N=588525991 n=30 value=12056
record p=24137 q=25307 N=610835059 n=30 value=12068
record p=24179 q=25643 N=620022097 n=30 value=12089
record p=24197 q=24239 N=586511083 n=30 value=12098
record p=24203 q=24239 N=586656517 n=30 value=12101
record p=24223 q=44987 N=1089720101 n=31 value=12111
record p=24239 q=24317 N=589419763 n=30 value=12119
record p=24251 q=26099 N=632926849 n=30 value=12125
record p=24281 q=24443 N=593500483 n=30 value=12140
record p=24317 q=24407 N=593505019 n=30 value=12158
record p=24329 q=24407 N=593797903 n=30 value=12164
record p=24359 q=24407 N=594530113 n=30 value=12179
record p=24371 q=24989 N=609006919 n=30 value=12185
record p=24407 q=24527 N=598630489 n=30 value=12203
record p=24413 q=24659 N=602000167 n=30 value=12206
record p=24419 q=24527 N=598924813 n=30 value=12209
record p=24443 q=24527 N=599513461 n=30 value=12221
record p=24473 q=46451 N=1136795323 n=31 value=12236
record p=24509 q=24527 N=601132243 n=30 value=12254
record p=24527 q=24533 N=601720891 n=30 value=12263
record p=24533 q=24623 N=604076059 n=30 value=12266
record p=24551 q=28109 N=690104059 n=30 value=12275
record p=24593 q=24659 N=606438787 n=30 value=12296
record p=24611 q=25673 N=631838203 n=30 value=12305
record p=24623 q=24917 N=613531291 n=30 value=12311
record p=24659 q=24809 N=611765131 n=30 value=12329
record p=24671 q=26189 N=646108819 n=30 value=12335
record p=24677 q=24923 N=615024871 n=30 value=12338
record p=24683 q=25073 N=618876859 n=30 value=12341
record p=24749 q=25127 N=621868123 n=30 value=12374
record p=24767 q=25343 N=627670081 n=30 value=12383
record p=24799 q=43427 N=1076946173 n=31 value=12399
record p=24809 q=26459 N=656421331 n=30 value=12404
record p=24821 q=35159 N=872681539 n=30 value=12410
record p=24851 q=28409 N=705992059 n=30 value=12425
record p=24917 q=24923 N=621006391 n=30 value=12458
record p=24923 q=25013 N=623398999 n=30 value=12461
record p=24943 q=49103 N=1224776129 n=31 value=12471
record p=24953 q=25127 N=626994031 n=30 value=12476
record p=24967 q=49139 N=1226853413 n=31 value=12483
record p=24971 q=31973 N=798397783 n=30 value=12485
record p=24977 q=26627 N=665062579 n=30 value=12488
record p=24979 q=48527 N=1212155933 n=31 value=12489
record p=24989 q=25307 N=632396623 n=30 value=12494
record p=25013 q=25667 N=642008671 n=30 value=12506
record p=25031 q=25463 N=637364353 n=30 value=12515
record p=25037 q=25307 N=633611359 n=30 value=12518
record p=25073 q=25163 N=630911899 n=30 value=12536
record p=25097 q=25127 N=630612319 n=30 value=12548
record p=25121 q=25163 N=632119723 n=30 value=12560
record p=25127 q=25307 N=635888989 n=30 value=12563
record p=25163 q=25307 N=636800041 n=30 value=12581
record p=25169 q=26003 N=654469507 n=30 value=12584
record p=25219 q=42743 N=1077935717 n=31 value=12609
record p=25229 q=35831 N=903980299 n=30 value=12614
record p=25247 q=25307 N=638925829 n=30 value=12623
record p=25253 q=25583 N=646047499 n=30 value=12626
record p=25301 q=43403 N=1098139303 n=31 value=12650
record p=25303 q=44963 N=1137698789 n=31 value=12651
record p=25307 q=25343 N=641355301 n=30 value=12653
record p=25343 q=25349 N=642419707 n=30 value=12671
record p=25349 q=25367 N=643028083 n=30 value=12674
record p=25367 q=25409 N=644550103 n=30 value=12683
record p=25373 q=25463 N=646072699 n=30 value=12686
record p=25391 q=27893 N=708231163 n=30 value=12695
record p=25409 q=25463 N=646989367 n=30 value=12704
record p=25439 q=27407 N=697206673 n=30 value=12719
record p=25447 q=42839 N=1090124033 n=31 value=12723
record p=25457 q=25583 N=651266431 n=30 value=12728
record p=25463 q=25469 N=648517147 n=30 value=12731
record p=25469 q=25583 N=651573427 n=30 value=12734
record p=25523 q=25703 N=656017669 n=30 value=12761
record p=25541 q=27179 N=694178839 n=30 value=12770
record p=25577 q=25643 N=655871011 n=30 value=12788
record p=25583 q=25589 N=654643387 n=30 value=12791
record p=25589 q=25643 N=656178727 n=30 value=12794
record p=25601 q=30803 N=788587603 n=30 value=12800
record p=25643 q=25667 N=658178881 n=30 value=12821
record p=25667 q=25703 N=659718901 n=30 value=12833
record p=25673 q=25679 N=659256967 n=30 value=12836
record p=25679 q=25703 N=660027337 n=30 value=12839
record p=25703 q=25799 N=663111697 n=30 value=12851
record p=25733 q=27239 N=700941187 n=30 value=12866
record p=25763 q=26003 N=669915289 n=30 value=12881
record p=25793 q=25847 N=666671671 n=30 value=12896
record p=25799 q=25847 N=666826753 n=30 value=12899
record p=25841 q=34739 N=897690499 n=30 value=12920
record p=25847 q=25889 N=669152983 n=30 value=12923
record p=25867 q=41543 N=1074592781 n=31 value=12933
record p=25889 q=25919 N=671016991 n=30 value=12944
record p=25913 q=25919 N=671639047 n=30 value=12956
record p=25919 q=25997 N=673816243 n=30 value=12959
record p=25931 q=29333 N=760634023 n=30 value=12965
record p=25943 q=28619 N=742462717 n=30 value=12971
record p=25997 q=26099 N=678495703 n=30 value=12998
record p=26003 q=26099 N=678652297 n=30 value=13001
record p=26021 q=29663 N=771860923 n=30 value=13010
record p=26099 q=26171 N=683036929 n=30 value=13049
record p=26111 q=43133 N=1126245763 n=31 value=13055
record p=26119 q=43403 N=1133642957 n=31 value=13059
record p=26141 q=26399 N=690096259 n=30 value=13070
record p=26153 q=27803 N=727131859 n=30 value=13076
record p=26171 q=26513 N=693871723 n=30 value=13085
record p=26177 q=26267 N=687591259 n=30 value=13088
record p=26183 q=26627 N=697174741 n=30 value=13091
record p=26189 q=26267 N=687906463 n=30 value=13094
record p=26227 q=41579 N=1090492433 n=31 value=13113
record p=26237 q=26903 N=705854011 n=30 value=13118
record p=26249 q=26423 N=693577327 n=30 value=13124
record p=26261 q=26399 N=693264139 n=30 value=13130
record p=26263 q=42359 N=1112474417 n=31 value=13131
record p=26267 q=26297 N=690743299 n=30 value=13133
record p=26297 q=26339 N=692636683 n=30 value=13148
record p=26309 q=26387 N=694215583 n=30 value=13154
record p=26339 q=26387 N=695007193 n=30 value=13169
record p=26347 q=47087 N=1240601189 n=31 value=13173
record p=26357 q=26387 N=695482159 n=30 value=13178
record p=26387 q=26393 N=696432091 n=30 value=13193
record p=26393 q=26399 N=696748807 n=30 value=13196
record p=26399 q=26459 N=698491141 n=30 value=13199
record p=26417 q=26459 N=698967403 n=30 value=13208
record p=26423 q=26513 N=700552999 n=30 value=13211
record p=26459 q=26513 N=701507467 n=30 value=13229
record p=26479 q=40883 N=1082540957 n=31 value=13239
record p=26489 q=29483 N=780975187 n=30 value=13244
record p=26501 q=38699 N=1025562199 n=30 value=13250
record p=26513 q=26627 N=705961651 n=30 value=13256
record p=26539 q=42839 N=1136904221 n=31 value=13269
record p=26561 q=30539 N=811146379 n=30 value=13280
record p=26573 q=30047 N=798438931 n=30 value=13286
record p=26591 q=26669 N=709155379 n=30 value=13295
record p=26597 q=26627 N=708198319 n=30 value=13298
record p=26627 q=26633 N=709156891 n=30 value=13313
record p=26633 q=26879 N=715868407 n=30 value=13316
record p=26647 q=50123 N=1335627581 n=31 value=13323
record p=26669 q=26723 N=712675687 n=30 value=13334
record p=26681 q=36299 N=968493619 n=30 value=13340
record p=26687 q=26759 N=714117433 n=30 value=13343
record p=26693 q=26723 N=713317039 n=30 value=13346
record p=26699 q=26987 N=720525913 n=30 value=13349
record p=26711 q=27239 N=727580929 n=30 value=13355
record p=26717 q=26759 N=714920203 n=30 value=13358
record p=26723 q=26777 N=715561771 n=30 value=13361
record p=26729 q=27011 N=721977019 n=30 value=13364
record p=26759 q=26813 N=717489067 n=30 value=13379
record p=26777 q=26903 N=720381631 n=30 value=13388
record p=26783 q=27299 N=731149117 n=30 value=13391
record p=26801 q=26903 N=721027303 n=30 value=13400
record p=26813 q=26879 N=720706627 n=30 value=13406
record p=26849 q=26879 N=721674271 n=30 value=13424
record p=26861 q=35759 N=960522499 n=30 value=13430
record p=26879 q=26927 N=723770833 n=30 value=13439
record p=26891 q=27299 N=734097409 n=30 value=13445
record p=26903 q=26927 N=724417081 n=30 value=13451
record p=26921 q=29423 N=792096583 n=30 value=13460
record p=26927 q=26987 N=726678949 n=30 value=13463
record p=26947 q=41399 N=1115578853 n=31 value=13473
record p=26959 q=44963 N=1212157517 n=31 value=13479
record p=26981 q=40847 N=1102092907 n=31 value=13490
record p=26987 q=27059 N=730241233 n=30 value=13493
record p=26993 q=28643 N=773160499 n=30 value=13496
record p=27011 q=41117 N=1110611287 n=31 value=13505
record p=27017 q=27179 N=734295043 n=30 value=13508
record p=27043 q=41183 N=1113711869 n=31 value=13521
record p=27059 q=27107 N=733488313 n=30 value=13529
record p=27077 q=27239 N=737550403 n=30 value=13538
record p=27103 q=49019 N=1328561957 n=31 value=13551
record p=27107 q=27143 N=735765301 n=30 value=13553
record p=27143 q=27179 N=737719597 n=30 value=13571
record p=27179 q=27239 N=740328781 n=30 value=13589
record p=27191 q=36209 N=984558919 n=30 value=13595
record p=27197 q=27239 N=740819083 n=30 value=13598
record p=27239 q=27299 N=743597461 n=30 value=13619
record p=27281 q=31079 N=847866199 n=30 value=13640
record p=27283 q=39839 N=1086927437 n=31 value=13641
record p=27299 q=27407 N=748183693 n=30 value=13649
record p=27329 q=28283 N=772946107 n=30 value=13664
record p=27367 q=40763 N=1115561021 n=31 value=13683
record p=27407 q=27449 N=752294743 n=30 value=13703
record p=27431 q=32609 N=894497479 n=30 value=13715
record p=27437 q=27803 N=762830911 n=30 value=13718
record p=27449 q=27647 N=758882503 n=30 value=13724
record p=27479 q=28163 N=773891077 n=30 value=13739
record p=27509 q=28439 N=782328451 n=30 value=13754
record p=27527 q=27617 N=760213159 n=30 value=13763
record p=27539 q=27803 N=765666817 n=30 value=13769
record p=27551 q=35129 N=967839079 n=30 value=13775
record p=27583 q=41243 N=1137605669 n=31 value=13791
record p=27611 q=32309 N=892083799 n=30 value=13805
record p=27617 q=27647 N=763527199 n=30 value=13808
record p=27647 q=27653 N=764522491 n=30 value=13823
record p=27653 q=28283 N=782109799 n=30 value=13826
record p=27689 q=27767 N=768840463 n=30 value=13844
record p=27701 q=35159 N=973939459 n=30 value=13850
record p=27737 q=27767 N=770173279 n=30 value=13868
record p=27743 q=29153 N=808791679 n=30 value=13871
record p=27749 q=28703 N=796479547 n=30 value=13874
record p=27767 q=27773 N=771172891 n=30 value=13883
record p=27773 q=27827 N=772839271 n=30 value=13886
record p=27779 q=28109 N=780839911 n=30 value=13889
record p=27803 q=27827 N=773674081 n=30 value=13901
record p=27809 q=27827 N=773841043 n=30 value=13904
record p=27823 q=46187 N=1285060901 n=31 value=13911
record p=27827 q=27947 N=777681169 n=30 value=13913
record p=27851 q=34499 N=960831649 n=30 value=13925
record p=27883 q=39107 N=1090420481 n=31 value=13941
record p=27893 q=28019 N=781533967 n=30 value=13946
record p=27917 q=31223 N=871652491 n=30 value=13958
record p=27941 q=40343 N=1127223763 n=31 value=13970
record p=27943 q=38459 N=1074659837 n=31 value=13971
record p=27947 q=27953 N=781202491 n=30 value=13973
record p=27953 q=28019 N=783215107 n=30 value=13976
record p=27967 q=43427 N=1214522909 n=31 value=13983
record p=27983 q=28019 N=784055677 n=30 value=13991
record p=28019 q=28097 N=787249843 n=30 value=14009
record p=28027 q=39779 N=1114886033 n=31 value=14013
record p=28031 q=28949 N=811469419 n=30 value=14015
record p=28087 q=39659 N=1113902333 n=31 value=14043
record p=28097 q=28163 N=791295811 n=30 value=14048
record p=28109 q=28163 N=791633767 n=30 value=14054
record p=28151 q=34589 N=973714939 n=30 value=14075
record p=28163 q=28229 N=795013327 n=30 value=14081
record p=28181 q=29819 N=840329239 n=30 value=14090
record p=28211 q=28649 N=808216939 n=30 value=14105
record p=28219 q=38183 N=1077486077 n=31 value=14109
record p=28229 q=28307 N=799078303 n=30 value=14114
record p=28277 q=28283 N=799758391 n=30 value=14138
record p=28279 q=39323 N=1112015117 n=31 value=14139
record p=28283 q=28307 N=800606881 n=30 value=14141
record p=28289 q=28499 N=806208211 n=30 value=14144
record p=28307 q=28319 N=801625933 n=30 value=14153
record p=28319 q=28349 N=802815331 n=30 value=14159
record p=28349 q=28607 N=810979843 n=30 value=14174
record p=28403 q=28439 N=807752917 n=30 value=14201
record p=28409 q=28499 N=809628091 n=30 value=14204
record p=28433 q=28439 N=808606087 n=30 value=14216
record p=28439 q=28499 N=810483061 n=30 value=14219
record p=28463 q=31397 N=893652811 n=30 value=14231
record p=28493 q=28559 N=813731587 n=30 value=14246
record p=28499 q=28517 N=812705983 n=30 value=14249
record p=28517 q=28559 N=814417003 n=30 value=14258
record p=28541 q=29399 N=839076859 n=30 value=14270
record p=28547 q=28817 N=822638899 n=30 value=14273
record p=28559 q=28619 N=817330021 n=30 value=14279
record p=28571 q=32969 N=941957299 n=30 value=14285
record p=28607 q=28643 N=819390301 n=30 value=14303
record p=28619 q=28643 N=819734017 n=30 value=14309
record p=28631 q=32909 N=942217579 n=30 value=14315
record p=28643 q=28649 N=820593307 n=30 value=14321
record p=28649 q=28703 N=822312247 n=30 value=14324
record p=28661 q=34319 N=983616859 n=30 value=14330
record p=28687 q=44579 N=1278837773 n=31 value=14343
record p=28697 q=28703 N=823689991 n=30 value=14348
record p=28703 q=28793 N=826445479 n=30 value=14351
record p=28751 q=37853 N=1088311603 n=31 value=14375
record p=28759 q=37847 N=1088441873 n=31 value=14379
record p=28793 q=28859 N=830937187 n=30 value=14396
record p=28807 q=56843 N=1637476301 n=31 value=14403
record p=28817 q=28979 N=835087843 n=30 value=14408
record p=28859 q=28949 N=835439191 n=30 value=14429
record p=28871 q=33149 N=957044779 n=30 value=14435
record p=28879 q=41843 N=1208383997 n=31 value=14439
record p=28901 q=43403 N=1254390103 n=31 value=14450
record p=28927 q=44543 N=1288495361 n=31 value=14463
record p=28949 q=28979 N=838913071 n=30 value=14474
record p=28961 q=31139 N=901816579 n=30 value=14480
record p=28979 q=29027 N=841173433 n=30 value=14489
record p=29009 q=30347 N=880336123 n=30 value=14504
record p=29021 q=31079 N=901943659 n=30 value=14510
record p=29027 q=29033 N=842740891 n=30 value=14513
record p=29033 q=29399 N=853541167 n=30 value=14516
record p=29063 q=29297 N=851458711 n=30 value=14531
record p=29123 q=29153 N=849022819 n=30 value=14561
record p=29129 q=29339 N=854615731 n=30 value=14564
record p=29147 q=29759 N=867385573 n=30 value=14573
record p=29153 q=29243 N=852521179 n=30 value=14576
record p=29167 q=55823 N=1628189441 n=31 value=14583
record p=29179 q=42083 N=1227939857 n=31 value=14589
record p=29201 q=36299 N=1059967099 n=30 value=14600
record p=29207 q=29243 N=854100301 n=30 value=14603
record p=29231 q=39023 N=1140681313 n=31 value=14615
record p=29243 q=29297 N=856732171 n=30 value=14621
record p=29297 q=29339 N=859544683 n=30 value=14648
record p=29303 q=34499 N=1010924197 n=30 value=14651
record p=29327 q=30467 N=893505709 n=30 value=14663
record p=29333 q=29339 N=860600887 n=30 value=14666
record p=29339 q=29363 N=861481057 n=30 value=14669
record p=29347 q=55487 N=1628376989 n=31 value=14673
record p=29363 q=29399 N=863242837 n=30 value=14681
record p=29387 q=30203 N=887575561 n=30 value=14693
record p=29399 q=29423 N=865006777 n=30 value=14699
record p=29411 q=30029 N=883182919 n=30 value=14705
record p=29423 q=29453 N=866595619 n=30 value=14711
record p=29429 q=29759 N=875777611 n=30 value=14714
record p=29453 q=29483 N=868362799 n=30 value=14726
record p=29483 q=29567 N=871723861 n=30 value=14741
record p=29501 q=29759 N=877920259 n=30 value=14750
record p=29531 q=30539 N=901847209 n=30 value=14765
record p=29537 q=29567 N=873320479 n=30 value=14768
record p=29567 q=29573 N=874384891 n=30 value=14783
record p=29573 q=29663 N=877223899 n=30 value=14786
record p=29587 q=36299 N=1073978513 n=31 value=14793
record p=29599 q=36383 N=1076900417 n=31 value=14799
record p=29633 q=29663 N=879003679 n=30 value=14816
record p=29663 q=29669 N=880071547 n=30 value=14831
record p=29669 q=29759 N=882919771 n=30 value=14834
record p=29717 q=30047 N=892906699 n=30 value=14858
record p=29723 q=30137 N=895762051 n=30 value=14861
record p=29741 q=40127 N=1193417107 n=31 value=14870
record p=29753 q=29759 N=885419527 n=30 value=14876
record p=29759 q=29819 N=887383621 n=30 value=14879
record p=29789 q=30203 N=899717167 n=30 value=14894
record p=29803 q=57587 N=1716265361 n=31 value=14901
record p=29819 q=29873 N=890782987 n=30 value=14909
record p=29837 q=29867 N=891141679 n=30 value=14918
record p=29867 q=29873 N=892216891 n=30 value=14933
record p=29873 q=29879 N=892575367 n=30 value=14936
record p=29879 q=30029 N=897236491 n=30 value=14939
record p=29927 q=30089 N=900473503 n=30 value=14963
record p=29959 q=40487 N=1212950033 n=31 value=14979
record p=29983 q=44207 N=1325458481 n=31 value=14991
record p=30011 q=32609 N=978628699 n=30 value=15005
record p=30029 q=30047 N=902281363 n=30 value=15014
record p=30047 q=30089 N=904084183 n=30 value=15023
record p=30059 q=30347 N=912200473 n=30 value=15029
record p=30071 q=33569 N=1009453399 n=30 value=15035
record p=30089 q=30119 N=906250591 n=30 value=15044
record p=30103 q=36923 N=1111493069 n=31 value=15051
record p=30113 q=30203 N=909502939 n=30 value=15056
record p=30119 q=30137 N=907696303 n=30 value=15059
record p=30137 q=30203 N=910227811 n=30 value=15068
record p=30139 q=36887 N=1111737293 n=31 value=15069
record p=30197 q=30203 N=912039991 n=30 value=15098
record p=30203 q=30293 N=914939479 n=30 value=15101
record p=30223 q=40127 N=1212758321 n=31 value=15111
record p=30269 q=37967 N=1149223123 n=31 value=15134
record p=30293 q=30323 N=918574639 n=30 value=15146
record p=30307 q=35447 N=1074292229 n=31 value=15153
record p=30319 q=35423 N=1073989937 n=31 value=15159
record p=30323 q=30347 N=920212081 n=30 value=15161
record p=30341 q=31019 N=941147479 n=30 value=15170
record p=30347 q=30467 N=924582049 n=30 value=15173
record p=30389 q=30539 N=928049671 n=30 value=15194
record p=30431 q=45197 N=1375389907 n=31 value=15215
record p=30449 q=31247 N=951439903 n=30 value=15224
record p=30467 q=30497 N=929152099 n=30 value=15233
record p=30491 q=33569 N=1023552379 n=30 value=15245
record p=30497 q=30539 N=931347883 n=30 value=15248
record p=30509 q=30803 N=939768727 n=30 value=15254
record p=30539 q=30557 N=933180223 n=30 value=15269
record p=30557 q=30803 N=941247271 n=30 value=15278
record p=30593 q=30803 N=942356179 n=30 value=15296
record p=30643 q=36299 N=1112310257 n=31 value=15321
record p=30671 q=32909 N=1009351939 n=30 value=15335
record p=30677 q=30803 N=944943631 n=30 value=15338
record p=30689 q=30803 N=945313267 n=30 value=15344
record p=30707 q=30869 N=947894383 n=30 value=15353
record p=30713 q=31583 N=970008679 n=30 value=15356
record p=30727 q=36923 N=1134533021 n=31 value=15363
record p=30763 q=36263 N=1115558669 n=31 value=15381
record p=30773 q=32783 N=1008831259 n=30 value=15386
record p=30803 q=30809 N=949009627 n=30 value=15401
record p=30809 q=31019 N=955664371 n=30 value=15404
record p=30839 q=30893 N=952709227 n=30 value=15419
record p=30851 q=33179 N=1023605329 n=30 value=15425
record p=30859 q=52259 N=1612660481 n=31 value=15429
record p=30869 q=31079 N=959377651 n=30 value=15434
record p=30881 q=35507 N=1096491667 n=31 value=15440
record p=30893 q=30983 N=957157819 n=30 value=15446
record p=30911 q=37997 N=1174525267 n=31 value=15455
record p=30971 q=37217 N=1152647707 n=31 value=15485
record p=30977 q=31079 N=962734183 n=30 value=15488
record p=30983 q=32933 N=1020363139 n=30 value=15491
record p=31013 q=31019 N=961992247 n=30 value=15506
record p=31019 q=31337 N=972042403 n=30 value=15509
record p=31039 q=56003 N=1738277117 n=31 value=15519
record p=31051 q=52883 N=1642070033 n=31 value=15525
record p=31079 q=31247 N=971125513 n=30 value=15539
record p=31091 q=36683 N=1140511153 n=31 value=15545
record p=31121 q=36263 N=1128540823 n=31 value=15560
record p=31139 q=31193 N=971318827 n=30 value=15569
record p=31147 q=36563 N=1138827761 n=31 value=15573
record p=31151 q=48197 N=1501384747 n=31 value=15575
record p=31159 q=39323 N=1225265357 n=31 value=15579
record p=31181 q=36887 N=1150173547 n=31 value=15590
record p=31183 q=35747 N=1114698701 n=31 value=15591
record p=31193 q=36083 N=1125537019 n=31 value=15596
record p=31219 q=39659 N=1238114321 n=31 value=15609
record p=31223 q=31259 N=975999757 n=30 value=15611
record p=31247 q=31259 N=976749973 n=30 value=15623
record p=31253 q=31379 N=980687887 n=30 value=15626
record p=31259 q=31337 N=979563283 n=30 value=15629
record p=31267 q=35423 N=1107570941 n=31 value=15633
record p=31271 q=32309 N=1010334739 n=30 value=15635
record p=31277 q=33647 N=1052377219 n=30 value=15638
record p=31307 q=31319 N=980503933 n=30 value=15653
record p=31319 q=31547 N=988020493 n=30 value=15659
record p=31327 q=53987 N=1691250749 n=31 value=15663
record p=31337 q=31379 N=983323723 n=30 value=15668
record p=31379 q=31397 N=985206463 n=30 value=15689
record p=31391 q=34757 N=1091056987 n=31 value=15695
record p=31397 q=31583 N=991611451 n=30 value=15698
record p=31469 q=31547 N=992752543 n=30 value=15734
record p=31481 q=35507 N=1117795867 n=31 value=15740
record p=31511 q=51197 N=1613268667 n=31 value=15755
record p=31517 q=31547 N=994266799 n=30 value=15758
record p=31541 q=39983 N=1261103803 n=31 value=15770
record p=31547 q=31583 N=996348901 n=30 value=15773
record p=31567 q=34019 N=1073877773 n=31 value=15783
record p=31583 q=31607 N=998243881 n=30 value=15791
record p=31601 q=37307 N=1178938507 n=31 value=15800
record p=31607 q=31667 N=1000898869 n=30 value=15803
record p=31643 q=31793 N=1006025899 n=30 value=15821
record p=31649 q=31727 N=1004127823 n=30 value=15824
record p=31663 q=39107 N=1238244941 n=31 value=15831
record p=31667 q=31793 N=1006788931 n=30 value=15833
record p=31687 q=42227 N=1338046949 n=31 value=15843
record p=31721 q=45887 N=1455581527 n=31 value=15860
record p=31727 q=31793 N=1008696511 n=30 value=15863
record p=31751 q=33569 N=1065849319 n=30 value=15875
record p=31769 q=32303 N=1026234007 n=30 value=15884
record p=31793 q=31847 N=1012511671 n=30 value=15896
record p=31799 q=31847 N=1012702753 n=30 value=15899
record p=31817 q=31859 N=1013657803 n=30 value=15908
record p=31847 q=31859 N=1014613573 n=30 value=15923
record p=31859 q=31973 N=1018627807 n=30 value=15929
record p=31883 q=32003 N=1020351649 n=30 value=15941
record p=31907 q=32993 N=1052707651 n=30 value=15953
record p=31963 q=41927 N=1340112701 n=31 value=15981
record p=31973 q=32003 N=1023231919 n=30 value=15986
record p=31991 q=34367 N=1099434697 n=31 value=15995
record p=32003 q=32009 N=1024384027 n=30 value=16001
record p=32009 q=32183 N=1030145647 n=30 value=16004
record p=32027 q=32057 N=1026689539 n=30 value=16013
record p=32051 q=34283 N=1098804433 n=31 value=16025
record p=32057 q=32063 N=1027843591 n=30 value=16028
record p=32063 q=32987 N=1057662181 n=30 value=16031
record p=32069 q=32183 N=1032076627 n=30 value=16034
record p=32083 q=60647 N=1945737701 n=31 value=16041
record p=32099 q=32309 N=1037086591 n=30 value=16049
record p=32117 q=35159 N=1129201603 n=31 value=16058
record p=32141 q=33863 N=1088390683 n=31 value=16070
record p=32159 q=32987 N=1060828933 n=30 value=16079
record p=32183 q=32213 N=1036710979 n=30 value=16091
record p=32189 q=32303 N=1039801267 n=30 value=16094
record p=32203 q=40883 N=1316555249 n=31 value=16101
record p=32213 q=32423 N=1044442099 n=30 value=16106
record p=32237 q=32507 N=1047928159 n=30 value=16118
record p=32261 q=44207 N=1426162027 n=31 value=16130
record p=32297 q=33767 N=1090572799 n=31 value=16148
record p=32299 q=59447 N=1920078653 n=31 value=16149
record p=32303 q=32309 N=1043677627 n=30 value=16151
record p=32309 q=32843 N=1061124487 n=30 value=16154
record p=32321 q=33179 N=1072378459 n=30 value=16160
record p=32323 q=39839 N=1287715997 n=31 value=16161
record p=32327 q=32933 N=1064625091 n=30 value=16163
record p=32359 q=40499 N=1310507141 n=31 value=16179
record p=32363 q=32633 N=1056101779 n=30 value=16181
record p=32369 q=32987 N=1067756203 n=30 value=16184
record p=32381 q=34583 N=1119832123 n=31 value=16190
record p=32411 q=38993 N=1263802123 n=31 value=16205
record p=32423 q=32633 N=1058059759 n=30 value=16211
record p=32429 q=33119 N=1074016051 n=31 value=16214
record p=32441 q=35507 N=1151882587 n=31 value=16220
record p=32443 q=51827 N=1681423361 n=31 value=16221
record p=32479 q=39323 N=1277171717 n=31 value=16239
record p=32503 q=35099 N=1140822797 n=31 value=16251
record p=32507 q=32573 N=1058850511 n=30 value=16253
record p=32531 q=33563 N=1091837953 n=31 value=16265
record p=32537 q=34283 N=1115465971 n=31 value=16268
record p=32561 q=33623 N=1094798503 n=31 value=16280
record p=32563 q=37643 N=1225769009 n=31 value=16281
record p=32573 q=32843 N=1069795039 n=30 value=16286
record p=32579 q=36017 N=1173397843 n=31 value=16289
record p=32587 q=34127 N=1112096549 n=31 value=16293
record p=32603 q=32609 N=1063151227 n=30 value=16301
record p=32609 q=32687 N=1065890383 n=30 value=16304
record p=32621 q=43223 N=1409977483 n=31 value=16310
record p=32633 q=32687 N=1066674871 n=30 value=16316
record p=32647 q=32987 N=1076926589 n=31 value=16323
record p=32687 q=32717 N=1069420579 n=30 value=16343
record p=32693 q=33191 N=1085113363 n=31 value=16346
record p=32707 q=58679 N=1919214053 n=31 value=16353
record p=32717 q=32843 N=1074524431 n=31 value=16358
record p=32771 q=41177 N=1349411467 n=31 value=16385
record p=32779 q=38903 N=1275201437 n=31 value=16389
record p=32783 q=32933 N=1079642539 n=31 value=16391
record p=32789 q=39023 N=1279525147 n=31 value=16394
record p=32801 q=32987 N=1082006587 n=31 value=16400
record p=32839 q=57287 N=1881247793 n=31 value=16419
record p=32843 q=32933 N=1081618519 n=31 value=16421
record p=32909 q=32987 N=1085569183 n=31 value=16454
record p=32933 q=32987 N=1086360871 n=31 value=16466
record p=32939 q=32969 N=1085965891 n=31 value=16469
record p=32957 q=33647 N=1108904179 n=31 value=16478
record p=32969 q=33107 N=1091504683 n=31 value=16484
record p=32983 q=56999 N=1879998017 n=31 value=16491
record p=32987 q=32993 N=1088340091 n=31 value=16493
record p=32993 q=33107 N=1092299251 n=31 value=16496
record p=32999 q=33107 N=1092497893 n=31 value=16499
record p=33023 q=33767 N=1115087641 n=31 value=16511
record p=33029 q=33107 N=1093491103 n=31 value=16514
record p=33053 q=33107 N=1094285671 n=31 value=16526
record p=33071 q=33647 N=1112739937 n=31 value=16535
record p=33083 q=33767 N=1117113661 n=31 value=16541
record p=33107 q=33113 N=1096272091 n=31 value=16553
record p=33113 q=33179 N=1098656227 n=31 value=16556
record p=33119 q=33149 N=1097861731 n=31 value=16559
record p=33149 q=33179 N=1099850671 n=31 value=16574
record p=33161 q=33647 N=1115768167 n=31 value=16580
record p=33179 q=33317 N=1105424743 n=31 value=16589
record p=33191 q=33533 N=1112993803 n=31 value=16595
record p=33203 q=33317 N=1106224351 n=31 value=16601
record p=33223 q=36599 N=1215928577 n=31 value=16611
record p=33247 q=38447 N=1278247409 n=31 value=16623
record p=33287 q=34703 N=1155158761 n=31 value=16643
record p=33311 q=34367 N=1144799137 n=31 value=16655
record p=33317 q=33347 N=1111021999 n=31 value=16658
record p=33329 q=33347 N=1111422163 n=31 value=16664
record p=33343 q=37019 N=1234324517 n=31 value=16671
record p=33347 q=33403 N=1113889841 n=31 value=16673
record p=33353 q=33359 N=1112622727 n=31 value=16676
record p=33359 q=33533 N=1118627347 n=31 value=16679
record p=33377 q=35339 N=1179509803 n=31 value=16688
record p=33413 q=33599 N=1122643387 n=31 value=16706
record p=33427 q=36263 N=1212163301 n=31 value=16713
record p=33461 q=33623 N=1125059203 n=31 value=16730
record p=33479 q=33569 N=1123856551 n=31 value=16739
record p=33487 q=39839 N=1334088593 n=31 value=16743
record p=33503 q=33623 N=1126471369 n=31 value=16751
record p=33521 q=33563 N=1125065323 n=31 value=16760
record p=33533 q=33563 N=1125468079 n=31 value=16766
record p=33547 q=51539 N=1728978833 n=31 value=16773
record p=33563 q=33569 N=1126676347 n=31 value=16781
record p=33569 q=33599 N=1127884831 n=31 value=16784
record p=33581 q=36263 N=1217747803 n=31 value=16790
record p=33587 q=34019 N=1142596153 n=31 value=16793
record p=33599 q=33623 N=1129699177 n=31 value=16799
record p=33617 q=33623 N=1130304391 n=31 value=16808
record p=33619 q=51419 N=1728655361 n=31 value=16809
record p=33623 q=33629 N=1130707867 n=31 value=16811
record p=33629 q=33647 N=1131514963 n=31 value=16814
record p=33641 q=40763 N=1371308083 n=31 value=16820
record p=33647 q=33767 N=1136158249 n=31 value=16823
record p=33679 q=39827 N=1341333533 n=31 value=16839
record p=33703 q=48407 N=1631461121 n=31 value=16851
record p=33713 q=35339 N=1191383707 n=31 value=16856
record p=33739 q=57203 N=1929972017 n=31 value=16869
record p=33749 q=34019 N=1148107231 n=31 value=16874
record p=33767 q=33773 N=1140412891 n=31 value=16883
record p=33773 q=33863 N=1143655099 n=31 value=16886
record p=33791 q=34157 N=1154199187 n=31 value=16895
record p=33797 q=35759 N=1208546923 n=31 value=16898
record p=33809 q=33827 N=1143657043 n=31 value=16904
record p=33827 q=33863 N=1145483701 n=31 value=16913
record p=33851 q=36083 N=1221445633 n=31 value=16925
record p=33857 q=33863 N=1146499591 n=31 value=16928
record p=33863 q=33893 N=1147718659 n=31 value=16931
record p=33893 q=34019 N=1153005967 n=31 value=16946
record p=33911 q=40973 N=1389435403 n=31 value=16955
record p=33923 q=34127 N=1157690221 n=31 value=16961
record p=33941 q=35963 N=1220620183 n=31 value=16970
record p=34019 q=34157 N=1161986983 n=31 value=17009
record p=34031 q=35573 N=1210584763 n=31 value=17015
record p=34039 q=37847 N=1288274033 n=31 value=17019
record p=34061 q=38303 N=1304638483 n=31 value=17030
record p=34127 q=34157 N=1165675939 n=31 value=17063
record p=34157 q=34283 N=1171004431 n=31 value=17078
record p=34159 q=36299 N=1239937541 n=31 value=17079
record p=34183 q=36083 N=1233425189 n=31 value=17091
record p=34211 q=36833 N=1260093763 n=31 value=17105
record p=34217 q=39227 N=1342230259 n=31 value=17108
record p=34253 q=34283 N=1174295599 n=31 value=17126
record p=34259 q=34457 N=1180462363 n=31 value=17129
record p=34267 q=47507 N=1627922369 n=31 value=17133
record p=34283 q=34313 N=1176352579 n=31 value=17141
record p=34303 q=39023 N=1338605969 n=31 value=17151
record p=34313 q=34319 N=1177587847 n=31 value=17156
record p=34319 q=34367 N=1179441073 n=31 value=17159
record p=34327 q=37607 N=1290935489 n=31 value=17163
record p=34337 q=34403 N=1181295811 n=31 value=17168
record p=34361 q=34367 N=1180884487 n=31 value=17180
record p=34367 q=34403 N=1182327901 n=31 value=17183
record p=34403 q=34439 N=1184804917 n=31 value=17201
record p=34421 q=36683 N=1262665543 n=31 value=17210
record p=34439 q=34457 N=1186664623 n=31 value=17219
record p=34457 q=34499 N=1188732043 n=31 value=17228
record p=34469 q=34703 N=1196177707 n=31 value=17234
record p=34487 q=34583 N=1192663921 n=31 value=17243
record p=34499 q=34583 N=1193078917 n=31 value=17249
record p=34583 q=34589 N=1196191387 n=31 value=17291
record p=34589 q=34667 N=1199096863 n=31 value=17294
record p=34607 q=36137 N=1250593159 n=31 value=17303
record p=34613 q=34667 N=1199928871 n=31 value=17306
record p=34631 q=36263 N=1255823953 n=31 value=17315
record p=34649 q=34667 N=1201176883 n=31 value=17324
record p=34667 q=34703 N=1203048901 n=31 value=17333
record p=34673 q=34883 N=1209498259 n=31 value=17336
record p=34679 q=35363 N=1226353477 n=31 value=17339
record p=34703 q=34757 N=1206172171 n=31 value=17351
record p=34739 q=34877 N=1211592103 n=31 value=17369
record p=34747 q=49823 N=1731199781 n=31 value=17373
record p=34757 q=34883 N=1212428431 n=31 value=17378
record p=34759 q=48539 N=1687167101 n=31 value=17379
record p=34763 q=35279 N=1226403877 n=31 value=17381
record p=34781 q=37463 N=1303000603 n=31 value=17390
record p=34807 q=36887 N=1283925809 n=31 value=17403
record p=34841 q=62639 N=2182405399 n=32 value=17420
record p=34843 q=35603 N=1240515329 n=31 value=17421
record p=34847 q=36629 N=1276410763 n=31 value=17423
record p=34871 q=41687 N=1453667377 n=31 value=17435
record p=34877 q=34883 N=1216614391 n=31 value=17438
record p=34883 q=34913 N=1217870179 n=31 value=17441
record p=34913 q=35027 N=1222897651 n=31 value=17456
record p=34919 q=35363 N=1234840597 n=31 value=17459
record p=34939 q=37463 N=1308919757 n=31 value=17469
record p=34949 q=35159 N=1228771891 n=31 value=17474
record p=34961 q=38747 N=1354633867 n=31 value=17480
record p=35027 q=35069 N=1228361863 n=31 value=17513
record p=35051 q=38453 N=1347816103 n=31 value=17525
record p=35069 q=35339 N=1239303391 n=31 value=17534
record p=35081 q=35423 N=1242674263 n=31 value=17540
record p=35083 q=59747 N=2096104001 n=31 value=17541
record p=35099 q=35447 N=1244154253 n=31 value=17549
record p=35107 q=37307 N=1309736849 n=31 value=17553
record p=35111 q=38903 N=1365923233 n=31 value=17555
record p=35117 q=35159 N=1234678603 n=31 value=17558
record p=35129 q=35159 N=1235100511 n=31 value=17564
record p=35141 q=40343 N=1417693363 n=31 value=17570
record p=35153 q=35327 N=1241850031 n=31 value=17576
record p=35159 q=35327 N=1242061993 n=31 value=17579
record p=35171 q=36833 N=1295453443 n=31 value=17585
record p=35201 q=46727 N=1644837127 n=31 value=17600
record p=35227 q=45779 N=1612656833 n=31 value=17613
record p=35267 q=35507 N=1252225369 n=31 value=17633
record p=35279 q=35339 N=1246724581 n=31 value=17639
record p=35291 q=38693 N=1365514663 n=31 value=17645
record p=35327 q=35447 N=1252236169 n=31 value=17663
record p=35339 q=35363 N=1249693057 n=31 value=17669
record p=35363 q=35423 N=1252663549 n=31 value=17681
record p=35381 q=36383 N=1287266923 n=31 value=17690
record p=35393 q=36467 N=1290676531 n=31 value=17696
record p=35419 q=45503 N=1611670757 n=31 value=17709
record p=35423 q=35447 N=1255639081 n=31 value=17711
record p=35447 q=35573 N=1260956131 n=31 value=17723
record p=35507 q=35573 N=1263090511 n=31 value=17753
record p=35527 q=35963 N=1277657501 n=31 value=17763
record p=35531 q=58613 N=2082578503 n=31 value=17765
record p=35537 q=35747 N=1270341139 n=31 value=17768
record p=35543 q=35993 N=1279299199 n=31 value=17771
record p=35573 q=35747 N=1271628031 n=31 value=17786
record p=35591 q=37853 N=1347226123 n=31 value=17795
record p=35597 q=36299 N=1292135503 n=31 value=17798
record p=35603 q=35759 N=1273127677 n=31 value=17801
record p=35747 q=35753 N=1278062491 n=31 value=17873
record p=35753 q=35759 N=1278491527 n=31 value=17876
record p=35759 q=35879 N=1282997161 n=31 value=17879
record p=35771 q=37643 N=1346527753 n=31 value=17885
record p=35801 q=36383 N=1302547783 n=31 value=17900
record p=35831 q=36293 N=1300414483 n=31 value=17915
record p=35837 q=35879 N=1285795723 n=31 value=17918
record p=35839 q=45119 N=1617019841 n=31 value=17919
record p=35879 q=35963 N=1290316477 n=31 value=17939
record p=35897 q=36467 N=1309055899 n=31 value=17948
record p=35899 q=44867 N=1610680433 n=31 value=17949
record p=35933 q=35963 N=1292258479 n=31 value=17966
record p=35951 q=35993 N=1293984343 n=31 value=17975
record p=35963 q=35969 N=1293553147 n=31 value=17981
record p=35969 q=35999 N=1294848031 n=31 value=17984
record p=35983 q=53987 N=1942614221 n=31 value=17991
record p=35993 q=35999 N=1295712007 n=31 value=17996
record p=35999 q=36137 N=1300895863 n=31 value=17999
record p=36007 q=53147 N=1913664029 n=31 value=18003
record p=36011 q=37397 N=1346703367 n=31 value=18005
record p=36017 q=36083 N=1299601411 n=31 value=18008
record p=36067 q=44687 N=1611726029 n=31 value=18033
record p=36083 q=36137 N=1303931371 n=31 value=18041
record p=36107 q=36299 N=1310647993 n=31 value=18053
record p=36131 q=38393 N=1387177483 n=31 value=18065
record p=36137 q=36263 N=1310436031 n=31 value=18068
record p=36161 q=39107 N=1414148227 n=31 value=18080
record p=36191 q=37277 N=1349091907 n=31 value=18095
record p=36209 q=36263 N=1313046967 n=31 value=18104
record p=36251 q=39107 N=1417667857 n=31 value=18125
record p=36263 q=36269 N=1315222747 n=31 value=18131
record p=36269 q=36299 N=1316528431 n=31 value=18134
record p=36293 q=36299 N=1317399607 n=31 value=18146
record p=36299 q=36353 N=1319577547 n=31 value=18149
record p=36307 q=36767 N=1334899469 n=31 value=18153
record p=36319 q=57347 N=2082785693 n=31 value=18159
record p=36341 q=40583 N=1474826803 n=31 value=18170
record p=36343 q=57347 N=2084162021 n=31 value=18171
record p=36353 q=36383 N=1322631199 n=31 value=18176
record p=36383 q=36467 N=1326778861 n=31 value=18191
record p=36389 q=36467 N=1326997663 n=31 value=18194
record p=36467 q=36497 N=1330936099 n=31 value=18233
record p=36473 q=36563 N=1333562299 n=31 value=18236
record p=36479 q=36497 N=1331374063 n=31 value=18239
record p=36497 q=36563 N=1334439811 n=31 value=18248
record p=36523 q=36563 N=1335390449 n=31 value=18261
record p=36527 q=37253 N=1360740331 n=31 value=18263
record p=36551 q=38903 N=1421943553 n=31 value=18275
record p=36559 q=44579 N=1629763661 n=31 value=18279
record p=36563 q=36629 N=1339266127 n=31 value=18281
record p=36587 q=36749 N=1344535663 n=31 value=18293
record p=36599 q=36629 N=1340584771 n=31 value=18299
record p=36607 q=44483 N=1628389181 n=31 value=18303
record p=36629 q=36683 N=1343661607 n=31 value=18314
record p=36643 q=51287 N=1879309541 n=31 value=18321
record p=36653 q=44159 N=1618559827 n=31 value=18326
record p=36671 q=38453 N=1410109963 n=31 value=18335
record p=36677 q=36683 N=1345422391 n=31 value=18338
record p=36683 q=36749 N=1348063567 n=31 value=18341
record p=36713 q=37547 N=1378463011 n=31 value=18356
record p=36749 q=36887 N=1355560363 n=31 value=18374
record p=36761 q=39563 N=1454375443 n=31 value=18380
record p=36767 q=36887 N=1356224329 n=31 value=18383
record p=36779 q=37799 N=1390209421 n=31 value=18389
record p=36787 q=45707 N=1681423409 n=31 value=18393
record p=36791 q=41057 N=1510528087 n=31 value=18395
record p=36809 q=36887 N=1357773583 n=31 value=18404
record p=36821 q=39983 N=1472214043 n=31 value=18410
record p=36833 q=36887 N=1358658871 n=31 value=18416
record p=36857 q=36923 N=1360871011 n=31 value=18428
record p=36887 q=36899 N=1361093413 n=31 value=18443
record p=36899 q=36923 N=1362421777 n=31 value=18449
record p=36919 q=57287 N=2114978753 n=31 value=18459
record p=36923 q=36929 N=1363529467 n=31 value=18461
record p=36929 q=37019 N=1367074651 n=31 value=18464
record p=36943 q=45503 N=1681017329 n=31 value=18471
record p=36947 q=38393 N=1418506171 n=31 value=18473
record p=36979 q=51839 N=1916954381 n=31 value=18489
record p=37013 q=37019 N=1370184247 n=31 value=18506
record p=37019 q=37097 N=1373293843 n=31 value=18509
record p=37049 q=37463 N=1387966687 n=31 value=18524
record p=37061 q=38747 N=1436002567 n=31 value=18530
record p=37087 q=55163 N=2045830181 n=31 value=18543
record p=37097 q=37463 N=1389764911 n=31 value=18548
record p=37123 q=44267 N=1643323841 n=31 value=18561
record p=37139 q=37217 N=1382202163 n=31 value=18569
record p=37181 q=37967 N=1411651027 n=31 value=18590
record p=37199 q=37967 N=1412334433 n=31 value=18599
record p=37217 q=37223 N=1385328391 n=31 value=18608
record p=37223 q=37253 N=1386668419 n=31 value=18611
record p=37253 q=37463 N=1395609139 n=31 value=18626
record p=37277 q=37307 N=1390693039 n=31 value=18638
record p=37307 q=37409 N=1395617563 n=31 value=18653
record p=37313 q=37607 N=1403229991 n=31 value=18656
record p=37337 q=37463 N=1398756031 n=31 value=18668
record p=37361 q=38747 N=1447626667 n=31 value=18680
record p=37379 q=37517 N=1402347943 n=31 value=18689
record p=37397 q=37463 N=1401003811 n=31 value=18698
record p=37409 q=37907 N=1418062963 n=31 value=18704
record p=37447 q=43019 N=1610932493 n=31 value=18723
record p=37463 q=37517 N=1405499371 n=31 value=18731
record p=37493 q=39503 N=1481085979 n=31 value=18746
record p=37511 q=52583 N=1972440913 n=31 value=18755
record p=37517 q=37547 N=1408650799 n=31 value=18758
record p=37529 q=37547 N=1409101363 n=31 value=18764
record p=37547 q=37589 N=1411354183 n=31 value=18773
record p=37571 q=52253 N=1963197463 n=31 value=18785
record p=37589 q=37607 N=1413609523 n=31 value=18794
record p=37607 q=37799 N=1421506993 n=31 value=18803
record p=37619 q=37967 N=1428280573 n=31 value=18809
record p=37643 q=38639 N=1454487877 n=31 value=18821
record p=37649 q=37847 N=1424901703 n=31 value=18824
record p=37663 q=43487 N=1637850881 n=31 value=18831
record p=37691 q=38603 N=1454985673 n=31 value=18845
record p=37699 q=46199 N=1741656101 n=31 value=18849
record p=37747 q=55547 N=2096732609 n=31 value=18873
record p=37781 q=38447 N=1452566107 n=31 value=18890
record p=37783 q=53819 N=2033443277 n=31 value=18891
record p=37799 q=37847 N=1430578753 n=31 value=18899
record p=37811 q=38603 N=1459618033 n=31 value=18905
record p=37847 q=37853 N=1432622491 n=31 value=18923
record p=37853 q=37967 N=1437164851 n=31 value=18926
record p=37871 q=51893 N=1965239803 n=31 value=18935
record p=37879 q=43403 N=1644062237 n=31 value=18939
record p=37889 q=37967 N=1438531663 n=31 value=18944
record p=37907 q=37967 N=1439215069 n=31 value=18953
record p=37967 q=38069 N=1445365723 n=31 value=18983
record p=37987 q=55163 N=2095476881 n=31 value=18993
record p=37991 q=38327 N=1456081057 n=31 value=18995
record p=37997 q=39023 N=1482756931 n=31 value=18998
record p=38039 q=39107 N=1487591173 n=31 value=19019
record p=38069 q=38219 N=1454959111 n=31 value=19034
record p=38119 q=44267 N=1687413773 n=31 value=19059
record p=38153 q=38219 N=1458169507 n=31 value=19076
record p=38167 q=52967 N=2021591489 n=31 value=19083
record p=38177 q=38219 N=1459086763 n=31 value=19088
record p=38183 q=38393 N=1465959919 n=31 value=19091
record p=38189 q=38219 N=1459545391 n=31 value=19094
record p=38201 q=38603 N=1474673203 n=31 value=19100
record p=38219 q=38303 N=1463902357 n=31 value=19109
record p=38231 q=43487 N=1662551497 n=31 value=19115
record p=38237 q=38747 N=1481569039 n=31 value=19118
record p=38261 q=42863 N=1639981243 n=31 value=19130
record p=38273 q=38783 N=1484341759 n=31 value=19136
record p=38303 q=38609 N=1478840527 n=31 value=19151
record p=38321 q=45707 N=1751537947 n=31 value=19160
record p=38327 q=38393 N=1471488511 n=31 value=19163
record p=38333 q=41039 N=1573147987 n=31 value=19166
record p=38351 q=38393 N=1472409943 n=31 value=19175
record p=38393 q=38447 N=1476095671 n=31 value=19196
record p=38447 q=38453 N=1478402491 n=31 value=19223
record p=38453 q=38567 N=1483016851 n=31 value=19226
record p=38459 q=38747 N=1490170873 n=31 value=19229
record p=38543 q=38933 N=1500594619 n=31 value=19271
record p=38561 q=42083 N=1622762563 n=31 value=19280
record p=38567 q=38609 N=1489033303 n=31 value=19283
record p=38603 q=38639 N=1491581317 n=31 value=19301
record p=38609 q=38639 N=1491813151 n=31 value=19304
record p=38639 q=38723 N=1496217997 n=31 value=19319
record p=38651 q=39827 N=1539353377 n=31 value=19325
record p=38669 q=39839 N=1540534291 n=31 value=19334
record p=38693 q=38783 N=1500630619 n=31 value=19346
record p=38699 q=38903 N=1505507197 n=31 value=19349
record p=38707 q=52223 N=2021395661 n=31 value=19353
record p=38711 q=45077 N=1744975747 n=31 value=19355
record p=38723 q=38783 N=1501794109 n=31 value=19361
record p=38729 q=38783 N=1502026807 n=31 value=19364
record p=38747 q=38783 N=1502724901 n=31 value=19373
record p=38783 q=38867 N=1507378861 n=31 value=19391
record p=38803 q=44267 N=1717692401 n=31 value=19401
record p=38839 q=44579 N=1731403781 n=31 value=19419
record p=38861 q=65447 N=2543335867 n=32 value=19430
record p=38867 q=38903 N=1512042901 n=31 value=19433
record p=38873 q=38903 N=1512276319 n=31 value=19436
record p=38891 q=44273 N=1721821243 n=31 value=19445
record p=38903 q=38993 N=1516944679 n=31 value=19451
record p=38921 q=51803 N=2016224563 n=31 value=19460
record p=38933 q=39023 N=1519282459 n=31 value=19466
record p=38959 q=42179 N=1643251661 n=31 value=19479
record p=38993 q=39023 N=1521623839 n=31 value=19496
record p=39023 q=39107 N=1526072461 n=31 value=19511
record p=39041 q=39107 N=1526776387 n=31 value=19520
record p=39043 q=49499 N=1932589457 n=31 value=19521
record p=39047 q=39461 N=1540833667 n=31 value=19523
record p=39089 q=39107 N=1528653523 n=31 value=19544
record p=39107 q=39113 N=1529592091 n=31 value=19553
record p=39113 q=39119 N=1530061447 n=31 value=19556
record p=39119 q=39233 N=1534755727 n=31 value=19559
record p=39163 q=49667 N=1945108721 n=31 value=19581
record p=39191 q=42557 N=1667851387 n=31 value=19595
record p=39209 q=39659 N=1554989731 n=31 value=19604
record p=39227 q=39323 N=1542523321 n=31 value=19613
record p=39233 q=39239 N=1539463687 n=31 value=19616
record p=39239 q=39317 N=1542759763 n=31 value=19619
record p=39251 q=41177 N=1616238427 n=31 value=19625
record p=39293 q=42299 N=1662054607 n=31 value=19646
record p=39317 q=39323 N=1546062391 n=31 value=19658
record p=39323 q=39419 N=1550073337 n=31 value=19661
record p=39341 q=54647 N=2149867627 n=32 value=19670
record p=39359 q=39419 N=1551492421 n=31 value=19679
record p=39371 q=42257 N=1663700347 n=31 value=19685
record p=39383 q=42023 N=1654991809 n=31 value=19691
record p=39419 q=39503 N=1557168757 n=31 value=19709
record p=39443 q=39869 N=1572552967 n=31 value=19721
record p=39461 q=42767 N=1687628587 n=31 value=19730
record p=39499 q=41543 N=1640906957 n=31 value=19749
record p=39503 q=39569 N=1563094207 n=31 value=19751
record p=39509 q=42359 N=1673561731 n=31 value=19754
record p=39551 q=41213 N=1630015363 n=31 value=19775
record p=39563 q=39569 N=1565468347 n=31 value=19781
record p=39569 q=39659 N=1569266971 n=31 value=19784
record p=39581 q=47207 N=1868500267 n=31 value=19790
record p=39623 q=39827 N=1578065221 n=31 value=19811
record p=39659 q=39749 N=1576405591 n=31 value=19829
record p=39671 q=43223 N=1714699633 n=31 value=19835
record p=39719 q=39983 N=1588084777 n=31 value=19859
record p=39727 q=48779 N=1937843333 n=31 value=19863
record p=39749 q=39827 N=1583083423 n=31 value=19874
record p=39761 q=44867 N=1783956787 n=31 value=19880
record p=39779 q=39827 N=1584278233 n=31 value=19889
record p=39791 q=41597 N=1655186227 n=31 value=19895
record p=39827 q=39839 N=1586667853 n=31 value=19913
record p=39839 q=39863 N=1588102057 n=31 value=19919
record p=39857 q=40163 N=1600776691 n=31 value=19928
record p=39863 q=39869 N=1589297947 n=31 value=19931
record p=39869 q=39983 N=1594082227 n=31 value=19934
record p=39887 q=47933 N=1911903571 n=31 value=19943
record p=39929 q=40739 N=1626667531 n=31 value=19964
record p=39953 q=40787 N=1629563011 n=31 value=19976
record p=39971 q=53003 N=2118582913 n=31 value=19985
record p=39983 q=39989 N=1598880187 n=31 value=19991
record p=39989 q=40283 N=1610876887 n=31 value=19994
record p=40013 q=40487 N=1620006331 n=31 value=20006
record p=40031 q=40973 N=1640190163 n=31 value=20015
record p=40037 q=40127 N=1606564699 n=31 value=20018
record p=40039 q=48407 N=1938167873 n=31 value=20019
record p=40123 q=40583 N=1628311709 n=31 value=20061
record p=40127 q=40163 N=1611620701 n=31 value=20063
record p=40151 q=43013 N=1727014963 n=31 value=20075
record p=40163 q=40169 N=1613307547 n=31 value=20081
record p=40169 q=40343 N=1620537967 n=31 value=20084
record p=40193 q=40427 N=1624882411 n=31 value=20096
record p=40241 q=40823 N=1642758343 n=31 value=20120
record p=40253 q=40499 N=1630206247 n=31 value=20126
record p=40277 q=40343 N=1624895011 n=31 value=20138
record p=40283 q=40493 N=1631179519 n=31 value=20141
record p=40289 q=40427 N=1628763403 n=31 value=20144
record p=40343 q=40493 N=1633609099 n=31 value=20171
record p=40361 q=43283 N=1746945163 n=31 value=20180
record p=40387 q=41759 N=1686520733 n=31 value=20193
record p=40423 q=41879 N=1692874817 n=31 value=20211
record p=40427 q=40493 N=1637010511 n=31 value=20213
record p=40433 q=40883 N=1653022339 n=31 value=20216
record p=40487 q=40493 N=1639440091 n=31 value=20243
record p=40493 q=40499 N=1639926007 n=31 value=20246
record p=40499 q=40529 N=1641383971 n=31 value=20249
record p=40519 q=46439 N=1881661841 n=31 value=20259
record p=40529 q=40883 N=1656947107 n=31 value=20264
record p=40559 q=40709 N=1651116331 n=31 value=20279
record p=40577 q=40583 N=1646736391 n=31 value=20288
record p=40583 q=40697 N=1651606351 n=31 value=20291
record p=40637 q=40739 N=1655510743 n=31 value=20318
record p=40697 q=40739 N=1657955083 n=31 value=20348
record p=40709 q=40739 N=1658443951 n=31 value=20354
record p=40739 q=40787 N=1661621593 n=31 value=20369
record p=40751 q=41927 N=1708567177 n=31 value=20375
record p=40759 q=49559 N=2019975281 n=31 value=20379
record p=40763 q=40787 N=1662600481 n=31 value=20381
record p=40787 q=40823 N=1665047701 n=31 value=20393
record p=40823 q=40829 N=1666762267 n=31 value=20411
record p=40829 q=40883 N=1669212007 n=31 value=20414
record p=40841 q=41507 N=1695187387 n=31 value=20420
record p=40847 q=40973 N=1673624131 n=31 value=20423
record p=40853 q=45887 N=1874621611 n=31 value=20426
record p=40883 q=40949 N=1674117967 n=31 value=20441
record p=40939 q=41039 N=1680095621 n=31 value=20469
record p=40949 q=41183 N=1686402667 n=31 value=20474
record p=40961 q=41543 N=1701642823 n=31 value=20480
record p=40973 q=41183 N=1687391059 n=31 value=20486
record p=41039 q=41057 N=1684938223 n=31 value=20519
record p=41047 q=42467 N=1743142949 n=31 value=20523
record p=41051 q=41387 N=1698977737 n=31 value=20525
record p=41057 q=41183 N=1690850431 n=31 value=20528
record p=41081 q=41507 N=1705149067 n=31 value=20540
record p=41117 q=41543 N=1708123531 n=31 value=20558
record p=41141 q=54059 N=2224041319 n=32 value=20570
record p=41143 q=49667 N=2043449381 n=31 value=20571
record p=41177 q=41243 N=1698263011 n=31 value=20588
record p=41179 q=41603 N=1713169937 n=31 value=20589
record p=41183 q=41213 N=1697274979 n=31 value=20591
record p=41189 q=42863 N=1765484107 n=31 value=20594
record p=41201 q=42443 N=1748694043 n=31 value=20600
record p=41213 q=41243 N=1699747759 n=31 value=20606
record p=41227 q=49559 N=2043168893 n=31 value=20613
record p=41231 q=43943 N=1811813833 n=31 value=20615
record p=41243 q=41333 N=1704696919 n=31 value=20621
record p=41299 q=45599 N=1883193101 n=31 value=20649
record p=41333 q=41387 N=1710648871 n=31 value=20666
record p=41351 q=41453 N=1714123003 n=31 value=20675
record p=41357 q=42767 N=1768714819 n=31 value=20678
record p=41381 q=43103 N=1783645243 n=31 value=20690
record p=41387 q=41453 N=1715615311 n=31 value=20693
record p=41399 q=42863 N=1774485337 n=31 value=20699
record p=41411 q=44267 N=1833140737 n=31 value=20705
record p=41443 q=48779 N=2021548097 n=31 value=20721
record p=41453 q=41507 N=1720589671 n=31 value=20726
record p=41479 q=46919 N=1946153201 n=31 value=20739
record p=41507 q=41513 N=1723080091 n=31 value=20753
record p=41513 q=41519 N=1723578247 n=31 value=20756
record p=41519 q=41543 N=1724823817 n=31 value=20759
record p=41543 q=41579 N=1727316397 n=31 value=20771
record p=41549 q=42299 N=1757481151 n=31 value=20774
record p=41579 q=41597 N=1729561663 n=31 value=20789
record p=41597 q=41627 N=1731558319 n=31 value=20798
record p=41603 q=41627 N=1731808081 n=31 value=20801
record p=41609 q=47123 N=1960740907 n=31 value=20804
record p=41621 q=43403 N=1806476263 n=31 value=20810
record p=41627 q=41669 N=1734555463 n=31 value=20813
record p=41651 q=76697 N=3194506747 n=32 value=20825
record p=41659 q=49943 N=2080575437 n=31 value=20829
record p=41669 q=41927 N=1747056163 n=31 value=20834
record p=41681 q=42083 N=1754061523 n=31 value=20840
record p=41687 q=41729 N=1739556823 n=31 value=20843
record p=41729 q=41759 N=1742561311 n=31 value=20864
record p=41759 q=41813 N=1746069067 n=31 value=20879
record p=41771 q=44417 N=1855342507 n=31 value=20885
record p=41777 q=43019 N=1797204763 n=31 value=20888
record p=41813 q=41843 N=1749581359 n=31 value=20906
record p=41843 q=41849 N=1751087707 n=31 value=20921
record p=41849 q=41879 N=1752594271 n=31 value=20924
record p=41863 q=45191 N=1891830833 n=31 value=20931
record p=41879 q=41897 N=1754604463 n=31 value=20939
record p=41897 q=41927 N=1756615519 n=31 value=20948
record p=41903 q=42359 N=1774969177 n=31 value=20951
record p=41927 q=41957 N=1759131139 n=31 value=20963
record p=41957 q=42227 N=1771718239 n=31 value=20978
record p=41969 q=42083 N=1766181427 n=31 value=20984
record p=41981 q=44687 N=1876004947 n=31 value=20990
record p=41999 q=42509 N=1785335491 n=31 value=20999
record p=42017 q=42179 N=1772235043 n=31 value=21008
record p=42023 q=42083 N=1768453909 n=31 value=21011
record p=42071 q=79349 N=3338291779 n=32 value=21035
record p=42083 q=42089 N=1771231387 n=31 value=21041
record p=42089 q=42179 N=1775271931 n=31 value=21044
record p=42101 q=48383 N=2036972683 n=31 value=21050
record p=42131 q=46643 N=1965116233 n=31 value=21065
record p=42139 q=48479 N=2042856581 n=31 value=21069
record p=42179 q=42209 N=1780333411 n=31 value=21089
record p=42197 q=51047 N=2154030259 n=32 value=21098
record p=42209 q=42227 N=1782359443 n=31 value=21104
record p=42221 q=51287 N=2165388427 n=32 value=21110
record p=42227 q=42293 N=1785906511 n=31 value=21113
record p=42239 q=43943 N=1856108377 n=31 value=21119
record p=42257 q=42299 N=1787428843 n=31 value=21128
record p=42281 q=51659 N=2184194179 n=32 value=21140
record p=42293 q=42299 N=1788951607 n=31 value=21146
record p=42299 q=42359 N=1791743341 n=31 value=21149
record p=42323 q=45377 N=1920490771 n=31 value=21161
record p=42359 q=42437 N=1797588883 n=31 value=21179
record p=42403 q=50459 N=2139612977 n=31 value=21201
record p=42407 q=44789 N=1899367123 n=31 value=21203
record p=42437 q=42443 N=1801153591 n=31 value=21218
record p=42443 q=42473 N=1802681539 n=31 value=21221
record p=42467 q=42473 N=1803700891 n=31 value=21233
record p=42473 q=42683 N=1812875059 n=31 value=21236
record p=42487 q=47387 N=2013331469 n=31 value=21243
record p=42491 q=70529 N=2996847739 n=32 value=21245
record p=42499 q=50363 N=2140377137 n=31 value=21249
record p=42509 q=42683 N=1814411647 n=31 value=21254
record p=42533 q=44687 N=1900672171 n=31 value=21266
record p=42557 q=42683 N=1816460431 n=31 value=21278
record p=42569 q=42767 N=1820548423 n=31 value=21284
record p=42611 q=43067 N=1835127937 n=31 value=21305
record p=42677 q=42683 N=1821582391 n=31 value=21338
record p=42683 q=42737 N=1824143371 n=31 value=21341
record p=42689 q=43019 N=1836438091 n=31 value=21344
record p=42719 q=42737 N=1825681903 n=31 value=21359
record p=42727 q=49943 N=2133914561 n=31 value=21363
record p=42737 q=42767 N=1827733279 n=31 value=21368
record p=42743 q=42767 N=1827989881 n=31 value=21371
record p=42767 q=42773 N=1829272891 n=31 value=21383
record p=42773 q=42839 N=1832352547 n=31 value=21386
record p=42797 q=43019 N=1841084143 n=31 value=21398
record p=42821 q=43943 N=1881683203 n=31 value=21410
record p=42839 q=42923 N=1838778397 n=31 value=21419
record p=42863 q=43049 N=1845209287 n=31 value=21431
record p=42899 q=42923 N=1841353777 n=31 value=21449
record p=42923 q=43133 N=1851397759 n=31 value=21461
record p=42929 q=43067 N=1848823243 n=31 value=21464
record p=42943 q=44987 N=1931876741 n=31 value=21471
record p=42953 q=45587 N=1958098411 n=31 value=21476
record p=42989 q=43067 N=1851407263 n=31 value=21494
record p=43003 q=44519 N=1914450557 n=31 value=21501
record p=43013 q=43019 N=1850376247 n=31 value=21506
record p=43019 q=43049 N=1851924931 n=31 value=21509
record p=43037 q=49223 N=2118410251 n=31 value=21518
record p=43049 q=43067 N=1853991283 n=31 value=21524
record p=43063 q=47339 N=2038559357 n=31 value=21531
record p=43067 q=43103 N=1856316901 n=31 value=21533
record p=43103 q=43133 N=1859161699 n=31 value=21551
record p=43133 q=43283 N=1866925639 n=31 value=21566
record p=43151 q=43853 N=1892300803 n=31 value=21575
record p=43223 q=43313 N=1872117799 n=31 value=21611
record p=43271 q=46703 N=2020885513 n=31 value=21635
record p=43283 q=43613 N=1887701479 n=31 value=21641
record p=43313 q=43403 N=1879914139 n=31 value=21656
record p=43319 q=44027 N=1907205613 n=31 value=21659
record p=43331 q=62969 N=2728509739 n=32 value=21665
record p=43391 q=54617 N=2369886247 n=32 value=21695
record p=43397 q=43427 N=1884601519 n=31 value=21698
record p=43403 q=43427 N=1884862081 n=31 value=21701
record p=43427 q=43487 N=1888509949 n=31 value=21713
record p=43451 q=53609 N=2329364659 n=32 value=21725
record p=43457 q=43787 N=1902851659 n=31 value=21728
record p=43481 q=44543 N=1936774183 n=31 value=21740
record p=43487 q=43607 N=1896337609 n=31 value=21743
record p=43499 q=44939 N=1954801561 n=31 value=21749
record p=43517 q=44027 N=1915922959 n=31 value=21758
record p=43577 q=44519 N=1940004463 n=31 value=21788
record p=43579 q=46679 N=2034224141 n=31 value=21789
record p=43607 q=43613 N=1901832091 n=31 value=21803
record p=43613 q=43787 N=1909682431 n=31 value=21806
record p=43649 q=44519 N=1943209831 n=31 value=21824
record p=43661 q=46643 N=2036480023 n=31 value=21830
record p=43691 q=49157 N=2147718487 n=32 value=21845
record p=43721 q=47903 N=2094367063 n=31 value=21860
record p=43781 q=49307 N=2158709767 n=32 value=21890
record p=43787 q=43943 N=1924132141 n=31 value=21893
record p=43793 q=44267 N=1938584731 n=31 value=21896
record p=43853 q=43943 N=1927032379 n=31 value=21926
record p=43889 q=43943 N=1928614327 n=31 value=21944
record p=43913 q=45083 N=1979729779 n=31 value=21956
record p=43943 q=43997 N=1933360171 n=31 value=21971
record p=43973 q=44027 N=1935999271 n=31 value=21986
record p=43991 q=51869 N=2281769179 n=32 value=21995
record p=43997 q=44027 N=1937055919 n=31 value=21998
record p=44021 q=45863 N=2018935123 n=31 value=22010
record p=44027 q=44123 N=1942603321 n=31 value=22013
record p=44059 q=47303 N=2084122877 n=31 value=22029
record p=44087 q=44963 N=1982283781 n=31 value=22043
record p=44111 q=49529 N=2184773719 n=32 value=22055
record p=44123 q=44129 N=1947103867 n=31 value=22061
record p=44129 q=45707 N=2017004203 n=31 value=22064
record p=44159 q=44189 N=1951342051 n=31 value=22079
record p=44171 q=48857 N=2158062547 n=32 value=22085
record p=44189 q=44267 N=1956114463 n=31 value=22094
record p=44207 q=44267 N=1956911269 n=31 value=22103
record p=44249 q=44267 N=1958770483 n=31 value=22124
record p=44263 q=47339 N=2095366157 n=31 value=22131
record p=44267 q=44273 N=1959832891 n=31 value=22133
record p=44273 q=44519 N=1970989687 n=31 value=22136
record p=44279 q=44417 N=1966740343 n=31 value=22139
record p=44351 q=47903 N=2124545953 n=31 value=22175
record p=44357 q=44963 N=1994423791 n=31 value=22178
record p=44417 q=44519 N=1977400423 n=31 value=22208
record p=44453 q=44519 N=1979003107 n=31 value=22226
record p=44483 q=44519 N=1980338677 n=31 value=22241
record p=44501 q=49727 N=2212901227 n=32 value=22250
record p=44507 q=50153 N=2232159571 n=32 value=22253
record p=44519 q=44537 N=1982742703 n=31 value=22259
record p=44531 q=49739 N=2214927409 n=32 value=22265
record p=44537 q=44687 N=1990224919 n=31 value=22268
record p=44543 q=44657 N=1989156751 n=31 value=22271
record p=44549 q=47639 N=2122269811 n=31 value=22274
record p=44579 q=44687 N=1992101773 n=31 value=22289
record p=44621 q=64679 N=2886041659 n=32 value=22310
record p=44633 q=45707 N=2040040531 n=31 value=22316
record p=44651 q=49409 N=2206161259 n=32 value=22325
record p=44657 q=44687 N=1995587359 n=31 value=22328
record p=44687 q=44699 N=1997464213 n=31 value=22343
record p=44699 q=44729 N=1999341571 n=31 value=22349
record p=44711 q=45533 N=2035825963 n=31 value=22355
record p=44729 q=44819 N=2004709051 n=31 value=22364
record p=44741 q=49499 N=2214634759 n=32 value=22370
record p=44753 q=44819 N=2005784707 n=31 value=22376
record p=44771 q=49307 N=2207523697 n=32 value=22385
record p=44777 q=44819 N=2006860363 n=31 value=22388
record p=44789 q=44819 N=2007398191 n=31 value=22394
record p=44819 q=44867 N=2010894073 n=31 value=22409
record p=44843 q=44939 N=2015199577 n=31 value=22421
record p=44867 q=44879 N=2013586093 n=31 value=22433
record p=44879 q=44963 N=2017894477 n=31 value=22439
record p=44887 q=47819 N=2146451453 n=31 value=22443
record p=44909 q=44927 N=2017626643 n=31 value=22454
record p=44927 q=45317 N=2035956859 n=31 value=22463
record p=44939 q=44963 N=2020592257 n=31 value=22469
record p=44963 q=45077 N=2026797151 n=31 value=22481
record p=44987 q=45077 N=2027878999 n=31 value=22493
record p=45053 q=45191 N=2035990123 n=31 value=22526
record p=45077 q=45083 N=2032206391 n=31 value=22538
record p=45083 q=45197 N=2037616351 n=31 value=22541
record p=45119 q=45317 N=2044657723 n=31 value=22559
record p=45131 q=46523 N=2099629513 n=31 value=22565
record p=45137 q=50459 N=2277567883 n=32 value=22568
record p=45161 q=54287 N=2451655207 n=32 value=22580
record p=45179 q=45329 N=2047918891 n=31 value=22589
record p=45191 q=47777 N=2159090407 n=32 value=22595
record p=45197 q=45503 N=2056599091 n=31 value=22598
record p=45233 q=46307 N=2094604531 n=31 value=22616
record p=45263 q=45317 N=2051183371 n=31 value=22631
record p=45281 q=47507 N=2151164467 n=32 value=22640
record p=45293 q=46199 N=2092491307 n=31 value=22646
record p=45317 q=45503 N=2062059451 n=31 value=22658
record p=45329 q=45503 N=2062605487 n=31 value=22664
record p=45341 q=48179 N=2184484039 n=32 value=22670
record p=45377 q=45503 N=2064789631 n=31 value=22688
record p=45389 q=45887 N=2082765043 n=31 value=22694
record p=45413 q=45503 N=2066427739 n=31 value=22706
record p=45439 q=46619 N=2118320741 n=31 value=22719
record p=45491 q=47309 N=2152133719 n=32 value=22745
record p=45497 q=48407 N=2202373279 n=32 value=22748
record p=45503 q=45533 N=2071888099 n=31 value=22751
record p=45533 q=45659 N=2078991247 n=31 value=22766
record p=45557 q=46679 N=2126555203 n=31 value=22778
record p=45569 q=45587 N=2077354003 n=31 value=22784
record p=45587 q=45659 N=2081456833 n=31 value=22793
record p=45599 q=46133 N=2103618667 n=31 value=22799
record p=45659 q=45707 N=2086935913 n=31 value=22829
record p=45677 q=45707 N=2087758639 n=31 value=22838
record p=45707 q=45737 N=2090501059 n=31 value=22853
record p=45737 q=45779 N=2093794123 n=31 value=22868
record p=45767 q=46997 N=2150911699 n=32 value=22883
record p=45779 q=45833 N=2098188907 n=31 value=22889
record p=45821 q=74099 N=3395290279 n=32 value=22910
record p=45827 q=46049 N=2110287523 n=31 value=22913
record p=45833 q=46643 N=2137788619 n=31 value=22916
record p=45863 q=45887 N=2104515481 n=31 value=22931
record p=45869 q=45887 N=2104790803 n=31 value=22934
record p=45887 q=45953 N=2108645311 n=31 value=22943
record p=45893 q=48023 N=2203919539 n=32 value=22946
record p=45953 q=46199 N=2122982647 n=31 value=22976
record p=45959 q=46307 N=2128223413 n=31 value=22979
record p=45971 q=50867 N=2338406857 n=32 value=22985
record p=45989 q=46199 N=2124645811 n=31 value=22994
record p=46049 q=46187 N=2126865163 n=31 value=23024
record p=46073 q=46499 N=2142348427 n=31 value=23036
record p=46091 q=50069 N=2307730279 n=32 value=23045
record p=46103 q=46133 N=2126869699 n=31 value=23051
record p=46133 q=46199 N=2131298467 n=31 value=23066
record p=46181 q=49559 N=2288684179 n=32 value=23090
record p=46187 q=46499 N=2147649313 n=32 value=23093
record p=46199 q=46337 N=2140723063 n=31 value=23099
record p=46229 q=47207 N=2182332403 n=32 value=23114
record p=46271 q=66629 N=3082990459 n=32 value=23135
record p=46301 q=46679 N=2161284379 n=32 value=23150
record p=46307 q=46679 N=2161564453 n=32 value=23153
record p=46337 q=46499 N=2154624163 n=32 value=23168
record p=46349 q=46499 N=2155182151 n=32 value=23174
record p=46439 q=49019 N=2276393341 n=32 value=23219
record p=46451 q=46457 N=2157974107 n=32 value=23225
record p=46457 q=46499 N=2160204043 n=32 value=23228
record p=46499 q=46559 N=2164946941 n=32 value=23249
record p=46511 q=49157 N=2286341227 n=32 value=23255
record p=46523 q=46889 N=2181416947 n=32 value=23261
record p=46559 q=46643 N=2171651437 n=32 value=23279
record p=46589 q=46643 N=2173050727 n=32 value=23294
record p=46601 q=47507 N=2213873707 n=32 value=23300
record p=46619 q=47309 N=2205498271 n=32 value=23309
record p=46643 q=46679 N=2177248597 n=32 value=23321
record p=46649 q=51203 N=2388568747 n=32 value=23324
record p=46679 q=46727 N=2181169633 n=32 value=23339
record p=46703 q=46829 N=2187054787 n=32 value=23351
record p=46727 q=46877 N=2190421579 n=32 value=23363
record p=46751 q=46877 N=2191546627 n=32 value=23375
record p=46757 q=46919 N=2193791683 n=32 value=23378
record p=46769 q=46919 N=2194354711 n=32 value=23384
record p=46811 q=47459 N=2221603249 n=32 value=23405
record p=46829 q=46919 N=2197169851 n=32 value=23414
record p=46853 q=47207 N=2211789571 n=32 value=23426
record p=46877 q=46919 N=2199421963 n=32 value=23438
record p=46889 q=46919 N=2199984991 n=32 value=23444
record p=46919 q=47093 N=2209556467 n=32 value=23459
record p=46997 q=47123 N=2214639631 n=32 value=23498
record p=47051 q=49109 N=2310627559 n=32 value=23525
record p=47057 q=47123 N=2217467011 n=32 value=23528
record p=47087 q=47129 N=2219163223 n=32 value=23543
record p=47093 q=47123 N=2219163439 n=32 value=23546
record p=47123 q=47147 N=2221708081 n=32 value=23561
record p=47129 q=47303 N=2229343087 n=32 value=23564
record p=47147 q=47309 N=2230477423 n=32 value=23573
record p=47189 q=47207 N=2227651123 n=32 value=23594
record p=47207 q=47297 N=2232749479 n=32 value=23603
record p=47237 q=48383 N=2285467771 n=32 value=23618
record p=47279 q=47507 N=2246083453 n=32 value=23639
record p=47297 q=47339 N=2238992683 n=32 value=23648
record p=47303 q=47309 N=2237857627 n=32 value=23651
record p=47309 q=47339 N=2239560751 n=32 value=23654
record p=47339 q=47417 N=2244673363 n=32 value=23669
record p=47351 q=51797 N=2452639747 n=32 value=23675
record p=47363 q=48473 N=2295826699 n=32 value=23681
record p=47381 q=67967 N=3220344427 n=32 value=23690
record p=47387 q=47459 N=2248939633 n=32 value=23693
record p=47417 q=47459 N=2250363403 n=32 value=23708
record p=47419 q=93407 N=4429266533 n=33 value=23709
record p=47441 q=50147 N=2379023827 n=32 value=23720
record p=47459 q=47507 N=2254634713 n=32 value=23729
record p=47501 q=48179 N=2288550679 n=32 value=23750
record p=47507 q=47513 N=2257200091 n=32 value=23753
record p=47513 q=47639 N=2263471807 n=32 value=23756
record p=47543 q=47963 N=2280304909 n=32 value=23771
record p=47591 q=48449 N=2305736359 n=32 value=23795
record p=47599 q=91499 N=4355260901 n=33 value=23799
record p=47609 q=47963 N=2283470467 n=32 value=23804
record p=47623 q=93047 N=4431177281 n=33 value=23811
record p=47639 q=47717 N=2273190163 n=32 value=23819
record p=47657 q=54347 N=2590014979 n=32 value=23828
record p=47681 q=49499 N=2360161819 n=32 value=23840
record p=47699 q=47843 N=2282063257 n=32 value=23849
record p=47711 q=49877 N=2379681547 n=32 value=23855
record p=47717 q=47819 N=2281779223 n=32 value=23858
record p=47743 q=90227 N=4307707661 n=33 value=23871
record p=47777 q=47819 N=2284648363 n=32 value=23888
record p=47807 q=48029 N=2296122403 n=32 value=23903
record p=47819 q=47837 N=2287517503 n=32 value=23909
record p=47837 q=47903 N=2291535811 n=32 value=23918
record p=47843 q=47903 N=2291823229 n=32 value=23921
record p=47903 q=47963 N=2297571589 n=32 value=23951
record p=47933 q=47963 N=2299010479 n=32 value=23966
record p=47939 q=48437 N=2322021343 n=32 value=23969
record p=47947 q=95027 N=4556259569 n=33 value=23973
record p=47951 q=61757 N=2961309907 n=32 value=23975
record p=47963 q=47969 N=2300737147 n=32 value=23981
record p=47969 q=48023 N=2303615287 n=32 value=23984
record p=47981 q=49199 N=2360617219 n=32 value=23990
record p=48017 q=48407 N=2324358919 n=32 value=24008
record p=48023 q=48239 N=2316581497 n=32 value=24011
record p=48029 q=48239 N=2316870931 n=32 value=24014
record p=48119 q=48479 N=2332761001 n=32 value=24059
record p=48131 q=61379 N=2954232649 n=32 value=24065
record p=48163 q=92363 N=4448479169 n=33 value=24081
record p=48179 q=48593 N=2341162147 n=32 value=24089
record p=48197 q=48239 N=2324975083 n=32 value=24098
record p=48221 q=48239 N=2326132819 n=32 value=24110
record p=48239 q=48281 N=2329027159 n=32 value=24119
record p=48281 q=63599 N=3070623319 n=32 value=24140
record p=48299 q=48353 N=2335401547 n=32 value=24149
record p=48311 q=48767 N=2355982537 n=32 value=24155
record p=48341 q=48767 N=2357445547 n=32 value=24170
record p=48353 q=48383 N=2339463199 n=32 value=24176
record p=48383 q=48449 N=2344107967 n=32 value=24191
record p=48407 q=48437 N=2344689859 n=32 value=24203
record p=48413 q=93047 N=4504684411 n=33 value=24206
record p=48437 q=48479 N=2348177323 n=32 value=24218
record p=48449 q=48479 N=2348759071 n=32 value=24224
record p=48473 q=48479 N=2349922567 n=32 value=24236
record p=48479 q=48527 N=2352540433 n=32 value=24239
record p=48491 q=49937 N=2421495067 n=32 value=24245
record p=48497 q=49139 N=2383094083 n=32 value=24248
record p=48527 q=48563 N=2356616701 n=32 value=24263
record p=48533 q=49367 N=2395928611 n=32 value=24266
record p=48539 q=48809 N=2369140051 n=32 value=24269
record p=48563 q=48593 N=2359821859 n=32 value=24281
record p=48593 q=48647 N=2363903671 n=32 value=24296
record p=48611 q=48809 N=2372654299 n=32 value=24305
record p=48623 q=49943 N=2428378489 n=32 value=24311
record p=48647 q=48677 N=2367990019 n=32 value=24323
record p=48677 q=48779 N=2374415383 n=32 value=24338
record p=48731 q=62597 N=3050414407 n=32 value=24365
record p=48761 q=51827 N=2527136347 n=32 value=24380
record p=48767 q=48779 N=2378805493 n=32 value=24383
record p=48779 q=48809 N=2380854211 n=32 value=24389
record p=48799 q=88223 N=4305194177 n=33 value=24399
record p=48809 q=48947 N=2389054123 n=32 value=24404
record p=48821 q=55127 N=2691355267 n=32 value=24410
record p=48823 q=88667 N=4328988941 n=33 value=24411
record p=48857 q=49139 N=2400784123 n=32 value=24428
record p=48869 q=49103 N=2399614507 n=32 value=24434
record p=48947 q=48953 N=2396102491 n=32 value=24473
record p=48953 q=49019 N=2399627107 n=32 value=24476
record p=48989 q=49031 N=2401979659 n=32 value=24494
record p=49003 q=91823 N=4499602469 n=33 value=24501
record p=49019 q=49103 N=2406979957 n=32 value=24509
record p=49031 q=49109 N=2407863379 n=32 value=24515
record p=49037 q=49223 N=2413748251 n=32 value=24518
record p=49043 q=49307 N=2418163201 n=32 value=24521
record p=49103 q=49109 N=2411399227 n=32 value=24551
record p=49109 q=49139 N=2413167151 n=32 value=24554
record p=49121 q=55079 N=2705535559 n=32 value=24560
record p=49123 q=90527 N=4446957821 n=33 value=24561
record p=49139 q=49157 N=2415525823 n=32 value=24569
record p=49157 q=49223 N=2419655011 n=32 value=24578
record p=49169 q=49307 N=2424375883 n=32 value=24584
record p=49193 q=49943 N=2456845999 n=32 value=24596
record p=49199 q=49307 N=2425855093 n=32 value=24599
record p=49223 q=49253 N=2424380419 n=32 value=24611
record p=49253 q=49943 N=2459842579 n=32 value=24626
record p=49277 q=49367 N=2432657659 n=32 value=24638
record p=49279 q=90239 N=4446887681 n=33 value=24639
record p=49307 q=49367 N=2434138669 n=32 value=24653
record p=49331 q=57329 N=2828096899 n=32 value=24665
record p=49367 q=49409 N=2439174103 n=32 value=24683
record p=49391 q=88007 N=4346753737 n=33 value=24695
record p=49409 q=49499 N=2445696091 n=32 value=24704
record p=49433 q=49499 N=2446884067 n=32 value=24716
record p=49451 q=60449 N=2989263499 n=32 value=24725
record p=49463 q=50069 N=2476562947 n=32 value=24731
record p=49481 q=55967 N=2769303127 n=32 value=24740
record p=49499 q=49529 N=2451635971 n=32 value=24749
record p=49523 q=49613 N=2456984599 n=32 value=24761
record p=49529 q=49559 N=2454607711 n=32 value=24764
record p=49547 q=49943 N=2474525821 n=32 value=24773
record p=49559 q=49613 N=2458770667 n=32 value=24779
record p=49613 q=49943 N=2477822059 n=32 value=24806
record p=49667 q=49727 N=2469790909 n=32 value=24833
record p=49697 q=49943 N=2482017271 n=32 value=24848
record p=49727 q=49853 N=2479040131 n=32 value=24863
record p=49739 q=49787 N=2476355593 n=32 value=24869
record p=49757 q=51383 N=2556663931 n=32 value=24878
record p=49783 q=89003 N=4430836349 n=33 value=24891
record p=49787 q=50423 N=2510409901 n=32 value=24893
record p=49811 q=55817 N=2780300587 n=32 value=24905
record p=49823 q=49937 N=2488011151 n=32 value=24911
record p=49853 q=50147 N=2499978391 n=32 value=24926
record p=49871 q=56597 N=2822548987 n=32 value=24935
record p=49877 q=49943 N=2491007011 n=32 value=24938
record p=49919 q=50087 N=2500292953 n=32 value=24959
record p=49927 q=90227 N=4504763429 n=33 value=24963
record p=49937 q=49943 N=2494003591 n=32 value=24968
record p=49943 q=50069 N=2500596067 n=32 value=24971
record p=49991 q=57389 N=2868933499 n=32 value=24995
record p=50021 q=55487 N=2775515227 n=32 value=25010
record p=50033 q=50363 N=2519811979 n=32 value=25016
record p=50047 q=87119 N=4360044593 n=33 value=25023
record p=50069 q=50087 N=2507806003 n=32 value=25034
record p=50087 q=50273 N=2518023751 n=32 value=25043
record p=50093 q=50207 N=2515019251 n=32 value=25046
record p=50111 q=54917 N=2751945787 n=32 value=25055
record p=50119 q=88499 N=4435481381 n=33 value=25059
record p=50123 q=50129 N=2512615867 n=32 value=25061
record p=50129 q=50459 N=2529459211 n=32 value=25064
record p=50147 q=50153 N=2515022491 n=32 value=25073
record p=50153 q=50159 N=2515624327 n=32 value=25076
record p=50159 q=50273 N=2521643407 n=32 value=25079
record p=50177 q=54779 N=2748645883 n=32 value=25088
record p=50207 q=50273 N=2524056511 n=32 value=25103
record p=50231 q=53777 N=2701272487 n=32 value=25115
record p=50273 q=50387 N=2533105651 n=32 value=25136
record p=50291 q=53597 N=2695446727 n=32 value=25145
record p=50321 q=57899 N=2913535579 n=32 value=25160
record p=50333 q=50363 N=2534920879 n=32 value=25166
record p=50363 q=50543 N=2545497109 n=32 value=25181
record p=50387 q=51407 N=2590244509 n=32 value=25193
record p=50411 q=54617 N=2753297587 n=32 value=25205
record p=50417 q=50543 N=2548226431 n=32 value=25208
record p=50423 q=50867 N=2564866741 n=32 value=25211
record p=50441 q=70139 N=3537881299 n=32 value=25220
record p=50459 q=50543 N=2550349237 n=32 value=25229
record p=50513 q=91283 N=4610978179 n=33 value=25256
record p=50539 q=90263 N=4561801757 n=33 value=25269
record p=50543 q=50549 N=2554898107 n=32 value=25271
record p=50549 q=50867 N=2571275983 n=32 value=25274
record p=50587 q=97607 N=4937645309 n=33 value=25293
record p=50591 q=53129 N=2687849239 n=32 value=25295
record p=50599 q=97523 N=4934566277 n=33 value=25299
record p=50627 q=50789 N=2571294703 n=32 value=25313
record p=50651 q=53699 N=2719908049 n=32 value=25325
record p=50707 q=95819 N=4858694033 n=33 value=25353
record p=50723 q=51449 N=2609647627 n=32 value=25361
record p=50741 q=53147 N=2696731927 n=32 value=25370
record p=50753 q=51287 N=2602969111 n=32 value=25376
record p=50777 q=51803 N=2630400931 n=32 value=25388
record p=50789 q=50867 N=2583484063 n=32 value=25394
record p=50839 q=88643 N=4506521477 n=33 value=25419
record p=50849 q=51827 N=2635351123 n=32 value=25424
record p=50867 q=50873 N=2587756891 n=32 value=25433
record p=50873 q=51047 N=2596914031 n=32 value=25436
record p=50891 q=53819 N=2738902729 n=32 value=25445
record p=50909 q=54059 N=2752089631 n=32 value=25454
record p=50923 q=95279 N=4851892517 n=33 value=25461
record p=50951 q=52709 N=2685576259 n=32 value=25475
record p=50957 q=51047 N=2601201979 n=32 value=25478
record p=50969 q=51203 N=2609765707 n=32 value=25484
record p=50993 q=51047 N=2603039671 n=32 value=25496
record p=51043 q=89087 N=4547267741 n=33 value=25521
record p=51047 q=51197 N=2613453259 n=32 value=25523
record p=51059 q=51827 N=2646234793 n=32 value=25529
record p=51071 q=52919 N=2702626249 n=32 value=25535
record p=51131 q=56009 N=2863796179 n=32 value=25565
record p=51137 q=51539 N=2635549843 n=32 value=25568
record p=51197 q=51203 N=2621439991 n=32 value=25598
record p=51203 q=51287 N=2626048261 n=32 value=25601
record p=51239 q=51257 N=2626357423 n=32 value=25619
record p=51257 q=51347 N=2631893179 n=32 value=25628
record p=51263 q=51329 N=2631278527 n=32 value=25631
record p=51287 q=51329 N=2632510423 n=32 value=25643
record p=51329 q=51347 N=2635590163 n=32 value=25664
record p=51341 q=55619 N=2855535079 n=32 value=25670
record p=51343 q=83939 N=4309680077 n=33 value=25671
record p=51347 q=51383 N=2638362901 n=32 value=25673
record p=51383 q=51407 N=2641445881 n=32 value=25691
record p=51407 q=51413 N=2642988091 n=32 value=25703
record p=51413 q=51539 N=2649774607 n=32 value=25706
record p=51419 q=51449 N=2645456131 n=32 value=25709
record p=51431 q=52817 N=2716431127 n=32 value=25715
record p=51437 q=62303 N=3204679411 n=32 value=25718
record p=51439 q=96479 N=4962783281 n=33 value=25719
record p=51449 q=51599 N=2654716951 n=32 value=25724
record p=51461 q=66239 N=3408725179 n=32 value=25730
record p=51473 q=51503 N=2651013919 n=32 value=25736
record p=51479 q=52379 N=2696418541 n=32 value=25739
record p=51487 q=84443 N=4347716741 n=33 value=25743
record p=51503 q=51593 N=2657194279 n=32 value=25751
record p=51521 q=93827 N=4834060867 n=33 value=25760
record p=51539 q=51593 N=2659051627 n=32 value=25769
record p=51551 q=56009 N=2887319959 n=32 value=25775
record p=51563 q=52889 N=2727115507 n=32 value=25781
record p=51581 q=52259 N=2695571479 n=32 value=25790
record p=51593 q=51599 N=2662147207 n=32 value=25796
record p=51599 q=51683 N=2666791117 n=32 value=25799
record p=51647 q=54983 N=2839707001 n=32 value=25823
record p=51659 q=51683 N=2669892097 n=32 value=25829
record p=51683 q=51713 N=2672682979 n=32 value=25841
record p=51713 q=51719 N=2674544647 n=32 value=25856
record p=51719 q=51827 N=2680440613 n=32 value=25859
record p=51749 q=52127 N=2697520123 n=32 value=25874
record p=51767 q=52103 N=2697216001 n=32 value=25883
record p=51797 q=51827 N=2684483119 n=32 value=25898
record p=51803 q=51827 N=2684794081 n=32 value=25901
record p=51827 q=51839 N=2686659853 n=32 value=25913
record p=51839 q=51869 N=2688837091 n=32 value=25919
record p=51859 q=94727 N=4912447493 n=33 value=25929
record p=51869 q=52103 N=2702530507 n=32 value=25934
record p=51893 q=52103 N=2703780979 n=32 value=25946
record p=51899 q=54647 N=2836124653 n=32 value=25949
record p=51907 q=85487 N=4437373709 n=33 value=25953
record p=51929 q=52103 N=2705656687 n=32 value=25964
record p=51971 q=51977 N=2701296667 n=32 value=25985
record p=51977 q=52103 N=2708157631 n=32 value=25988
record p=52067 q=52553 N=2736277051 n=32 value=26033
record p=52103 q=52127 N=2715973081 n=32 value=26051
record p=52121 q=85643 N=4463798803 n=33 value=26060
record p=52127 q=52163 N=2719100701 n=32 value=26063
record p=52147 q=87359 N=4555509773 n=33 value=26073
record p=52163 q=52289 N=2727551107 n=32 value=26081
record p=52181 q=54287 N=2832749947 n=32 value=26090
record p=52223 q=52253 N=2728808419 n=32 value=26111
record p=52253 q=52379 N=2736959887 n=32 value=26126
record p=52259 q=52457 N=2741350363 n=32 value=26129
record p=52267 q=82487 N=4311348029 n=33 value=26133
record p=52289 q=52727 N=2757042103 n=32 value=26144
record p=52301 q=53507 N=2798469607 n=32 value=26150
record p=52313 q=52379 N=2740102627 n=32 value=26156
record p=52363 q=84947 N=4448079761 n=33 value=26181
record p=52379 q=52433 N=2746388107 n=32 value=26189
record p=52391 q=87293 N=4573367563 n=33 value=26195
record p=52433 q=52583 N=2757084439 n=32 value=26216
record p=52457 q=52583 N=2758346431 n=32 value=26228
record p=52511 q=54959 N=2885952049 n=32 value=26255
record p=52517 q=52883 N=2777256511 n=32 value=26258
record p=52529 q=55163 N=2897657227 n=32 value=26264
record p=52541 q=56207 N=2953171987 n=32 value=26270
record p=52553 q=52583 N=2763394399 n=32 value=26276
record p=52571 q=84947 N=4465748737 n=33 value=26285
record p=52583 q=52673 N=2769704359 n=32 value=26291
record p=52631 q=55229 N=2906757499 n=32 value=26315
record p=52667 q=52727 N=2776972909 n=32 value=26333
record p=52673 q=52727 N=2777289271 n=32 value=26336
record p=52691 q=62939 N=3316318849 n=32 value=26345
record p=52697 q=53987 N=2844952939 n=32 value=26348
record p=52709 q=52883 N=2787410047 n=32 value=26354
record p=52721 q=53507 N=2820942547 n=32 value=26360
record p=52727 q=52817 N=2784881959 n=32 value=26363
record p=52733 q=52883 N=2788679239 n=32 value=26366
record p=52757 q=53927 N=2845026739 n=32 value=26378
record p=52769 q=52919 N=2792482711 n=32 value=26384
record p=52783 q=97859 N=5165291597 n=33 value=26391
record p=52817 q=52919 N=2795022823 n=32 value=26408
record p=52859 q=52883 N=2795342497 n=32 value=26429
record p=52883 q=52919 N=2798515477 n=32 value=26441
record p=52889 q=53639 N=2836913071 n=32 value=26444
record p=52901 q=54287 N=2871836587 n=32 value=26450
record p=52903 q=97523 N=5159259269 n=33 value=26451
record p=52919 q=52937 N=2801373103 n=32 value=26459
record p=52937 q=53003 N=2805819811 n=32 value=26468
record p=52967 q=53003 N=2807409901 n=32 value=26483
record p=52973 q=53783 N=2849046859 n=32 value=26486
record p=53003 q=53069 N=2812816207 n=32 value=26501
record p=53051 q=53189 N=2821729639 n=32 value=26525
record p=53069 q=53147 N=2820458143 n=32 value=26534
record p=53087 q=53267 N=2827785229 n=32 value=26543
record p=53093 q=53927 N=2863146211 n=32 value=26546
record p=53117 q=54311 N=2884837387 n=32 value=26558
record p=53129 q=53147 N=2823646963 n=32 value=26564
record p=53147 q=53189 N=2826835783 n=32 value=26573
record p=53171 q=58067 N=3087480457 n=32 value=26585
record p=53189 q=53267 N=2833218463 n=32 value=26594
record p=53231 q=53849 N=2866436119 n=32 value=26615
record p=53267 q=53279 N=2838012493 n=32 value=26633
record p=53279 q=53597 N=2855594563 n=32 value=26639
record p=53309 q=53507 N=2852404663 n=32 value=26654
record p=53327 q=57557 N=3069342139 n=32 value=26663
record p=53359 q=98123 N=5235745157 n=33 value=26679
record p=53381 q=57719 N=3081097939 n=32 value=26690
record p=53407 q=98639 N=5268013073 n=33 value=26703
record p=53411 q=60689 N=3241460179 n=32 value=26705
record p=53419 q=95783 N=5116632077 n=33 value=26709
record p=53441 q=63059 N=3369936019 n=32 value=26720
record p=53453 q=65447 N=3498338491 n=32 value=26726
record p=53507 q=53609 N=2868456763 n=32 value=26753
record p=53527 q=90659 N=4852704293 n=33 value=26763
record p=53549 q=53819 N=2881953631 n=32 value=26774
record p=53591 q=55589 N=2979070099 n=32 value=26795
record p=53597 q=53699 N=2878105303 n=32 value=26798
record p=53609 q=53699 N=2878749691 n=32 value=26804
record p=53633 q=53639 N=2876820487 n=32 value=26816
record p=53639 q=53813 N=2886475507 n=32 value=26819
record p=53657 q=53699 N=2881327243 n=32 value=26828
record p=53681 q=63299 N=3397953619 n=32 value=26840
record p=53693 q=53699 N=2883260407 n=32 value=26846
record p=53699 q=53759 N=2886804541 n=32 value=26849
record p=53717 q=53783 N=2889061411 n=32 value=26858
record p=53759 q=53777 N=2890997743 n=32 value=26879
record p=53777 q=53783 N=2892288391 n=32 value=26888
record p=53783 q=53897 N=2898742351 n=32 value=26891
record p=53813 q=53939 N=2902619407 n=32 value=26906
record p=53819 q=53849 N=2898099331 n=32 value=26909
record p=53831 q=95087 N=5118628297 n=33 value=26915
record p=53849 q=53927 N=2903915023 n=32 value=26924
record p=53861 q=54959 N=2960146699 n=32 value=26930
record p=53887 q=92003 N=4957765661 n=33 value=26943
record p=53891 q=54059 N=2913293569 n=32 value=26945
record p=53897 q=53927 N=2906503519 n=32 value=26948
record p=53927 q=53939 N=2908768453 n=32 value=26963
record p=53939 q=53987 N=2912004793 n=32 value=26969
record p=53951 q=55997 N=3021094147 n=32 value=26975
record p=53987 q=54059 N=2918483233 n=32 value=26993
record p=53993 q=54059 N=2918807587 n=32 value=26996
record p=54011 q=55109 N=2976492199 n=32 value=27005
record p=54059 q=54269 N=2933727871 n=32 value=27029
record p=54083 q=54563 N=2950930729 n=32 value=27041
record p=54101 q=54647 N=2956457347 n=32 value=27050
record p=54163 q=99119 N=5368582397 n=33 value=27081
record p=54167 q=56003 N=3033514501 n=32 value=27083
record p=54251 q=99809 N=5414738059 n=33 value=27125
record p=54269 q=54287 N=2946101203 n=32 value=27134
record p=54287 q=54323 N=2949032701 n=32 value=27143
record p=54293 q=56039 N=3042525427 n=32 value=27146
record p=54311 q=56087 N=3046141057 n=32 value=27155
record p=54323 q=54377 N=2953921771 n=32 value=27161
record p=54347 q=54371 N=2954900737 n=32 value=27173
record p=54371 q=60899 N=3311139529 n=32 value=27185
record p=54377 q=54779 N=2978717683 n=32 value=27188
record p=54401 q=60539 N=3293382139 n=32 value=27200
record p=54403 q=89399 N=4863573797 n=33 value=27201
record p=54413 q=54443 N=2962406959 n=32 value=27206
record p=54419 q=57977 N=3155050363 n=32 value=27209
record p=54437 q=54443 N=2963713591 n=32 value=27218
record p=54443 q=54497 N=2966980171 n=32 value=27221
record p=54449 q=54563 N=2970900787 n=32 value=27224
record p=54497 q=55967 N=3050033599 n=32 value=27248
record p=54503 q=71453 N=3894402859 n=32 value=27251
record p=54521 q=55787 N=3041563027 n=32 value=27260
record p=54539 q=54647 N=2980392733 n=32 value=27269
record p=54563 q=54617 N=2980067371 n=32 value=27281
record p=54581 q=55127 N=3008886787 n=32 value=27290
record p=54617 q=54647 N=2984655199 n=32 value=27308
record p=54623 q=54767 N=2991537841 n=32 value=27311
record p=54629 q=54647 N=2985310963 n=32 value=27314
record p=54647 q=54767 N=2992852249 n=32 value=27323
record p=54713 q=55787 N=3052274131 n=32 value=27356
record p=54727 q=97523 N=5337141221 n=33 value=27363
record p=54767 q=54773 N=2999752891 n=32 value=27383
record p=54773 q=54779 N=3000410167 n=32 value=27386
record p=54779 q=54833 N=3003696907 n=32 value=27389
record p=54799 q=83243 N=4561633157 n=33 value=27399
record p=54833 q=54959 N=3013566847 n=32 value=27416
record p=54851 q=79337 N=4351713787 n=33 value=27425
record p=54869 q=57203 N=3138671407 n=32 value=27434
record p=54881 q=106787 N=5860577347 n=33 value=27440
record p=54907 q=88547 N=4861850129 n=33 value=27453
record p=54917 q=54959 N=3018183403 n=32 value=27458
record p=54919 q=81203 N=4459587557 n=33 value=27459
record p=54941 q=79187 N=4350612967 n=33 value=27470
record p=54959 q=54983 N=3021810697 n=32 value=27479
record p=54983 q=55073 N=3028078759 n=32 value=27491
record p=55001 q=68219 N=3752113219 n=32 value=27500
record p=55049 q=55163 N=3036667987 n=32 value=27524
record p=55061 q=60539 N=3333337879 n=32 value=27530
record p=55073 q=55079 N=3033365767 n=32 value=27536
record p=55079 q=55103 N=3035018137 n=32 value=27539
record p=55103 q=55127 N=3037663081 n=32 value=27551
record p=55109 q=55439 N=3055187851 n=32 value=27554
record p=55127 q=55163 N=3040970701 n=32 value=27563
record p=55163 q=55229 N=3046597327 n=32 value=27581
record p=55171 q=77867 N=4296000257 n=33 value=27585
record p=55207 q=89939 N=4965262373 n=33 value=27603
record p=55217 q=64187 N=3544213579 n=32 value=27608
record p=55219 q=78539 N=4336845041 n=33 value=27609
record p=55229 q=55439 N=3061840531 n=32 value=27614
record p=55243 q=77747 N=4294977521 n=33 value=27621
record p=55259 q=55457 N=3064498363 n=32 value=27629
record p=55313 q=55487 N=3069152431 n=32 value=27656
record p=55331 q=63299 N=3502396969 n=32 value=27665
record p=55337 q=55439 N=3067827943 n=32 value=27668
record p=55343 q=56663 N=3135900409 n=32 value=27671
record p=55373 q=55439 N=3069823747 n=32 value=27686
record p=55439 q=55457 N=3074480623 n=32 value=27719
record p=55457 q=55487 N=3077142559 n=32 value=27728
record p=55469 q=60647 N=3364028443 n=32 value=27734
record p=55487 q=55529 N=3081137623 n=32 value=27743
record p=55529 q=58043 N=3223069747 n=32 value=27764
record p=55541 q=62939 N=3495694999 n=32 value=27770
record p=55547 q=55619 N=3089468593 n=32 value=27773
record p=55589 q=55619 N=3091804591 n=32 value=27794
record p=55603 q=88379 N=4914137537 n=33 value=27801
record p=55619 q=55667 N=3096142873 n=32 value=27809
record p=55631 q=55967 N=3113500177 n=32 value=27815
record p=55639 q=86843 N=4831857677 n=33 value=27819
record p=55667 q=55697 N=3100484899 n=32 value=27833
record p=55673 q=55787 N=3105829651 n=32 value=27836
record p=55691 q=57557 N=3205406887 n=32 value=27845
record p=55697 q=55787 N=3107168539 n=32 value=27848
record p=55721 q=82763 N=4611637123 n=33 value=27860
record p=55733 q=55787 N=3109176871 n=32 value=27866
record p=55763 q=56999 N=3178435237 n=32 value=27881
record p=55787 q=55817 N=3113862979 n=32 value=27893
record p=55793 q=55967 N=3122566831 n=32 value=27896
record p=55799 q=55949 N=3121898251 n=32 value=27899
record p=55817 q=55823 N=3115872391 n=32 value=27908
record p=55823 q=56039 N=3128265097 n=32 value=27911
record p=55829 q=55967 N=3124581643 n=32 value=27914
record p=55871 q=60869 N=3400811899 n=32 value=27935
record p=55889 q=56843 N=3176898427 n=32 value=27944
record p=55901 q=78839 N=4407178939 n=33 value=27950
record p=55949 q=55967 N=3131297683 n=32 value=27974
record p=55967 q=55997 N=3133984099 n=32 value=27983
record p=55997 q=56003 N=3135999991 n=32 value=27998
record p=56003 q=56009 N=3136672027 n=32 value=28001
record p=56009 q=56039 N=3138688351 n=32 value=28004
record p=56039 q=56123 N=3145076797 n=32 value=28019
record p=56081 q=58679 N=3290776999 n=32 value=28040
record p=56087 q=56099 N=3146424613 n=32 value=28043
record p=56093 q=56123 N=3148107439 n=32 value=28046
record p=56099 q=56843 N=3188835457 n=32 value=28049
record p=56123 q=56249 N=3156862627 n=32 value=28061
record p=56171 q=62969 N=3537031699 n=32 value=28085
record p=56179 q=76463 N=4295614877 n=33 value=28089
record p=56207 q=56369 N=3168332383 n=32 value=28103
record p=56237 q=56807 N=3194655259 n=32 value=28118
record p=56249 q=56543 N=3180487207 n=32 value=28124
record p=56263 q=76403 N=4298661989 n=33 value=28131
record p=56267 q=58937 N=3316208179 n=32 value=28133
record p=56333 q=56543 N=3185236819 n=32 value=28166
record p=56359 q=93179 N=5251475261 n=33 value=28179
record p=56369 q=56807 N=3202153783 n=32 value=28184
record p=56393 q=67499 N=3806471107 n=32 value=28196
record p=56417 q=56543 N=3189986431 n=32 value=28208
record p=56443 q=79943 N=4512222749 n=33 value=28221
record p=56453 q=57143 N=3225893779 n=32 value=28226
record p=56467 q=76079 N=4295952893 n=33 value=28233
record p=56477 q=56999 N=3219132523 n=32 value=28238
record p=56489 q=56807 N=3208970623 n=32 value=28244
record p=56501 q=76463 N=4320235963 n=33 value=28250
record p=56519 q=56843 N=3212709517 n=32 value=28259
record p=56531 q=59009 N=3335837779 n=32 value=28265
record p=56543 q=56663 N=3203896009 n=32 value=28271
record p=56591 q=58229 N=3295237339 n=32 value=28295
record p=56597 q=56663 N=3206955811 n=32 value=28298
record p=56633 q=56663 N=3208995679 n=32 value=28316
record p=56663 q=56873 N=3222594799 n=32 value=28331
record p=56681 q=77999 N=4421061319 n=33 value=28340
record p=56687 q=57287 N=3247428169 n=32 value=28343
record p=56711 q=56999 N=3232470289 n=32 value=28355
record p=56747 q=56807 N=3223626829 n=32 value=28373
record p=56767 q=76367 N=4335125489 n=33 value=28383
record p=56779 q=76679 N=4353756941 n=33 value=28389
record p=56783 q=56963 N=3234530029 n=32 value=28391
record p=56807 q=56843 N=3229080301 n=32 value=28403
record p=56813 q=73127 N=4154564251 n=32 value=28406
record p=56843 q=56873 N=3232831939 n=32 value=28421
record p=56873 q=56999 N=3241704127 n=32 value=28436
record p=56891 q=57809 N=3288811819 n=32 value=28445
record p=56897 q=58427 N=3324321019 n=32 value=28448
record p=56909 q=56963 N=3241707367 n=32 value=28454
record p=56921 q=59699 N=3398126779 n=32 value=28460
record p=56923 q=79943 N=4550595389 n=33 value=28461
record p=56951 q=58439 N=3328159489 n=32 value=28475
record p=56957 q=56999 N=3246492043 n=32 value=28478
record p=56963 q=56999 N=3246834037 n=32 value=28481
record p=56993 q=56999 N=3248544007 n=32 value=28496
record p=56999 q=57089 N=3254015911 n=32 value=28499
record p=57041 q=58979 N=3364221139 n=32 value=28520
record p=57047 q=57119 N=3258467593 n=32 value=28523
record p=57059 q=57077 N=3256756543 n=32 value=28529
record p=57077 q=57143 N=3261551011 n=32 value=28538
record p=57089 q=57119 N=3260866591 n=32 value=28544
record p=57107 q=57287 N=3271488709 n=32 value=28553
record p=57119 q=57143 N=3263951017 n=32 value=28559
record p=57131 q=58889 N=3364387459 n=32 value=28565
record p=57139 q=86027 N=4915496753 n=33 value=28569
record p=57143 q=57173 N=3267036739 n=32 value=28571
record p=57149 q=60647 N=3465915403 n=32 value=28574
record p=57163 q=89399 N=5110315037 n=33 value=28581
record p=57173 q=57203 N=3270467119 n=32 value=28586
record p=57179 q=57803 N=3305117737 n=32 value=28589
record p=57191 q=77447 N=4429271377 n=33 value=28595
record p=57203 q=57269 N=3275958607 n=32 value=28601
record p=57221 q=58679 N=3357671059 n=32 value=28610
record p=57251 q=59369 N=3398934619 n=32 value=28625
record p=57259 q=85847 N=4915513373 n=33 value=28629
record p=57269 q=57287 N=3280769203 n=32 value=28634
record p=57283 q=76079 N=4358033357 n=33 value=28641
record p=57287 q=57329 N=3284206423 n=32 value=28643
record p=57329 q=57347 N=3287646163 n=32 value=28664
record p=57347 q=57389 N=3291086983 n=32 value=28673
record p=57367 q=92567 N=5310291089 n=33 value=28683
record p=57383 q=57923 N=3323795509 n=32 value=28691
record p=57389 q=57467 N=3297973663 n=32 value=28694
record p=57413 q=57719 N=3313820947 n=32 value=28706
record p=57467 q=57503 N=3304524901 n=32 value=28733
record p=57503 q=57527 N=3307975081 n=32 value=28751
record p=57527 q=57719 N=3320400913 n=32 value=28763
record p=57557 q=57587 N=3314534959 n=32 value=28778
record p=57587 q=57593 N=3316608091 n=32 value=28793
record p=57593 q=57719 N=3324210367 n=32 value=28796
record p=57641 q=63599 N=3665909959 n=32 value=28820
record p=57653 q=63599 N=3666673147 n=32 value=28826
record p=57689 q=57719 N=3329751391 n=32 value=28844
record p=57713 q=57719 N=3331136647 n=32 value=28856
record p=57719 q=57803 N=3336331357 n=32 value=28859
record p=57727 q=78479 N=4530357233 n=33 value=28863
record p=57731 q=60689 N=3503636659 n=32 value=28865
record p=57737 q=58043 N=3351228691 n=32 value=28868
record p=57773 q=62303 N=3599431219 n=32 value=28886
record p=57791 q=61559 N=3557556169 n=32 value=28895
record p=57803 q=57809 N=3341533627 n=32 value=28901
record p=57809 q=57899 N=3347083291 n=32 value=28904
record p=57839 q=57923 N=3350208397 n=32 value=28919
record p=57859 q=76667 N=4435875953 n=33 value=28929
record p=57881 q=62639 N=3625607959 n=32 value=28940
record p=57899 q=57917 N=3353336383 n=32 value=28949
record p=57917 q=57923 N=3354726391 n=32 value=28958
record p=57923 q=57947 N=3356464081 n=32 value=28961
record p=57943 q=90359 N=5235671537 n=33 value=28971
record p=57947 q=58679 N=3400272013 n=32 value=28973
record p=57977 q=58043 N=3365159011 n=32 value=28988
record p=58013 q=58043 N=3367248559 n=32 value=29006
record p=58027 q=112787 N=6544691249 n=33 value=29013
record p=58031 q=115013 N=6674319403 n=33 value=29015
record p=58043 q=58049 N=3369338107 n=32 value=29021
record p=58049 q=58067 N=3370731283 n=32 value=29024
record p=58061 q=82463 N=4787884243 n=33 value=29030
record p=58067 q=58109 N=3374215303 n=32 value=29033
record p=58073 q=58763 N=3412543699 n=32 value=29036
record p=58109 q=58403 N=3393739927 n=32 value=29054
record p=58151 q=63629 N=3700089979 n=32 value=29075
record p=58169 q=58943 N=3428655367 n=32 value=29084
record p=58193 q=58379 N=3397249147 n=32 value=29096
record p=58199 q=58427 N=3400392973 n=32 value=29099
record p=58207 q=73859 N=4299110813 n=33 value=29103
record p=58211 q=60899 N=3544991689 n=32 value=29105
record p=58217 q=58679 N=3416115343 n=32 value=29108
record p=58229 q=58391 N=3400049539 n=32 value=29114
record p=58243 q=76079 N=4431069197 n=33 value=29121
record p=58271 q=63389 N=3693740419 n=32 value=29135
record p=58313 q=58403 N=3405654139 n=32 value=29156
record p=58337 q=58379 N=3405655723 n=32 value=29168
record p=58363 q=90263 N=5268019469 n=33 value=29181
record p=58367 q=58427 N=3410208709 n=32 value=29183
record p=58379 q=58403 N=3409508737 n=32 value=29189
record p=58391 q=59999 N=3503401609 n=32 value=29195
record p=58403 q=58427 N=3412312081 n=32 value=29201
record p=58427 q=58439 N=3414415453 n=32 value=29213
record p=58439 q=58613 N=3425285107 n=32 value=29219
record p=58451 q=60689 N=3547332739 n=32 value=29225
record p=58511 q=75239 N=4402309129 n=33 value=29255
record p=58543 q=74027 N=4333762661 n=33 value=29271
record p=58601 q=63299 N=3709384699 n=32 value=29300
record p=58603 q=110063 N=6450021989 n=33 value=29301
record p=58613 q=58679 N=3439352227 n=32 value=29306
record p=58631 q=110063 N=6453103753 n=33 value=29315
record p=58679 q=58727 N=3446041633 n=32 value=29339
record p=58687 q=87587 N=5140218269 n=33 value=29343
record p=58699 q=84467 N=4958128433 n=33 value=29349
record p=58727 q=58733 N=3449212891 n=32 value=29363
record p=58733 q=58763 N=3451327279 n=32 value=29366
record p=58757 q=58907 N=3461198599 n=32 value=29378
record p=58763 q=58943 N=3463667509 n=32 value=29381
record p=58787 q=69593 N=4091163691 n=32 value=29393
record p=58889 q=58943 N=3471094327 n=32 value=29444
record p=58901 q=110927 N=6533711227 n=33 value=29450
record p=58907 q=58937 N=3471801859 n=32 value=29453
record p=58913 q=68507 N=4035952891 n=32 value=29456
record p=58937 q=58943 N=3473923591 n=32 value=29468
record p=58943 q=59009 N=3478167487 n=32 value=29471
record p=58967 q=59009 N=3479583703 n=32 value=29483
record p=58979 q=59009 N=3480291811 n=32 value=29489
record p=58991 q=61469 N=3626117779 n=32 value=29495
record p=58997 q=66863 N=3944716411 n=32 value=29498
record p=59009 q=59063 N=3485248567 n=32 value=29504
record p=59021 q=87887 N=5187178627 n=33 value=29510
record p=59023 q=113843 N=6719355389 n=33 value=29511
record p=59051 q=60689 N=3583746139 n=32 value=29525
record p=59063 q=59069 N=3488792347 n=32 value=29531
record p=59069 q=59183 N=3495880627 n=32 value=29534
record p=59083 q=83939 N=4959367937 n=33 value=29541
record p=59093 q=67979 N=4017083047 n=32 value=29546
record p=59107 q=89759 N=5305385213 n=33 value=29553
record p=59119 q=76907 N=4546664933 n=33 value=29559
record p=59123 q=59399 N=3511847077 n=32 value=29561
record p=59141 q=73847 N=4367385427 n=33 value=29570
record p=59159 q=59387 N=3513275533 n=32 value=29579
record p=59167 q=76667 N=4536156389 n=33 value=29583
record p=59183 q=59273 N=3507953959 n=32 value=29591
record p=59207 q=59567 N=3526783369 n=32 value=29603
record p=59219 q=59243 N=3508311217 n=32 value=29609
record p=59243 q=59447 N=3521818621 n=32 value=29621
record p=59263 q=89459 N=5301608717 n=33 value=29631
record p=59273 q=59387 N=3520045651 n=32 value=29636
record p=59333 q=63839 N=3787759387 n=32 value=29666
record p=59351 q=59729 N=3544975879 n=32 value=29675
record p=59357 q=63059 N=3742993063 n=32 value=29678
record p=59369 q=59699 N=3544269931 n=32 value=29684
record p=59387 q=59447 N=3530378989 n=32 value=29693
record p=59393 q=59399 N=3527884807 n=32 value=29696
record p=59399 q=59447 N=3531092353 n=32 value=29699
record p=59407 q=72467 N=4305047069 n=33 value=29703
record p=59417 q=59723 N=3548561491 n=32 value=29708
record p=59419 q=112979 N=6713099201 n=33 value=29709
record p=59441 q=63179 N=3755422939 n=32 value=29720
record p=59447 q=59453 N=3534302491 n=32 value=29723
record p=59453 q=59663 N=3547144339 n=32 value=29726
record p=59471 q=83597 N=4971597187 n=33 value=29735
record p=59513 q=59627 N=3548581651 n=32 value=29756
record p=59561 q=78179 N=4656419419 n=33 value=29780
record p=59567 q=59729 N=3557877343 n=32 value=29783
record p=59621 q=90059 N=5369407639 n=33 value=29810
record p=59627 q=60689 N=3618703003 n=32 value=29813
record p=59651 q=73709 N=4396815559 n=33 value=29825
record p=59659 q=76463 N=4561706117 n=33 value=29829
record p=59663 q=60029 N=3581510227 n=32 value=29831
record p=59669 q=60647 N=3618745843 n=32 value=29834
record p=59693 q=59747 N=3566477671 n=32 value=29846
record p=59699 q=59999 N=3581880301 n=32 value=29849
record p=59707 q=71987 N=4298127809 n=33 value=29853
record p=59723 q=59747 N=3568270081 n=32 value=29861
record p=59729 q=59747 N=3568628563 n=32 value=29864
record p=59743 q=83003 N=4958848229 n=33 value=29871
record p=59747 q=59999 N=3584760253 n=32 value=29873
record p=59753 q=63179 N=3775134787 n=32 value=29876
record p=59771 q=72617 N=4340390707 n=33 value=29885
record p=59863 q=82007 N=4909185041 n=33 value=29931
record p=59879 q=63629 N=3810040891 n=32 value=29939
record p=59887 q=72707 N=4354204109 n=33 value=29943
record p=59951 q=72617 N=4353461767 n=33 value=29975
record p=59957 q=60899 N=3651321343 n=32 value=29978
record p=59981 q=60899 N=3652782919 n=32 value=29990
record p=59999 q=60029 N=3601679971 n=32 value=29999
record p=60017 q=61343 N=3681622831 n=32 value=30008
record p=60029 q=60527 N=3633375283 n=32 value=30014
record p=60041 q=76079 N=4567859239 n=33 value=30020
record p=60077 q=60107 N=3611048239 n=32 value=30038
record p=60083 q=60527 N=3636643741 n=32 value=30041
record p=60089 q=63587 N=3820879243 n=32 value=30044
record p=60101 q=60779 N=3652878679 n=32 value=30050
record p=60107 q=60293 N=3624031351 n=32 value=30053
record p=60139 q=72467 N=4358092913 n=33 value=30069
record p=60149 q=61379 N=3691885471 n=32 value=30074
record p=60161 q=71399 N=4295435239 n=33 value=30080
record p=60167 q=60209 N=3622594903 n=32 value=30083
record p=60209 q=60539 N=3644992651 n=32 value=30104
record p=60223 q=85247 N=5133830081 n=33 value=30111
record p=60251 q=71537 N=4310175787 n=33 value=30125
record p=60257 q=62507 N=3766484299 n=32 value=30128
record p=60293 q=60443 N=3644289799 n=32 value=30146
record p=60317 q=60527 N=3650807059 n=32 value=30158
record p=60343 q=80387 N=4850792741 n=33 value=30171
record p=60353 q=60443 N=3647916379 n=32 value=30176
record p=60383 q=62003 N=3743927149 n=32 value=30191
record p=60413 q=60779 N=3671841727 n=32 value=30206
record p=60427 q=86627 N=5234609729 n=33 value=30213
record p=60443 q=60449 N=3653718907 n=32 value=30221
record p=60449 q=60527 N=3658796623 n=32 value=30224
record p=60497 q=60623 N=3667509631 n=32 value=30248
record p=60509 q=62927 N=3807649843 n=32 value=30254
record p=60521 q=72383 N=4380691543 n=33 value=30260
record p=60527 q=60539 N=3664244053 n=32 value=30263
record p=60539 q=60617 N=3669692563 n=32 value=30269
record p=60611 q=106397 N=6448828567 n=33 value=30305
record p=60617 q=60647 N=3676239199 n=32 value=30308
record p=60623 q=60647 N=3676603081 n=32 value=30311
record p=60647 q=60689 N=3680605783 n=32 value=30323
record p=60659 q=60779 N=3686793361 n=32 value=30329
record p=60689 q=60779 N=3688616731 n=32 value=30344
record p=60703 q=84059 N=5102633477 n=33 value=30351
record p=60719 q=62507 N=3795362533 n=32 value=30359
record p=60737 q=61343 N=3725789791 n=32 value=30368
record p=60773 q=60779 N=3693722167 n=32 value=30386
record p=60779 q=60869 N=3699556951 n=32 value=30389
record p=60821 q=74507 N=4531590247 n=33 value=30410
record p=60859 q=87359 N=5316581381 n=33 value=30429
record p=60869 q=60899 N=3706861231 n=32 value=30434
record p=60887 q=61583 N=3749604121 n=32 value=30443
record p=60899 q=60917 N=3709784383 n=32 value=30449
record p=60917 q=60923 N=3711246391 n=32 value=30458
record p=60923 q=61043 N=3718922689 n=32 value=30461
record p=60953 q=61967 N=3777074551 n=32 value=30476
record p=61001 q=75743 N=4620398743 n=33 value=30500
record p=61007 q=61553 N=3755163871 n=32 value=30503
record p=61027 q=114299 N=6975325073 n=33 value=30513
record p=61031 q=73037 N=4457521147 n=33 value=30515
record p=61043 q=61169 N=3733939267 n=32 value=30521
record p=61091 q=71549 N=4370999959 n=33 value=30545
record p=61121 q=70979 N=4338307459 n=33 value=30560
record p=61151 q=70487 N=4310350537 n=33 value=30575
record p=61169 q=61343 N=3752289967 n=32 value=30584
record p=61211 q=72053 N=4410436183 n=33 value=30605
record p=61223 q=61487 N=3764418601 n=32 value=30611
record p=61253 q=61343 N=3757442779 n=32 value=30626
record p=61283 q=61379 N=3761489257 n=32 value=30641
record p=61331 q=70067 N=4297279177 n=33 value=30665
record p=61343 q=61379 N=3765171997 n=32 value=30671
record p=61379 q=61409 N=3769223011 n=32 value=30689
record p=61403 q=61487 N=3775486261 n=32 value=30701
record p=61409 q=61463 N=3774381367 n=32 value=30704
record p=61463 q=61493 N=3779544259 n=32 value=30731
record p=61469 q=61967 N=3809049523 n=32 value=30734
record p=61483 q=112979 N=6946287857 n=33 value=30741
record p=61487 q=61493 N=3781020091 n=32 value=30743
record p=61493 q=61547 N=3784709671 n=32 value=30746
record p=61511 q=70589 N=4341999979 n=33 value=30755
record p=61519 q=83939 N=5163843341 n=33 value=30759
record p=61543 q=86183 N=5303960369 n=33 value=30771
record p=61547 q=61553 N=3788402491 n=32 value=30773
record p=61553 q=61703 N=3798004759 n=32 value=30776
record p=61559 q=61583 N=3790987897 n=32 value=30779
record p=61583 q=61637 N=3795791371 n=32 value=30791
record p=61613 q=61967 N=3817972771 n=32 value=30806
record p=61627 q=72383 N=4460747141 n=33 value=30813
record p=61631 q=71333 N=4396324123 n=33 value=30815
record p=61637 q=61967 N=3819459979 n=32 value=30818
record p=61643 q=65393 N=4031020699 n=32 value=30821
record p=61667 q=62039 N=3825759013 n=32 value=30833
record p=61673 q=62207 N=3836492311 n=32 value=30836
record p=61703 q=61757 N=3810592171 n=32 value=30851
record p=61723 q=71879 N=4436587517 n=33 value=30861
record p=61751 q=70997 N=4384135747 n=33 value=30875
record p=61757 q=61967 N=3826896019 n=32 value=30878
record p=61781 q=71147 N=4395532807 n=33 value=30890
record p=61819 q=122399 N=7566583781 n=33 value=30909
record p=61871 q=70793 N=4380033703 n=33 value=30935
record p=61879 q=69623 N=4308201617 n=33 value=30939
record p=61927 q=83003 N=5140126781 n=33 value=30963
record p=61949 q=61967 N=3838793683 n=32 value=30974
record p=61961 q=71867 N=4452951187 n=33 value=30980
record p=61967 q=62039 N=3844370713 n=32 value=30983
record p=61979 q=63719 N=3949239901 n=32 value=30989
record p=61987 q=71867 N=4454819729 n=33 value=30993
record p=61991 q=76829 N=4762706539 n=33 value=30995
record p=62003 q=62297 N=3862600891 n=32 value=31001
record p=62039 q=62057 N=3849954223 n=32 value=31019
record p=62047 q=110339 N=6846203933 n=33 value=31023
record p=62057 q=62099 N=3853677643 n=32 value=31028
record p=62081 q=69899 N=4339399819 n=33 value=31040
record p=62099 q=62207 N=3862992493 n=32 value=31049
record p=62129 q=62303 N=3870823087 n=32 value=31064
record p=62131 q=121547 N=7551836657 n=33 value=31065
record p=62141 q=70607 N=4387589587 n=33 value=31070
record p=62143 q=79103 N=4915697729 n=33 value=31071
record p=62171 q=69827 N=4341214417 n=33 value=31085
record p=62189 q=63839 N=3970083571 n=32 value=31094
record p=62201 q=71843 N=4468706443 n=33 value=31100
record p=62207 q=62213 N=3870084091 n=32 value=31103
record p=62213 q=62303 N=3876056539 n=32 value=31106
record p=62219 q=62603 N=3895096057 n=32 value=31109
record p=62273 q=62507 N=3892498411 n=32 value=31136
record p=62297 q=62627 N=3901474219 n=32 value=31148
record p=62299 q=110183 N=6864290717 n=33 value=31149
record p=62303 q=62423 N=3889140169 n=32 value=31151
record p=62327 q=62597 N=3901483219 n=32 value=31163
record p=62347 q=79139 N=4934079233 n=33 value=31173
record p=62351 q=69557 N=4336948507 n=33 value=31175
record p=62383 q=72287 N=4509479921 n=33 value=31191
record p=62417 q=62603 N=3907491451 n=32 value=31208
record p=62423 q=62549 N=3904496227 n=32 value=31211
record p=62459 q=62873 N=3926984707 n=32 value=31229
record p=62477 q=62507 N=3905249839 n=32 value=31238
record p=62483 q=63299 N=3955111417 n=32 value=31241
record p=62501 q=70139 N=4383757639 n=33 value=31250
record p=62507 q=62597 N=3912750679 n=32 value=31253
record p=62549 q=62639 N=3918006811 n=32 value=31274
record p=62563 q=124427 N=7784526401 n=33 value=31281
record p=62591 q=68669 N=4298061379 n=33 value=31295
record p=62597 q=62603 N=3918759991 n=32 value=31298
record p=62603 q=62627 N=3920638081 n=32 value=31301
record p=62627 q=62633 N=3922516891 n=32 value=31313
record p=62633 q=62639 N=3923268487 n=32 value=31316
record p=62639 q=62687 N=3926650993 n=32 value=31319
record p=62659 q=109547 N=6864105473 n=33 value=31329
record p=62683 q=110339 N=6916379537 n=33 value=31341
record p=62687 q=62873 N=3941319751 n=32 value=31343
record p=62723 q=62897 N=3945088531 n=32 value=31361
record p=62743 q=77543 N=4865280449 n=33 value=31371
record p=62753 q=62939 N=3949611067 n=32 value=31376
record p=62801 q=68567 N=4306076167 n=33 value=31400
record p=62819 q=63599 N=3995225581 n=32 value=31409
record p=62873 q=62927 N=3956409271 n=32 value=31436
record p=62897 q=62927 N=3957919519 n=32 value=31448
record p=62903 q=65147 N=4097941741 n=32 value=31451
record p=62927 q=62939 N=3960562453 n=32 value=31463
record p=62939 q=63149 N=3974534911 n=32 value=31469
record p=62969 q=63839 N=4019877991 n=32 value=31484
record p=62981 q=72503 N=4566311443 n=33 value=31490
record p=62983 q=83639 N=5267835137 n=33 value=31491
record p=62987 q=68903 N=4339993261 n=33 value=31493
record p=63029 q=66239 N=4174977931 n=32 value=31514
record p=63059 q=63149 N=3982112791 n=32 value=31529
record p=63079 q=71339 N=4499992781 n=33 value=31539
record p=63103 q=107279 N=6769626737 n=33 value=31551
record p=63113 q=64019 N=4040431147 n=32 value=31556
record p=63131 q=78929 N=4982866699 n=33 value=31565
record p=63149 q=63299 N=3997268551 n=32 value=31574
record p=63179 q=63347 N=4002200113 n=32 value=31589
record p=63197 q=63719 N=4026849643 n=32 value=31598
record p=63199 q=68507 N=4329573893 n=33 value=31599
record p=63247 q=68543 N=4335139121 n=33 value=31623
record p=63299 q=63353 N=4010181547 n=32 value=31649
record p=63311 q=69257 N=4384729927 n=33 value=31655
record p=63317 q=63467 N=4018540039 n=32 value=31658
record p=63347 q=63443 N=4018923721 n=32 value=31673
record p=63353 q=63419 N=4017783907 n=32 value=31676
record p=63367 q=69899 N=4429289933 n=33 value=31683
record p=63377 q=63587 N=4029953299 n=32 value=31688
record p=63389 q=64679 N=4099937131 n=32 value=31694
record p=63419 q=63443 N=4023491617 n=32 value=31709
record p=63439 q=69899 N=4434322661 n=33 value=31719
record p=63443 q=63473 N=4026917539 n=32 value=31721
record p=63467 q=63473 N=4028440891 n=32 value=31733
record p=63473 q=63587 N=4036057651 n=32 value=31736
record p=63487 q=77723 N=4934400101 n=33 value=31743
record p=63499 q=106319 N=6751150181 n=33 value=31749
record p=63521 q=68507 N=4351633147 n=33 value=31760
record p=63527 q=63587 N=4039491349 n=32 value=31763
record p=63533 q=63599 N=4040635267 n=32 value=31766
record p=63559 q=101363 N=6442530917 n=33 value=31779
record p=63587 q=63599 N=4044069613 n=32 value=31793
record p=63599 q=63629 N=4046740771 n=32 value=31799
record p=63607 q=108803 N=6920632421 n=33 value=31803
record p=63611 q=72869 N=4635269959 n=33 value=31805
record p=63617 q=66107 N=4205529019 n=32 value=31808
record p=63629 q=63647 N=4049794963 n=32 value=31814
record p=63647 q=63863 N=4064688361 n=32 value=31823
record p=63659 q=65147 N=4147192873 n=32 value=31829
record p=63667 q=67499 N=4297458833 n=33 value=31833
record p=63671 q=67733 N=4312627843 n=33 value=31835
record p=63689 q=64319 N=4096412791 n=32 value=31844
record p=63703 q=76919 N=4899971057 n=33 value=31851
record p=63719 q=63737 N=4061257903 n=32 value=31859
record p=63737 q=63803 N=4066611811 n=32 value=31868
record p=63743 q=65447 N=4171788121 n=32 value=31871
record p=63761 q=68699 N=4380316939 n=33 value=31880
record p=63773 q=64007 N=4081918411 n=32 value=31886
record p=63803 q=64067 N=4087666801 n=32 value=31901
record p=63809 q=64007 N=4084222663 n=32 value=31904
record p=63839 q=63857 N=4076567023 n=32 value=31919
record p=63857 q=64319 N=4107218383 n=32 value=31928
record p=63863 q=63929 N=4082697727 n=32 value=31931
record p=63907 q=70607 N=4512281549 n=33 value=31953
record p=63929 q=64019 N=4092670651 n=32 value=31964
record p=63977 q=65147 N=4167909619 n=32 value=31988
record p=64007 q=64019 N=4097664133 n=32 value=32003
record p=64013 q=64679 N=4140296827 n=32 value=32006
record p=64019 q=64067 N=4101505273 n=32 value=32009
record p=64037 q=65687 N=4206398419 n=32 value=32018
record p=64063 q=79823 N=5113700849 n=33 value=32031
record p=64067 q=64223 N=4114574941 n=32 value=32033
record p=64091 q=91397 N=5857725127 n=33 value=32045
record p=64109 q=67139 N=4304214151 n=33 value=32054
record p=64151 q=69383 N=4450988833 n=33 value=32075
record p=64157 q=64187 N=4118045359 n=32 value=32078
record p=64187 q=64223 N=4122281701 n=32 value=32093
record p=64217 q=64319 N=4130373223 n=32 value=32108
record p=64223 q=64283 N=4128447109 n=32 value=32111
record p=64271 q=68669 N=4413425299 n=33 value=32135
record p=64279 q=75239 N=4836287681 n=33 value=32139
record p=64283 q=64319 N=4134618277 n=32 value=32141
record p=64301 q=66863 N=4299357763 n=33 value=32150
record p=64319 q=64433 N=4144266127 n=32 value=32159
record p=64399 q=77003 N=4958916197 n=33 value=32199
record p=64403 q=64553 N=4157406859 n=32 value=32201
record p=64433 q=64763 N=4172874379 n=32 value=32216
record p=64439 q=64553 N=4159730767 n=32 value=32219
record p=64451 q=67547 N=4353471697 n=33 value=32225
record p=64483 q=126839 N=8178959237 n=33 value=32241
record p=64499 q=65777 N=4242550723 n=32 value=32249
record p=64553 q=64679 N=4175223487 n=32 value=32276
record p=64567 q=100043 N=6459476381 n=33 value=32283
record p=64577 q=64679 N=4176775783 n=32 value=32288
record p=64579 q=124823 N=8060944517 n=33 value=32289
record p=64601 q=75707 N=4890747907 n=33 value=32300
record p=64613 q=64679 N=4179104227 n=32 value=32306
record p=64627 q=67079 N=4335114533 n=33 value=32313
record p=64661 q=76919 N=4973659459 n=33 value=32330
record p=64667 q=64763 N=4188028921 n=32 value=32333
record p=64679 q=64763 N=4188806077 n=32 value=32339
record p=64709 q=66359 N=4294024531 n=32 value=32354
record p=64763 q=64817 N=4197743371 n=32 value=32381
record p=64781 q=67619 N=4380426439 n=33 value=32390
record p=64793 q=75347 N=4881958171 n=33 value=32396
record p=64811 q=67577 N=4379732947 n=33 value=32405
record p=64817 q=65003 N=4213299451 n=32 value=32408
record p=64853 q=65147 N=4224978391 n=32 value=32426
record p=64871 q=69263 N=4493160073 n=33 value=32435
record p=64877 q=68567 N=4448421259 n=33 value=32438
record p=64901 q=83243 N=5402553943 n=33 value=32450
record p=64919 q=65309 N=4239794971 n=32 value=32459
record p=64927 q=70163 N=4555473101 n=33 value=32463
record p=64937 q=65063 N=4224996031 n=32 value=32468
record p=64997 q=65063 N=4228899811 n=32 value=32498
record p=65003 q=65993 N=4289742979 n=32 value=32501
record p=65027 q=66107 N=4298739889 n=33 value=32513
record p=65033 q=65147 N=4236704851 n=32 value=32516
record p=65063 q=65123 N=4237097749 n=32 value=32531
record p=65099 q=65927 N=4291781773 n=32 value=32549
record p=65111 q=68813 N=4480483243 n=33 value=32555
record p=65119 q=66959 N=4360303121 n=33 value=32559
record p=65123 q=65147 N=4242568081 n=32 value=32561
record p=65129 q=65867 N=4289851843 n=32 value=32564
record p=65141 q=67307 N=4384445287 n=33 value=32570
record p=65147 q=65183 N=4246476901 n=32 value=32573
record p=65167 q=105107 N=6849507869 n=33 value=32583
record p=65179 q=75743 N=4936852997 n=33 value=32589
record p=65183 q=65867 N=4293408661 n=32 value=32591
record p=65203 q=69767 N=4549017701 n=33 value=32601
record p=65213 q=68687 N=4479285331 n=33 value=32606
record p=65239 q=65867 N=4297097213 n=33 value=32619
record p=65267 q=65309 N=4262522503 n=32 value=32633
record p=65287 q=74279 N=4849453073 n=33 value=32643
record p=65309 q=65327 N=4266441043 n=32 value=32654
record p=65327 q=65357 N=4269576739 n=32 value=32663
record p=65357 q=65447 N=4277419579 n=32 value=32678
record p=65381 q=91703 N=5995633843 n=33 value=32690
record p=65393 q=65543 N=4286053399 n=32 value=32696
record p=65419 q=129527 N=8473526813 n=33 value=32709
record p=65423 q=66173 N=4329236179 n=33 value=32711
record p=65447 q=65543 N=4289592721 n=32 value=32723
record p=65479 q=67763 N=4437053477 n=33 value=32739
record p=65519 q=65579 N=4296670501 n=33 value=32759
TOP20
p=65519 q=65579 N=4296670501 n=33 d=2 sp=32759(17*41*47) sq=32789(32789) residuals=K:(1927,32789),R:(32759,32789),C:(1927,32789),KR:(1927,32789),KC:(1927,32789),RC:(1927,32789),KRC:(1927,32789) hits=p{17:K[20]R[]C[11,12,13,14,15,16,17],41:K[]R[]C[],47:K[]R[]C[]};q{32789:K[]R[]C[]}
p=65519 q=65699 N=4304532781 n=33 d=2 sp=32759(17*41*47) sq=32849(107*307) residuals=K:(1927,32849),R:(32759,32849),C:(1927,32849),KR:(1927,32849),KC:(1927,32849),RC:(1927,32849),KRC:(1927,32849) hits=p{17:K[6,7,8]R[]C[13,14,15,16,17],41:K[]R[]C[],47:K[]R[]C[]};q{107:K[]R[]C[],307:K[]R[]C[]}
p=65519 q=65963 N=4321829797 n=33 d=2 sp=32759(17*41*47) sq=32981(13*43*59) residuals=K:(1927,59),R:(32759,32981),C:(1927,2537),KR:(1927,59),KC:(1927,59),RC:(1927,2537),KRC:(1927,59) hits=p{17:K[6,7]R[]C[14,15,16,17,24,25],41:K[]R[]C[],47:K[]R[]C[]};q{13:K[14,20]R[]C[8,9,10],43:K[10,11,12,13]R[]C[],59:K[]R[]C[]}
p=65519 q=66449 N=4353672031 n=33 d=2 sp=32759(17*41*47) sq=33224(2^3*4153) residuals=K:(1927,4153),R:(32759,33224),C:(1927,33224),KR:(1927,4153),KC:(1927,4153),RC:(1927,33224),KRC:(1927,4153) hits=p{17:K[10,11,12,13,14,22]R[]C[15,16,17,18,19,20,21,22,23],41:K[]R[]C[],47:K[]R[]C[]};q{2:K[5,7,10,11,12,13,23,26,27,28,29,30,31]R[]C[],4153:K[]R[]C[]}
p=65519 q=66467 N=4354851373 n=33 d=2 sp=32759(17*41*47) sq=33233(167*199) residuals=K:(32759,33233),R:(32759,33233),C:(1927,33233),KR:(32759,33233),KC:(1927,33233),RC:(1927,33233),KRC:(1927,33233) hits=p{17:K[]R[]C[15,16,17],41:K[]R[]C[],47:K[]R[]C[]};q{167:K[]R[]C[],199:K[]R[]C[]}
p=65519 q=66593 N=4363106767 n=33 d=2 sp=32759(17*41*47) sq=33296(2^4*2081) residuals=K:(41,2081),R:(32759,33296),C:(1927,33296),KR:(41,2081),KC:(41,2081),RC:(1927,33296),KRC:(41,2081) hits=p{17:K[9,10,11,18]R[]C[16,17,18,19,20],41:K[]R[]C[],47:K[14,15]R[]C[]};q{2:K[4,5,9,10,14,20,21,22,23,24,25,27,28,29,30,31]R[]C[],2081:K[]R[]C[]}
p=65519 q=66629 N=4365465451 n=33 d=2 sp=32759(17*41*47) sq=33314(2*16657) residuals=K:(1927,16657),R:(32759,33314),C:(1927,33314),KR:(1927,16657),KC:(1927,16657),RC:(1927,33314),KRC:(1927,16657) hits=p{17:K[9]R[]C[16,17,18],41:K[]R[]C[],47:K[]R[]C[]};q{2:K[2,4,7,11,14,18,19,22,23,24,25,27,28,29,30,31]R[]C[],16657:K[]R[]C[]}
p=65519 q=66797 N=4376472643 n=33 d=2 sp=32759(17*41*47) sq=33398(2*16699) residuals=K:(41,16699),R:(32759,33398),C:(1927,33398),KR:(41,16699),KC:(41,16699),RC:(1927,33398),KRC:(41,16699) hits=p{17:K[18,19]R[]C[16,17,18],41:K[]R[]C[],47:K[11]R[]C[]};q{2:K[2,3,4,5,7,8,9,12,14,18,21,24,25,27,28,29,30,31]R[]C[],16699:K[]R[]C[]}
p=65519 q=66959 N=4387086721 n=33 d=2 sp=32759(17*41*47) sq=33479(33479) residuals=K:(1,33479),R:(32759,33479),C:(1927,33479),KR:(1,33479),KC:(1,33479),RC:(1927,33479),KRC:(1,33479) hits=p{17:K[21]R[]C[16,17],41:K[8,21]R[]C[],47:K[20]R[]C[]};q{33479:K[]R[]C[]}
p=65519 q=67169 N=4400845711 n=33 d=2 sp=32759(17*41*47) sq=33584(2^4*2099) residuals=K:(1927,2099),R:(32759,33584),C:(1927,33584),KR:(1927,2099),KC:(1927,2099),RC:(1927,33584),KRC:(1927,2099) hits=p{17:K[17]R[]C[16,17,18,19,20,33],41:K[]R[]C[],47:K[]R[]C[]};q{2:K[4,5,6,10,11,13,14,20,21,23,24,27,28,29,30,31]R[]C[],2099:K[]R[]C[]}
p=65519 q=67421 N=4417356499 n=33 d=2 sp=32759(17*41*47) sq=33710(2*5*3371) residuals=K:(697,3371),R:(32759,33710),C:(1927,6742),KR:(697,3371),KC:(41,3371),RC:(1927,6742),KRC:(41,3371) hits=p{17:K[]R[]C[16,17,18],41:K[]R[]C[],47:K[8,9]R[]C[]};q{2:K[2,3,5,8,10,11,12,13,14,18,20,21,23,27,28,29,30,31]R[]C[],5:K[5,6,18,19,26]R[]C[7,8,16,17,18,25,26,27],3371:K[]R[]C[]}
p=65519 q=67433 N=4418142727 n=33 d=2 sp=32759(17*41*47) sq=33716(2^2*8429) residuals=K:(32759,8429),R:(32759,33716),C:(1927,33716),KR:(32759,8429),KC:(1927,8429),RC:(1927,33716),KRC:(1927,8429) hits=p{17:K[]R[]C[16,17,18,19],41:K[]R[]C[],47:K[]R[]C[]};q{2:K[3,4,5,6,7,8,10,11,12,13,14,19,21,23,27,28,29,30,31]R[]C[],8429:K[]R[]C[]}
p=65519 q=67619 N=4430329261 n=33 d=2 sp=32759(17*41*47) sq=33809(33809) residuals=K:(32759,33809),R:(32759,33809),C:(1927,33809),KR:(32759,33809),KC:(1927,33809),RC:(1927,33809),KRC:(1927,33809) hits=p{17:K[]R[]C[11,17],41:K[]R[]C[],47:K[]R[]C[]};q{33809:K[]R[]C[]}
p=65519 q=67757 N=4439370883 n=33 d=2 sp=32759(17*41*47) sq=33878(2*13*1303) residuals=K:(1927,16939),R:(32759,33878),C:(41,2606),KR:(1927,16939),KC:(41,1303),RC:(41,2606),KRC:(41,1303) hits=p{17:K[8,9,10,20]R[]C[17,18],41:K[]R[]C[],47:K[]R[]C[11,12]};q{2:K[2,3,4,5,6,8,9,12,15,18,21,22,24,25,26,28,29,30,31]R[]C[],13:K[]R[]C[28],1303:K[]R[]C[]}
p=65519 q=67853 N=4445660707 n=33 d=2 sp=32759(17*41*47) sq=33926(2*16963) residuals=K:(32759,16963),R:(32759,33926),C:(1927,33926),KR:(32759,16963),KC:(1927,16963),RC:(1927,33926),KRC:(1927,16963) hits=p{17:K[]R[]C[17,18],41:K[]R[]C[],47:K[]R[]C[]};q{2:K[2,3,4,6,7,8,11,12,15,18,24,25,26,28,29,30,31]R[]C[],16963:K[]R[]C[]}
p=65519 q=67883 N=4447626277 n=33 d=2 sp=32759(17*41*47) sq=33941(33941) residuals=K:(47,33941),R:(32759,33941),C:(41,33941),KR:(47,33941),KC:(1,33941),RC:(41,33941),KRC:(1,33941) hits=p{17:K[17,18,19]R[]C[17,33],41:K[14]R[]C[],47:K[]R[]C[11,25]};q{33941:K[]R[]C[]}
p=65519 q=68207 N=4468854433 n=33 d=2 sp=32759(17*41*47) sq=34103(67*509) residuals=K:(32759,509),R:(32759,34103),C:(47,34103),KR:(32759,509),KC:(47,509),RC:(47,34103),KRC:(47,509) hits=p{17:K[]R[]C[17,23],41:K[]R[]C[26],47:K[]R[]C[]};q{67:K[12,13,14]R[]C[],509:K[]R[]C[]}
p=65519 q=68777 N=4506200263 n=33 d=2 sp=32759(17*41*47) sq=34388(2^2*8597) residuals=K:(1927,8597),R:(32759,34388),C:(47,34388),KR:(1927,8597),KC:(47,8597),RC:(47,34388),KRC:(47,8597) hits=p{17:K[8,9,10,11]R[]C[17,18,19],41:K[]R[]C[14],47:K[]R[]C[]};q{2:K[3,4,5,8,9,10,12,14,15,19,21,22,24,25,28,29,30,31]R[]C[],8597:K[]R[]C[]}
p=65519 q=68879 N=4512883201 n=33 d=2 sp=32759(17*41*47) sq=34439(34439) residuals=K:(32759,34439),R:(32759,34439),C:(47,34439),KR:(32759,34439),KC:(47,34439),RC:(47,34439),KRC:(47,34439) hits=p{17:K[]R[]C[17],41:K[]R[]C[19,20,21,22,23,24],47:K[]R[]C[]};q{34439:K[]R[]C[]}
p=65519 q=69143 N=4530180217 n=33 d=2 sp=32759(17*41*47) sq=34571(181*191) residuals=K:(32759,34571),R:(32759,34571),C:(1927,34571),KR:(32759,34571),KC:(1927,34571),RC:(1927,34571),KRC:(1927,34571) hits=p{17:K[]R[]C[17],41:K[]R[]C[],47:K[]R[]C[]};q{181:K[]R[]C[],191:K[]R[]C[]}
MENU C MAX 32759 COUNTS one=1584289 le_n=3609591 le_n2=11892961 le_n3=18474958
MAX_BY_N 4:1 6:1 7:1 8:1 9:4 10:4 11:20 12:26 13:41 14:53 15:86 16:116 17:173 18:251 19:341 20:491 21:716 22:1013 23:1439 24:2036 25:2858 26:4073 27:5759 28:8126 29:11558 30:16346 31:23099 32:32723 33:32759
RECORDS 3069
record p=3 q=5 N=15 n=4 value=1
record p=17 q=29 N=493 n=9 value=4
record p=29 q=47 N=1363 n=11 value=14
record p=41 q=47 N=1927 n=11 value=20
record p=47 q=83 N=3901 n=12 value=23
record p=53 q=59 N=3127 n=12 value=26
record p=59 q=83 N=4897 n=13 value=29
record p=83 q=89 N=7387 n=13 value=41
record p=89 q=167 N=14863 n=14 value=44
record p=101 q=167 N=16867 n=15 value=50
record p=107 q=149 N=15943 n=14 value=53
record p=137 q=167 N=22879 n=15 value=68
record p=149 q=179 N=26671 n=15 value=74
record p=167 q=173 N=28891 n=15 value=83
record p=173 q=179 N=30967 n=15 value=86
record p=179 q=227 N=40633 n=16 value=89
record p=191 q=269 N=51379 n=16 value=95
record p=197 q=383 N=75451 n=17 value=98
record p=227 q=233 N=52891 n=16 value=113
record p=233 q=263 N=61279 n=16 value=116
record p=239 q=293 N=70027 n=17 value=119
record p=257 q=263 N=67591 n=17 value=128
record p=263 q=269 N=70747 n=17 value=131
record p=269 q=359 N=96571 n=17 value=134
record p=293 q=311 N=91123 n=17 value=146
record p=311 q=389 N=120979 n=17 value=155
record p=317 q=347 N=109999 n=17 value=158
record p=347 q=353 N=122491 n=17 value=173
record p=353 q=383 N=135199 n=18 value=176
record p=359 q=383 N=137497 n=18 value=179
record p=383 q=389 N=148987 n=18 value=191
record p=389 q=419 N=162991 n=18 value=194
record p=419 q=479 N=200701 n=18 value=209
record p=431 q=467 N=201277 n=18 value=215
record p=443 q=449 N=198907 n=18 value=221
record p=449 q=467 N=209683 n=18 value=224
record p=467 q=479 N=223693 n=18 value=233
record p=479 q=503 N=240937 n=18 value=239
record p=491 q=797 N=391327 n=19 value=245
record p=503 q=509 N=256027 n=18 value=251
record p=509 q=563 N=286567 n=19 value=254
record p=557 q=563 N=313591 n=19 value=278
record p=563 q=569 N=320347 n=19 value=281
record p=569 q=587 N=334003 n=19 value=284
record p=587 q=593 N=348091 n=19 value=293
record p=593 q=647 N=383671 n=19 value=296
record p=599 q=653 N=391147 n=19 value=299
record p=617 q=839 N=517663 n=19 value=308
record p=647 q=653 N=422491 n=19 value=323
record p=653 q=719 N=469507 n=19 value=326
record p=659 q=773 N=509407 n=19 value=329
record p=677 q=719 N=486763 n=19 value=338
record p=683 q=719 N=491077 n=19 value=341
record p=719 q=773 N=555787 n=20 value=359
record p=743 q=773 N=574339 n=20 value=371
record p=773 q=839 N=648547 n=20 value=386
record p=797 q=839 N=668683 n=20 value=398
record p=809 q=839 N=678751 n=20 value=404
record p=821 q=839 N=688819 n=20 value=410
record p=827 q=929 N=768283 n=20 value=413
record p=839 q=857 N=719023 n=20 value=419
record p=857 q=863 N=739591 n=20 value=428
record p=863 q=887 N=765481 n=20 value=431
record p=887 q=929 N=824023 n=20 value=443
record p=929 q=983 N=913207 n=20 value=464
record p=947 q=977 N=925219 n=20 value=473
record p=953 q=1367 N=1302751 n=21 value=476
record p=977 q=983 N=960391 n=20 value=488
record p=983 q=1019 N=1001677 n=20 value=491
record p=1013 q=1367 N=1384771 n=21 value=506
record p=1019 q=1049 N=1068931 n=21 value=509
record p=1031 q=1553 N=1601143 n=21 value=515
record p=1049 q=1163 N=1219987 n=21 value=524
record p=1061 q=1523 N=1615903 n=21 value=530
record p=1091 q=1109 N=1209919 n=21 value=545
record p=1097 q=1187 N=1302139 n=21 value=548
record p=1103 q=1193 N=1315879 n=21 value=551
record p=1109 q=1187 N=1316383 n=21 value=554
record p=1151 q=1823 N=2098273 n=22 value=575
record p=1163 q=1367 N=1589821 n=21 value=581
record p=1187 q=1193 N=1416091 n=21 value=593
record p=1193 q=1223 N=1459039 n=21 value=596
record p=1217 q=1223 N=1488391 n=21 value=608
record p=1223 q=1373 N=1679179 n=21 value=611
record p=1229 q=1283 N=1576807 n=21 value=614
record p=1259 q=1433 N=1804147 n=21 value=629
record p=1277 q=1307 N=1669039 n=21 value=638
record p=1283 q=1307 N=1676881 n=21 value=641
record p=1289 q=1367 N=1762063 n=21 value=644
record p=1307 q=1319 N=1723933 n=21 value=653
record p=1319 q=1367 N=1803073 n=21 value=659
record p=1367 q=1409 N=1926103 n=21 value=683
record p=1373 q=2699 N=3705727 n=22 value=686
record p=1409 q=1427 N=2010643 n=21 value=704
record p=1427 q=1433 N=2044891 n=21 value=713
record p=1433 q=1439 N=2062087 n=21 value=716
record p=1439 q=1487 N=2139793 n=22 value=719
record p=1451 q=2693 N=3907543 n=22 value=725
record p=1481 q=2207 N=3268567 n=22 value=740
record p=1487 q=1493 N=2220091 n=22 value=743
record p=1493 q=1511 N=2255923 n=22 value=746
record p=1499 q=1553 N=2327947 n=22 value=749
record p=1523 q=1553 N=2365219 n=22 value=761
record p=1553 q=1619 N=2514307 n=22 value=776
record p=1559 q=1613 N=2514667 n=22 value=779
record p=1571 q=2657 N=4174147 n=22 value=785
record p=1583 q=2027 N=3208741 n=22 value=791
record p=1607 q=1637 N=2630659 n=22 value=803
record p=1613 q=2027 N=3269551 n=22 value=806
record p=1619 q=1637 N=2650303 n=22 value=809
record p=1637 q=1787 N=2925319 n=22 value=818
record p=1667 q=1931 N=3218977 n=22 value=833
record p=1697 q=1823 N=3093631 n=22 value=848
record p=1709 q=1823 N=3115507 n=22 value=854
record p=1733 q=1787 N=3096871 n=22 value=866
record p=1787 q=1823 N=3257701 n=22 value=893
record p=1811 q=3167 N=5735437 n=23 value=905
record p=1823 q=1907 N=3476461 n=22 value=911
record p=1847 q=1889 N=3488983 n=22 value=923
record p=1877 q=2063 N=3872251 n=22 value=938
record p=1889 q=1907 N=3602323 n=22 value=944
record p=1907 q=1913 N=3648091 n=22 value=953
record p=1913 q=1979 N=3785827 n=22 value=956
record p=1949 q=2027 N=3950623 n=22 value=974
record p=1973 q=2027 N=3999271 n=22 value=986
record p=1979 q=2087 N=4130173 n=22 value=989
record p=1997 q=2027 N=4047919 n=22 value=998
record p=2027 q=2039 N=4133053 n=22 value=1013
record p=2039 q=2063 N=4206457 n=23 value=1019
record p=2063 q=2099 N=4330237 n=23 value=1031
record p=2069 q=2819 N=5832511 n=23 value=1034
record p=2081 q=3167 N=6590527 n=23 value=1040
record p=2087 q=2693 N=5620291 n=23 value=1043
record p=2099 q=2153 N=4519147 n=23 value=1049
record p=2111 q=2957 N=6242227 n=23 value=1055
record p=2129 q=2819 N=6001651 n=23 value=1064
record p=2141 q=2447 N=5239027 n=23 value=1070
record p=2153 q=2207 N=4751671 n=23 value=1076
record p=2207 q=2273 N=5016511 n=23 value=1103
record p=2213 q=2243 N=4963759 n=23 value=1106
record p=2237 q=2687 N=6010819 n=23 value=1118
record p=2243 q=2273 N=5098339 n=23 value=1121
record p=2267 q=2309 N=5234503 n=23 value=1133
record p=2273 q=2339 N=5316547 n=23 value=1136
record p=2297 q=2963 N=6806011 n=23 value=1148
record p=2309 q=2447 N=5650123 n=23 value=1154
record p=2333 q=2579 N=6016807 n=23 value=1166
record p=2339 q=2753 N=6439267 n=23 value=1169
record p=2351 q=4007 N=9420457 n=24 value=1175
record p=2357 q=2447 N=5767579 n=23 value=1178
record p=2393 q=2447 N=5855671 n=23 value=1196
record p=2399 q=2477 N=5942323 n=23 value=1199
record p=2417 q=2447 N=5914399 n=23 value=1208
record p=2423 q=2837 N=6874051 n=23 value=1211
record p=2441 q=3467 N=8462947 n=24 value=1220
record p=2447 q=2459 N=6017173 n=23 value=1223
record p=2459 q=2477 N=6090943 n=23 value=1229
record p=2477 q=2543 N=6299011 n=23 value=1238
record p=2531 q=2909 N=7362679 n=23 value=1265
record p=2543 q=2609 N=6634687 n=23 value=1271
record p=2549 q=2879 N=7338571 n=23 value=1274
record p=2579 q=2609 N=6728611 n=23 value=1289
record p=2609 q=2699 N=7041691 n=23 value=1304
record p=2621 q=3299 N=8646679 n=24 value=1310
record p=2633 q=2819 N=7422427 n=23 value=1316
record p=2657 q=2687 N=7139359 n=23 value=1328
record p=2663 q=2693 N=7171459 n=23 value=1331
record p=2687 q=2693 N=7236091 n=23 value=1343
record p=2693 q=2699 N=7268407 n=23 value=1346
record p=2699 q=2729 N=7365571 n=23 value=1349
record p=2729 q=2819 N=7693051 n=23 value=1364
record p=2741 q=3527 N=9667507 n=24 value=1370
record p=2753 q=2819 N=7760707 n=23 value=1376
record p=2777 q=2819 N=7828363 n=23 value=1388
record p=2789 q=2879 N=8029531 n=23 value=1394
record p=2819 q=2837 N=7997503 n=23 value=1409
record p=2837 q=2879 N=8167723 n=23 value=1418
record p=2843 q=2957 N=8406751 n=24 value=1421
record p=2879 q=2897 N=8340463 n=23 value=1439
record p=2897 q=2903 N=8409991 n=24 value=1448
record p=2903 q=2909 N=8444827 n=24 value=1451
record p=2909 q=2939 N=8549551 n=24 value=1454
record p=2927 q=4547 N=13309069 n=24 value=1463
record p=2939 q=2963 N=8708257 n=24 value=1469
record p=2957 q=2963 N=8761591 n=24 value=1478
record p=2963 q=2999 N=8886037 n=24 value=1481
record p=2969 q=3527 N=10471663 n=24 value=1484
record p=2999 q=3023 N=9065977 n=24 value=1499
record p=3011 q=4289 N=12914179 n=24 value=1505
record p=3023 q=3083 N=9319909 n=24 value=1511
record p=3083 q=3167 N=9763861 n=24 value=1541
record p=3089 q=3119 N=9634591 n=24 value=1544
record p=3119 q=3167 N=9877873 n=24 value=1559
record p=3137 q=4547 N=14263939 n=24 value=1568
record p=3167 q=3203 N=10143901 n=24 value=1583
record p=3203 q=3209 N=10278427 n=24 value=1601
record p=3209 q=3299 N=10586491 n=24 value=1604
record p=3251 q=4013 N=13046263 n=24 value=1625
record p=3257 q=3623 N=11800111 n=24 value=1628
record p=3299 q=3359 N=11081341 n=24 value=1649
record p=3323 q=3413 N=11341399 n=24 value=1661
record p=3329 q=3779 N=12580291 n=24 value=1664
record p=3347 q=3449 N=11543803 n=24 value=1673
record p=3359 q=3533 N=11867347 n=24 value=1679
record p=3371 q=4637 N=15631327 n=24 value=1685
record p=3389 q=4799 N=16263811 n=24 value=1694
record p=3407 q=3533 N=12036931 n=24 value=1703
record p=3413 q=3467 N=11832871 n=24 value=1706
record p=3449 q=3467 N=11957683 n=24 value=1724
record p=3467 q=3527 N=12228109 n=24 value=1733
record p=3491 q=4787 N=16711417 n=24 value=1745
record p=3527 q=3533 N=12460891 n=24 value=1763
record p=3533 q=3539 N=12503287 n=24 value=1766
record p=3539 q=3593 N=12715627 n=24 value=1769
record p=3557 q=3623 N=12887011 n=24 value=1778
record p=3581 q=4943 N=17700883 n=25 value=1790
record p=3593 q=3623 N=13017439 n=24 value=1796
record p=3617 q=3623 N=13104391 n=24 value=1808
record p=3623 q=3659 N=13256557 n=24 value=1811
record p=3659 q=3677 N=13454143 n=24 value=1829
record p=3671 q=6353 N=23321863 n=25 value=1835
record p=3677 q=3779 N=13895383 n=24 value=1838
record p=3701 q=4259 N=15762559 n=24 value=1850
record p=3719 q=4289 N=15950791 n=24 value=1859
record p=3761 q=6263 N=23555143 n=25 value=1880
record p=3767 q=3989 N=15026563 n=24 value=1883
record p=3779 q=3803 N=14371537 n=24 value=1889
record p=3797 q=3803 N=14439991 n=24 value=1898
record p=3803 q=3833 N=14576899 n=24 value=1901
record p=3821 q=4127 N=15769267 n=24 value=1910
record p=3833 q=3863 N=14806879 n=24 value=1916
record p=3863 q=3923 N=15154549 n=24 value=1931
record p=3911 q=4139 N=16187629 n=24 value=1955
record p=3917 q=3923 N=15366391 n=24 value=1958
record p=3923 q=3947 N=15484081 n=24 value=1961
record p=3929 q=3947 N=15507763 n=24 value=1964
record p=3947 q=3989 N=15744583 n=24 value=1973
record p=3989 q=4007 N=15983923 n=24 value=1994
record p=4001 q=5303 N=21217303 n=25 value=2000
record p=4007 q=4013 N=16080091 n=24 value=2003
record p=4013 q=4127 N=16561651 n=24 value=2006
record p=4019 q=4673 N=18780787 n=25 value=2009
record p=4049 q=4079 N=16515871 n=24 value=2024
record p=4073 q=4079 N=16613767 n=24 value=2036
record p=4079 q=4127 N=16834033 n=25 value=2039
record p=4091 q=5483 N=22430953 n=25 value=2045
record p=4127 q=4133 N=17056891 n=25 value=2063
record p=4133 q=4139 N=17106487 n=25 value=2066
record p=4139 q=4157 N=17205823 n=25 value=2069
record p=4157 q=4259 N=17704663 n=25 value=2078
record p=4217 q=4259 N=17960203 n=25 value=2108
record p=4229 q=5519 N=23339851 n=25 value=2114
record p=4241 q=5903 N=25034623 n=25 value=2120
record p=4253 q=4259 N=18113527 n=25 value=2126
record p=4259 q=4283 N=18241297 n=25 value=2129
record p=4271 q=6353 N=27133663 n=25 value=2135
record p=4283 q=4289 N=18369787 n=25 value=2141
record p=4289 q=4463 N=19141807 n=25 value=2144
record p=4337 q=4463 N=19356031 n=25 value=2168
record p=4349 q=4547 N=19774903 n=25 value=2174
record p=4373 q=4463 N=19516699 n=25 value=2186
record p=4391 q=6689 N=29371399 n=25 value=2195
record p=4397 q=4967 N=21839899 n=25 value=2198
record p=4409 q=4679 N=20629711 n=25 value=2204
record p=4421 q=7079 N=31296259 n=25 value=2210
record p=4451 q=6659 N=29639209 n=25 value=2225
record p=4457 q=4547 N=20265979 n=25 value=2228
record p=4463 q=4517 N=20159371 n=25 value=2231
record p=4481 q=8543 N=38281183 n=26 value=2240
record p=4493 q=4547 N=20429671 n=25 value=2246
record p=4517 q=4547 N=20538799 n=25 value=2258
record p=4523 q=5519 N=24962437 n=25 value=2261
record p=4547 q=4583 N=20838901 n=25 value=2273
record p=4583 q=4673 N=21416359 n=25 value=2291
record p=4637 q=4799 N=22252963 n=25 value=2318
record p=4643 q=5003 N=23228929 n=25 value=2321
record p=4649 q=5387 N=25044163 n=25 value=2324
record p=4673 q=4703 N=21977119 n=25 value=2336
record p=4679 q=4703 N=22005337 n=25 value=2339
record p=4691 q=6719 N=31518829 n=25 value=2345
record p=4703 q=4787 N=22513261 n=25 value=2351
record p=4721 q=7523 N=35516083 n=26 value=2360
record p=4733 q=5387 N=25496671 n=25 value=2366
record p=4787 q=4793 N=22944091 n=25 value=2393
record p=4793 q=4799 N=23001607 n=25 value=2396
record p=4799 q=4877 N=23404723 n=25 value=2399
record p=4817 q=5387 N=25949179 n=25 value=2408
record p=4871 q=6089 N=29659519 n=25 value=2435
record p=4877 q=5003 N=24399631 n=25 value=2438
record p=4889 q=5519 N=26982391 n=25 value=2444
record p=4919 q=4937 N=24285103 n=25 value=2459
record p=4937 q=5003 N=24699811 n=25 value=2468
record p=4943 q=5939 N=29356477 n=25 value=2471
record p=4967 q=4973 N=24700891 n=25 value=2483
record p=4973 q=5099 N=25357327 n=25 value=2486
record p=5003 q=5009 N=25060027 n=25 value=2501
record p=5009 q=5039 N=25240351 n=25 value=2504
record p=5039 q=5087 N=25633393 n=25 value=2519
record p=5051 q=7193 N=36331843 n=26 value=2525
record p=5081 q=6203 N=31517443 n=25 value=2540
record p=5087 q=5099 N=25938613 n=25 value=2543
record p=5099 q=5147 N=26244553 n=25 value=2549
record p=5147 q=5189 N=26707783 n=25 value=2573
record p=5153 q=6143 N=31654879 n=25 value=2576
record p=5189 q=5303 N=27517267 n=25 value=2594
record p=5231 q=7823 N=40922113 n=26 value=2615
record p=5261 q=5939 N=31245079 n=25 value=2630
record p=5273 q=5387 N=28405651 n=25 value=2636
record p=5279 q=5519 N=29134801 n=25 value=2639
record p=5297 q=5387 N=28534939 n=25 value=2648
record p=5303 q=5333 N=28280899 n=25 value=2651
record p=5309 q=5387 N=28599583 n=25 value=2654
record p=5333 q=5399 N=28792867 n=25 value=2666
record p=5351 q=5519 N=29532169 n=25 value=2675
record p=5387 q=5393 N=29052091 n=25 value=2693
record p=5393 q=5399 N=29116807 n=25 value=2696
record p=5399 q=5417 N=29246383 n=25 value=2699
record p=5417 q=5483 N=29701411 n=25 value=2708
record p=5441 q=6983 N=37994503 n=26 value=2720
record p=5471 q=5849 N=31999879 n=25 value=2735
record p=5477 q=5483 N=30030391 n=25 value=2738
record p=5483 q=5507 N=30194881 n=25 value=2741
record p=5507 q=5519 N=30393133 n=25 value=2753
record p=5519 q=5693 N=31419667 n=25 value=2759
record p=5531 q=10937 N=60492547 n=26 value=2765
record p=5573 q=5927 N=33031171 n=25 value=2786
record p=5639 q=5693 N=32102827 n=25 value=2819
record p=5651 q=10847 N=61296397 n=26 value=2825
record p=5657 q=8699 N=49210243 n=26 value=2828
record p=5669 q=5807 N=32919883 n=25 value=2834
record p=5693 q=5807 N=33059251 n=25 value=2846
record p=5711 q=6653 N=37995283 n=26 value=2855
record p=5717 q=5807 N=33198619 n=25 value=2858
record p=5783 q=5843 N=33790069 n=26 value=2891
record p=5807 q=5813 N=33756091 n=26 value=2903
record p=5813 q=5843 N=33965359 n=26 value=2906
record p=5843 q=5903 N=34491229 n=26 value=2921
record p=5849 q=6299 N=36842851 n=26 value=2924
record p=5861 q=10007 N=58651027 n=26 value=2930
record p=5867 q=6089 N=35724163 n=26 value=2933
record p=5879 q=5897 N=34668463 n=26 value=2939
record p=5897 q=6779 N=39975763 n=26 value=2948
record p=5903 q=6113 N=36085039 n=26 value=2951
record p=5927 q=5939 N=35200453 n=26 value=2963
record p=5939 q=6047 N=35913133 n=26 value=2969
record p=5987 q=6047 N=36203389 n=26 value=2993
record p=6011 q=10313 N=61991443 n=26 value=3005
record p=6029 q=6779 N=40870591 n=26 value=3014
record p=6047 q=6053 N=36602491 n=26 value=3023
record p=6053 q=6299 N=38127847 n=26 value=3026
record p=6089 q=6143 N=37404727 n=26 value=3044
record p=6113 q=6143 N=37552159 n=26 value=3056
record p=6131 q=9887 N=60617197 n=26 value=3065
record p=6143 q=6197 N=38068171 n=26 value=3071
record p=6173 q=6263 N=38661499 n=26 value=3086
record p=6197 q=6323 N=39183631 n=26 value=3098
record p=6203 q=6569 N=40747507 n=26 value=3101
record p=6221 q=9467 N=58894207 n=26 value=3110
record p=6257 q=6263 N=39187591 n=26 value=3128
record p=6263 q=6299 N=39450637 n=26 value=3131
record p=6269 q=6323 N=39638887 n=26 value=3134
record p=6287 q=6653 N=41827411 n=26 value=3143
record p=6299 q=6317 N=39790783 n=26 value=3149
record p=6311 q=9137 N=57663607 n=26 value=3155
record p=6317 q=6323 N=39942391 n=26 value=3158
record p=6323 q=6389 N=40397647 n=26 value=3161
record p=6329 q=7187 N=45486523 n=26 value=3164
record p=6353 q=6551 N=41618503 n=26 value=3176
record p=6359 q=7817 N=49708303 n=26 value=3179
record p=6389 q=6599 N=42161011 n=26 value=3194
record p=6449 q=7079 N=45652471 n=26 value=3224
record p=6473 q=6563 N=42482299 n=26 value=3236
record p=6521 q=12527 N=81688567 n=27 value=3260
record p=6563 q=6569 N=43112347 n=26 value=3281
record p=6569 q=6599 N=43348831 n=26 value=3284
record p=6581 q=8963 N=58985503 n=26 value=3290
record p=6599 q=6653 N=43903147 n=26 value=3299
record p=6653 q=6659 N=44302327 n=26 value=3326
record p=6659 q=6719 N=44741821 n=26 value=3329
record p=6689 q=6779 N=45344731 n=26 value=3344
record p=6701 q=9467 N=63438367 n=26 value=3350
record p=6719 q=6737 N=45265903 n=26 value=3359
record p=6737 q=6779 N=45670123 n=26 value=3368
record p=6779 q=6827 N=46280233 n=26 value=3389
record p=6803 q=6857 N=46648171 n=26 value=3401
record p=6827 q=6857 N=46812739 n=26 value=3413
record p=6833 q=7499 N=51240667 n=26 value=3416
record p=6857 q=6863 N=47059591 n=26 value=3428
record p=6863 q=6869 N=47141947 n=26 value=3431
record p=6869 q=6947 N=47718943 n=26 value=3434
record p=6899 q=6977 N=48134323 n=26 value=3449
record p=6917 q=8963 N=61997071 n=26 value=3458
record p=6947 q=6983 N=48510901 n=26 value=3473
record p=6959 q=7187 N=50014333 n=26 value=3479
record p=6971 q=9587 N=66830977 n=26 value=3485
record p=6977 q=6983 N=48720391 n=26 value=3488
record p=6983 q=7013 N=48971779 n=26 value=3491
record p=7001 q=9323 N=65270323 n=26 value=3500
record p=7013 q=7079 N=49645027 n=26 value=3506
record p=7019 q=7079 N=49687501 n=26 value=3509
record p=7043 q=7349 N=51759007 n=26 value=3521
record p=7079 q=7103 N=50282137 n=26 value=3539
record p=7103 q=7109 N=50495227 n=26 value=3551
record p=7109 q=7187 N=51092383 n=26 value=3554
record p=7121 q=8147 N=58014787 n=26 value=3560
record p=7127 q=7517 N=53573659 n=26 value=3563
record p=7187 q=7229 N=51954823 n=26 value=3593
record p=7193 q=7247 N=52127671 n=26 value=3596
record p=7229 q=7523 N=54383767 n=26 value=3614
record p=7247 q=7433 N=53866951 n=26 value=3623
record p=7253 q=8231 N=59699443 n=26 value=3626
record p=7283 q=7457 N=54309331 n=26 value=3641
record p=7307 q=7433 N=54312931 n=26 value=3653
record p=7331 q=8627 N=63244537 n=26 value=3665
record p=7349 q=7523 N=55286527 n=26 value=3674
record p=7433 q=7487 N=55650871 n=26 value=3716
record p=7451 q=7607 N=56679757 n=26 value=3725
record p=7457 q=7499 N=55920043 n=26 value=3728
record p=7487 q=7529 N=56369623 n=26 value=3743
record p=7499 q=7529 N=56459971 n=26 value=3749
record p=7517 q=7523 N=56550391 n=26 value=3758
record p=7523 q=7529 N=56640667 n=26 value=3761
record p=7529 q=7559 N=56911711 n=26 value=3764
record p=7547 q=7607 N=57410029 n=26 value=3773
record p=7559 q=7577 N=57274543 n=26 value=3779
record p=7577 q=7607 N=57638239 n=26 value=3788
record p=7583 q=7589 N=57547387 n=26 value=3791
record p=7589 q=7727 N=58640203 n=26 value=3794
record p=7607 q=7643 N=58140301 n=26 value=3803
record p=7643 q=7649 N=58461307 n=26 value=3821
record p=7649 q=7703 N=58920247 n=26 value=3824
record p=7673 q=8123 N=62327779 n=26 value=3836
record p=7691 q=7703 N=59243773 n=26 value=3845
record p=7703 q=7727 N=59521081 n=26 value=3851
record p=7727 q=7793 N=60216511 n=26 value=3863
record p=7757 q=8039 N=62358523 n=26 value=3878
record p=7793 q=7823 N=60964639 n=26 value=3896
record p=7817 q=7823 N=61152391 n=26 value=3908
record p=7823 q=7829 N=61246267 n=26 value=3911
record p=7829 q=7907 N=61903903 n=26 value=3914
record p=7853 q=7907 N=62093671 n=26 value=3926
record p=7877 q=8627 N=67954879 n=27 value=3938
record p=7883 q=8039 N=63371437 n=26 value=3941
record p=7901 q=10667 N=84279967 n=27 value=3950
record p=7907 q=7919 N=62615533 n=26 value=3953
record p=7919 q=7949 N=62948131 n=26 value=3959
record p=7937 q=8039 N=63805543 n=26 value=3968
record p=7949 q=8039 N=63902011 n=26 value=3974
record p=8009 q=15767 N=126277903 n=27 value=4004
record p=8039 q=8069 N=64866691 n=26 value=4019
record p=8069 q=8147 N=65738143 n=26 value=4034
record p=8087 q=8543 N=69087241 n=27 value=4043
record p=8093 q=8363 N=67681759 n=27 value=4046
record p=8111 q=11057 N=89683327 n=27 value=4055
record p=8117 q=8123 N=65934391 n=26 value=4058
record p=8123 q=8387 N=68127601 n=27 value=4061
record p=8147 q=8237 N=67106839 n=26 value=4073
record p=8219 q=10079 N=82839301 n=27 value=4109
record p=8231 q=12329 N=101479999 n=27 value=4115
record p=8237 q=8423 N=69380251 n=27 value=4118
record p=8243 q=8273 N=68194339 n=27 value=4121
record p=8273 q=8363 N=69187099 n=27 value=4136
record p=8291 q=16529 N=137041939 n=28 value=4145
record p=8297 q=8363 N=69387811 n=27 value=4148
record p=8363 q=8369 N=69989947 n=27 value=4181
record p=8369 q=8423 N=70492087 n=27 value=4184
record p=8387 q=8969 N=75223003 n=27 value=4193
record p=8423 q=8447 N=71149081 n=27 value=4211
record p=8429 q=8447 N=71199763 n=27 value=4214
record p=8447 q=8573 N=72416131 n=27 value=4223
record p=8501 q=12119 N=103023619 n=27 value=4250
record p=8513 q=8963 N=76302019 n=27 value=4256
record p=8537 q=8747 N=74673139 n=27 value=4268
record p=8543 q=8573 N=73239139 n=27 value=4271
record p=8573 q=8627 N=73959271 n=27 value=4286
record p=8597 q=8819 N=75816943 n=27 value=4298
record p=8609 q=8663 N=74579767 n=27 value=4304
record p=8627 q=8699 N=75046273 n=27 value=4313
record p=8663 q=8699 N=75359437 n=27 value=4331
record p=8669 q=8747 N=75827743 n=27 value=4334
record p=8693 q=8699 N=75620407 n=27 value=4346
record p=8699 q=8747 N=76090153 n=27 value=4349
record p=8741 q=11699 N=102260959 n=27 value=4370
record p=8747 q=8753 N=76562491 n=27 value=4373
record p=8753 q=8783 N=76877599 n=27 value=4376
record p=8783 q=8819 N=77457277 n=27 value=4391
record p=8807 q=12413 N=109321291 n=27 value=4403
record p=8819 q=8837 N=77933503 n=27 value=4409
record p=8831 q=11519 N=101724289 n=27 value=4415
record p=8837 q=9323 N=82387351 n=27 value=4418
record p=8849 q=10799 N=95560351 n=27 value=4424
record p=8861 q=13679 N=121209619 n=27 value=4430
record p=8867 q=9539 N=84582313 n=27 value=4433
record p=8933 q=15959 N=142561747 n=28 value=4466
record p=8951 q=11717 N=104878867 n=27 value=4475
record p=8963 q=8969 N=80389147 n=27 value=4481
record p=8969 q=9419 N=84479011 n=27 value=4484
record p=8999 q=9239 N=83141761 n=27 value=4499
record p=9011 q=14669 N=132182359 n=27 value=4505
record p=9029 q=9239 N=83418931 n=27 value=4514
record p=9041 q=14639 N=132351199 n=27 value=4520
record p=9059 q=9137 N=82772083 n=27 value=4529
record p=9137 q=9203 N=84087811 n=27 value=4568
record p=9161 q=14879 N=136306519 n=28 value=4580
record p=9173 q=9239 N=84749347 n=27 value=4586
record p=9203 q=9209 N=84750427 n=27 value=4601
record p=9209 q=9419 N=86739571 n=27 value=4604
record p=9221 q=15767 N=145387507 n=28 value=4610
record p=9227 q=10169 N=93829363 n=27 value=4613
record p=9239 q=9257 N=85525423 n=27 value=4619
record p=9257 q=9839 N=91079623 n=27 value=4628
record p=9281 q=15647 N=145219807 n=28 value=4640
record p=9293 q=9323 N=86638639 n=27 value=4646
record p=9323 q=9377 N=87421771 n=27 value=4661
record p=9341 q=10667 N=99640447 n=27 value=4670
record p=9371 q=10889 N=102040819 n=27 value=4685
record p=9377 q=9467 N=88772059 n=27 value=4688
record p=9413 q=10247 N=96455011 n=27 value=4706
record p=9419 q=9467 N=89169673 n=27 value=4709
record p=9431 q=13397 N=126347107 n=27 value=4715
record p=9437 q=9719 N=91718203 n=27 value=4718
record p=9467 q=9473 N=89680891 n=27 value=4733
record p=9473 q=9587 N=90817651 n=27 value=4736
record p=9479 q=9749 N=92410771 n=27 value=4739
record p=9491 q=10607 N=100671037 n=27 value=4745
record p=9497 q=9587 N=91047739 n=27 value=4748
record p=9533 q=9539 N=90935287 n=27 value=4766
record p=9539 q=9677 N=92308903 n=27 value=4769
record p=9551 q=10457 N=99874807 n=27 value=4775
record p=9587 q=9623 N=92255701 n=27 value=4793
record p=9623 q=9629 N=92659867 n=27 value=4811
record p=9629 q=9743 N=93815347 n=27 value=4814
record p=9677 q=9719 N=94050763 n=27 value=4838
record p=9689 q=12107 N=117304723 n=27 value=4844
record p=9719 q=9743 N=94692217 n=27 value=4859
record p=9743 q=9749 N=94984507 n=27 value=4871
record p=9749 q=9839 N=95920411 n=27 value=4874
record p=9767 q=9839 N=96097513 n=27 value=4883
record p=9803 q=9839 N=96451717 n=27 value=4901
record p=9833 q=9839 N=96746887 n=27 value=4916
record p=9839 q=9887 N=97278193 n=27 value=4919
record p=9851 q=11027 N=108626977 n=27 value=4925
record p=9857 q=11699 N=115317043 n=27 value=4928
record p=9887 q=10007 N=98939209 n=27 value=4943
record p=9923 q=10103 N=100252069 n=27 value=4961
record p=9929 q=10007 N=99359503 n=27 value=4964
record p=10007 q=10079 N=100860553 n=27 value=5003
record p=10037 q=10163 N=102006031 n=27 value=5018
record p=10061 q=11699 N=117703639 n=27 value=5030
record p=10067 q=11399 N=114753733 n=27 value=5033
record p=10079 q=10103 N=101828137 n=27 value=5039
record p=10091 q=10487 N=105824317 n=27 value=5045
record p=10103 q=10139 N=102434317 n=27 value=5051
record p=10133 q=10139 N=102738487 n=27 value=5066
record p=10139 q=10169 N=103103491 n=27 value=5069
record p=10151 q=15287 N=155178337 n=28 value=5075
record p=10163 q=10169 N=103347547 n=27 value=5081
record p=10169 q=10343 N=105177967 n=27 value=5084
record p=10193 q=10259 N=104569987 n=27 value=5096
record p=10211 q=13967 N=142617037 n=28 value=5105
record p=10223 q=10247 N=104755081 n=27 value=5111
record p=10247 q=10289 N=105431383 n=27 value=5123
record p=10253 q=10463 N=107277139 n=27 value=5126
record p=10259 q=10457 N=107278363 n=27 value=5129
record p=10271 q=17609 N=180862039 n=28 value=5135
record p=10289 q=10343 N=106419127 n=27 value=5144
record p=10301 q=12527 N=129040627 n=27 value=5150
record p=10313 q=10343 N=106667359 n=27 value=5156
record p=10331 q=11399 N=117763069 n=27 value=5165
record p=10337 q=10343 N=106915591 n=27 value=5168
record p=10343 q=10433 N=107908519 n=27 value=5171
record p=10391 q=10457 N=108658687 n=27 value=5195
record p=10427 q=10433 N=108784891 n=27 value=5213
record p=10433 q=10463 N=109160479 n=27 value=5216
record p=10457 q=10463 N=109411591 n=27 value=5228
record p=10463 q=10559 N=110478817 n=27 value=5231
record p=10487 q=10589 N=111046843 n=27 value=5243
record p=10499 q=10559 N=110858941 n=27 value=5249
record p=10529 q=11279 N=118756591 n=27 value=5264
record p=10559 q=10589 N=111809251 n=27 value=5279
record p=10589 q=10607 N=112317523 n=27 value=5294
record p=10601 q=12539 N=132925939 n=27 value=5300
record p=10607 q=10667 N=113144869 n=27 value=5303
record p=10613 q=12239 N=129892507 n=27 value=5306
record p=10631 q=11867 N=126158077 n=27 value=5315
record p=10667 q=10709 N=114232903 n=27 value=5333
record p=10691 q=11807 N=126228637 n=27 value=5345
record p=10709 q=10799 N=115646491 n=27 value=5354
record p=10733 q=10799 N=115905667 n=27 value=5366
record p=10739 q=11717 N=125828863 n=27 value=5369
record p=10799 q=10853 N=117201547 n=27 value=5399
record p=10847 q=11213 N=121627411 n=27 value=5423
record p=10853 q=10859 N=117852727 n=27 value=5426
record p=10859 q=10883 N=118178497 n=27 value=5429
record p=10883 q=10889 N=118504987 n=27 value=5441
record p=10889 q=10979 N=119550331 n=27 value=5444
record p=10937 q=11003 N=120339811 n=27 value=5468
record p=10949 q=12239 N=134004811 n=27 value=5474
record p=10973 q=11423 N=125344579 n=27 value=5486
record p=10979 q=11003 N=120801937 n=27 value=5489
record p=11003 q=11027 N=121330081 n=27 value=5501
record p=11027 q=11057 N=121925539 n=27 value=5513
record p=11057 q=11279 N=124711903 n=27 value=5528
record p=11069 q=11279 N=124847251 n=27 value=5534
record p=11087 q=11213 N=124318531 n=27 value=5543
record p=11093 q=11423 N=126715339 n=27 value=5546
record p=11117 q=11783 N=130991611 n=27 value=5558
record p=11159 q=11447 N=127737073 n=27 value=5579
record p=11171 q=18059 N=201737089 n=28 value=5585
record p=11177 q=11423 N=127674871 n=27 value=5588
record p=11213 q=11279 N=126471427 n=27 value=5606
record p=11243 q=11657 N=131059651 n=27 value=5621
record p=11261 q=14159 N=159444499 n=28 value=5630
record p=11273 q=11279 N=127148167 n=27 value=5636
record p=11279 q=11393 N=128501647 n=27 value=5639
record p=11321 q=11927 N=135025567 n=28 value=5660
record p=11351 q=11807 N=134021257 n=27 value=5675
record p=11369 q=12983 N=147603727 n=28 value=5684
record p=11393 q=11399 N=129868807 n=27 value=5696
record p=11399 q=11423 N=130210777 n=27 value=5699
record p=11423 q=11447 N=130759081 n=27 value=5711
record p=11447 q=11483 N=131445901 n=27 value=5723
record p=11471 q=21587 N=247624477 n=28 value=5735
record p=11483 q=11489 N=131928187 n=27 value=5741
record p=11489 q=11519 N=132341791 n=27 value=5744
record p=11519 q=11633 N=134000527 n=27 value=5759
record p=11549 q=11699 N=135111751 n=28 value=5774
record p=11579 q=11927 N=138102733 n=28 value=5789
record p=11597 q=11867 N=137621599 n=28 value=5798
record p=11633 q=11699 N=136094467 n=28 value=5816
record p=11657 q=11699 N=136375243 n=28 value=5828
record p=11681 q=20327 N=237439687 n=28 value=5840
record p=11699 q=11717 N=137077183 n=28 value=5849
record p=11717 q=11807 N=138342619 n=28 value=5858
record p=11777 q=11783 N=138768391 n=28 value=5888
record p=11783 q=11813 N=139192579 n=28 value=5891
record p=11789 q=12647 N=149095483 n=28 value=5894
record p=11801 q=14939 N=176295139 n=28 value=5900
record p=11807 q=11813 N=139476091 n=28 value=5903
record p=11813 q=11927 N=140893651 n=28 value=5906
record p=11867 q=11903 N=141252901 n=28 value=5933
record p=11897 q=11903 N=141609991 n=28 value=5948
record p=11903 q=12119 N=144252457 n=28 value=5951
record p=11909 q=12107 N=144182263 n=28 value=5954
record p=11927 q=12107 N=144400189 n=28 value=5963
record p=11933 q=11939 N=142468087 n=28 value=5966
record p=11939 q=12107 N=144545473 n=28 value=5969
record p=11969 q=12227 N=146344963 n=28 value=5984
record p=11981 q=14159 N=169638979 n=28 value=5990
record p=11987 q=12107 N=145126609 n=28 value=5993
record p=12011 q=12227 N=146858497 n=28 value=6005
record p=12071 q=22409 N=270499039 n=29 value=6035
record p=12107 q=12113 N=146652091 n=28 value=6053
record p=12113 q=12119 N=146797447 n=28 value=6056
record p=12119 q=12149 N=147233731 n=28 value=6059
record p=12143 q=12329 N=149711047 n=28 value=6071
record p=12149 q=12203 N=148254247 n=28 value=6074
record p=12161 q=14879 N=180943519 n=28 value=6080
record p=12197 q=12203 N=148839991 n=28 value=6098
record p=12203 q=12227 N=149206081 n=28 value=6101
record p=12227 q=12263 N=149939701 n=28 value=6113
record p=12239 q=12323 N=150821197 n=28 value=6119
record p=12263 q=12269 N=150454747 n=28 value=6131
record p=12269 q=12323 N=151190887 n=28 value=6134
record p=12281 q=18743 N=230182783 n=28 value=6140
record p=12323 q=12347 N=152152081 n=28 value=6161
record p=12329 q=12527 N=154445383 n=28 value=6164
record p=12347 q=12413 N=153263311 n=28 value=6173
record p=12377 q=12983 N=160690591 n=28 value=6188
record p=12413 q=12527 N=155497651 n=28 value=6206
record p=12437 q=12527 N=155798299 n=28 value=6218
record p=12473 q=12527 N=156249271 n=28 value=6236
record p=12479 q=12569 N=156848551 n=28 value=6239
record p=12491 q=13367 N=166967197 n=28 value=6245
record p=12497 q=12743 N=159249271 n=28 value=6248
record p=12503 q=14843 N=185582029 n=28 value=6251
record p=12527 q=12539 N=157076053 n=28 value=6263
record p=12539 q=12569 N=157602691 n=28 value=6269
record p=12569 q=12647 N=158960143 n=28 value=6284
record p=12611 q=16619 N=209582209 n=28 value=6305
record p=12641 q=20627 N=260745907 n=28 value=6320
record p=12647 q=12653 N=160022491 n=28 value=6323
record p=12653 q=12659 N=160174327 n=28 value=6326
record p=12659 q=12809 N=162149131 n=28 value=6329
record p=12671 q=16223 N=205561633 n=28 value=6335
record p=12689 q=12911 N=163827679 n=28 value=6344
record p=12713 q=13523 N=171917899 n=28 value=6356
record p=12743 q=12809 N=163225087 n=28 value=6371
record p=12791 q=18443 N=235904413 n=28 value=6395
record p=12809 q=12899 N=165223291 n=28 value=6404
record p=12821 q=14699 N=188455879 n=28 value=6410
record p=12893 q=13043 N=168163399 n=28 value=6446
record p=12899 q=12917 N=166616383 n=28 value=6449
record p=12911 q=16889 N=218053879 n=28 value=6455
record p=12917 q=12983 N=167701411 n=28 value=6458
record p=12923 q=18269 N=236090287 n=28 value=6461
record p=12941 q=19763 N=255752983 n=28 value=6470
record p=12953 q=12983 N=168168799 n=28 value=6476
record p=12959 q=13037 N=168946483 n=28 value=6479
record p=12983 q=13037 N=169259371 n=28 value=6491
record p=13001 q=23399 N=304210399 n=29 value=6500
record p=13007 q=13229 N=172069603 n=28 value=6503
record p=13037 q=13043 N=170041591 n=28 value=6518
record p=13043 q=13103 N=170902429 n=28 value=6521
record p=13049 q=13523 N=176461627 n=28 value=6524
record p=13103 q=13109 N=171767227 n=28 value=6551
record p=13109 q=13127 N=172081843 n=28 value=6554
record p=13121 q=18503 N=242777863 n=28 value=6560
record p=13127 q=13163 N=172790701 n=28 value=6563
record p=13151 q=20327 N=267320377 n=28 value=6575
record p=13163 q=13229 N=174133327 n=28 value=6581
record p=13187 q=13229 N=174450823 n=28 value=6593
record p=13217 q=17807 N=235355119 n=28 value=6608
record p=13229 q=13259 N=175403311 n=28 value=6614
record p=13241 q=20663 N=273598783 n=29 value=6620
record p=13259 q=13523 N=179301457 n=28 value=6629
record p=13313 q=13799 N=183706087 n=28 value=6656
record p=13331 q=15683 N=209070073 n=28 value=6665
record p=13337 q=13463 N=179556031 n=28 value=6668
record p=13367 q=13397 N=179077699 n=28 value=6683
record p=13397 q=13967 N=187115899 n=28 value=6698
record p=13451 q=13799 N=185610349 n=28 value=6725
record p=13457 q=13463 N=181171591 n=28 value=6728
record p=13463 q=13487 N=181575481 n=28 value=6731
record p=13469 q=15383 N=207193627 n=28 value=6734
record p=13487 q=13523 N=182384701 n=28 value=6743
record p=13499 q=13877 N=187325623 n=28 value=6749
record p=13523 q=13577 N=183601771 n=28 value=6761
record p=13553 q=17027 N=230766931 n=28 value=6776
record p=13577 q=13799 N=187349023 n=28 value=6788
record p=13613 q=13619 N=185395447 n=28 value=6806
record p=13619 q=13649 N=185885731 n=28 value=6809
record p=13649 q=13799 N=188342551 n=28 value=6824
record p=13679 q=14207 N=194337553 n=28 value=6839
record p=13691 q=15053 N=206090623 n=28 value=6845
record p=13697 q=13799 N=189004903 n=28 value=6848
record p=13709 q=13967 N=191473603 n=28 value=6854
record p=13751 q=18587 N=255589837 n=28 value=6875
record p=13757 q=14243 N=195940951 n=28 value=6878
record p=13763 q=14657 N=201724291 n=28 value=6881
record p=13781 q=17783 N=245067523 n=28 value=6890
record p=13799 q=13829 N=190826371 n=28 value=6899
record p=13829 q=13883 N=191988007 n=28 value=6914
record p=13841 q=15299 N=211753459 n=28 value=6920
record p=13859 q=14177 N=196479043 n=28 value=6929
record p=13877 q=13967 N=193820059 n=28 value=6938
record p=13883 q=14009 N=194486947 n=28 value=6941
record p=13901 q=18047 N=250871347 n=28 value=6950
record p=13907 q=13997 N=194656279 n=28 value=6953
record p=13913 q=13967 N=194322871 n=28 value=6956
record p=13967 q=13997 N=195496099 n=28 value=6983
record p=13997 q=14087 N=197175739 n=28 value=6998
record p=14009 q=14087 N=197344783 n=28 value=7004
record p=14033 q=14087 N=197682871 n=28 value=7016
record p=14051 q=18749 N=263442199 n=28 value=7025
record p=14057 q=15683 N=220455931 n=28 value=7028
record p=14081 q=20183 N=284196823 n=29 value=7040
record p=14087 q=14159 N=199457833 n=28 value=7043
record p=14153 q=14207 N=201071671 n=28 value=7076
record p=14159 q=14177 N=200732143 n=28 value=7079
record p=14177 q=14207 N=201412639 n=28 value=7088
record p=14207 q=14243 N=202350301 n=28 value=7103
record p=14243 q=14249 N=202948507 n=28 value=7121
record p=14249 q=14423 N=205513327 n=28 value=7124
record p=14303 q=14369 N=205519807 n=28 value=7151
record p=14321 q=18287 N=261888127 n=28 value=7160
record p=14327 q=14549 N=208443523 n=28 value=7163
record p=14369 q=14387 N=206726803 n=28 value=7184
record p=14387 q=14423 N=207503701 n=28 value=7193
record p=14411 q=18077 N=260507647 n=28 value=7205
record p=14423 q=14489 N=208974847 n=28 value=7211
record p=14447 q=14489 N=209322583 n=28 value=7223
record p=14489 q=14639 N=212104471 n=28 value=7244
record p=14519 q=15383 N=223345777 n=28 value=7259
record p=14537 q=14747 N=214377139 n=28 value=7268
record p=14543 q=14549 N=211586107 n=28 value=7271
record p=14549 q=14639 N=212982811 n=28 value=7274
record p=14591 q=18143 N=264724513 n=28 value=7295
record p=14627 q=14633 N=214036891 n=28 value=7313
record p=14633 q=14699 N=215090467 n=28 value=7316
record p=14639 q=14657 N=214563823 n=28 value=7319
record p=14657 q=14699 N=215443243 n=28 value=7328
record p=14669 q=14699 N=215619631 n=28 value=7334
record p=14699 q=14717 N=216325183 n=28 value=7349
record p=14717 q=14747 N=217031599 n=28 value=7358
record p=14723 q=14759 N=217296757 n=28 value=7361
record p=14741 q=16187 N=238612567 n=28 value=7370
record p=14747 q=14753 N=217562491 n=28 value=7373
record p=14753 q=14759 N=217739527 n=28 value=7376
record p=14759 q=14843 N=219067837 n=28 value=7379
record p=14783 q=14879 N=219956257 n=28 value=7391
record p=14813 q=14879 N=220402627 n=28 value=7406
record p=14831 q=16553 N=245497543 n=28 value=7415
record p=14843 q=14867 N=220670881 n=28 value=7421
record p=14867 q=14957 N=222365719 n=28 value=7433
record p=14879 q=14957 N=222545203 n=28 value=7439
record p=14891 q=17609 N=262215619 n=28 value=7445
record p=14897 q=17387 N=259014139 n=28 value=7448
record p=14939 q=16007 N=239128573 n=28 value=7469
record p=14951 q=16553 N=247483903 n=28 value=7475
record p=14957 q=15083 N=225596431 n=28 value=7478
record p=14969 q=15083 N=225777427 n=28 value=7484
record p=15017 q=15083 N=226501411 n=28 value=7508
record p=15053 q=15227 N=229212031 n=28 value=7526
record p=15077 q=15083 N=227406391 n=28 value=7538
record p=15083 q=15173 N=228854359 n=28 value=7541
record p=15101 q=17519 N=264554419 n=28 value=7550
record p=15107 q=21017 N=317503819 n=29 value=7553
record p=15131 q=18839 N=285052909 n=29 value=7565
record p=15137 q=15287 N=231399319 n=28 value=7568
record p=15149 q=18119 N=274484731 n=29 value=7574
record p=15161 q=15767 N=239043487 n=28 value=7580
record p=15173 q=15227 N=231039271 n=28 value=7586
record p=15227 q=15287 N=232775149 n=28 value=7613
record p=15233 q=19403 N=295565899 n=29 value=7616
record p=15263 q=15299 N=233508637 n=28 value=7631
record p=15269 q=15299 N=233600431 n=28 value=7634
record p=15287 q=15299 N=233875813 n=28 value=7643
record p=15299 q=15329 N=234518371 n=28 value=7649
record p=15329 q=15359 N=235438111 n=28 value=7664
record p=15359 q=15413 N=236728267 n=28 value=7679
record p=15377 q=15647 N=240603919 n=28 value=7688
record p=15383 q=15413 N=237098179 n=28 value=7691
record p=15413 q=15443 N=238022959 n=28 value=7706
record p=15443 q=16097 N=248585971 n=28 value=7721
record p=15461 q=15923 N=246185503 n=28 value=7730
record p=15467 q=15473 N=239320891 n=28 value=7733
record p=15473 q=15647 N=242106031 n=28 value=7736
record p=15497 q=15683 N=243039451 n=28 value=7748
record p=15527 q=15749 N=244534723 n=28 value=7763
record p=15551 q=18269 N=284101219 n=29 value=7775
record p=15569 q=16223 N=252575887 n=28 value=7784
record p=15581 q=16223 N=252770563 n=28 value=7790
record p=15629 q=15647 N=244546963 n=28 value=7814
record p=15641 q=17183 N=268759303 n=29 value=7820
record p=15647 q=15683 N=245391901 n=28 value=7823
record p=15671 q=16097 N=252256087 n=28 value=7835
record p=15683 q=15749 N=246991567 n=28 value=7841
record p=15737 q=17099 N=269086963 n=29 value=7868
record p=15749 q=15959 N=251338291 n=28 value=7874
record p=15761 q=16487 N=259851607 n=28 value=7880
record p=15767 q=15773 N=248692891 n=28 value=7883
record p=15773 q=15803 N=249260719 n=28 value=7886
record p=15791 q=16937 N=267452167 n=28 value=7895
record p=15797 q=15923 N=251535631 n=28 value=7898
record p=15803 q=15887 N=251062261 n=28 value=7901
record p=15809 q=18287 N=289099183 n=29 value=7904
record p=15881 q=16103 N=255731743 n=28 value=7940
record p=15887 q=16103 N=255828361 n=28 value=7943
record p=15923 q=16007 N=254879461 n=28 value=7961
record p=15959 q=16007 N=255455713 n=28 value=7979
record p=15971 q=18059 N=288420289 n=29 value=7985
record p=16001 q=16127 N=258048127 n=28 value=8000
record p=16007 q=16097 N=257664679 n=28 value=8003
record p=16067 q=16103 N=258726901 n=28 value=8033
record p=16073 q=16187 N=260173651 n=28 value=8036
record p=16091 q=21773 N=350349343 n=29 value=8045
record p=16097 q=16127 N=259596319 n=28 value=8048
record p=16103 q=16127 N=259693081 n=28 value=8051
record p=16127 q=16229 N=261725083 n=28 value=8063
record p=16139 q=16187 N=261241993 n=28 value=8069
record p=16187 q=16217 N=262504579 n=28 value=8093
record p=16193 q=16319 N=264253567 n=28 value=8096
record p=16217 q=16223 N=263088391 n=28 value=8108
record p=16223 q=16229 N=263283067 n=28 value=8111
record p=16229 q=16319 N=264841051 n=28 value=8114
record p=16253 q=16487 N=267963211 n=28 value=8126
record p=16301 q=17519 N=285577219 n=29 value=8150
record p=16319 q=16487 N=269051353 n=29 value=8159
record p=16349 q=16487 N=269545963 n=29 value=8174
record p=16361 q=20123 N=329232403 n=29 value=8180
record p=16421 q=22643 N=371820703 n=29 value=8210
record p=16427 q=16823 N=276351421 n=29 value=8213
record p=16433 q=16883 N=277438339 n=29 value=8216
record p=16451 q=17099 N=281295649 n=29 value=8225
record p=16487 q=16529 N=272513623 n=29 value=8243
record p=16493 q=20123 N=331888639 n=29 value=8246
record p=16529 q=16547 N=273505363 n=29 value=8264
record p=16547 q=16553 N=273902491 n=29 value=8273
record p=16553 q=16883 N=279464299 n=29 value=8276
record p=16607 q=16673 N=276888511 n=29 value=8303
record p=16619 q=18119 N=301119661 n=29 value=8309
record p=16631 q=21563 N=358614253 n=29 value=8315
record p=16649 q=16823 N=280086127 n=29 value=8324
record p=16673 q=16763 N=279489499 n=29 value=8336
record p=16691 q=23873 N=398464243 n=29 value=8345
record p=16703 q=16883 N=281996749 n=29 value=8351
record p=16763 q=17027 N=285423601 n=29 value=8381
record p=16787 q=17477 N=293386399 n=29 value=8393
record p=16811 q=24023 N=403850653 n=29 value=8405
record p=16823 q=16889 N=284123647 n=29 value=8411
record p=16829 q=17387 N=292605823 n=29 value=8414
record p=16883 q=16889 N=285136987 n=29 value=8441
record p=16889 q=16943 N=286150327 n=29 value=8444
record p=16901 q=19739 N=333608839 n=29 value=8450
record p=16931 q=21023 N=355940413 n=29 value=8465
record p=16937 q=16943 N=286963591 n=29 value=8468
record p=16943 q=17027 N=288488461 n=29 value=8471
record p=16979 q=17027 N=289101433 n=29 value=8489
record p=17021 q=23663 N=402767923 n=29 value=8510
record p=17027 q=17033 N=290020891 n=29 value=8513
record p=17033 q=17099 N=291247267 n=29 value=8516
record p=17093 q=17159 N=293298787 n=29 value=8546
record p=17099 q=17189 N=293914711 n=29 value=8549
record p=17117 q=17483 N=299256511 n=29 value=8558
record p=17123 q=17387 N=297717601 n=29 value=8561
record p=17159 q=17387 N=298343533 n=29 value=8579
record p=17183 q=17489 N=300513487 n=29 value=8591
record p=17189 q=17327 N=297833803 n=29 value=8594
record p=17207 q=19379 N=333454453 n=29 value=8603
record p=17231 q=17489 N=301352959 n=29 value=8615
record p=17321 q=18443 N=319451203 n=29 value=8660
record p=17327 q=17387 N=301264549 n=29 value=8663
record p=17333 q=20543 N=356071819 n=29 value=8666
record p=17351 q=18743 N=325209793 n=29 value=8675
record p=17387 q=17393 N=302412091 n=29 value=8693
record p=17393 q=17483 N=304081819 n=29 value=8696
record p=17417 q=22343 N=389148031 n=29 value=8708
record p=17471 q=20543 N=358906753 n=29 value=8735
record p=17477 q=17519 N=306179563 n=29 value=8738
record p=17483 q=17489 N=305760187 n=29 value=8741
record p=17489 q=17747 N=310377283 n=29 value=8744
record p=17519 q=17597 N=308281843 n=29 value=8759
record p=17573 q=17903 N=314609419 n=29 value=8786
record p=17579 q=17597 N=309337663 n=29 value=8789
record p=17597 q=17939 N=315672583 n=29 value=8798
record p=17609 q=18119 N=319057471 n=29 value=8804
record p=17627 q=18749 N=330488623 n=29 value=8813
record p=17657 q=17807 N=314418199 n=29 value=8828
record p=17669 q=18947 N=334774543 n=29 value=8834
record p=17729 q=17807 N=315700303 n=29 value=8864
record p=17747 q=17789 N=315701383 n=29 value=8873
record p=17783 q=17789 N=316341787 n=29 value=8891
record p=17789 q=17903 N=318476467 n=29 value=8894
record p=17807 q=17903 N=318798721 n=29 value=8903
record p=17837 q=21839 N=389542243 n=29 value=8918
record p=17891 q=29363 N=525333433 n=29 value=8945
record p=17903 q=17939 N=321161917 n=29 value=8951
record p=17909 q=18839 N=337387651 n=29 value=8954
record p=17939 q=17957 N=322130623 n=29 value=8969
record p=17957 q=18059 N=324285463 n=29 value=8978
record p=17981 q=20543 N=369383683 n=29 value=8990
record p=17987 q=18059 N=324827233 n=29 value=8993
record p=18041 q=32183 N=580613503 n=30 value=9020
record p=18047 q=20789 N=375179083 n=29 value=9023
record p=18059 q=18077 N=326452543 n=29 value=9029
record p=18077 q=18119 N=327537163 n=29 value=9038
record p=18089 q=21383 N=386797087 n=29 value=9044
record p=18119 q=18143 N=328733017 n=29 value=9059
record p=18131 q=28229 N=511819999 n=29 value=9065
record p=18143 q=18149 N=329277307 n=29 value=9071
record p=18149 q=18287 N=331890763 n=29 value=9074
record p=18191 q=18413 N=334950883 n=29 value=9095
record p=18233 q=18443 N=336271219 n=29 value=9116
record p=18251 q=28283 N=516193033 n=29 value=9125
record p=18257 q=18947 N=345915379 n=29 value=9128
record p=18269 q=18287 N=334085203 n=29 value=9134
record p=18287 q=18413 N=336718531 n=29 value=9143
record p=18311 q=19583 N=358584313 n=29 value=9155
record p=18329 q=18743 N=343540447 n=29 value=9164
record p=18353 q=18743 N=343990279 n=29 value=9176
record p=18371 q=22973 N=422036983 n=29 value=9185
record p=18413 q=18443 N=339590959 n=29 value=9206
record p=18443 q=18587 N=342800041 n=29 value=9221
record p=18503 q=18839 N=348578017 n=29 value=9251
record p=18521 q=27179 N=503382259 n=29 value=9260
record p=18539 q=18743 N=347476477 n=29 value=9269
record p=18587 q=18713 N=347818531 n=29 value=9293
record p=18593 q=20627 N=383517811 n=29 value=9296
record p=18617 q=18959 N=352959703 n=29 value=9308
record p=18671 q=27773 N=518549683 n=29 value=9335
record p=18713 q=18743 N=350737759 n=29 value=9356
record p=18719 q=19073 N=357027487 n=29 value=9359
record p=18731 q=20123 N=376923913 n=29 value=9365
record p=18743 q=18749 N=351412507 n=29 value=9371
record p=18749 q=18839 N=353212411 n=29 value=9374
record p=18773 q=20183 N=378895459 n=29 value=9386
record p=18797 q=18839 N=354116683 n=29 value=9398
record p=18803 q=21839 N=410638717 n=29 value=9401
record p=18839 q=18869 N=355473091 n=29 value=9419
record p=18869 q=18947 N=357510943 n=29 value=9434
record p=18899 q=18917 N=357512383 n=29 value=9449
record p=18911 q=32423 N=613151353 n=30 value=9455
record p=18917 q=18947 N=358420399 n=29 value=9458
record p=18947 q=18959 N=359216173 n=29 value=9473
record p=18959 q=19037 N=360922483 n=29 value=9479
record p=19013 q=20543 N=390584059 n=29 value=9506
record p=19031 q=26513 N=504568903 n=29 value=9515
record p=19037 q=19079 N=363206923 n=29 value=9518
record p=19073 q=19079 N=363893767 n=29 value=9536
record p=19079 q=19157 N=365496403 n=29 value=9539
record p=19121 q=28163 N=538504723 n=30 value=9560
record p=19139 q=19697 N=376980883 n=29 value=9569
record p=19157 q=19259 N=368944663 n=29 value=9578
record p=19163 q=20963 N=401713969 n=29 value=9581
record p=19259 q=19289 N=371486851 n=29 value=9629
record p=19289 q=19379 N=373801531 n=29 value=9644
record p=19301 q=30203 N=582948103 n=30 value=9650
record p=19319 q=19403 N=374846557 n=29 value=9659
record p=19373 q=19379 N=375429367 n=29 value=9686
record p=19379 q=19463 N=377173477 n=29 value=9689
record p=19391 q=29153 N=565305823 n=30 value=9695
record p=19403 q=19457 N=377524171 n=29 value=9701
record p=19421 q=30323 N=588902983 n=30 value=9710
record p=19427 q=19973 N=388015471 n=29 value=9713
record p=19433 q=20747 N=403176451 n=29 value=9716
record p=19457 q=19583 N=381026431 n=29 value=9728
record p=19463 q=19577 N=381027151 n=29 value=9731
record p=19469 q=19583 N=381261427 n=29 value=9734
record p=19541 q=24419 N=477171679 n=29 value=9770
record p=19553 q=20123 N=393465019 n=29 value=9776
record p=19559 q=20627 N=403443493 n=29 value=9779
record p=19577 q=19583 N=383376391 n=29 value=9788
record p=19583 q=19697 N=385726351 n=29 value=9791
record p=19697 q=19727 N=388562719 n=29 value=9848
record p=19709 q=19739 N=389035951 n=29 value=9854
record p=19727 q=20477 N=403949779 n=29 value=9863
record p=19739 q=19763 N=390101857 n=29 value=9869
record p=19751 q=19973 N=394486723 n=29 value=9875
record p=19763 q=19793 N=391169059 n=29 value=9881
record p=19793 q=20123 N=398294539 n=29 value=9896
record p=19853 q=20663 N=410222539 n=29 value=9926
record p=19889 q=19919 N=396168991 n=29 value=9944
record p=19913 q=20123 N=400709299 n=29 value=9956
record p=19919 q=19949 N=397364131 n=29 value=9959
record p=19937 q=20627 N=411240499 n=29 value=9968
record p=19949 q=19979 N=398561071 n=29 value=9974
record p=19973 q=20123 N=401916679 n=29 value=9986
record p=19979 q=20477 N=409109983 n=29 value=9989
record p=19991 q=25913 N=518026783 n=29 value=9995
record p=19997 q=20123 N=402399631 n=29 value=9998
record p=20051 q=21683 N=434765833 n=29 value=10025
record p=20063 q=20117 N=403607371 n=29 value=10031
record p=20117 q=20123 N=404814391 n=29 value=10058
record p=20123 q=20183 N=406142509 n=29 value=10061
record p=20129 q=20507 N=412785403 n=29 value=10064
record p=20147 q=20897 N=421011859 n=29 value=10073
record p=20177 q=20627 N=416190979 n=29 value=10088
record p=20183 q=20249 N=408685567 n=29 value=10091
record p=20219 q=20249 N=409414531 n=29 value=10109
record p=20249 q=20327 N=411601423 n=29 value=10124
record p=20261 q=25799 N=522713539 n=29 value=10130
record p=20297 q=20327 N=412577119 n=29 value=10148
record p=20327 q=20357 N=413796739 n=29 value=10163
record p=20333 q=20807 N=423068731 n=29 value=10166
record p=20357 q=23039 N=469004923 n=29 value=10178
record p=20369 q=20507 N=417707083 n=29 value=10184
record p=20393 q=20507 N=418199251 n=29 value=10196
record p=20399 q=20477 N=417710323 n=29 value=10199
record p=20411 q=39827 N=812908897 n=30 value=10205
record p=20477 q=20507 N=419921839 n=29 value=10238
record p=20483 q=23159 N=474365797 n=29 value=10241
record p=20507 q=20543 N=421275301 n=29 value=10253
record p=20543 q=20627 N=423740461 n=29 value=10271
record p=20549 q=20627 N=423864223 n=29 value=10274
record p=20627 q=20663 N=426215701 n=29 value=10313
record p=20639 q=20759 N=428445001 n=29 value=10319
record p=20663 q=20717 N=428075371 n=29 value=10331
record p=20693 q=21023 N=435028939 n=29 value=10346
record p=20717 q=20759 N=430064203 n=29 value=10358
record p=20747 q=21017 N=436039699 n=29 value=10373
record p=20753 q=20759 N=430811527 n=29 value=10376
record p=20759 q=20789 N=431558851 n=29 value=10379
record p=20789 q=20807 N=432556723 n=29 value=10394
record p=20807 q=20849 N=433805143 n=29 value=10403
record p=20849 q=20963 N=437057587 n=29 value=10424
record p=20873 q=21059 N=439564507 n=29 value=10436
record p=20879 q=22343 N=466499497 n=29 value=10439
record p=20897 q=21059 N=440069923 n=29 value=10448
record p=20903 q=22073 N=461391919 n=29 value=10451
record p=20921 q=25643 N=536477203 n=29 value=10460
record p=20939 q=21059 N=440954401 n=29 value=10469
record p=20963 q=21023 N=440705149 n=29 value=10481
record p=20981 q=28163 N=590887903 n=30 value=10490
record p=21011 q=39827 N=836805097 n=30 value=10505
record p=21017 q=21023 N=441840391 n=29 value=10508
record p=21023 q=21089 N=443354047 n=29 value=10511
record p=21059 q=21089 N=444113251 n=29 value=10529
record p=21089 q=21179 N=446643931 n=29 value=10544
record p=21101 q=27803 N=586671103 n=30 value=10550
record p=21107 q=21179 N=447025153 n=29 value=10553
record p=21143 q=21377 N=451973911 n=29 value=10571
record p=21149 q=21383 N=452229067 n=29 value=10574
record p=21179 q=21227 N=449566633 n=29 value=10589
record p=21221 q=26903 N=570908563 n=30 value=10610
record p=21227 q=21317 N=452495959 n=29 value=10613
record p=21269 q=21419 N=455560711 n=29 value=10634
record p=21317 q=21347 N=455053999 n=29 value=10658
record p=21323 q=22343 N=476419789 n=29 value=10661
record p=21347 q=21377 N=456334819 n=29 value=10673
record p=21377 q=21383 N=457104391 n=29 value=10688
record p=21383 q=21419 N=458002477 n=29 value=10691
record p=21401 q=23819 N=509750419 n=29 value=10700
record p=21407 q=22619 N=484204933 n=29 value=10703
record p=21419 q=21467 N=459801673 n=29 value=10709
record p=21467 q=21503 N=461604901 n=29 value=10733
record p=21503 q=21713 N=466894639 n=29 value=10751
record p=21521 q=42767 N=920388607 n=30 value=10760
record p=21557 q=22643 N=488115151 n=29 value=10778
record p=21563 q=21569 N=465092347 n=29 value=10781
record p=21569 q=21587 N=465610003 n=29 value=10784
record p=21587 q=21599 N=466257613 n=29 value=10793
record p=21599 q=21647 N=467553553 n=29 value=10799
record p=21611 q=22109 N=477797599 n=29 value=10805
record p=21617 q=21839 N=472093663 n=29 value=10808
record p=21647 q=21713 N=470021311 n=29 value=10823
record p=21683 q=21713 N=470802979 n=29 value=10841
record p=21713 q=21803 N=473408539 n=29 value=10856
record p=21737 q=22367 N=486191479 n=29 value=10868
record p=21767 q=21773 N=473932891 n=29 value=10883
record p=21773 q=21803 N=474716719 n=29 value=10886
record p=21803 q=21977 N=479164531 n=29 value=10901
record p=21821 q=42467 N=926672407 n=30 value=10910
record p=21839 q=21893 N=478121227 n=29 value=10919
record p=21851 q=26633 N=581957683 n=30 value=10925
record p=21863 q=21893 N=478646659 n=29 value=10931
record p=21881 q=26903 N=588664543 n=30 value=10940
record p=21893 q=22307 N=488367151 n=29 value=10946
record p=21929 q=22259 N=488117611 n=29 value=10964
record p=21977 q=22343 N=491032111 n=29 value=10988
record p=22013 q=22343 N=491836459 n=29 value=11006
record p=22031 q=23789 N=524095459 n=29 value=11015
record p=22037 q=22259 N=490521583 n=29 value=11018
record p=22067 q=22433 N=495029011 n=29 value=11033
record p=22073 q=22307 N=492382411 n=29 value=11036
record p=22079 q=22973 N=507220867 n=29 value=11039
record p=22091 q=25673 N=567142243 n=30 value=11045
record p=22109 q=22259 N=492124231 n=29 value=11054
record p=22133 q=22739 N=503282287 n=29 value=11066
record p=22157 q=22259 N=493192663 n=29 value=11078
record p=22193 q=22259 N=493993987 n=29 value=11096
record p=22229 q=22307 N=495862303 n=29 value=11114
record p=22247 q=22277 N=495596419 n=29 value=11123
record p=22259 q=22277 N=495863743 n=29 value=11129
record p=22271 q=26003 N=579112813 n=30 value=11135
record p=22277 q=22283 N=496398391 n=29 value=11138
record p=22283 q=22409 N=499339747 n=29 value=11141
record p=22307 q=22343 N=498405301 n=29 value=11153
record p=22343 q=22409 N=500684287 n=29 value=11171
record p=22349 q=22367 N=499880083 n=29 value=11174
record p=22367 q=22409 N=501222103 n=29 value=11183
record p=22391 q=40577 N=908559607 n=30 value=11195
record p=22397 q=23159 N=518692123 n=29 value=11198
record p=22409 q=22619 N=506869171 n=29 value=11204
record p=22433 q=22619 N=507412027 n=29 value=11216
record p=22469 q=22619 N=508226311 n=29 value=11234
record p=22481 q=25703 N=577829143 n=30 value=11240
record p=22511 q=22739 N=511877629 n=29 value=11255
record p=22571 q=23099 N=521367529 n=29 value=11285
record p=22613 q=22619 N=511483447 n=29 value=11306
record p=22619 q=22637 N=512026303 n=29 value=11309
record p=22637 q=22643 N=512569591 n=29 value=11318
record p=22643 q=22697 N=513928171 n=29 value=11321
record p=22679 q=22739 N=515697781 n=29 value=11339
record p=22691 q=22943 N=520599613 n=29 value=11345
record p=22697 q=22739 N=516107083 n=29 value=11348
record p=22709 q=23039 N=523192651 n=29 value=11354
record p=22727 q=23099 N=524970973 n=29 value=11363
record p=22739 q=22769 N=517744291 n=29 value=11369
record p=22769 q=22787 N=518837203 n=29 value=11384
record p=22787 q=22817 N=519930979 n=29 value=11393
record p=22811 q=25913 N=591101443 n=30 value=11405
record p=22817 q=23327 N=532252159 n=29 value=11408
record p=22853 q=22943 N=524316379 n=29 value=11426
record p=22859 q=23027 N=526374193 n=29 value=11429
record p=22871 q=40277 N=921175267 n=30 value=11435
record p=22877 q=23159 N=529808443 n=29 value=11438
record p=22901 q=41243 N=944505943 n=30 value=11450
record p=22907 q=23117 N=529541119 n=29 value=11453
record p=22937 q=22943 N=526243591 n=29 value=11468
record p=22943 q=22973 N=527069539 n=29 value=11471
record p=22961 q=42467 N=975084787 n=30 value=11480
record p=22973 q=23027 N=528999271 n=29 value=11486
record p=23003 q=23159 N=532726477 n=29 value=11501
record p=23021 q=23663 N=544745923 n=30 value=11510
record p=23027 q=23117 N=532315159 n=29 value=11513
record p=23039 q=23057 N=531210223 n=29 value=11519
record p=23057 q=23627 N=544767739 n=30 value=11528
record p=23063 q=23117 N=533147371 n=29 value=11531
record p=23087 q=24083 N=556004221 n=30 value=11543
record p=23099 q=23117 N=533979583 n=29 value=11549
record p=23117 q=23159 N=535366603 n=29 value=11558
record p=23159 q=23279 N=539118361 n=30 value=11579
record p=23189 q=23279 N=539816731 n=30 value=11594
record p=23201 q=35027 N=812661427 n=30 value=11600
record p=23279 q=23357 N=543727603 n=30 value=11639
record p=23297 q=23327 N=543449119 n=30 value=11648
record p=23327 q=23333 N=544288891 n=30 value=11663
record p=23333 q=23459 N=547368847 n=30 value=11666
record p=23339 q=23879 N=557311981 n=30 value=11669
record p=23357 q=23399 N=546530443 n=30 value=11678
record p=23369 q=23627 N=552139363 n=30 value=11684
record p=23399 q=23417 N=547934383 n=30 value=11699
record p=23417 q=23459 N=549339403 n=30 value=11708
record p=23447 q=23567 N=552575449 n=30 value=11723
record p=23459 q=23567 N=552858253 n=30 value=11729
record p=23531 q=42083 N=990255073 n=30 value=11765
record p=23537 q=23567 N=554696479 n=30 value=11768
record p=23549 q=23627 N=556392223 n=30 value=11774
record p=23561 q=41387 N=975119107 n=30 value=11780
record p=23567 q=23603 N=556251901 n=30 value=11783
record p=23603 q=23627 N=557668081 n=30 value=11801
record p=23609 q=23663 N=558659767 n=30 value=11804
record p=23627 q=23663 N=559085701 n=30 value=11813
record p=23633 q=23663 N=559227679 n=30 value=11816
record p=23663 q=23669 N=560079547 n=30 value=11831
record p=23669 q=23819 N=563771911 n=30 value=11834
record p=23687 q=23813 N=564058531 n=30 value=11843
record p=23741 q=34667 N=823029247 n=30 value=11870
record p=23747 q=23813 N=565487311 n=30 value=11873
record p=23753 q=23819 N=565772707 n=30 value=11876
record p=23789 q=24023 N=571483147 n=30 value=11894
record p=23813 q=23819 N=567201847 n=30 value=11906
record p=23819 q=23873 N=568630987 n=30 value=11909
record p=23831 q=24623 N=586790713 n=30 value=11915
record p=23873 q=23879 N=570063367 n=30 value=11936
record p=23879 q=23909 N=570923011 n=30 value=11939
record p=23909 q=24083 N=575800447 n=30 value=11954
record p=23957 q=24023 N=575519011 n=30 value=11978
record p=23993 q=24023 N=576383839 n=30 value=11996
record p=24023 q=24029 N=577248667 n=30 value=12011
record p=24029 q=24083 N=578690407 n=30 value=12014
record p=24077 q=24239 N=583602403 n=30 value=12038
record p=24083 q=24107 N=580568881 n=30 value=12041
record p=24107 q=24407 N=588379549 n=30 value=12053
record p=24113 q=24203 N=583606939 n=30 value=12056
record p=24137 q=24359 N=587953183 n=30 value=12068
record p=24179 q=27449 N=663689371 n=30 value=12089
record p=24197 q=24203 N=585639991 n=30 value=12098
record p=24203 q=24239 N=586656517 n=30 value=12101
record p=24239 q=24317 N=589419763 n=30 value=12119
record p=24251 q=39047 N=946928797 n=30 value=12125
record p=24281 q=33647 N=816982807 n=30 value=12140
record p=24317 q=24407 N=593505019 n=30 value=12158
record p=24329 q=24407 N=593797903 n=30 value=12164
record p=24359 q=24419 N=594822421 n=30 value=12179
record p=24371 q=34337 N=836827027 n=30 value=12185
record p=24407 q=24413 N=595848091 n=30 value=12203
record p=24413 q=25307 N=617819791 n=30 value=12206
record p=24419 q=24443 N=596873617 n=30 value=12209
record p=24443 q=24533 N=599660119 n=30 value=12221
record p=24473 q=44027 N=1077472771 n=31 value=12236
record p=24509 q=24527 N=601132243 n=30 value=12254
record p=24527 q=24533 N=601720891 n=30 value=12263
record p=24533 q=24623 N=604076059 n=30 value=12266
record p=24551 q=26693 N=655339843 n=30 value=12275
record p=24593 q=25307 N=622375051 n=30 value=12296
record p=24611 q=43787 N=1077641857 n=31 value=12305
record p=24623 q=24923 N=613679029 n=30 value=12311
record p=24659 q=24677 N=608510143 n=30 value=12329
record p=24671 q=33107 N=816782797 n=30 value=12335
record p=24677 q=25307 N=624500839 n=30 value=12338
record p=24683 q=25997 N=641683951 n=30 value=12341
record p=24749 q=24923 N=616819327 n=30 value=12374
record p=24767 q=27827 N=689191309 n=30 value=12383
record p=24809 q=27527 N=682917343 n=30 value=12404
record p=24917 q=24923 N=621006391 n=30 value=12458
record p=24923 q=24953 N=621903619 n=30 value=12461
record p=24953 q=25307 N=631485571 n=30 value=12476
record p=24977 q=26459 N=660866443 n=30 value=12488
record p=24989 q=25127 N=627898603 n=30 value=12494
record p=25013 q=25667 N=642008671 n=30 value=12506
record p=25031 q=26633 N=666650623 n=30 value=12515
record p=25037 q=25679 N=642925123 n=30 value=12518
record p=25073 q=25247 N=633018031 n=30 value=12536
record p=25097 q=25127 N=630612319 n=30 value=12548
record p=25121 q=40163 N=1008934723 n=30 value=12560
record p=25127 q=25307 N=635888989 n=30 value=12563
record p=25163 q=25343 N=637705909 n=30 value=12581
record p=25169 q=26399 N=664436431 n=30 value=12584
record p=25229 q=31883 N=804376207 n=30 value=12614
record p=25247 q=25307 N=638925829 n=30 value=12623
record p=25253 q=25583 N=646047499 n=30 value=12626
record p=25301 q=39107 N=989446207 n=30 value=12650
record p=25307 q=25343 N=641355301 n=30 value=12653
record p=25343 q=25349 N=642419707 n=30 value=12671
record p=25349 q=25367 N=643028083 n=30 value=12674
record p=25367 q=25469 N=646072123 n=30 value=12683
record p=25373 q=25463 N=646072699 n=30 value=12686
record p=25391 q=32057 N=813959287 n=30 value=12695
record p=25409 q=25439 N=646379551 n=30 value=12704
record p=25439 q=26099 N=663932461 n=30 value=12719
record p=25457 q=25643 N=652793851 n=30 value=12728
record p=25463 q=25469 N=648517147 n=30 value=12731
record p=25469 q=25583 N=651573427 n=30 value=12734
record p=25523 q=25703 N=656017669 n=30 value=12761
record p=25541 q=25643 N=654947863 n=30 value=12770
record p=25577 q=26099 N=667534123 n=30 value=12788
record p=25583 q=25589 N=654643387 n=30 value=12791
record p=25589 q=25643 N=656178727 n=30 value=12794
record p=25643 q=25667 N=658178881 n=30 value=12821
record p=25667 q=25673 N=658948891 n=30 value=12833
record p=25673 q=25679 N=659256967 n=30 value=12836
record p=25679 q=25793 N=662338447 n=30 value=12839
record p=25703 q=25799 N=663111697 n=30 value=12851
record p=25733 q=27239 N=700941187 n=30 value=12866
record p=25763 q=26003 N=669915289 n=30 value=12881
record p=25793 q=25847 N=666671671 n=30 value=12896
record p=25799 q=25847 N=666826753 n=30 value=12899
record p=25841 q=39443 N=1019246563 n=30 value=12920
record p=25847 q=25889 N=669152983 n=30 value=12923
record p=25889 q=25919 N=671016991 n=30 value=12944
record p=25913 q=25919 N=671639047 n=30 value=12956
record p=25919 q=25997 N=673816243 n=30 value=12959
record p=25931 q=38327 N=993857437 n=30 value=12965
record p=25943 q=29753 N=771882079 n=30 value=12971
record p=25997 q=26099 N=678495703 n=30 value=12998
record p=26003 q=26099 N=678652297 n=30 value=13001
record p=26099 q=26177 N=683193523 n=30 value=13049
record p=26141 q=38543 N=1007552563 n=30 value=13070
record p=26153 q=27527 N=719913631 n=30 value=13076
record p=26171 q=35597 N=931609087 n=30 value=13085
record p=26177 q=26339 N=689476003 n=30 value=13088
record p=26183 q=26813 N=702044779 n=30 value=13091
record p=26189 q=26267 N=687906463 n=30 value=13094
record p=26237 q=29207 N=766304059 n=30 value=13118
record p=26249 q=26723 N=701452027 n=30 value=13124
record p=26261 q=37547 N=986021767 n=30 value=13130
record p=26267 q=26393 N=693264931 n=30 value=13133
record p=26297 q=26399 N=694214503 n=30 value=13148
record p=26309 q=26339 N=692952751 n=30 value=13154
record p=26339 q=26459 N=696903601 n=30 value=13169
record p=26357 q=26723 N=704338111 n=30 value=13178
record p=26387 q=26393 N=696432091 n=30 value=13193
record p=26393 q=26459 N=698332387 n=30 value=13196
record p=26399 q=26459 N=698491141 n=30 value=13199
record p=26417 q=26459 N=698967403 n=30 value=13208
record p=26423 q=26513 N=700552999 n=30 value=13211
record p=26459 q=26513 N=701507467 n=30 value=13229
record p=26489 q=29363 N=777796507 n=30 value=13244
record p=26501 q=36083 N=956235583 n=30 value=13250
record p=26513 q=26627 N=705961651 n=30 value=13256
record p=26561 q=37847 N=1005254167 n=30 value=13280
record p=26573 q=29339 N=779625247 n=30 value=13286
record p=26591 q=34157 N=908268787 n=30 value=13295
record p=26597 q=26627 N=708198319 n=30 value=13298
record p=26627 q=26633 N=709156891 n=30 value=13313
record p=26633 q=26723 N=711713659 n=30 value=13316
record p=26669 q=26723 N=712675687 n=30 value=13334
record p=26681 q=48767 N=1301152327 n=31 value=13340
record p=26687 q=26729 N=713316823 n=30 value=13343
record p=26693 q=26723 N=713317039 n=30 value=13346
record p=26699 q=28817 N=769385083 n=30 value=13349
record p=26711 q=34757 N=928394227 n=30 value=13355
record p=26717 q=26879 N=718126243 n=30 value=13358
record p=26723 q=26849 N=717485827 n=30 value=13361
record p=26729 q=27107 N=724543003 n=30 value=13364
record p=26759 q=26927 N=720539593 n=30 value=13379
record p=26777 q=26879 N=719738983 n=30 value=13388
record p=26783 q=29123 N=780001309 n=30 value=13391
record p=26801 q=38543 N=1032990943 n=30 value=13400
record p=26813 q=26879 N=720706627 n=30 value=13406
record p=26849 q=26879 N=721674271 n=30 value=13424
record p=26861 q=38723 N=1040138503 n=30 value=13430
record p=26879 q=26927 N=723770833 n=30 value=13439
record p=26891 q=33827 N=909641857 n=30 value=13445
record p=26903 q=26927 N=724417081 n=30 value=13451
record p=26921 q=30347 N=816971587 n=30 value=13460
record p=26927 q=27059 N=728617693 n=30 value=13463
record p=26981 q=37547 N=1013055607 n=30 value=13490
record p=26987 q=27059 N=730241233 n=30 value=13493
record p=26993 q=28283 N=763443019 n=30 value=13496
record p=27011 q=34157 N=922614727 n=30 value=13505
record p=27017 q=27239 N=735916063 n=30 value=13508
record p=27059 q=27107 N=733488313 n=30 value=13529
record p=27077 q=29879 N=809033683 n=30 value=13538
record p=27107 q=27143 N=735765301 n=30 value=13553
record p=27143 q=27179 N=737719597 n=30 value=13571
record p=27179 q=27239 N=740328781 n=30 value=13589
record p=27191 q=38183 N=1038233953 n=30 value=13595
record p=27197 q=27947 N=760074559 n=30 value=13598
record p=27239 q=27299 N=743597461 n=30 value=13619
record p=27299 q=27407 N=748183693 n=30 value=13649
record p=27329 q=29123 N=795902467 n=30 value=13664
record p=27407 q=27449 N=752294743 n=30 value=13703
record p=27431 q=36833 N=1010366023 n=30 value=13715
record p=27437 q=27767 N=761843179 n=30 value=13718
record p=27449 q=27647 N=758882503 n=30 value=13724
record p=27479 q=27953 N=768120487 n=30 value=13739
record p=27509 q=28163 N=774735967 n=30 value=13754
record p=27527 q=27617 N=760213159 n=30 value=13763
record p=27539 q=29243 N=805322977 n=30 value=13769
record p=27551 q=53897 N=1484916247 n=31 value=13775
record p=27611 q=37223 N=1027764253 n=30 value=13805
record p=27617 q=27647 N=763527199 n=30 value=13808
record p=27647 q=27653 N=764522491 n=30 value=13823
record p=27653 q=27827 N=769500031 n=30 value=13826
record p=27689 q=27767 N=768840463 n=30 value=13844
record p=27701 q=33347 N=923745247 n=30 value=13850
record p=27737 q=27767 N=770173279 n=30 value=13868
record p=27743 q=28409 N=788150887 n=30 value=13871
record p=27749 q=27767 N=770506483 n=30 value=13874
record p=27767 q=27773 N=771172891 n=30 value=13883
record p=27773 q=27827 N=772839271 n=30 value=13886
record p=27779 q=28109 N=780839911 n=30 value=13889
record p=27791 q=39107 N=1086822637 n=31 value=13895
record p=27803 q=27827 N=773674081 n=30 value=13901
record p=27809 q=27827 N=773841043 n=30 value=13904
record p=27827 q=27947 N=777681169 n=30 value=13913
record p=27851 q=33317 N=927911767 n=30 value=13925
record p=27893 q=27947 N=779525671 n=30 value=13946
record p=27917 q=28859 N=805656703 n=30 value=13958
record p=27947 q=27953 N=781202491 n=30 value=13973
record p=27953 q=27983 N=782208799 n=30 value=13976
record p=27983 q=28019 N=784055677 n=30 value=13991
record p=28001 q=50147 N=1404166147 n=31 value=14000
record p=28019 q=28097 N=787249843 n=30 value=14009
record p=28031 q=36137 N=1012956247 n=30 value=14015
record p=28097 q=28163 N=791295811 n=30 value=14048
record p=28109 q=28163 N=791633767 n=30 value=14054
record p=28151 q=33563 N=944832013 n=30 value=14075
record p=28163 q=28229 N=795013327 n=30 value=14081
record p=28181 q=29207 N=823082467 n=30 value=14090
record p=28229 q=28307 N=799078303 n=30 value=14114
record p=28277 q=28283 N=799758391 n=30 value=14138
record p=28283 q=28307 N=800606881 n=30 value=14141
record p=28289 q=28559 N=807905551 n=30 value=14144
record p=28307 q=28319 N=801625933 n=30 value=14153
record p=28319 q=28349 N=802815331 n=30 value=14159
record p=28349 q=28439 N=806217211 n=30 value=14174
record p=28403 q=28559 N=811161277 n=30 value=14201
record p=28409 q=28499 N=809628091 n=30 value=14204
record p=28433 q=28439 N=808606087 n=30 value=14216
record p=28439 q=28493 N=810312427 n=30 value=14219
record p=28463 q=29633 N=843444079 n=30 value=14231
record p=28493 q=28499 N=812022007 n=30 value=14246
record p=28499 q=28517 N=812705983 n=30 value=14249
record p=28517 q=28607 N=815785819 n=30 value=14258
record p=28541 q=28607 N=816472387 n=30 value=14270
record p=28547 q=28817 N=822638899 n=30 value=14273
record p=28559 q=28607 N=816987313 n=30 value=14279
record p=28571 q=32237 N=921043327 n=30 value=14285
record p=28607 q=28643 N=819390301 n=30 value=14303
record p=28619 q=28643 N=819734017 n=30 value=14309
record p=28631 q=47207 N=1351583617 n=31 value=14315
record p=28643 q=28649 N=820593307 n=30 value=14321
record p=28649 q=28703 N=822312247 n=30 value=14324
record p=28661 q=38747 N=1110527767 n=31 value=14330
record p=28697 q=28703 N=823689991 n=30 value=14348
record p=28703 q=28793 N=826445479 n=30 value=14351
record p=28751 q=37337 N=1073476087 n=30 value=14375
record p=28793 q=28859 N=830937187 n=30 value=14396
record p=28817 q=28979 N=835087843 n=30 value=14408
record p=28859 q=28949 N=835439191 n=30 value=14429
record p=28871 q=34367 N=992209657 n=30 value=14435
record p=28901 q=55799 N=1612646899 n=31 value=14450
record p=28949 q=28979 N=838913071 n=30 value=14474
record p=28961 q=50867 N=1473159187 n=31 value=14480
record p=28979 q=29027 N=841173433 n=30 value=14489
record p=29009 q=29867 N=866411803 n=30 value=14504
record p=29021 q=34403 N=998409463 n=30 value=14510
record p=29027 q=29033 N=842740891 n=30 value=14513
record p=29033 q=29483 N=855979939 n=30 value=14516
record p=29063 q=29153 N=847273639 n=30 value=14531
record p=29123 q=29153 N=849022819 n=30 value=14561
record p=29129 q=29243 N=851819347 n=30 value=14564
record p=29147 q=29759 N=867385573 n=30 value=14573
record p=29153 q=29243 N=852521179 n=30 value=14576
record p=29207 q=29297 N=855677479 n=30 value=14603
record p=29231 q=33647 N=983535457 n=30 value=14615
record p=29243 q=29297 N=856732171 n=30 value=14621
record p=29297 q=29339 N=859544683 n=30 value=14648
record p=29303 q=30347 N=889258141 n=30 value=14651
record p=29327 q=29363 N=861128701 n=30 value=14663
record p=29333 q=29339 N=860600887 n=30 value=14666
record p=29339 q=29363 N=861481057 n=30 value=14669
record p=29363 q=29423 N=863947549 n=30 value=14681
record p=29387 q=29759 N=874527733 n=30 value=14693
record p=29399 q=29423 N=865006777 n=30 value=14699
record p=29411 q=35363 N=1040061193 n=30 value=14705
record p=29423 q=29429 N=865889467 n=30 value=14711
record p=29429 q=30803 N=906501487 n=30 value=14714
record p=29453 q=29483 N=868362799 n=30 value=14726
record p=29483 q=29567 N=871723861 n=30 value=14741
record p=29501 q=34667 N=1022711167 n=30 value=14750
record p=29531 q=31547 N=931614457 n=30 value=14765
record p=29537 q=29567 N=873320479 n=30 value=14768
record p=29567 q=29573 N=874384891 n=30 value=14783
record p=29573 q=29663 N=877223899 n=30 value=14786
record p=29633 q=29663 N=879003679 n=30 value=14816
record p=29663 q=29669 N=880071547 n=30 value=14831
record p=29669 q=29759 N=882919771 n=30 value=14834
record p=29717 q=31607 N=939265219 n=30 value=14858
record p=29723 q=31607 N=939454861 n=30 value=14861
record p=29741 q=30467 N=906119047 n=30 value=14870
record p=29753 q=29759 N=885419527 n=30 value=14876
record p=29759 q=29819 N=887383621 n=30 value=14879
record p=29789 q=29879 N=890065531 n=30 value=14894
record p=29819 q=29873 N=890782987 n=30 value=14909
record p=29837 q=29867 N=891141679 n=30 value=14918
record p=29867 q=29873 N=892216891 n=30 value=14933
record p=29873 q=29879 N=892575367 n=30 value=14936
record p=29879 q=29927 N=894188833 n=30 value=14939
record p=29927 q=30089 N=900473503 n=30 value=14963
record p=30011 q=37907 N=1137626977 n=31 value=15005
record p=30029 q=30047 N=902281363 n=30 value=15014
record p=30047 q=30089 N=904084183 n=30 value=15023
record p=30059 q=30809 N=926087731 n=30 value=15029
record p=30089 q=30203 N=908778067 n=30 value=15044
record p=30113 q=30203 N=909502939 n=30 value=15056
record p=30119 q=30323 N=913298437 n=30 value=15059
record p=30137 q=30203 N=910227811 n=30 value=15068
record p=30161 q=47207 N=1423810327 n=31 value=15080
record p=30197 q=30203 N=912039991 n=30 value=15098
record p=30203 q=30293 N=914939479 n=30 value=15101
record p=30269 q=31247 N=945815443 n=30 value=15134
record p=30293 q=30323 N=918574639 n=30 value=15146
record p=30323 q=30347 N=920212081 n=30 value=15161
record p=30341 q=53147 N=1612533127 n=31 value=15170
record p=30347 q=30467 N=924582049 n=30 value=15173
record p=30389 q=30539 N=928049671 n=30 value=15194
record p=30431 q=31847 N=969136057 n=30 value=15215
record p=30449 q=30539 N=929882011 n=30 value=15224
record p=30467 q=30497 N=929152099 n=30 value=15233
record p=30491 q=34253 N=1044408223 n=30 value=15245
record p=30497 q=30539 N=931347883 n=30 value=15248
record p=30509 q=30803 N=939768727 n=30 value=15254
record p=30539 q=30557 N=933180223 n=30 value=15269
record p=30557 q=30803 N=941247271 n=30 value=15278
record p=30593 q=30803 N=942356179 n=30 value=15296
record p=30671 q=30803 N=944758813 n=30 value=15335
record p=30677 q=30803 N=944943631 n=30 value=15338
record p=30689 q=31259 N=959307451 n=30 value=15344
record p=30707 q=31259 N=959870113 n=30 value=15353
record p=30713 q=31079 N=954529327 n=30 value=15356
record p=30773 q=30803 N=947900719 n=30 value=15386
record p=30803 q=30809 N=949009627 n=30 value=15401
record p=30809 q=31079 N=957512911 n=30 value=15404
record p=30839 q=30893 N=952709227 n=30 value=15419
record p=30851 q=33053 N=1019718103 n=30 value=15425
record p=30869 q=30983 N=956414227 n=30 value=15434
record p=30881 q=52919 N=1634191639 n=31 value=15440
record p=30893 q=31079 N=960123547 n=30 value=15446
record p=30911 q=31337 N=968658007 n=30 value=15455
record p=30971 q=31277 N=968679967 n=30 value=15485
record p=30977 q=31259 N=968310043 n=30 value=15488
record p=30983 q=31139 N=964779637 n=30 value=15491
record p=31013 q=31019 N=961992247 n=30 value=15506
record p=31019 q=31307 N=971111833 n=30 value=15509
record p=31079 q=31247 N=971125513 n=30 value=15539
record p=31091 q=31547 N=980827777 n=30 value=15545
record p=31139 q=31223 N=972252997 n=30 value=15569
record p=31151 q=36497 N=1136918047 n=31 value=15575
record p=31181 q=53987 N=1683368647 n=31 value=15590
record p=31193 q=31547 N=984045571 n=30 value=15596
record p=31223 q=31259 N=975999757 n=30 value=15611
record p=31247 q=31337 N=979187239 n=30 value=15623
record p=31253 q=31259 N=976937527 n=30 value=15626
record p=31259 q=31337 N=979563283 n=30 value=15629
record p=31271 q=47717 N=1492158307 n=31 value=15635
record p=31277 q=32507 N=1016721439 n=30 value=15638
record p=31307 q=31319 N=980503933 n=30 value=15653
record p=31319 q=31379 N=982758901 n=30 value=15659
record p=31337 q=31379 N=983323723 n=30 value=15668
record p=31379 q=31397 N=985206463 n=30 value=15689
record p=31391 q=31517 N=989350147 n=30 value=15695
record p=31397 q=31583 N=991611451 n=30 value=15698
record p=31469 q=31547 N=992752543 n=30 value=15734
record p=31481 q=52727 N=1659898687 n=31 value=15740
record p=31511 q=47057 N=1482813127 n=31 value=15755
record p=31517 q=31547 N=994266799 n=30 value=15758
record p=31541 q=46727 N=1473816307 n=31 value=15770
record p=31547 q=31583 N=996348901 n=30 value=15773
record p=31583 q=31607 N=998243881 n=30 value=15791
record p=31601 q=52967 N=1673810167 n=31 value=15800
record p=31607 q=31667 N=1000898869 n=30 value=15803
record p=31643 q=31847 N=1007734621 n=30 value=15821
record p=31649 q=31847 N=1007925703 n=30 value=15824
record p=31667 q=31793 N=1006788931 n=30 value=15833
record p=31727 q=31793 N=1008696511 n=30 value=15863
record p=31751 q=34217 N=1086423967 n=31 value=15875
record p=31769 q=34319 N=1090280311 n=31 value=15884
record p=31793 q=31847 N=1012511671 n=30 value=15896
record p=31799 q=31817 N=1011748783 n=30 value=15899
record p=31817 q=32027 N=1019003059 n=30 value=15908
record p=31847 q=31859 N=1014613573 n=30 value=15923
record p=31859 q=32009 N=1019774731 n=30 value=15929
record p=31883 q=32009 N=1020542947 n=30 value=15941
record p=31907 q=33119 N=1056727933 n=30 value=15953
record p=31973 q=32003 N=1023231919 n=30 value=15986
record p=32003 q=32009 N=1024384027 n=30 value=16001
record p=32009 q=32063 N=1026304567 n=30 value=16004
record p=32027 q=32057 N=1026689539 n=30 value=16013
record p=32051 q=32603 N=1044958753 n=30 value=16025
record p=32057 q=32183 N=1031690431 n=30 value=16028
record p=32063 q=32189 N=1032075907 n=30 value=16031
record p=32069 q=32099 N=1029382831 n=30 value=16034
record p=32099 q=32183 N=1033042117 n=30 value=16049
record p=32117 q=37847 N=1215532099 n=31 value=16058
record p=32159 q=32237 N=1036709683 n=30 value=16079
record p=32183 q=32213 N=1036710979 n=30 value=16091
record p=32189 q=32843 N=1057183327 n=30 value=16094
record p=32213 q=32303 N=1040576539 n=30 value=16106
record p=32237 q=32303 N=1041351811 n=30 value=16118
record p=32261 q=41927 N=1352606947 n=31 value=16130
record p=32297 q=32603 N=1052979091 n=30 value=16148
record p=32303 q=32309 N=1043677627 n=30 value=16151
record p=32309 q=32507 N=1050268663 n=30 value=16154
record p=32321 q=33107 N=1070051347 n=30 value=16160
record p=32327 q=32429 N=1048332283 n=30 value=16163
record p=32363 q=32369 N=1047557947 n=30 value=16181
record p=32369 q=35963 N=1164086347 n=31 value=16184
record p=32381 q=48767 N=1579124227 n=31 value=16190
record p=32423 q=33107 N=1073428261 n=30 value=16211
record p=32429 q=32783 N=1063119907 n=30 value=16214
record p=32507 q=32573 N=1058850511 n=30 value=16253
record p=32531 q=40787 N=1326841897 n=31 value=16265
record p=32537 q=33107 N=1077202459 n=31 value=16268
record p=32561 q=32687 N=1064321407 n=30 value=16280
record p=32573 q=32783 N=1067840659 n=30 value=16286
record p=32579 q=36629 N=1193336191 n=31 value=16289
record p=32603 q=32609 N=1063151227 n=30 value=16301
record p=32609 q=32687 N=1065890383 n=30 value=16304
record p=32621 q=50159 N=1636236739 n=31 value=16310
record p=32633 q=32687 N=1066674871 n=30 value=16316
record p=32687 q=32717 N=1069420579 n=30 value=16343
record p=32693 q=32783 N=1071774619 n=30 value=16346
record p=32717 q=32843 N=1074524431 n=31 value=16358
record p=32771 q=40127 N=1315001917 n=31 value=16385
record p=32783 q=32843 N=1076692069 n=31 value=16391
record p=32789 q=36383 N=1192962187 n=31 value=16394
record p=32801 q=33767 N=1107591367 n=31 value=16400
record p=32831 q=65267 N=2142780877 n=31 value=16415
record p=32843 q=32933 N=1081618519 n=31 value=16421
record p=32909 q=33107 N=1089518263 n=31 value=16454
record p=32933 q=32939 N=1084780087 n=31 value=16466
record p=32939 q=32969 N=1085965891 n=31 value=16469
record p=32957 q=34367 N=1132633219 n=31 value=16478
record p=32969 q=33347 N=1099417243 n=31 value=16484
record p=32987 q=32993 N=1088340091 n=31 value=16493
record p=32993 q=33023 N=1089527839 n=31 value=16496
record p=32999 q=33107 N=1092497893 n=31 value=16499
record p=33023 q=33029 N=1090716667 n=31 value=16511
record p=33029 q=33347 N=1101418063 n=31 value=16514
record p=33053 q=33107 N=1094285671 n=31 value=16526
record p=33071 q=44867 N=1483796557 n=31 value=16535
record p=33083 q=33347 N=1103218801 n=31 value=16541
record p=33107 q=33113 N=1096272091 n=31 value=16553
record p=33113 q=33203 N=1099450939 n=31 value=16556
record p=33119 q=33317 N=1103425723 n=31 value=16559
record p=33149 q=33179 N=1099850671 n=31 value=16574
record p=33179 q=33317 N=1105424743 n=31 value=16589
record p=33191 q=34127 N=1132709257 n=31 value=16595
record p=33203 q=33287 N=1105228261 n=31 value=16601
record p=33287 q=33413 N=1112218531 n=31 value=16643
record p=33311 q=44867 N=1494564637 n=31 value=16655
record p=33317 q=33347 N=1111021999 n=31 value=16658
record p=33329 q=33347 N=1111422163 n=31 value=16664
record p=33347 q=33353 N=1112222491 n=31 value=16673
record p=33353 q=33479 N=1116625087 n=31 value=16676
record p=33359 q=33377 N=1113423343 n=31 value=16679
record p=33377 q=34703 N=1158282031 n=31 value=16688
record p=33413 q=33599 N=1122643387 n=31 value=16706
record p=33461 q=49367 N=1651869187 n=31 value=16730
record p=33479 q=33569 N=1123856551 n=31 value=16739
record p=33503 q=33599 N=1125667297 n=31 value=16751
record p=33521 q=61967 N=2077195807 n=31 value=16760
record p=33533 q=33563 N=1125468079 n=31 value=16766
record p=33563 q=33569 N=1126676347 n=31 value=16781
record p=33569 q=33599 N=1127884831 n=31 value=16784
record p=33581 q=57839 N=1942291459 n=31 value=16790
record p=33587 q=33767 N=1134132229 n=31 value=16793
record p=33599 q=33623 N=1129699177 n=31 value=16799
record p=33617 q=35447 N=1191621799 n=31 value=16808
record p=33623 q=33647 N=1131313081 n=31 value=16811
record p=33629 q=36383 N=1223523907 n=31 value=16814
record p=33641 q=57839 N=1945761799 n=31 value=16820
record p=33647 q=33767 N=1136158249 n=31 value=16823
record p=33713 q=34019 N=1146882547 n=31 value=16856
record p=33749 q=35447 N=1196300803 n=31 value=16874
record p=33767 q=33773 N=1140412891 n=31 value=16883
record p=33773 q=33863 N=1143655099 n=31 value=16886
record p=33791 q=55799 N=1885504009 n=31 value=16895
record p=33797 q=35507 N=1200030079 n=31 value=16898
record p=33809 q=33863 N=1144874167 n=31 value=16904
record p=33827 q=33893 N=1146498511 n=31 value=16913
record p=33851 q=39047 N=1321779997 n=31 value=16925
record p=33857 q=33863 N=1146499591 n=31 value=16928
record p=33863 q=33893 N=1147718659 n=31 value=16931
record p=33893 q=34019 N=1153005967 n=31 value=16946
record p=33911 q=48539 N=1646006029 n=31 value=16955
record p=33923 q=35279 N=1196769517 n=31 value=16961
record p=33941 q=47207 N=1602252787 n=31 value=16970
record p=34019 q=34157 N=1161986983 n=31 value=17009
record p=34031 q=53309 N=1814158579 n=31 value=17015
record p=34061 q=64019 N=2180551159 n=32 value=17030
record p=34127 q=34157 N=1165675939 n=31 value=17063
record p=34157 q=34319 N=1172234083 n=31 value=17078
record p=34211 q=47297 N=1618077667 n=31 value=17105
record p=34217 q=35027 N=1198518859 n=31 value=17108
record p=34253 q=34283 N=1174295599 n=31 value=17126
record p=34259 q=35129 N=1203484411 n=31 value=17129
record p=34283 q=34337 N=1177175371 n=31 value=17141
record p=34313 q=34319 N=1177587847 n=31 value=17156
record p=34319 q=34337 N=1178411503 n=31 value=17159
record p=34337 q=34403 N=1181295811 n=31 value=17168
record p=34361 q=37847 N=1300460767 n=31 value=17180
record p=34367 q=34403 N=1182327901 n=31 value=17183
record p=34403 q=34439 N=1184804917 n=31 value=17201
record p=34421 q=47819 N=1645977799 n=31 value=17210
record p=34439 q=34499 N=1188111061 n=31 value=17219
record p=34457 q=34583 N=1191626431 n=31 value=17228
record p=34469 q=34583 N=1192041427 n=31 value=17234
record p=34487 q=34583 N=1192663921 n=31 value=17243
record p=34499 q=34583 N=1193078917 n=31 value=17249
record p=34583 q=34589 N=1196191387 n=31 value=17291
record p=34589 q=34667 N=1199096863 n=31 value=17294
record p=34607 q=34913 N=1208234191 n=31 value=17303
record p=34613 q=34703 N=1201174939 n=31 value=17306
record p=34631 q=52379 N=1813937149 n=31 value=17315
record p=34649 q=34667 N=1201176883 n=31 value=17324
record p=34667 q=34703 N=1203048901 n=31 value=17333
record p=34673 q=35159 N=1219068007 n=31 value=17336
record p=34679 q=34949 N=1211996371 n=31 value=17339
record p=34703 q=34739 N=1205547517 n=31 value=17351
record p=34739 q=34763 N=1207631857 n=31 value=17369
record p=34757 q=34883 N=1212428431 n=31 value=17378
record p=34763 q=35117 N=1220772271 n=31 value=17381
record p=34781 q=57899 N=2013785119 n=31 value=17390
record p=34841 q=53819 N=1875107779 n=31 value=17420
record p=34847 q=35117 N=1223722099 n=31 value=17423
record p=34877 q=34883 N=1216614391 n=31 value=17438
record p=34883 q=34913 N=1217870179 n=31 value=17441
record p=34913 q=35027 N=1222897651 n=31 value=17456
record p=34919 q=36599 N=1278000481 n=31 value=17459
record p=34949 q=35159 N=1228771891 n=31 value=17474
record p=35027 q=35153 N=1231304131 n=31 value=17513
record p=35051 q=36587 N=1282410937 n=31 value=17525
record p=35069 q=35363 N=1240145047 n=31 value=17534
record p=35081 q=37547 N=1317186307 n=31 value=17540
record p=35099 q=35159 N=1234045741 n=31 value=17549
record p=35111 q=37217 N=1306726087 n=31 value=17555
record p=35117 q=35159 N=1234678603 n=31 value=17558
record p=35129 q=35159 N=1235100511 n=31 value=17564
record p=35153 q=35279 N=1240162687 n=31 value=17576
record p=35159 q=35327 N=1242061993 n=31 value=17579
record p=35171 q=37517 N=1319510407 n=31 value=17585
record p=35201 q=41927 N=1475872327 n=31 value=17600
record p=35267 q=35999 N=1269576733 n=31 value=17633
record p=35279 q=35339 N=1246724581 n=31 value=17639
record p=35291 q=45317 N=1599282247 n=31 value=17645
record p=35327 q=35363 N=1249268701 n=31 value=17663
record p=35339 q=35363 N=1249693057 n=31 value=17669
record p=35363 q=35423 N=1252663549 n=31 value=17681
record p=35381 q=46679 N=1651549699 n=31 value=17690
record p=35393 q=36467 N=1290676531 n=31 value=17696
record p=35423 q=35447 N=1255639081 n=31 value=17711
record p=35447 q=35747 N=1267123909 n=31 value=17723
record p=35507 q=35543 N=1262025301 n=31 value=17753
record p=35537 q=35747 N=1270341139 n=31 value=17768
record p=35543 q=35573 N=1264371139 n=31 value=17771
record p=35573 q=35759 N=1272054907 n=31 value=17786
record p=35591 q=36677 N=1305371107 n=31 value=17795
record p=35597 q=36263 N=1290854011 n=31 value=17798
record p=35603 q=35879 N=1277400037 n=31 value=17801
record p=35729 q=37139 N=1326939331 n=31 value=17864
record p=35747 q=35753 N=1278062491 n=31 value=17873
record p=35753 q=35879 N=1282781887 n=31 value=17876
record p=35759 q=35879 N=1282997161 n=31 value=17879
record p=35801 q=68507 N=2452619107 n=32 value=17900
record p=35831 q=40277 N=1443165187 n=31 value=17915
record p=35837 q=35999 N=1290096163 n=31 value=17918
record p=35879 q=35963 N=1290316477 n=31 value=17939
record p=35897 q=36467 N=1309055899 n=31 value=17948
record p=35933 q=35963 N=1292258479 n=31 value=17966
record p=35951 q=37277 N=1340145427 n=31 value=17975
record p=35963 q=35969 N=1293553147 n=31 value=17981
record p=35969 q=35999 N=1294848031 n=31 value=17984
record p=35993 q=35999 N=1295712007 n=31 value=17996
record p=35999 q=36083 N=1298951917 n=31 value=17999
record p=36011 q=37277 N=1342382047 n=31 value=18005
record p=36017 q=36083 N=1299601411 n=31 value=18008
record p=36083 q=36137 N=1303931371 n=31 value=18041
record p=36107 q=36713 N=1325596291 n=31 value=18053
record p=36131 q=36527 N=1319757037 n=31 value=18065
record p=36137 q=36263 N=1310436031 n=31 value=18068
record p=36161 q=40127 N=1451032447 n=31 value=18080
record p=36209 q=36383 N=1317392047 n=31 value=18104
record p=36251 q=38867 N=1408967617 n=31 value=18125
record p=36263 q=36269 N=1315222747 n=31 value=18131
record p=36269 q=36299 N=1316528431 n=31 value=18134
record p=36293 q=36299 N=1317399607 n=31 value=18146
record p=36299 q=36353 N=1319577547 n=31 value=18149
record p=36341 q=57347 N=2084047327 n=31 value=18170
record p=36353 q=36383 N=1322631199 n=31 value=18176
record p=36383 q=36389 N=1323940987 n=31 value=18191
record p=36389 q=36767 N=1337914363 n=31 value=18194
record p=36467 q=36473 N=1330060891 n=31 value=18233
record p=36473 q=36563 N=1333562299 n=31 value=18236
record p=36479 q=38639 N=1409512081 n=31 value=18239
record p=36497 q=36563 N=1334439811 n=31 value=18248
record p=36527 q=37547 N=1371479269 n=31 value=18263
record p=36551 q=51419 N=1879415869 n=31 value=18275
record p=36563 q=36599 N=1338169237 n=31 value=18281
record p=36587 q=36629 N=1340145223 n=31 value=18293
record p=36599 q=36629 N=1340584771 n=31 value=18299
record p=36629 q=36683 N=1343661607 n=31 value=18314
record p=36653 q=44027 N=1613721631 n=31 value=18326
record p=36671 q=52919 N=1940592649 n=31 value=18335
record p=36677 q=36683 N=1345422391 n=31 value=18338
record p=36683 q=36749 N=1348063567 n=31 value=18341
record p=36713 q=37463 N=1375379119 n=31 value=18356
record p=36749 q=36767 N=1351150483 n=31 value=18374
record p=36761 q=36767 N=1351591687 n=31 value=18380
record p=36767 q=36887 N=1356224329 n=31 value=18383
record p=36779 q=36833 N=1354680907 n=31 value=18389
record p=36791 q=70709 N=2601454819 n=32 value=18395
record p=36809 q=36887 N=1357773583 n=31 value=18404
record p=36833 q=36887 N=1358658871 n=31 value=18416
record p=36857 q=36923 N=1360871011 n=31 value=18428
record p=36887 q=36899 N=1361093413 n=31 value=18443
record p=36899 q=36923 N=1362421777 n=31 value=18449
record p=36923 q=36929 N=1363529467 n=31 value=18461
record p=36929 q=37019 N=1367074651 n=31 value=18464
record p=36947 q=37307 N=1378381729 n=31 value=18473
record p=37013 q=37139 N=1374625807 n=31 value=18506
record p=37019 q=37097 N=1373293843 n=31 value=18509
record p=37049 q=38219 N=1415975731 n=31 value=18524
record p=37097 q=37139 N=1377745483 n=31 value=18548
record p=37139 q=37277 N=1384430503 n=31 value=18569
record p=37199 q=37853 N=1408093747 n=31 value=18599
record p=37217 q=37223 N=1385328391 n=31 value=18608
record p=37223 q=37253 N=1386668419 n=31 value=18611
record p=37253 q=37463 N=1395609139 n=31 value=18626
record p=37277 q=37307 N=1390693039 n=31 value=18638
record p=37307 q=37607 N=1403004349 n=31 value=18653
record p=37313 q=38327 N=1430095351 n=31 value=18656
record p=37337 q=38327 N=1431015199 n=31 value=18668
record p=37361 q=37607 N=1405035127 n=31 value=18680
record p=37379 q=37889 N=1416252931 n=31 value=18689
record p=37397 q=37463 N=1401003811 n=31 value=18698
record p=37409 q=40127 N=1501110943 n=31 value=18704
record p=37463 q=37493 N=1404600259 n=31 value=18731
record p=37493 q=45503 N=1706043979 n=31 value=18746
record p=37511 q=42437 N=1591854307 n=31 value=18755
record p=37517 q=37547 N=1408650799 n=31 value=18758
record p=37529 q=37547 N=1409101363 n=31 value=18764
record p=37547 q=37589 N=1411354183 n=31 value=18773
record p=37589 q=37607 N=1413609523 n=31 value=18794
record p=37607 q=37643 N=1415640301 n=31 value=18803
record p=37619 q=39749 N=1495317631 n=31 value=18809
record p=37643 q=38453 N=1447486279 n=31 value=18821
record p=37649 q=37799 N=1423094551 n=31 value=18824
record p=37691 q=42839 N=1614644749 n=31 value=18845
record p=37799 q=37853 N=1430805547 n=31 value=18899
record p=37811 q=54767 N=2070795037 n=31 value=18905
record p=37847 q=37853 N=1432622491 n=31 value=18923
record p=37853 q=38219 N=1446703807 n=31 value=18926
record p=37889 q=37907 N=1436258323 n=31 value=18944
record p=37907 q=38069 N=1443081583 n=31 value=18953
record p=37967 q=38069 N=1445365723 n=31 value=18983
record p=37991 q=68639 N=2607664249 n=32 value=18995
record p=37997 q=38639 N=1468166083 n=31 value=18998
record p=38069 q=38219 N=1454959111 n=31 value=19034
record p=38153 q=38219 N=1458169507 n=31 value=19076
record p=38177 q=38219 N=1459086763 n=31 value=19088
record p=38183 q=38453 N=1468250899 n=31 value=19091
record p=38189 q=38219 N=1459545391 n=31 value=19094
record p=38201 q=44027 N=1681875427 n=31 value=19100
record p=38219 q=38327 N=1464819613 n=31 value=19109
record p=38231 q=43019 N=1644659389 n=31 value=19115
record p=38237 q=38723 N=1480651351 n=31 value=19118
record p=38261 q=67979 N=2600944519 n=32 value=19130
record p=38273 q=38747 N=1482963931 n=31 value=19136
record p=38303 q=38543 N=1476312529 n=31 value=19151
record p=38321 q=44207 N=1694056447 n=31 value=19160
record p=38327 q=38393 N=1471488511 n=31 value=19163
record p=38333 q=42767 N=1639387411 n=31 value=19166
record p=38351 q=52727 N=2022133177 n=31 value=19175
record p=38393 q=38567 N=1480702831 n=31 value=19196
record p=38447 q=38453 N=1478402491 n=31 value=19223
record p=38453 q=38603 N=1484401159 n=31 value=19226
record p=38459 q=40127 N=1543244293 n=31 value=19229
record p=38543 q=40289 N=1552858927 n=31 value=19271
record p=38561 q=56999 N=2197938439 n=32 value=19280
record p=38567 q=38603 N=1488801901 n=31 value=19283
record p=38603 q=38639 N=1491581317 n=31 value=19301
record p=38609 q=38639 N=1491813151 n=31 value=19304
record p=38639 q=38729 N=1496449831 n=31 value=19319
record p=38651 q=52919 N=2045372269 n=31 value=19325
record p=38669 q=39119 N=1512692611 n=31 value=19334
record p=38693 q=38783 N=1500630619 n=31 value=19346
record p=38699 q=39023 N=1510151077 n=31 value=19349
record p=38723 q=38747 N=1500400081 n=31 value=19361
record p=38729 q=38747 N=1500632563 n=31 value=19364
record p=38747 q=38783 N=1502724901 n=31 value=19373
record p=38783 q=38867 N=1507378861 n=31 value=19391
record p=38861 q=43067 N=1673626687 n=31 value=19430
record p=38867 q=38903 N=1512042901 n=31 value=19433
record p=38873 q=38903 N=1512276319 n=31 value=19436
record p=38891 q=42089 N=1636883299 n=31 value=19445
record p=38903 q=38993 N=1516944679 n=31 value=19451
record p=38921 q=58427 N=2274037267 n=32 value=19460
record p=38933 q=39023 N=1519282459 n=31 value=19466
record p=38993 q=39023 N=1521623839 n=31 value=19496
record p=39023 q=39107 N=1526072461 n=31 value=19511
record p=39041 q=68639 N=2679735199 n=32 value=19520
record p=39047 q=40487 N=1580895889 n=31 value=19523
record p=39089 q=39983 N=1562895487 n=31 value=19544
record p=39107 q=39113 N=1529592091 n=31 value=19553
record p=39113 q=39119 N=1530061447 n=31 value=19556
record p=39119 q=39233 N=1534755727 n=31 value=19559
record p=39161 q=47339 N=1853842579 n=31 value=19580
record p=39191 q=41177 N=1613767807 n=31 value=19595
record p=39209 q=40823 N=1600629007 n=31 value=19604
record p=39227 q=39869 N=1563941263 n=31 value=19613
record p=39233 q=39239 N=1539463687 n=31 value=19616
record p=39239 q=39317 N=1542759763 n=31 value=19619
record p=39251 q=44027 N=1728103777 n=31 value=19625
record p=39293 q=40127 N=1576710211 n=31 value=19646
record p=39317 q=39323 N=1546062391 n=31 value=19658
record p=39323 q=39419 N=1550073337 n=31 value=19661
record p=39359 q=39857 N=1568731663 n=31 value=19679
record p=39371 q=41927 N=1650707917 n=31 value=19685
record p=39383 q=39827 N=1568506741 n=31 value=19691
record p=39419 q=39503 N=1557168757 n=31 value=19709
record p=39443 q=39503 N=1558116829 n=31 value=19721
record p=39461 q=41927 N=1654481347 n=31 value=19730
record p=39503 q=39563 N=1562857189 n=31 value=19751
record p=39509 q=40583 N=1603393747 n=31 value=19754
record p=39521 q=51047 N=2017428487 n=31 value=19760
record p=39551 q=41597 N=1645202947 n=31 value=19775
record p=39563 q=39569 N=1565468347 n=31 value=19781
record p=39569 q=39659 N=1569266971 n=31 value=19784
record p=39581 q=51659 N=2044714879 n=31 value=19790
record p=39623 q=39857 N=1579253911 n=31 value=19811
record p=39659 q=39719 N=1575215821 n=31 value=19829
record p=39671 q=40277 N=1597828867 n=31 value=19835
record p=39719 q=40583 N=1611916177 n=31 value=19859
record p=39749 q=39839 N=1583560411 n=31 value=19874
record p=39779 q=39827 N=1584278233 n=31 value=19889
record p=39791 q=53939 N=2146286749 n=31 value=19895
record p=39821 q=40499 N=1612710679 n=31 value=19910
record p=39827 q=39839 N=1586667853 n=31 value=19913
record p=39839 q=39863 N=1588102057 n=31 value=19919
record p=39857 q=40163 N=1600776691 n=31 value=19928
record p=39863 q=40037 N=1595994931 n=31 value=19931
record p=39869 q=39983 N=1594082227 n=31 value=19934
record p=39887 q=42227 N=1684308349 n=31 value=19943
record p=39929 q=51419 N=2053109251 n=31 value=19964
record p=39953 q=39983 N=1597440799 n=31 value=19976
record p=39983 q=39989 N=1598880187 n=31 value=19991
record p=39989 q=40283 N=1610876887 n=31 value=19994
record p=40013 q=41927 N=1677625051 n=31 value=20006
record p=40031 q=42017 N=1681982527 n=31 value=20015
record p=40037 q=40127 N=1606564699 n=31 value=20018
record p=40127 q=40169 N=1611861463 n=31 value=20063
record p=40151 q=54779 N=2199431629 n=32 value=20075
record p=40163 q=40169 N=1613307547 n=31 value=20081
record p=40169 q=40487 N=1626322303 n=31 value=20084
record p=40193 q=40283 N=1619094619 n=31 value=20096
record p=40241 q=71879 N=2892482839 n=32 value=20120
record p=40253 q=40487 N=1629723211 n=31 value=20126
record p=40277 q=40343 N=1624895011 n=31 value=20138
record p=40283 q=40343 N=1625137069 n=31 value=20141
record p=40289 q=40487 N=1631180743 n=31 value=20144
record p=40343 q=40493 N=1633609099 n=31 value=20171
record p=40361 q=41519 N=1675748359 n=31 value=20180
record p=40427 q=40493 N=1637010511 n=31 value=20213
record p=40433 q=40883 N=1653022339 n=31 value=20216
record p=40487 q=40493 N=1639440091 n=31 value=20243
record p=40493 q=40499 N=1639926007 n=31 value=20246
record p=40499 q=40577 N=1643327923 n=31 value=20249
record p=40529 q=41579 N=1685155291 n=31 value=20264
record p=40559 q=41759 N=1693703281 n=31 value=20279
record p=40577 q=40583 N=1646736391 n=31 value=20288
record p=40583 q=40637 N=1649171371 n=31 value=20291
record p=40637 q=40739 N=1655510743 n=31 value=20318
record p=40697 q=40739 N=1657955083 n=31 value=20348
record p=40709 q=40739 N=1658443951 n=31 value=20354
record p=40739 q=40763 N=1660643857 n=31 value=20369
record p=40751 q=50957 N=2076548707 n=31 value=20375
record p=40763 q=40787 N=1662600481 n=31 value=20381
record p=40787 q=40823 N=1665047701 n=31 value=20393
record p=40823 q=40829 N=1666762267 n=31 value=20411
record p=40829 q=41543 N=1696159147 n=31 value=20414
record p=40841 q=49499 N=2021588659 n=31 value=20420
record p=40847 q=41387 N=1690534789 n=31 value=20423
record p=40853 q=42767 N=1747160251 n=31 value=20426
record p=40883 q=40949 N=1674117967 n=31 value=20441
record p=40949 q=41183 N=1686402667 n=31 value=20474
record p=40961 q=49139 N=2012782579 n=31 value=20480
record p=40973 q=41183 N=1687391059 n=31 value=20486
record p=41039 q=41519 N=1703898241 n=31 value=20519
record p=41051 q=51047 N=2095530397 n=31 value=20525
record p=41057 q=41183 N=1690850431 n=31 value=20528
record p=41081 q=48239 N=1981706359 n=31 value=20540
record p=41117 q=41183 N=1693321411 n=31 value=20558
record p=41177 q=41243 N=1698263011 n=31 value=20588
record p=41183 q=41213 N=1697274979 n=31 value=20591
record p=41189 q=43103 N=1775369467 n=31 value=20594
record p=41201 q=48239 N=1987495039 n=31 value=20600
record p=41213 q=41387 N=1705682431 n=31 value=20606
record p=41243 q=41543 N=1713357949 n=31 value=20621
record p=41333 q=41387 N=1710648871 n=31 value=20666
record p=41351 q=45569 N=1884323719 n=31 value=20675
record p=41357 q=43943 N=1817350651 n=31 value=20678
record p=41381 q=47339 N=1958935159 n=31 value=20690
record p=41387 q=41399 N=1713380413 n=31 value=20693
record p=41399 q=41849 N=1732506751 n=31 value=20699
record p=41411 q=45779 N=1895754169 n=31 value=20705
record p=41453 q=41507 N=1720589671 n=31 value=20726
record p=41507 q=41513 N=1723080091 n=31 value=20753
record p=41513 q=41519 N=1723578247 n=31 value=20756
record p=41519 q=41543 N=1724823817 n=31 value=20759
record p=41543 q=41579 N=1727316397 n=31 value=20771
record p=41549 q=42023 N=1746013627 n=31 value=20774
record p=41579 q=41597 N=1729561663 n=31 value=20789
record p=41597 q=41759 N=1737049123 n=31 value=20798
record p=41603 q=41897 N=1743040891 n=31 value=20801
record p=41609 q=42683 N=1775996947 n=31 value=20804
record p=41621 q=54647 N=2274462787 n=32 value=20810
record p=41627 q=41759 N=1738301893 n=31 value=20813
record p=41651 q=49727 N=2071179277 n=31 value=20825
record p=41669 q=41927 N=1747056163 n=31 value=20834
record p=41681 q=63299 N=2638365619 n=32 value=20840
record p=41687 q=41813 N=1743058531 n=31 value=20843
record p=41729 q=41759 N=1742561311 n=31 value=20864
record p=41759 q=41813 N=1746069067 n=31 value=20879
record p=41771 q=46199 N=1929778429 n=31 value=20885
record p=41777 q=42767 N=1786676959 n=31 value=20888
record p=41813 q=41843 N=1749581359 n=31 value=20906
record p=41843 q=41849 N=1751087707 n=31 value=20921
record p=41849 q=41879 N=1752594271 n=31 value=20924
record p=41879 q=41897 N=1754604463 n=31 value=20939
record p=41897 q=41927 N=1756615519 n=31 value=20948
record p=41903 q=42227 N=1769437981 n=31 value=20951
record p=41927 q=41969 N=1759634263 n=31 value=20963
record p=41957 q=42083 N=1765676431 n=31 value=20978
record p=41969 q=41999 N=1762656031 n=31 value=20984
record p=41981 q=78179 N=3282032599 n=32 value=20990
record p=41999 q=42443 N=1782563557 n=31 value=20999
record p=42017 q=43403 N=1823663851 n=31 value=21008
record p=42023 q=42083 N=1768453909 n=31 value=21011
record p=42071 q=51047 N=2147598337 n=32 value=21035
record p=42083 q=42089 N=1771231387 n=31 value=21041
record p=42089 q=42179 N=1775271931 n=31 value=21044
record p=42101 q=44579 N=1876820479 n=31 value=21050
record p=42131 q=49277 N=2076089287 n=31 value=21065
record p=42179 q=42209 N=1780333411 n=31 value=21089
record p=42197 q=46919 N=1979841043 n=31 value=21098
record p=42209 q=42227 N=1782359443 n=31 value=21104
record p=42221 q=44699 N=1887236479 n=31 value=21110
record p=42227 q=42293 N=1785906511 n=31 value=21113
record p=42239 q=44789 N=1891842571 n=31 value=21119
record p=42257 q=42683 N=1803655531 n=31 value=21128
record p=42293 q=42299 N=1788951607 n=31 value=21146
record p=42299 q=42359 N=1791743341 n=31 value=21149
record p=42323 q=47093 N=1993117039 n=31 value=21161
record p=42359 q=42437 N=1797588883 n=31 value=21179
record p=42407 q=45197 N=1916669179 n=31 value=21203
record p=42437 q=42443 N=1801153591 n=31 value=21218
record p=42443 q=42473 N=1802681539 n=31 value=21221
record p=42467 q=42677 N=1812364159 n=31 value=21233
record p=42473 q=42683 N=1812875059 n=31 value=21236
record p=42509 q=42683 N=1814411647 n=31 value=21254
record p=42533 q=47639 N=2026229587 n=31 value=21266
record p=42557 q=42683 N=1816460431 n=31 value=21278
record p=42569 q=42683 N=1816972627 n=31 value=21284
record p=42611 q=62417 N=2659650787 n=32 value=21305
record p=42641 q=48407 N=2064122887 n=31 value=21320
record p=42677 q=42683 N=1821582391 n=31 value=21338
record p=42683 q=42737 N=1824143371 n=31 value=21341
record p=42689 q=43403 N=1852830667 n=31 value=21344
record p=42701 q=61967 N=2646052867 n=32 value=21350
record p=42719 q=43019 N=1837728661 n=31 value=21359
record p=42737 q=42767 N=1827733279 n=31 value=21368
record p=42743 q=43607 N=1863894001 n=31 value=21371
record p=42767 q=42773 N=1829272891 n=31 value=21383
record p=42773 q=43787 N=1872901351 n=31 value=21386
record p=42797 q=43787 N=1873952239 n=31 value=21398
record p=42821 q=43019 N=1842116599 n=31 value=21410
record p=42839 q=42899 N=1837750261 n=31 value=21419
record p=42863 q=43067 N=1845980821 n=31 value=21431
record p=42899 q=42929 N=1841611171 n=31 value=21449
record p=42923 q=43013 N=1846246999 n=31 value=21461
record p=42929 q=43067 N=1848823243 n=31 value=21464
record p=42953 q=61703 N=2650328959 n=32 value=21476
record p=42989 q=43103 N=1852954867 n=31 value=21494
record p=43013 q=43019 N=1850376247 n=31 value=21506
record p=43019 q=43049 N=1851924931 n=31 value=21509
record p=43037 q=46679 N=2008924123 n=31 value=21518
record p=43049 q=43223 N=1860706927 n=31 value=21524
record p=43067 q=43133 N=1857608911 n=31 value=21533
record p=43103 q=43133 N=1859161699 n=31 value=21551
record p=43133 q=43223 N=1864337659 n=31 value=21566
record p=43151 q=44909 N=1937868259 n=31 value=21575
record p=43223 q=43313 N=1872117799 n=31 value=21611
record p=43271 q=45569 N=1971816199 n=31 value=21635
record p=43283 q=43613 N=1887701479 n=31 value=21641
record p=43313 q=43403 N=1879914139 n=31 value=21656
record p=43319 q=43403 N=1880174557 n=31 value=21659
record p=43331 q=48017 N=2080624627 n=31 value=21665
record p=43391 q=55457 N=2406334687 n=32 value=21695
record p=43397 q=43403 N=1883559991 n=31 value=21698
record p=43403 q=43427 N=1884862081 n=31 value=21701
record p=43427 q=43457 N=1887207139 n=31 value=21713
record p=43457 q=45503 N=1977423871 n=31 value=21728
record p=43481 q=46559 N=2024431879 n=31 value=21740
record p=43487 q=43613 N=1896598531 n=31 value=21743
record p=43499 q=44687 N=1943839813 n=31 value=21749
record p=43517 q=44027 N=1915922959 n=31 value=21758
record p=43577 q=43943 N=1914904111 n=31 value=21788
record p=43607 q=43613 N=1901832091 n=31 value=21803
record p=43613 q=43787 N=1909682431 n=31 value=21806
record p=43649 q=47639 N=2079394711 n=31 value=21824
record p=43661 q=51827 N=2262818647 n=32 value=21830
record p=43691 q=75869 N=3314792479 n=32 value=21845
record p=43721 q=49307 N=2155751347 n=32 value=21860
record p=43787 q=43853 N=1920191311 n=31 value=21893
record p=43793 q=44267 N=1938584731 n=31 value=21896
record p=43853 q=43943 N=1927032379 n=31 value=21926
record p=43889 q=43943 N=1928614327 n=31 value=21944
record p=43913 q=44159 N=1939154167 n=31 value=21956
record p=43943 q=43997 N=1933360171 n=31 value=21971
record p=43973 q=44027 N=1935999271 n=31 value=21986
record p=43991 q=54917 N=2415853747 n=32 value=21995
record p=43997 q=44267 N=1947615199 n=31 value=21998
record p=44027 q=44159 N=1944188293 n=31 value=22013
record p=44087 q=45077 N=1987309699 n=31 value=22043
record p=44123 q=44189 N=1949751247 n=31 value=22061
record p=44129 q=45587 N=2011708723 n=31 value=22064
record p=44159 q=44189 N=1951342051 n=31 value=22079
record p=44171 q=85847 N=3791947837 n=32 value=22085
record p=44189 q=44267 N=1956114463 n=31 value=22094
record p=44201 q=72959 N=3224860759 n=32 value=22100
record p=44207 q=44267 N=1956911269 n=31 value=22103
record p=44249 q=44267 N=1958770483 n=31 value=22124
record p=44267 q=44273 N=1959832891 n=31 value=22133
record p=44273 q=44519 N=1970989687 n=31 value=22136
record p=44279 q=44417 N=1966740343 n=31 value=22139
record p=44351 q=45569 N=2021030719 n=31 value=22175
record p=44357 q=44543 N=1975793851 n=31 value=22178
record p=44417 q=44519 N=1977400423 n=31 value=22208
record p=44453 q=44483 N=1977402799 n=31 value=22226
record p=44483 q=44519 N=1980338677 n=31 value=22241
record p=44501 q=53927 N=2399805427 n=32 value=22250
record p=44507 q=45533 N=2026537231 n=31 value=22253
record p=44519 q=44543 N=1983009817 n=31 value=22259
record p=44531 q=47297 N=2106182707 n=31 value=22265
record p=44537 q=44543 N=1983811591 n=31 value=22268
record p=44543 q=44579 N=1985682397 n=31 value=22271
record p=44549 q=45863 N=2043150787 n=31 value=22274
record p=44579 q=44657 N=1990764403 n=31 value=22289
record p=44621 q=55547 N=2478562687 n=32 value=22310
record p=44633 q=44819 N=2000406427 n=31 value=22316
record p=44651 q=48989 N=2187407839 n=32 value=22325
record p=44657 q=44687 N=1995587359 n=31 value=22328
record p=44687 q=44699 N=1997464213 n=31 value=22343
record p=44699 q=44729 N=1999341571 n=31 value=22349
record p=44711 q=48407 N=2164325377 n=32 value=22355
record p=44729 q=44819 N=2004709051 n=31 value=22364
record p=44741 q=44939 N=2010615799 n=31 value=22370
record p=44753 q=44819 N=2005784707 n=31 value=22376
record p=44771 q=53777 N=2407650067 n=32 value=22385
record p=44777 q=44819 N=2006860363 n=31 value=22388
record p=44789 q=44819 N=2007398191 n=31 value=22394
record p=44819 q=44867 N=2010894073 n=31 value=22409
record p=44843 q=45737 N=2050984291 n=31 value=22421
record p=44867 q=44909 N=2014932103 n=31 value=22433
record p=44879 q=44963 N=2017894477 n=31 value=22439
record p=44909 q=44939 N=2018165551 n=31 value=22454
record p=44927 q=45083 N=2025443941 n=31 value=22463
record p=44939 q=44963 N=2020592257 n=31 value=22469
record p=44963 q=44987 N=2022750481 n=31 value=22481
record p=44987 q=45077 N=2027878999 n=31 value=22493
record p=45053 q=47963 N=2160877039 n=32 value=22526
record p=45077 q=45083 N=2032206391 n=31 value=22538
record p=45083 q=45119 N=2034099877 n=31 value=22541
record p=45119 q=45179 N=2038431301 n=31 value=22559
record p=45131 q=46889 N=2116147459 n=31 value=22565
record p=45137 q=47507 N=2144323459 n=31 value=22568
record p=45161 q=87323 N=3943594003 n=32 value=22580
record p=45179 q=45863 N=2072044477 n=31 value=22589
record p=45191 q=45707 N=2065545037 n=31 value=22595
record p=45197 q=45503 N=2056599091 n=31 value=22598
record p=45233 q=45503 N=2058237199 n=31 value=22616
record p=45263 q=52253 N=2365127539 n=32 value=22631
record p=45281 q=49139 N=2225063059 n=32 value=22640
record p=45293 q=45707 N=2070207151 n=31 value=22646
record p=45317 q=45503 N=2062059451 n=31 value=22658
record p=45329 q=45503 N=2062605487 n=31 value=22664
record p=45341 q=52127 N=2363490307 n=32 value=22670
record p=45377 q=45503 N=2064789631 n=31 value=22688
record p=45389 q=48527 N=2202592003 n=32 value=22694
record p=45413 q=45503 N=2066427739 n=31 value=22706
record p=45491 q=46307 N=2106551737 n=31 value=22745
record p=45497 q=45659 N=2077347523 n=31 value=22748
record p=45503 q=45533 N=2071888099 n=31 value=22751
record p=45533 q=45587 N=2075712871 n=31 value=22766
record p=45557 q=46499 N=2118354943 n=31 value=22778
record p=45569 q=45707 N=2082822283 n=31 value=22784
record p=45587 q=45659 N=2081456833 n=31 value=22793
record p=45599 q=45779 N=2087476621 n=31 value=22799
record p=45659 q=45707 N=2086935913 n=31 value=22829
record p=45677 q=46451 N=2121742327 n=31 value=22838
record p=45707 q=45737 N=2090501059 n=31 value=22853
record p=45737 q=45779 N=2093794123 n=31 value=22868
record p=45767 q=45959 N=2103405553 n=31 value=22883
record p=45779 q=45833 N=2098188907 n=31 value=22889
record p=45821 q=62639 N=2870181619 n=32 value=22910
record p=45827 q=45833 N=2100388891 n=31 value=22913
record p=45833 q=46499 N=2131188667 n=31 value=22916
record p=45863 q=45989 N=2109193507 n=31 value=22931
record p=45869 q=45887 N=2104790803 n=31 value=22934
record p=45887 q=45989 N=2110297243 n=31 value=22943
record p=45893 q=47123 N=2162615839 n=32 value=22946
record p=45953 q=45959 N=2111953927 n=31 value=22976
record p=45959 q=46133 N=2120226547 n=31 value=22979
record p=45971 q=49697 N=2284620787 n=32 value=22985
record p=45989 q=46103 N=2120230867 n=31 value=22994
record p=46049 q=46199 N=2127417751 n=31 value=23024
record p=46061 q=71483 N=3292578463 n=32 value=23030
record p=46073 q=47207 N=2174968111 n=32 value=23036
record p=46091 q=53147 N=2449598377 n=32 value=23045
record p=46103 q=52937 N=2440554511 n=32 value=23051
record p=46133 q=46199 N=2131298467 n=31 value=23066
record p=46181 q=64019 N=2956461439 n=32 value=23090
record p=46187 q=46457 N=2145709459 n=31 value=23093
record p=46199 q=46307 N=2139337093 n=31 value=23099
record p=46229 q=52883 N=2444728207 n=32 value=23114
record p=46271 q=87107 N=4030527997 n=32 value=23135
record p=46301 q=57059 N=2641888759 n=32 value=23150
record p=46307 q=46559 N=2156007613 n=32 value=23153
record p=46337 q=46499 N=2154624163 n=32 value=23168
record p=46349 q=46499 N=2155182151 n=32 value=23174
record p=46439 q=46919 N=2178871441 n=32 value=23219
record p=46451 q=64019 N=2973746569 n=32 value=23225
record p=46457 q=46499 N=2160204043 n=32 value=23228
record p=46499 q=46559 N=2164946941 n=32 value=23249
record p=46511 q=46919 N=2182249609 n=32 value=23255
record p=46523 q=46829 N=2178625567 n=32 value=23261
record p=46559 q=46643 N=2171651437 n=32 value=23279
record p=46589 q=46679 N=2174727931 n=32 value=23294
record p=46601 q=56039 N=2611473439 n=32 value=23300
record p=46619 q=46649 N=2174729731 n=32 value=23309
record p=46643 q=46679 N=2177248597 n=32 value=23321
record p=46649 q=47339 N=2208317011 n=32 value=23324
record p=46679 q=46727 N=2181169633 n=32 value=23339
record p=46691 q=83093 N=3879695263 n=32 value=23345
record p=46703 q=46829 N=2187054787 n=32 value=23351
record p=46727 q=46757 N=2184814339 n=32 value=23363
record p=46751 q=83933 N=3923951683 n=32 value=23375
record p=46757 q=46919 N=2193791683 n=32 value=23378
record p=46769 q=46919 N=2194354711 n=32 value=23384
record p=46811 q=55829 N=2613411319 n=32 value=23405
record p=46817 q=90947 N=4257865699 n=32 value=23408
record p=46829 q=47339 N=2216838031 n=32 value=23414
record p=46853 q=48767 N=2284880251 n=32 value=23426
record p=46877 q=46919 N=2199421963 n=32 value=23438
record p=46889 q=46919 N=2199984991 n=32 value=23444
record p=46901 q=90947 N=4265505247 n=32 value=23450
record p=46919 q=47057 N=2207867383 n=32 value=23459
record p=46997 q=47123 N=2214639631 n=32 value=23498
record p=47051 q=56999 N=2681859949 n=32 value=23525
record p=47057 q=47123 N=2217467011 n=32 value=23528
record p=47087 q=47207 N=2222836009 n=32 value=23543
record p=47093 q=47123 N=2219163439 n=32 value=23546
record p=47123 q=47129 N=2220859867 n=32 value=23561
record p=47129 q=47207 N=2224818703 n=32 value=23564
record p=47147 q=47417 N=2235569299 n=32 value=23573
record p=47189 q=47207 N=2227651123 n=32 value=23594
record p=47207 q=47297 N=2232749479 n=32 value=23603
record p=47237 q=49559 N=2341018483 n=32 value=23618
record p=47279 q=47297 N=2236154863 n=32 value=23639
record p=47297 q=47339 N=2238992683 n=32 value=23648
record p=47303 q=47309 N=2237857627 n=32 value=23651
record p=47309 q=47339 N=2239560751 n=32 value=23654
record p=47339 q=47417 N=2244673363 n=32 value=23669
record p=47351 q=57089 N=2703221239 n=32 value=23675
record p=47363 q=49943 N=2365450309 n=32 value=23681
record p=47381 q=80567 N=3817345027 n=32 value=23690
record p=47387 q=47819 N=2265998953 n=32 value=23693
record p=47417 q=47459 N=2250363403 n=32 value=23708
record p=47441 q=55439 N=2630081599 n=32 value=23720
record p=47459 q=47507 N=2254634713 n=32 value=23729
record p=47501 q=51407 N=2441883907 n=32 value=23750
record p=47507 q=47513 N=2257200091 n=32 value=23753
record p=47513 q=47639 N=2263471807 n=32 value=23756
record p=47543 q=47717 N=2268609331 n=32 value=23771
record p=47591 q=47777 N=2273755207 n=32 value=23795
record p=47609 q=47963 N=2283470467 n=32 value=23804
record p=47639 q=47777 N=2276048503 n=32 value=23819
record p=47657 q=47963 N=2285772691 n=32 value=23828
record p=47681 q=58439 N=2786429959 n=32 value=23840
record p=47699 q=48383 N=2307820717 n=32 value=23849
record p=47711 q=67709 N=3230464099 n=32 value=23855
record p=47717 q=47819 N=2281779223 n=32 value=23858
record p=47777 q=47819 N=2284648363 n=32 value=23888
record p=47807 q=48947 N=2340009229 n=32 value=23903
record p=47819 q=47837 N=2287517503 n=32 value=23909
record p=47837 q=47843 N=2288665591 n=32 value=23918
record p=47843 q=47963 N=2294693809 n=32 value=23921
record p=47903 q=47963 N=2297571589 n=32 value=23951
record p=47933 q=47963 N=2299010479 n=32 value=23966
record p=47939 q=48197 N=2310515983 n=32 value=23969
record p=47951 q=84047 N=4030137697 n=32 value=23975
record p=47963 q=47969 N=2300737147 n=32 value=23981
record p=47969 q=48023 N=2303615287 n=32 value=23984
record p=47981 q=75743 N=3634224883 n=32 value=23990
record p=48017 q=48239 N=2316292063 n=32 value=24008
record p=48023 q=48479 N=2328107017 n=32 value=24011
record p=48029 q=48239 N=2316870931 n=32 value=24014
record p=48119 q=48809 N=2348640271 n=32 value=24059
record p=48131 q=55457 N=2669200867 n=32 value=24065
record p=48179 q=48497 N=2336536963 n=32 value=24089
record p=48197 q=48239 N=2324975083 n=32 value=24098
record p=48221 q=53939 N=2600992519 n=32 value=24110
record p=48239 q=48407 N=2335105273 n=32 value=24119
record p=48281 q=80603 N=3891593443 n=32 value=24140
record p=48299 q=48473 N=2341197427 n=32 value=24149
record p=48311 q=54059 N=2611644349 n=32 value=24155
record p=48341 q=53819 N=2601664279 n=32 value=24170
record p=48353 q=48383 N=2339463199 n=32 value=24176
record p=48383 q=48449 N=2344107967 n=32 value=24191
record p=48407 q=48437 N=2344689859 n=32 value=24203
record p=48413 q=89759 N=4345502467 n=33 value=24206
record p=48437 q=48479 N=2348177323 n=32 value=24218
record p=48449 q=48479 N=2348759071 n=32 value=24224
record p=48473 q=48947 N=2372607931 n=32 value=24236
record p=48479 q=48527 N=2352540433 n=32 value=24239
record p=48491 q=69539 N=3372015649 n=32 value=24245
record p=48497 q=48527 N=2353413919 n=32 value=24248
record p=48527 q=48533 N=2355160891 n=32 value=24263
record p=48533 q=49103 N=2383115899 n=32 value=24266
record p=48539 q=48809 N=2369140051 n=32 value=24269
record p=48563 q=48593 N=2359821859 n=32 value=24281
record p=48593 q=48647 N=2363903671 n=32 value=24296
record p=48611 q=53759 N=2613278749 n=32 value=24305
record p=48623 q=48947 N=2379949981 n=32 value=24311
record p=48647 q=49367 N=2401556449 n=32 value=24323
record p=48677 q=48779 N=2374415383 n=32 value=24338
record p=48731 q=77447 N=3774069757 n=32 value=24365
record p=48761 q=85487 N=4168431607 n=32 value=24380
record p=48767 q=48779 N=2378805493 n=32 value=24383
record p=48779 q=48809 N=2380854211 n=32 value=24389
record p=48809 q=48947 N=2389054123 n=32 value=24404
record p=48821 q=58679 N=2864767459 n=32 value=24410
record p=48857 q=49019 N=2394921283 n=32 value=24428
record p=48869 q=49103 N=2399614507 n=32 value=24434
record p=48947 q=48953 N=2396102491 n=32 value=24473
record p=48953 q=49103 N=2403739159 n=32 value=24476
record p=48989 q=49019 N=2401391791 n=32 value=24494
record p=49019 q=49103 N=2406979957 n=32 value=24509
record p=49031 q=49937 N=2448461047 n=32 value=24515
record p=49037 q=50459 N=2474357983 n=32 value=24518
record p=49043 q=49223 N=2414043589 n=32 value=24521
record p=49103 q=49109 N=2411399227 n=32 value=24551
record p=49109 q=49199 N=2416113691 n=32 value=24554
record p=49121 q=57119 N=2805742399 n=32 value=24560
record p=49139 q=49157 N=2415525823 n=32 value=24569
record p=49157 q=49199 N=2418475243 n=32 value=24578
record p=49169 q=53147 N=2613184843 n=32 value=24584
record p=49193 q=53507 N=2632169851 n=32 value=24596
record p=49199 q=49277 N=2424379123 n=32 value=24599
record p=49223 q=49277 N=2425561771 n=32 value=24611
record p=49253 q=49943 N=2459842579 n=32 value=24626
record p=49277 q=49367 N=2432657659 n=32 value=24638
record p=49307 q=49367 N=2434138669 n=32 value=24653
record p=49331 q=66449 N=3277995619 n=32 value=24665
record p=49367 q=49409 N=2439174103 n=32 value=24683
record p=49391 q=53507 N=2642764237 n=32 value=24695
record p=49409 q=49499 N=2445696091 n=32 value=24704
record p=49433 q=49667 N=2455188811 n=32 value=24716
record p=49451 q=70199 N=3471410749 n=32 value=24725
record p=49463 q=50153 N=2480717839 n=32 value=24731
record p=49481 q=76367 N=3778715527 n=32 value=24740
record p=49499 q=49523 N=2451338977 n=32 value=24749
record p=49523 q=49697 N=2461144531 n=32 value=24761
record p=49529 q=49787 N=2465900323 n=32 value=24764
record p=49547 q=49943 N=2474525821 n=32 value=24773
record p=49559 q=49613 N=2458770667 n=32 value=24779
record p=49613 q=49667 N=2464128871 n=32 value=24806
record p=49667 q=49727 N=2469790909 n=32 value=24833
record p=49697 q=49943 N=2482017271 n=32 value=24848
record p=49727 q=50147 N=2493659869 n=32 value=24863
record p=49739 q=49823 N=2478146197 n=32 value=24869
record p=49757 q=52727 N=2623537339 n=32 value=24878
record p=49787 q=50147 N=2496668689 n=32 value=24893
record p=49811 q=64019 N=3188850409 n=32 value=24905
record p=49823 q=49877 N=2485021771 n=32 value=24911
record p=49853 q=50147 N=2499978391 n=32 value=24926
record p=49871 q=52919 N=2639123449 n=32 value=24935
record p=49877 q=49943 N=2491007011 n=32 value=24938
record p=49919 q=50873 N=2539529287 n=32 value=24959
record p=49937 q=49943 N=2494003591 n=32 value=24968
record p=49943 q=50069 N=2500596067 n=32 value=24971
record p=49991 q=66239 N=3311353849 n=32 value=24995
record p=50021 q=81527 N=4078062067 n=32 value=25010
record p=50033 q=50423 N=2522813959 n=32 value=25016
record p=50069 q=50123 N=2509608487 n=32 value=25034
record p=50087 q=50153 N=2512013311 n=32 value=25043
record p=50093 q=52223 N=2616006739 n=32 value=25046
record p=50111 q=53609 N=2686400599 n=32 value=25055
record p=50123 q=50129 N=2512615867 n=32 value=25061
record p=50129 q=50459 N=2529459211 n=32 value=25064
record p=50147 q=50153 N=2515022491 n=32 value=25073
record p=50153 q=50159 N=2515624327 n=32 value=25076
record p=50159 q=50273 N=2521643407 n=32 value=25079
record p=50177 q=52223 N=2620393471 n=32 value=25088
record p=50207 q=50333 N=2527068931 n=32 value=25103
record p=50231 q=50789 N=2551182259 n=32 value=25115
record p=50273 q=50423 N=2534915479 n=32 value=25136
record p=50291 q=66413 N=3339976183 n=32 value=25145
record p=50321 q=96179 N=4839823459 n=33 value=25160
record p=50333 q=50363 N=2534920879 n=32 value=25166
record p=50363 q=50459 N=2541266617 n=32 value=25181
record p=50387 q=58967 N=2971170229 n=32 value=25193
record p=50411 q=65543 N=3304088173 n=32 value=25205
record p=50417 q=50423 N=2542176391 n=32 value=25208
record p=50423 q=50543 N=2548529689 n=32 value=25211
record p=50459 q=50543 N=2550349237 n=32 value=25229
record p=50513 q=59219 N=2991329347 n=32 value=25256
record p=50543 q=50627 N=2558840461 n=32 value=25271
record p=50549 q=50867 N=2571275983 n=32 value=25274
record p=50591 q=64553 N=3265800823 n=32 value=25295
record p=50627 q=50753 N=2569472131 n=32 value=25313
record p=50651 q=51719 N=2619619069 n=32 value=25325
record p=50723 q=51257 N=2599908811 n=32 value=25361
record p=50741 q=51419 N=2609051479 n=32 value=25370
record p=50753 q=51383 N=2607841399 n=32 value=25376
record p=50777 q=51047 N=2592013519 n=32 value=25388
record p=50789 q=51047 N=2592626083 n=32 value=25394
record p=50849 q=51539 N=2620706611 n=32 value=25424
record p=50867 q=50873 N=2587756891 n=32 value=25433
record p=50873 q=51047 N=2596914031 n=32 value=25436
record p=50891 q=62039 N=3157226749 n=32 value=25445
record p=50909 q=57803 N=2942692927 n=32 value=25454
record p=50951 q=77093 N=3927965443 n=32 value=25475
record p=50957 q=51047 N=2601201979 n=32 value=25478
record p=50969 q=51203 N=2609765707 n=32 value=25484
record p=50993 q=51047 N=2603039671 n=32 value=25496
record p=51047 q=51197 N=2613453259 n=32 value=25523
record p=51059 q=51749 N=2642252191 n=32 value=25529
record p=51071 q=51827 N=2646856717 n=32 value=25535
record p=51131 q=55949 N=2860728319 n=32 value=25565
record p=51137 q=51203 N=2618367811 n=32 value=25568
record p=51197 q=51203 N=2621439991 n=32 value=25598
record p=51203 q=51287 N=2626048261 n=32 value=25601
record p=51239 q=52553 N=2692763167 n=32 value=25619
record p=51257 q=51287 N=2628817759 n=32 value=25628
record p=51263 q=51329 N=2631278527 n=32 value=25631
record p=51287 q=51329 N=2632510423 n=32 value=25643
record p=51329 q=51347 N=2635590163 n=32 value=25664
record p=51341 q=83003 N=4261457023 n=32 value=25670
record p=51347 q=51407 N=2639595229 n=32 value=25673
record p=51383 q=51407 N=2641445881 n=32 value=25691
record p=51407 q=51413 N=2642988091 n=32 value=25703
record p=51413 q=51539 N=2649774607 n=32 value=25706
record p=51419 q=51449 N=2645456131 n=32 value=25709
record p=51431 q=54959 N=2826596329 n=32 value=25715
record p=51437 q=64007 N=3292328059 n=32 value=25718
record p=51449 q=51599 N=2654716951 n=32 value=25724
record p=51461 q=51827 N=2667069247 n=32 value=25730
record p=51473 q=51539 N=2652866947 n=32 value=25736
record p=51479 q=52757 N=2715877603 n=32 value=25739
record p=51503 q=51593 N=2657194279 n=32 value=25751
record p=51539 q=51593 N=2659051627 n=32 value=25769
record p=51551 q=54269 N=2797621219 n=32 value=25775
record p=51563 q=53597 N=2763622111 n=32 value=25781
record p=51581 q=67499 N=3481665919 n=32 value=25790
record p=51593 q=51599 N=2662147207 n=32 value=25796
record p=51599 q=51659 N=2665552741 n=32 value=25799
record p=51647 q=53597 N=2768124259 n=32 value=25823
record p=51659 q=51683 N=2669892097 n=32 value=25829
record p=51683 q=51713 N=2672682979 n=32 value=25841
record p=51713 q=51719 N=2674544647 n=32 value=25856
record p=51719 q=51827 N=2680440613 n=32 value=25859
record p=51749 q=52379 N=2710560871 n=32 value=25874
record p=51767 q=52103 N=2697216001 n=32 value=25883
record p=51797 q=51827 N=2684483119 n=32 value=25898
record p=51803 q=51827 N=2684794081 n=32 value=25901
record p=51827 q=51839 N=2686659853 n=32 value=25913
record p=51839 q=51869 N=2688837091 n=32 value=25919
record p=51869 q=52103 N=2702530507 n=32 value=25934
record p=51893 q=52103 N=2703780979 n=32 value=25946
record p=51899 q=62039 N=3219762061 n=32 value=25949
record p=51929 q=52103 N=2705656687 n=32 value=25964
record p=51971 q=63443 N=3297196153 n=32 value=25985
record p=51977 q=52103 N=2708157631 n=32 value=25988
record p=52067 q=57413 N=2989322671 n=32 value=26033
record p=52103 q=52127 N=2715973081 n=32 value=26051
record p=52121 q=62939 N=3280443619 n=32 value=26060
record p=52127 q=52223 N=2722228321 n=32 value=26063
record p=52163 q=53069 N=2768238247 n=32 value=26081
record p=52181 q=70583 N=3683091523 n=32 value=26090
record p=52223 q=52253 N=2728808419 n=32 value=26111
record p=52253 q=52379 N=2736959887 n=32 value=26126
record p=52259 q=52313 N=2733825067 n=32 value=26129
record p=52289 q=52379 N=2738845531 n=32 value=26144
record p=52301 q=53939 N=2821063639 n=32 value=26150
record p=52313 q=52379 N=2740102627 n=32 value=26156
record p=52379 q=52553 N=2752673587 n=32 value=26189
record p=52391 q=62639 N=3281719849 n=32 value=26195
record p=52433 q=52583 N=2757084439 n=32 value=26216
record p=52457 q=52883 N=2774083531 n=32 value=26228
record p=52511 q=64109 N=3366427699 n=32 value=26255
record p=52517 q=52919 N=2779147123 n=32 value=26258
record p=52529 q=58427 N=3069111883 n=32 value=26264
record p=52541 q=53699 N=2821399159 n=32 value=26270
record p=52553 q=52583 N=2763394399 n=32 value=26276
record p=52583 q=52673 N=2769704359 n=32 value=26291
record p=52631 q=54779 N=2883073549 n=32 value=26315
record p=52667 q=52889 N=2785504963 n=32 value=26333
record p=52673 q=52727 N=2777289271 n=32 value=26336
record p=52691 q=71363 N=3760187833 n=32 value=26345
record p=52697 q=54059 N=2848747123 n=32 value=26348
record p=52709 q=52883 N=2787410047 n=32 value=26354
record p=52721 q=56039 N=2954432119 n=32 value=26360
record p=52727 q=52817 N=2784881959 n=32 value=26363
record p=52733 q=52883 N=2788679239 n=32 value=26366
record p=52757 q=52883 N=2789948431 n=32 value=26378
record p=52769 q=53699 N=2833642531 n=32 value=26384
record p=52817 q=52883 N=2793121411 n=32 value=26408
record p=52859 q=53267 N=2815640353 n=32 value=26429
record p=52883 q=52919 N=2798515477 n=32 value=26441
record p=52889 q=53003 N=2803275667 n=32 value=26444
record p=52901 q=62459 N=3304143559 n=32 value=26450
record p=52919 q=52967 N=2802960673 n=32 value=26459
record p=52937 q=53267 N=2819795179 n=32 value=26468
record p=52967 q=53003 N=2807409901 n=32 value=26483
record p=52973 q=53699 N=2844597127 n=32 value=26486
record p=53003 q=53069 N=2812816207 n=32 value=26501
record p=53051 q=54059 N=2867884009 n=32 value=26525
record p=53069 q=53147 N=2820458143 n=32 value=26534
record p=53087 q=54269 N=2880978403 n=32 value=26543
record p=53093 q=53279 N=2828741947 n=32 value=26546
record p=53117 q=60647 N=3221386699 n=32 value=26558
record p=53129 q=53147 N=2823646963 n=32 value=26564
record p=53147 q=53189 N=2826835783 n=32 value=26573
record p=53171 q=61553 N=3272834563 n=32 value=26585
record p=53189 q=53267 N=2833218463 n=32 value=26594
record p=53231 q=69143 N=3680551033 n=32 value=26615
record p=53267 q=53309 N=2839610503 n=32 value=26633
record p=53279 q=53309 N=2840250211 n=32 value=26639
record p=53309 q=53507 N=2852404663 n=32 value=26654
record p=53327 q=69197 N=3690068419 n=32 value=26663
record p=53381 q=69143 N=3690922483 n=32 value=26690
record p=53411 q=61409 N=3279916099 n=32 value=26705
record p=53441 q=53759 N=2872934719 n=32 value=26720
record p=53453 q=55487 N=2965946611 n=32 value=26726
record p=53507 q=53699 N=2873272393 n=32 value=26753
record p=53549 q=54983 N=2944284667 n=32 value=26774
record p=53591 q=76697 N=4110268927 n=32 value=26795
record p=53597 q=53699 N=2878105303 n=32 value=26798
record p=53609 q=53699 N=2878749691 n=32 value=26804
record p=53633 q=53639 N=2876820487 n=32 value=26816
record p=53639 q=53783 N=2884866337 n=32 value=26819
record p=53657 q=53699 N=2881327243 n=32 value=26828
record p=53681 q=76103 N=4085285143 n=32 value=26840
record p=53693 q=53699 N=2883260407 n=32 value=26846
record p=53699 q=53759 N=2886804541 n=32 value=26849
record p=53717 q=53783 N=2889061411 n=32 value=26858
record p=53759 q=53777 N=2890997743 n=32 value=26879
record p=53777 q=53783 N=2892288391 n=32 value=26888
record p=53783 q=53849 N=2896160767 n=32 value=26891
record p=53813 q=53927 N=2901973651 n=32 value=26906
record p=53819 q=53849 N=2898099331 n=32 value=26909
record p=53831 q=78839 N=4243982209 n=32 value=26915
record p=53849 q=53927 N=2903915023 n=32 value=26924
record p=53861 q=70163 N=3779049343 n=32 value=26930
record p=53891 q=74687 N=4024957117 n=32 value=26945
record p=53897 q=53927 N=2906503519 n=32 value=26948
record p=53927 q=53993 N=2911680511 n=32 value=26963
record p=53939 q=53987 N=2912004793 n=32 value=26969
record p=53951 q=89399 N=4823165449 n=33 value=26975
record p=53987 q=54059 N=2918483233 n=32 value=26993
record p=53993 q=54059 N=2918807587 n=32 value=26996
record p=54011 q=77267 N=4173267937 n=32 value=27005
record p=54059 q=54269 N=2933727871 n=32 value=27029
record p=54083 q=55439 N=2998307437 n=32 value=27041
record p=54101 q=90659 N=4904742559 n=33 value=27050
record p=54167 q=54773 N=2966889091 n=32 value=27083
record p=54251 q=59513 N=3228639763 n=32 value=27125
record p=54269 q=54287 N=2946101203 n=32 value=27134
record p=54287 q=54323 N=2949032701 n=32 value=27143
record p=54293 q=54647 N=2966949571 n=32 value=27146
record p=54311 q=60539 N=3287933629 n=32 value=27155
record p=54323 q=54347 N=2952292081 n=32 value=27161
record p=54347 q=54443 N=2958813721 n=32 value=27173
record p=54371 q=59009 N=3208378339 n=32 value=27185
record p=54377 q=58427 N=3177084979 n=32 value=27188
record p=54401 q=97919 N=5326891519 n=33 value=27200
record p=54413 q=54443 N=2962406959 n=32 value=27206
record p=54419 q=57329 N=3119786851 n=32 value=27209
record p=54437 q=54503 N=2966979811 n=32 value=27218
record p=54443 q=54497 N=2966980171 n=32 value=27221
record p=54449 q=54647 N=2975474503 n=32 value=27224
record p=54497 q=54563 N=2973519811 n=32 value=27248
record p=54503 q=55229 N=3010146187 n=32 value=27251
record p=54521 q=73547 N=4009855987 n=32 value=27260
record p=54539 q=54851 N=2991518689 n=32 value=27269
record p=54563 q=54617 N=2980067371 n=32 value=27281
record p=54581 q=58979 N=3219132799 n=32 value=27290
record p=54617 q=54647 N=2984655199 n=32 value=27308
record p=54623 q=54833 N=2995142959 n=32 value=27311
record p=54629 q=54647 N=2985310963 n=32 value=27314
record p=54647 q=54767 N=2992852249 n=32 value=27323
record p=54713 q=58379 N=3194090227 n=32 value=27356
record p=54767 q=54773 N=2999752891 n=32 value=27383
record p=54773 q=54779 N=3000410167 n=32 value=27386
record p=54779 q=54833 N=3003696907 n=32 value=27389
record p=54833 q=55103 N=3021462799 n=32 value=27416
record p=54851 q=59009 N=3236702659 n=32 value=27425
record p=54869 q=56999 N=3127478131 n=32 value=27434
record p=54917 q=54959 N=3018183403 n=32 value=27458
record p=54941 q=78539 N=4315011199 n=33 value=27470
record p=54959 q=54983 N=3021810697 n=32 value=27479
record p=54983 q=55073 N=3028078759 n=32 value=27491
record p=55049 q=57587 N=3170106763 n=32 value=27524
record p=55061 q=65963 N=3631988743 n=32 value=27530
record p=55073 q=55079 N=3033365767 n=32 value=27536
record p=55079 q=55103 N=3035018137 n=32 value=27539
record p=55103 q=55109 N=3036671227 n=32 value=27551
record p=55109 q=55547 N=3061139623 n=32 value=27554
record p=55127 q=55163 N=3040970701 n=32 value=27563
record p=55163 q=55229 N=3046597327 n=32 value=27581
record p=55217 q=55439 N=3061175263 n=32 value=27608
record p=55229 q=55439 N=3061840531 n=32 value=27614
record p=55259 q=55313 N=3056541067 n=32 value=27629
record p=55313 q=55343 N=3061187359 n=32 value=27656
record p=55331 q=76463 N=4230774253 n=32 value=27665
record p=55337 q=55487 N=3070484119 n=32 value=27668
record p=55343 q=58613 N=3243819259 n=32 value=27671
record p=55373 q=55487 N=3072481651 n=32 value=27686
record p=55439 q=55457 N=3074480623 n=32 value=27719
record p=55457 q=55487 N=3077142559 n=32 value=27728
record p=55469 q=56747 N=3147699343 n=32 value=27734
record p=55487 q=55547 N=3082136389 n=32 value=27743
record p=55529 q=56039 N=3111789631 n=32 value=27764
record p=55541 q=58043 N=3223766263 n=32 value=27770
record p=55547 q=55619 N=3089468593 n=32 value=27773
record p=55589 q=55619 N=3091804591 n=32 value=27794
record p=55619 q=55673 N=3096476587 n=32 value=27809
record p=55631 q=60659 N=3374520829 n=32 value=27815
record p=55661 q=67547 N=3759733567 n=32 value=27830
record p=55667 q=55997 N=3117184999 n=32 value=27833
record p=55673 q=55787 N=3105829651 n=32 value=27836
record p=55691 q=66173 N=3685240543 n=32 value=27845
record p=55697 q=55763 N=3105831811 n=32 value=27848
record p=55733 q=55787 N=3109176871 n=32 value=27866
record p=55763 q=57899 N=3228621937 n=32 value=27881
record p=55787 q=55817 N=3113862979 n=32 value=27893
record p=55793 q=56207 N=3135957151 n=32 value=27896
record p=55799 q=55817 N=3114532783 n=32 value=27899
record p=55817 q=55967 N=3123910039 n=32 value=27908
record p=55823 q=56633 N=3161423959 n=32 value=27911
record p=55829 q=56843 N=3173487847 n=32 value=27914
record p=55871 q=57089 N=3189619519 n=32 value=27935
record p=55889 q=57899 N=3235917211 n=32 value=27944
record p=55901 q=78623 N=4395104323 n=33 value=27950
record p=55931 q=86249 N=4823992819 n=33 value=27965
record p=55949 q=55967 N=3131297683 n=32 value=27974
record p=55967 q=55997 N=3133984099 n=32 value=27983
record p=55997 q=56003 N=3135999991 n=32 value=27998
record p=56003 q=56009 N=3136672027 n=32 value=28001
record p=56009 q=56039 N=3138688351 n=32 value=28004
record p=56039 q=56087 N=3143059393 n=32 value=28019
record p=56081 q=56999 N=3196560919 n=32 value=28040
record p=56087 q=56093 N=3146088091 n=32 value=28043
record p=56093 q=56207 N=3152819251 n=32 value=28046
record p=56099 q=57119 N=3204318781 n=32 value=28049
record p=56123 q=56249 N=3156862627 n=32 value=28061
record p=56171 q=65543 N=3681615853 n=32 value=28085
record p=56207 q=56333 N=3166308931 n=32 value=28103
record p=56237 q=56807 N=3194655259 n=32 value=28118
record p=56249 q=56543 N=3180487207 n=32 value=28124
record p=56267 q=59009 N=3320259403 n=32 value=28133
record p=56333 q=56543 N=3185236819 n=32 value=28166
record p=56369 q=56843 N=3204183067 n=32 value=28184
record p=56393 q=66923 N=3773988739 n=32 value=28196
record p=56417 q=56999 N=3215712583 n=32 value=28208
record p=56453 q=56963 N=3215732239 n=32 value=28226
record p=56477 q=56747 N=3204900319 n=32 value=28238
record p=56489 q=56663 N=3200836207 n=32 value=28244
record p=56501 q=57143 N=3228636643 n=32 value=28250
record p=56519 q=58067 N=3281888773 n=32 value=28259
record p=56531 q=70223 N=3969776413 n=32 value=28265
record p=56543 q=56807 N=3212038201 n=32 value=28271
record p=56591 q=57713 N=3266036383 n=32 value=28295
record p=56597 q=56663 N=3206955811 n=32 value=28298
record p=56633 q=56663 N=3208995679 n=32 value=28316
record p=56663 q=56807 N=3218855041 n=32 value=28331
record p=56681 q=56999 N=3230760319 n=32 value=28340
record p=56687 q=56909 N=3226000483 n=32 value=28343
record p=56711 q=57839 N=3280107529 n=32 value=28355
record p=56747 q=56783 N=3222264901 n=32 value=28373
record p=56783 q=56909 N=3231463747 n=32 value=28391
record p=56807 q=56843 N=3229080301 n=32 value=28403
record p=56813 q=57287 N=3254646331 n=32 value=28406
record p=56843 q=56873 N=3232831939 n=32 value=28421
record p=56873 q=56999 N=3241704127 n=32 value=28436
record p=56891 q=69143 N=3933614413 n=32 value=28445
record p=56897 q=57203 N=3254679091 n=32 value=28448
record p=56909 q=56999 N=3243756091 n=32 value=28454
record p=56921 q=57143 N=3252636703 n=32 value=28460
record p=56951 q=69593 N=3963390943 n=32 value=28475
record p=56957 q=57047 N=3249225979 n=32 value=28478
record p=56963 q=56999 N=3246834037 n=32 value=28481
record p=56993 q=56999 N=3248544007 n=32 value=28496
record p=56999 q=57047 N=3251621953 n=32 value=28499
record p=57047 q=57143 N=3259836721 n=32 value=28523
record p=57059 q=57089 N=3257441251 n=32 value=28529
record p=57077 q=57143 N=3261551011 n=32 value=28538
record p=57089 q=57119 N=3260866591 n=32 value=28544
record p=57107 q=58169 N=3321857083 n=32 value=28553
record p=57119 q=57143 N=3263951017 n=32 value=28559
record p=57131 q=81629 N=4663546399 n=33 value=28565
record p=57143 q=57173 N=3267036739 n=32 value=28571
record p=57149 q=57503 N=3286238947 n=32 value=28574
record p=57173 q=57203 N=3270467119 n=32 value=28586
record p=57179 q=57287 N=3275613373 n=32 value=28589
record p=57203 q=57287 N=3276988261 n=32 value=28601
record p=57221 q=57899 N=3313038679 n=32 value=28610
record p=57251 q=57503 N=3292104253 n=32 value=28625
record p=57269 q=57287 N=3280769203 n=32 value=28634
record p=57287 q=57329 N=3284206423 n=32 value=28643
record p=57329 q=57347 N=3287646163 n=32 value=28664
record p=57347 q=57389 N=3291086983 n=32 value=28673
record p=57383 q=57719 N=3312089377 n=32 value=28691
record p=57389 q=57467 N=3297973663 n=32 value=28694
record p=57413 q=57503 N=3301419739 n=32 value=28706
record p=57467 q=57557 N=3307628119 n=32 value=28733
record p=57503 q=57557 N=3309700171 n=32 value=28751
record p=57527 q=58043 N=3339039661 n=32 value=28763
record p=57557 q=57587 N=3314534959 n=32 value=28778
record p=57587 q=57689 N=3322136443 n=32 value=28793
record p=57593 q=58403 N=3363603979 n=32 value=28796
record p=57641 q=74759 N=4309183519 n=33 value=28820
record p=57653 q=66239 N=3818877067 n=32 value=28826
record p=57689 q=57719 N=3329751391 n=32 value=28844
record p=57713 q=57719 N=3331136647 n=32 value=28856
record p=57719 q=57803 N=3336331357 n=32 value=28859
record p=57731 q=58049 N=3351226819 n=32 value=28865
record p=57737 q=57899 N=3342914563 n=32 value=28868
record p=57773 q=59399 N=3431658427 n=32 value=28886
record p=57791 q=65687 N=3796117417 n=32 value=28895
record p=57803 q=57809 N=3341533627 n=32 value=28901
record p=57809 q=57899 N=3347083291 n=32 value=28904
record p=57839 q=57899 N=3348820261 n=32 value=28919
record p=57881 q=57899 N=3351252019 n=32 value=28940
record p=57899 q=57917 N=3353336383 n=32 value=28949
record p=57917 q=57923 N=3354726391 n=32 value=28958
record p=57923 q=57977 N=3358201771 n=32 value=28961
record p=57947 q=58067 N=3364808449 n=32 value=28973
record p=57977 q=58043 N=3365159011 n=32 value=28988
record p=58013 q=58043 N=3367248559 n=32 value=29006
record p=58031 q=113363 N=6578568253 n=33 value=29015
record p=58043 q=58049 N=3369338107 n=32 value=29021
record p=58049 q=58067 N=3370731283 n=32 value=29024
record p=58061 q=64283 N=3732335263 n=32 value=29030
record p=58067 q=58193 N=3379092931 n=32 value=29033
record p=58073 q=62603 N=3635544019 n=32 value=29036
record p=58109 q=58379 N=3392345311 n=32 value=29054
record p=58151 q=64853 N=3771266803 n=32 value=29075
record p=58169 q=58379 N=3395848051 n=32 value=29084
record p=58193 q=58379 N=3397249147 n=32 value=29096
record p=58199 q=58967 N=3431820433 n=32 value=29099
record p=58211 q=71549 N=4164938839 n=32 value=29105
record p=58217 q=58403 N=3400047451 n=32 value=29108
record p=58229 q=58403 N=3400748287 n=32 value=29114
record p=58271 q=71327 N=4156295617 n=32 value=29135
record p=58313 q=58379 N=3404254627 n=32 value=29156
record p=58337 q=58403 N=3407055811 n=32 value=29168
record p=58367 q=64283 N=3752005861 n=32 value=29183
record p=58379 q=58403 N=3409508737 n=32 value=29189
record p=58391 q=64283 N=3753548653 n=32 value=29195
record p=58403 q=58427 N=3412312081 n=32 value=29201
record p=58427 q=58439 N=3414415453 n=32 value=29213
record p=58439 q=58613 N=3425285107 n=32 value=29219
record p=58451 q=74363 N=4346591713 n=33 value=29225
record p=58511 q=59069 N=3456186259 n=32 value=29255
record p=58601 q=66923 N=3921754723 n=32 value=29300
record p=58613 q=58679 N=3439352227 n=32 value=29306
record p=58661 q=67763 N=3975045343 n=32 value=29330
record p=58679 q=58727 N=3446041633 n=32 value=29339
record p=58727 q=58733 N=3449212891 n=32 value=29363
record p=58733 q=58907 N=3459784831 n=32 value=29366
record p=58757 q=58907 N=3461198599 n=32 value=29378
record p=58763 q=58937 N=3463314931 n=32 value=29381
record p=58787 q=63863 N=3754314181 n=32 value=29393
record p=58889 q=58967 N=3472507663 n=32 value=29444
record p=58901 q=72707 N=4282515007 n=32 value=29450
record p=58907 q=58937 N=3471801859 n=32 value=29453
record p=58913 q=62627 N=3689544451 n=32 value=29456
record p=58937 q=59183 N=3488068471 n=32 value=29468
record p=58943 q=59183 N=3488423569 n=32 value=29471
record p=58967 q=59009 N=3479583703 n=32 value=29483
record p=58979 q=59009 N=3480291811 n=32 value=29489
record p=58991 q=64817 N=3823619647 n=32 value=29495
record p=58997 q=62207 N=3670026379 n=32 value=29498
record p=59009 q=59063 N=3485248567 n=32 value=29504
record p=59021 q=70607 N=4167295747 n=32 value=29510
record p=59051 q=72893 N=4304404543 n=33 value=29525
record p=59063 q=59069 N=3488792347 n=32 value=29531
record p=59069 q=59243 N=3499424767 n=32 value=29534
record p=59093 q=60527 N=3576722011 n=32 value=29546
record p=59123 q=61343 N=3626782189 n=32 value=29561
record p=59141 q=73259 N=4332610519 n=33 value=29570
record p=59159 q=59999 N=3549480841 n=32 value=29579
record p=59183 q=59219 N=3504758077 n=32 value=29591
record p=59207 q=59369 N=3515060383 n=32 value=29603
record p=59219 q=59243 N=3508311217 n=32 value=29609
record p=59243 q=59447 N=3521818621 n=32 value=29621
record p=59273 q=59387 N=3520045651 n=32 value=29636
record p=59333 q=61703 N=3661024099 n=32 value=29666
record p=59351 q=62213 N=3692403763 n=32 value=29675
record p=59357 q=61583 N=3655382131 n=32 value=29678
record p=59369 q=59699 N=3544269931 n=32 value=29684
record p=59387 q=59447 N=3530378989 n=32 value=29693
record p=59393 q=59399 N=3527884807 n=32 value=29696
record p=59399 q=59699 N=3546060901 n=32 value=29699
record p=59417 q=63671 N=3783139807 n=32 value=29708
record p=59441 q=62003 N=3685520323 n=32 value=29720
record p=59447 q=59453 N=3534302491 n=32 value=29723
record p=59453 q=59663 N=3547144339 n=32 value=29726
record p=59471 q=79139 N=4706475469 n=33 value=29735
record p=59513 q=59747 N=3555723211 n=32 value=29756
record p=59561 q=67247 N=4005298567 n=32 value=29780
record p=59567 q=59729 N=3557877343 n=32 value=29783
record p=59621 q=76679 N=4571678659 n=33 value=29810
record p=59627 q=63629 N=3794006383 n=32 value=29813
record p=59651 q=65123 N=3884652073 n=32 value=29825
record p=59663 q=59729 N=3563611327 n=32 value=29831
record p=59669 q=63299 N=3776988031 n=32 value=29834
record p=59693 q=59747 N=3566477671 n=32 value=29846
record p=59699 q=60029 N=3583671271 n=32 value=29849
record p=59723 q=59729 N=3567195067 n=32 value=29861
record p=59729 q=59747 N=3568628563 n=32 value=29864
record p=59747 q=60029 N=3586552663 n=32 value=29873
record p=59753 q=60923 N=3640332019 n=32 value=29876
record p=59771 q=70157 N=4193354047 n=32 value=29885
record p=59879 q=60293 N=3610284547 n=32 value=29939
record p=59951 q=67217 N=4029726367 n=32 value=29975
record p=59957 q=60527 N=3629017339 n=32 value=29978
record p=59981 q=64763 N=3884549503 n=32 value=29990
record p=59999 q=60077 N=3604559923 n=32 value=29999
record p=60017 q=61379 N=3683783443 n=32 value=30008
record p=60029 q=60107 N=3608163103 n=32 value=30014
record p=60041 q=67343 N=4043341063 n=32 value=30020
record p=60077 q=60539 N=3637001503 n=32 value=30038
record p=60083 q=60539 N=3637364737 n=32 value=30041
record p=60089 q=63719 N=3828810991 n=32 value=30044
record p=60101 q=61703 N=3708412003 n=32 value=30050
record p=60107 q=60293 N=3624031351 n=32 value=30053
record p=60149 q=60527 N=3640638523 n=32 value=30074
record p=60161 q=67139 N=4039149379 n=32 value=30080
record p=60167 q=60209 N=3622594903 n=32 value=30083
record p=60209 q=60539 N=3644992651 n=32 value=30104
record p=60251 q=69929 N=4213292179 n=32 value=30125
record p=60257 q=60443 N=3642113851 n=32 value=30128
record p=60293 q=60443 N=3644289799 n=32 value=30146
record p=60317 q=60527 N=3650807059 n=32 value=30158
record p=60353 q=60527 N=3652986031 n=32 value=30176
record p=60383 q=62099 N=3749723917 n=32 value=30191
record p=60413 q=60923 N=3680541199 n=32 value=30206
record p=60443 q=60449 N=3653718907 n=32 value=30221
record p=60449 q=60527 N=3658796623 n=32 value=30224
record p=60497 q=60527 N=3661701919 n=32 value=30248
record p=60509 q=60779 N=3677676511 n=32 value=30254
record p=60521 q=95483 N=5778726643 n=33 value=30260
record p=60527 q=60539 N=3664244053 n=32 value=30263
record p=60539 q=60617 N=3669692563 n=32 value=30269
record p=60617 q=60647 N=3676239199 n=32 value=30308
record p=60623 q=60647 N=3676603081 n=32 value=30311
record p=60647 q=60659 N=3678786373 n=32 value=30323
record p=60659 q=60773 N=3686429407 n=32 value=30329
record p=60689 q=60779 N=3688616731 n=32 value=30344
record p=60719 q=63059 N=3828879421 n=32 value=30359
record p=60737 q=60779 N=3691534123 n=32 value=30368
record p=60773 q=60779 N=3693722167 n=32 value=30386
record p=60779 q=60869 N=3699556951 n=32 value=30389
record p=60821 q=61283 N=3727293343 n=32 value=30410
record p=60869 q=60899 N=3706861231 n=32 value=30434
record p=60887 q=61703 N=3756910561 n=32 value=30443
record p=60899 q=60917 N=3709784383 n=32 value=30449
record p=60917 q=60923 N=3711246391 n=32 value=30458
record p=60923 q=61031 N=3718191613 n=32 value=30461
record p=60953 q=61343 N=3739039879 n=32 value=30476
record p=61001 q=87743 N=5352410743 n=33 value=30500
record p=61007 q=61547 N=3754797829 n=32 value=30503
record p=61043 q=61253 N=3739066879 n=32 value=30521
record p=61091 q=65327 N=3990891757 n=32 value=30545
record p=61121 q=88223 N=5392277983 n=33 value=30560
record p=61151 q=62057 N=3794847607 n=32 value=30575
record p=61169 q=61343 N=3752289967 n=32 value=30584
record p=61211 q=65447 N=4006076317 n=32 value=30605
record p=61223 q=61463 N=3762949249 n=32 value=30611
record p=61253 q=61343 N=3757442779 n=32 value=30626
record p=61283 q=61463 N=3766637029 n=32 value=30641
record p=61331 q=61553 N=3775107043 n=32 value=30665
record p=61343 q=61379 N=3765171997 n=32 value=30671
record p=61379 q=61409 N=3769223011 n=32 value=30689
record p=61403 q=61409 N=3770696827 n=32 value=30701
record p=61409 q=61583 N=3781750447 n=32 value=30704
record p=61463 q=61487 N=3779175481 n=32 value=30731
record p=61469 q=61547 N=3783232543 n=32 value=30734
record p=61487 q=61493 N=3781020091 n=32 value=30743
record p=61493 q=61547 N=3784709671 n=32 value=30746
record p=61511 q=68399 N=4207290889 n=32 value=30755
record p=61547 q=61553 N=3788402491 n=32 value=30773
record p=61553 q=61583 N=3790618399 n=32 value=30776
record p=61559 q=63419 N=3904010221 n=32 value=30779
record p=61583 q=61637 N=3795791371 n=32 value=30791
record p=61613 q=61667 N=3799488871 n=32 value=30806
record p=61631 q=64223 N=3958127713 n=32 value=30815
record p=61637 q=61967 N=3819459979 n=32 value=30818
record p=61643 q=61967 N=3819831781 n=32 value=30821
record p=61667 q=61757 N=3808368919 n=32 value=30833
record p=61673 q=62423 N=3849813679 n=32 value=30836
record p=61703 q=61757 N=3810592171 n=32 value=30851
record p=61751 q=67499 N=4168130749 n=32 value=30875
record p=61757 q=61967 N=3826896019 n=32 value=30878
record p=61781 q=66467 N=4106397727 n=32 value=30890
record p=61871 q=67217 N=4158783007 n=32 value=30935
record p=61949 q=62099 N=3846970951 n=32 value=30974
record p=61961 q=73643 N=4562993923 n=33 value=30980
record p=61967 q=62003 N=3842139901 n=32 value=30983
record p=61979 q=62303 N=3861477637 n=32 value=30989
record p=61991 q=64853 N=4020302323 n=32 value=30995
record p=62003 q=62213 N=3857392639 n=32 value=31001
record p=62039 q=62057 N=3849954223 n=32 value=31019
record p=62057 q=62303 N=3866337271 n=32 value=31028
record p=62081 q=70163 N=4355789203 n=33 value=31040
record p=62099 q=62213 N=3863365087 n=32 value=31049
record p=62129 q=62303 N=3870823087 n=32 value=31064
record p=62141 q=67619 N=4201912279 n=32 value=31070
record p=62171 q=66629 N=4142391559 n=32 value=31085
record p=62189 q=63647 N=3958143283 n=32 value=31094
record p=62201 q=65003 N=4043251603 n=32 value=31100
record p=62207 q=62213 N=3870084091 n=32 value=31103
record p=62213 q=62219 N=3870830647 n=32 value=31106
record p=62219 q=62327 N=3877923613 n=32 value=31109
record p=62273 q=62303 N=3879794719 n=32 value=31136
record p=62297 q=63587 N=3961279339 n=32 value=31148
record p=62303 q=62423 N=3889140169 n=32 value=31151
record p=62327 q=62927 N=3922051129 n=32 value=31163
record p=62351 q=79559 N=4960583209 n=33 value=31175
record p=62417 q=62603 N=3907491451 n=32 value=31208
record p=62423 q=62477 N=3900001771 n=32 value=31211
record p=62459 q=63059 N=3938602081 n=32 value=31229
record p=62477 q=62507 N=3905249839 n=32 value=31238
record p=62483 q=63353 N=3958485499 n=32 value=31241
record p=62501 q=64763 N=4047752263 n=32 value=31250
record p=62507 q=62597 N=3912750679 n=32 value=31253
record p=62549 q=62603 N=3915755047 n=32 value=31274
record p=62591 q=65687 N=4111415017 n=32 value=31295
record p=62597 q=62603 N=3918759991 n=32 value=31298
record p=62603 q=62627 N=3920638081 n=32 value=31301
record p=62627 q=62633 N=3922516891 n=32 value=31313
record p=62633 q=62639 N=3923268487 n=32 value=31316
record p=62639 q=62687 N=3926650993 n=32 value=31319
record p=62687 q=62927 N=3944704849 n=32 value=31343
record p=62723 q=62927 N=3946970221 n=32 value=31361
record p=62753 q=62939 N=3949611067 n=32 value=31376
record p=62801 q=68207 N=4283467807 n=32 value=31400
record p=62819 q=65033 N=4085308027 n=32 value=31409
record p=62873 q=62987 N=3960181651 n=32 value=31436
record p=62897 q=62927 N=3957919519 n=32 value=31448
record p=62903 q=63629 N=4002454987 n=32 value=31451
record p=62927 q=62939 N=3960562453 n=32 value=31463
record p=62939 q=63149 N=3974534911 n=32 value=31469
record p=62969 q=63059 N=3970762171 n=32 value=31484
record p=62981 q=70583 N=4445387923 n=33 value=31490
record p=62987 q=64217 N=4044836179 n=32 value=31493
record p=63029 q=64319 N=4053962251 n=32 value=31514
record p=63059 q=63149 N=3982112791 n=32 value=31529
record p=63113 q=80747 N=5096185411 n=33 value=31556
record p=63131 q=72269 N=4562414239 n=33 value=31565
record p=63149 q=63179 N=3989690671 n=32 value=31574
record p=63179 q=63317 N=4000304743 n=32 value=31589
record p=63197 q=64319 N=4064767843 n=32 value=31598
record p=63299 q=63353 N=4010181547 n=32 value=31649
record p=63311 q=63533 N=4022337763 n=32 value=31655
record p=63317 q=63443 N=4017020431 n=32 value=31658
record p=63347 q=63353 N=4013222491 n=32 value=31673
record p=63353 q=63443 N=4019304379 n=32 value=31676
record p=63377 q=64019 N=4057332163 n=32 value=31688
record p=63389 q=63587 N=4030716343 n=32 value=31694
record p=63419 q=63467 N=4025013673 n=32 value=31709
record p=63443 q=63467 N=4026536881 n=32 value=31721
record p=63467 q=63473 N=4028440891 n=32 value=31733
record p=63473 q=63527 N=4032249271 n=32 value=31736
record p=63521 q=67679 N=4299037759 n=33 value=31760
record p=63527 q=63587 N=4039491349 n=32 value=31763
record p=63533 q=66047 N=4196164051 n=32 value=31766
record p=63587 q=63599 N=4044069613 n=32 value=31793
record p=63599 q=63629 N=4046740771 n=32 value=31799
record p=63611 q=89513 N=5694011443 n=33 value=31805
record p=63617 q=64067 N=4075750339 n=32 value=31808
record p=63629 q=63647 N=4049794963 n=32 value=31814
record p=63647 q=63803 N=4060869541 n=32 value=31823
record p=63659 q=64433 N=4101740347 n=32 value=31829
record p=63671 q=66533 N=4236222643 n=32 value=31835
record p=63689 q=64223 N=4090298647 n=32 value=31844
record p=63719 q=63737 N=4061257903 n=32 value=31859
record p=63737 q=63839 N=4068906343 n=32 value=31868
record p=63743 q=64223 N=4093766689 n=32 value=31871
record p=63761 q=66383 N=4232646463 n=32 value=31880
record p=63773 q=63839 N=4071204547 n=32 value=31886
record p=63803 q=65543 N=4181840029 n=32 value=31901
record p=63809 q=63839 N=4073502751 n=32 value=31904
record p=63839 q=63863 N=4076950057 n=32 value=31919
record p=63857 q=64019 N=4088061283 n=32 value=31928
record p=63863 q=64007 N=4087679041 n=32 value=31931
record p=63929 q=64007 N=4091903503 n=32 value=31964
record p=63977 q=64187 N=4106491699 n=32 value=31988
record p=64007 q=64019 N=4097664133 n=32 value=32003
record p=64013 q=64679 N=4140296827 n=32 value=32006
record p=64019 q=64067 N=4101505273 n=32 value=32009
record p=64037 q=65267 N=4179502879 n=32 value=32018
record p=64067 q=64157 N=4110346519 n=32 value=32033
record p=64109 q=64319 N=4123426771 n=32 value=32054
record p=64151 q=64217 N=4119584767 n=32 value=32075
record p=64157 q=64187 N=4118045359 n=32 value=32078
record p=64187 q=64223 N=4122281701 n=32 value=32093
record p=64217 q=64283 N=4128061411 n=32 value=32108
record p=64223 q=64283 N=4128447109 n=32 value=32111
record p=64271 q=82799 N=5321574529 n=33 value=32135
record p=64283 q=64319 N=4134618277 n=32 value=32141
record p=64301 q=68483 N=4403525383 n=33 value=32150
record p=64319 q=64433 N=4144266127 n=32 value=32159
record p=64403 q=64433 N=4149678499 n=32 value=32201
record p=64433 q=64679 N=4167462007 n=32 value=32216
record p=64439 q=64553 N=4159730767 n=32 value=32219
record p=64451 q=65729 N=4236299779 n=32 value=32225
record p=64499 q=65777 N=4242550723 n=32 value=32249
record p=64553 q=64679 N=4175223487 n=32 value=32276
record p=64577 q=64679 N=4176775783 n=32 value=32288
record p=64601 q=66359 N=4286857759 n=32 value=32300
record p=64613 q=64763 N=4184531719 n=32 value=32306
record p=64661 q=99563 N=6437843143 n=33 value=32330
record p=64667 q=65309 N=4223337103 n=32 value=32333
record p=64679 q=64763 N=4188806077 n=32 value=32339
record p=64709 q=65267 N=4223362303 n=32 value=32354
record p=64763 q=64817 N=4197743371 n=32 value=32381
record p=64781 q=70163 N=4545229303 n=33 value=32390
record p=64793 q=65267 N=4228844731 n=32 value=32396
record p=64811 q=81533 N=5284235263 n=33 value=32405
record p=64817 q=65063 N=4217188471 n=32 value=32408
record p=64853 q=65147 N=4224978391 n=32 value=32426
record p=64871 q=83003 N=5384487613 n=33 value=32435
record p=64877 q=65063 N=4221092251 n=32 value=32438
record p=64901 q=116279 N=7546623379 n=33 value=32450
record p=64919 q=64997 N=4219540243 n=32 value=32459
record p=64937 q=65063 N=4224996031 n=32 value=32468
record p=64997 q=65063 N=4228899811 n=32 value=32498
record p=65003 q=65267 N=4242550801 n=32 value=32501
record p=65027 q=65537 N=4261674499 n=32 value=32513
record p=65033 q=65147 N=4236704851 n=32 value=32516
record p=65063 q=65099 N=4235536237 n=32 value=32531
record p=65099 q=65147 N=4241004553 n=32 value=32549
record p=65111 q=65963 N=4294916893 n=32 value=32555
record p=65123 q=65147 N=4242568081 n=32 value=32561
record p=65129 q=65687 N=4278128623 n=32 value=32564
record p=65141 q=68483 N=4461051103 n=33 value=32570
record p=65147 q=65183 N=4246476901 n=32 value=32573
record p=65171 q=97583 N=6359581693 n=33 value=32585
record p=65183 q=65327 N=4258209841 n=32 value=32591
record p=65213 q=68687 N=4479285331 n=33 value=32606
record p=65267 q=65327 N=4263697309 n=32 value=32633
record p=65309 q=65327 N=4266441043 n=32 value=32654
record p=65327 q=65357 N=4269576739 n=32 value=32663
record p=65357 q=65447 N=4277419579 n=32 value=32678
record p=65381 q=123059 N=8045720479 n=33 value=32690
record p=65393 q=65423 N=4278206239 n=32 value=32696
record p=65423 q=65537 N=4287627151 n=32 value=32711
record p=65447 q=65537 N=4289200039 n=32 value=32723
record p=65519 q=69827 N=4574995213 n=33 value=32759
TOP20
p=65519 q=69827 N=4574995213 n=33 d=2 sp=32759(17*41*47) sq=34913(34913) residuals=K:(1927,34913),R:(32759,34913),C:(32759,34913),KR:(1927,34913),KC:(1927,34913),RC:(32759,34913),KRC:(1927,34913) hits=p{17:K[24,25,26,27,28]R[]C[],41:K[]R[]C[],47:K[]R[]C[]};q{34913:K[]R[]C[]}
p=65519 q=70223 N=4600940737 n=33 d=2 sp=32759(17*41*47) sq=35111(35111) residuals=K:(1,35111),R:(697,35111),C:(32759,35111),KR:(1,35111),KC:(1,35111),RC:(697,35111),KRC:(1,35111) hits=p{17:K[21,26,27,28]R[]C[],41:K[20]R[]C[],47:K[8,9,10,11]R[19]C[]};q{35111:K[]R[]C[]}
p=65519 q=71879 N=4709440201 n=33 d=2 sp=32759(17*41*47) sq=35939(83*433) residuals=K:(1927,35939),R:(799,35939),C:(32759,35939),KR:(47,35939),KC:(1927,35939),RC:(799,35939),KRC:(47,35939) hits=p{17:K[22,23,28]R[]C[],41:K[]R[28]C[],47:K[]R[]C[]};q{83:K[]R[]C[],433:K[]R[]C[]}
p=65519 q=72467 N=4747965373 n=33 d=2 sp=32759(17*41*47) sq=36233(19*1907) residuals=K:(1,1907),R:(32759,36233),C:(32759,36233),KR:(1,1907),KC:(1,1907),RC:(32759,36233),KRC:(1,1907) hits=p{17:K[4,28]R[]C[],41:K[6,7]R[]C[],47:K[25]R[]C[]};q{19:K[10,11,12]R[]C[],1907:K[]R[]C[]}
p=65519 q=72503 N=4750324057 n=33 d=2 sp=32759(17*41*47) sq=36251(36251) residuals=K:(41,36251),R:(32759,36251),C:(32759,36251),KR:(41,36251),KC:(41,36251),RC:(32759,36251),KRC:(41,36251) hits=p{17:K[28]R[]C[],41:K[]R[]C[],47:K[25]R[]C[]};q{36251:K[]R[]C[]}
p=65519 q=73043 N=4785704317 n=33 d=2 sp=32759(17*41*47) sq=36521(59*619) residuals=K:(41,619),R:(32759,36521),C:(32759,36521),KR:(41,619),KC:(41,619),RC:(32759,36521),KRC:(41,619) hits=p{17:K[11,28]R[]C[],41:K[]R[]C[],47:K[3,9,10]R[]C[]};q{59:K[5]R[]C[],619:K[]R[]C[]}
p=65519 q=74093 N=4854499267 n=33 d=2 sp=32759(17*41*47) sq=37046(2*18523) residuals=K:(41,18523),R:(799,37046),C:(32759,37046),KR:(1,18523),KC:(41,18523),RC:(799,37046),KRC:(1,18523) hits=p{17:K[23,24]R[]C[],41:K[]R[9]C[],47:K[17,18,19]R[]C[]};q{2:K[2,3,4,5,11,12,13,17,18,21,23,25,26,27,28,30,31]R[]C[],18523:K[]R[]C[]}
p=65519 q=74363 N=4872189397 n=33 d=2 sp=32759(17*41*47) sq=37181(37181) residuals=K:(1927,37181),R:(1927,37181),C:(32759,37181),KR:(1927,37181),KC:(1927,37181),RC:(1927,37181),KRC:(1927,37181) hits=p{17:K[3,4]R[7]C[],41:K[]R[]C[],47:K[]R[]C[]};q{37181:K[]R[]C[]}
p=65519 q=75029 N=4915825051 n=33 d=2 sp=32759(17*41*47) sq=37514(2*18757) residuals=K:(799,18757),R:(32759,37514),C:(32759,37514),KR:(799,18757),KC:(799,18757),RC:(32759,37514),KRC:(799,18757) hits=p{17:K[]R[]C[],41:K[12,13,14,15]R[]C[],47:K[]R[]C[]};q{2:K[2,5,6,9,10,12,13,14,17,18,19,20,21,22,23,25,27,28,30,31]R[]C[],18757:K[]R[]C[]}
p=65519 q=75407 N=4940591233 n=33 d=2 sp=32759(17*41*47) sq=37703(37*1019) residuals=K:(32759,37703),R:(697,37703),C:(32759,37703),KR:(697,37703),KC:(32759,37703),RC:(697,37703),KRC:(697,37703) hits=p{17:K[]R[]C[],41:K[]R[]C[],47:K[]R[20]C[]};q{37:K[]R[]C[],1019:K[]R[]C[]}
p=65519 q=75539 N=4949239741 n=33 d=2 sp=32759(17*41*47) sq=37769(179*211) residuals=K:(32759,211),R:(1927,37769),C:(32759,37769),KR:(1927,211),KC:(32759,211),RC:(1927,37769),KRC:(1927,211) hits=p{17:K[]R[21]C[],41:K[]R[]C[],47:K[]R[]C[]};q{179:K[3]R[]C[],211:K[]R[]C[]}
p=65519 q=75653 N=4956708907 n=33 d=2 sp=32759(17*41*47) sq=37826(2*18913) residuals=K:(1927,18913),R:(1927,37826),C:(32759,37826),KR:(1927,18913),KC:(1927,18913),RC:(1927,37826),KRC:(1927,18913) hits=p{17:K[2,3,15,16,21]R[26]C[],41:K[]R[]C[],47:K[]R[]C[]};q{2:K[2,4,6,7,8,9,10,11,12,15,17,18,19,23,27,28,30,31]R[]C[],18913:K[]R[]C[]}
p=65519 q=75983 N=4978330177 n=33 d=2 sp=32759(17*41*47) sq=37991(37991) residuals=K:(697,37991),R:(32759,37991),C:(32759,37991),KR:(697,37991),KC:(697,37991),RC:(32759,37991),KRC:(697,37991) hits=p{17:K[]R[]C[],41:K[]R[]C[],47:K[20]R[]C[]};q{37991:K[]R[]C[]}
p=65519 q=76079 N=4984620001 n=33 d=2 sp=32759(17*41*47) sq=38039(38039) residuals=K:(41,38039),R:(32759,38039),C:(32759,38039),KR:(41,38039),KC:(41,38039),RC:(32759,38039),KRC:(41,38039) hits=p{17:K[8,17]R[]C[],41:K[]R[]C[],47:K[6]R[]C[]};q{38039:K[]R[]C[]}
p=65519 q=76367 N=5003489473 n=33 d=2 sp=32759(17*41*47) sq=38183(38183) residuals=K:(47,38183),R:(32759,38183),C:(32759,38183),KR:(47,38183),KC:(47,38183),RC:(32759,38183),KRC:(47,38183) hits=p{17:K[14,15,16]R[]C[],41:K[13]R[]C[],47:K[]R[]C[]};q{38183:K[]R[]C[]}
p=65519 q=76487 N=5011351753 n=33 d=2 sp=32759(17*41*47) sq=38243(167*229) residuals=K:(1927,38243),R:(799,38243),C:(32759,38243),KR:(47,38243),KC:(1927,38243),RC:(799,38243),KRC:(47,38243) hits=p{17:K[17]R[]C[],41:K[]R[21]C[],47:K[]R[]C[]};q{167:K[]R[]C[],229:K[]R[]C[]}
p=65519 q=76883 N=5037297277 n=33 d=2 sp=32759(17*41*47) sq=38441(13*2957) residuals=K:(32759,2957),R:(1927,2957),C:(32759,38441),KR:(1927,2957),KC:(32759,2957),RC:(1927,2957),KRC:(1927,2957) hits=p{17:K[]R[21]C[],41:K[]R[]C[],47:K[]R[]C[]};q{13:K[19]R[4,10,18]C[],2957:K[]R[]C[]}
p=65519 q=77339 N=5067173941 n=33 d=2 sp=32759(17*41*47) sq=38669(38669) residuals=K:(1927,38669),R:(799,38669),C:(32759,38669),KR:(47,38669),KC:(1927,38669),RC:(799,38669),KRC:(47,38669) hits=p{17:K[18]R[]C[],41:K[]R[14]C[],47:K[]R[]C[]};q{38669:K[]R[]C[]}
p=65519 q=77447 N=5074249993 n=33 d=2 sp=32759(17*41*47) sq=38723(38723) residuals=K:(47,38723),R:(799,38723),C:(32759,38723),KR:(47,38723),KC:(47,38723),RC:(799,38723),KRC:(47,38723) hits=p{17:K[15]R[]C[],41:K[21]R[22]C[],47:K[]R[]C[]};q{38723:K[]R[]C[]}
p=65519 q=77549 N=5080932931 n=33 d=2 sp=32759(17*41*47) sq=38774(2*19387) residuals=K:(1927,19387),R:(32759,38774),C:(32759,38774),KR:(1927,19387),KC:(1927,19387),RC:(32759,38774),KRC:(1927,19387) hits=p{17:K[15,20]R[]C[],41:K[]R[]C[],47:K[]R[]C[]};q{2:K[2,3,4,5,7,8,10,11,12,16,17,18,21,24,28,30,31]R[]C[],19387:K[]R[]C[]}
MENU KR MAX 32759 COUNTS one=5017463 le_n=5796612 le_n2=14580906 le_n3=18474958
MAX_BY_N 4:1 6:1 7:1 8:1 9:1 10:1 11:7 12:23 13:29 14:37 15:83 16:113 17:131 18:239 19:341 20:491 21:683 22:1013 23:1439 24:2003 25:2819 26:4019 27:5723 28:8111 29:11549 30:16343 31:22943 32:32723 33:32759
RECORDS 1187
record p=3 q=5 N=15 n=4 value=1
record p=29 q=53 N=1537 n=11 value=7
record p=47 q=53 N=2491 n=12 value=13
record p=47 q=83 N=3901 n=12 value=23
record p=59 q=83 N=4897 n=13 value=29
record p=83 q=149 N=12367 n=14 value=37
record p=107 q=167 N=17869 n=15 value=53
record p=167 q=179 N=29893 n=15 value=83
record p=179 q=227 N=40633 n=16 value=89
record p=227 q=263 N=59701 n=16 value=113
record p=263 q=347 N=91261 n=17 value=131
record p=347 q=479 N=166213 n=18 value=173
record p=359 q=479 N=171961 n=18 value=179
record p=383 q=467 N=178861 n=18 value=191
record p=419 q=503 N=210757 n=18 value=209
record p=443 q=467 N=206881 n=18 value=221
record p=467 q=503 N=234901 n=18 value=233
record p=479 q=503 N=240937 n=18 value=239
record p=503 q=563 N=283189 n=19 value=251
record p=563 q=587 N=330481 n=19 value=281
record p=587 q=683 N=400921 n=19 value=293
record p=599 q=887 N=531313 n=20 value=299
record p=647 q=1229 N=795163 n=20 value=307
record p=659 q=1019 N=671521 n=20 value=329
record p=683 q=719 N=491077 n=19 value=341
record p=719 q=839 N=603241 n=20 value=359
record p=827 q=1367 N=1130509 n=21 value=413
record p=839 q=887 N=744193 n=20 value=419
record p=863 q=887 N=765481 n=20 value=431
record p=887 q=947 N=839989 n=20 value=443
record p=947 q=983 N=930901 n=20 value=473
record p=983 q=1019 N=1001677 n=20 value=491
record p=1019 q=1187 N=1209553 n=21 value=509
record p=1103 q=1319 N=1454857 n=21 value=551
record p=1151 q=1367 N=1573417 n=21 value=575
record p=1163 q=1367 N=1589821 n=21 value=581
record p=1187 q=1283 N=1522921 n=21 value=593
record p=1223 q=1319 N=1613137 n=21 value=611
record p=1259 q=1283 N=1615297 n=21 value=629
record p=1283 q=1307 N=1676881 n=21 value=641
record p=1307 q=1367 N=1786669 n=21 value=653
record p=1319 q=1367 N=1803073 n=21 value=659
record p=1367 q=1427 N=1950709 n=21 value=683
record p=1427 q=1907 N=2721289 n=22 value=713
record p=1439 q=1487 N=2139793 n=22 value=719
record p=1487 q=1523 N=2264701 n=22 value=743
record p=1499 q=1979 N=2966521 n=22 value=749
record p=1523 q=1619 N=2465737 n=22 value=761
record p=1559 q=2039 N=3178801 n=22 value=779
record p=1583 q=2027 N=3208741 n=22 value=791
record p=1607 q=2063 N=3315241 n=22 value=803
record p=1619 q=1787 N=2893153 n=22 value=809
record p=1667 q=2999 N=4999333 n=23 value=833
record p=1787 q=2063 N=3686581 n=22 value=893
record p=1823 q=1907 N=3476461 n=22 value=911
record p=1847 q=3023 N=5583481 n=23 value=923
record p=1907 q=2027 N=3865489 n=22 value=953
record p=1979 q=2207 N=4367653 n=23 value=989
record p=2027 q=2063 N=4181701 n=22 value=1013
record p=2039 q=2099 N=4279861 n=23 value=1019
record p=2063 q=2099 N=4330237 n=23 value=1031
record p=2087 q=2903 N=6058561 n=23 value=1043
record p=2099 q=2207 N=4632493 n=23 value=1049
record p=2207 q=2447 N=5400529 n=23 value=1103
record p=2243 q=2459 N=5515537 n=23 value=1121
record p=2267 q=3167 N=7179589 n=23 value=1133
record p=2399 q=2903 N=6964297 n=23 value=1199
record p=2423 q=3467 N=8400541 n=24 value=1211
record p=2447 q=2459 N=6017173 n=23 value=1223
record p=2459 q=2543 N=6253237 n=23 value=1229
record p=2543 q=2879 N=7321297 n=23 value=1271
record p=2579 q=2699 N=6960721 n=23 value=1289
record p=2663 q=3167 N=8433721 n=24 value=1331
record p=2687 q=2879 N=7735873 n=23 value=1343
record p=2699 q=2903 N=7835197 n=23 value=1349
record p=2819 q=2903 N=8183557 n=23 value=1409
record p=2879 q=2903 N=8357737 n=23 value=1439
record p=2903 q=2963 N=8601589 n=24 value=1451
record p=2939 q=2963 N=8708257 n=24 value=1469
record p=2963 q=2999 N=8886037 n=24 value=1481
record p=2999 q=3083 N=9245917 n=24 value=1499
record p=3023 q=3083 N=9319909 n=24 value=1511
record p=3083 q=3167 N=9763861 n=24 value=1541
record p=3119 q=3203 N=9990157 n=24 value=1559
record p=3167 q=3203 N=10143901 n=24 value=1583
record p=3203 q=3467 N=11104801 n=24 value=1601
record p=3299 q=3539 N=11675161 n=24 value=1649
record p=3323 q=4703 N=15628069 n=24 value=1661
record p=3359 q=3467 N=11645653 n=24 value=1679
record p=3407 q=3947 N=13447429 n=24 value=1703
record p=3467 q=3527 N=12228109 n=24 value=1733
record p=3527 q=3659 N=12905293 n=24 value=1763
record p=3539 q=3623 N=12821797 n=24 value=1769
record p=3623 q=3659 N=13256557 n=24 value=1811
record p=3659 q=3779 N=13827361 n=24 value=1829
record p=3779 q=3803 N=14371537 n=24 value=1889
record p=3803 q=3863 N=14690989 n=24 value=1901
record p=3863 q=3947 N=15247261 n=24 value=1931
record p=3923 q=3947 N=15484081 n=24 value=1961
record p=3947 q=4007 N=15815629 n=24 value=1973
record p=4007 q=4079 N=16344553 n=24 value=2003
record p=4079 q=4139 N=16882981 n=25 value=2039
record p=4091 q=6827 N=27929257 n=25 value=2045
record p=4127 q=4139 N=17081653 n=25 value=2063
record p=4139 q=4259 N=17628001 n=25 value=2069
record p=4259 q=4283 N=18241297 n=25 value=2129
record p=4283 q=4547 N=19474801 n=25 value=2141
record p=4463 q=4703 N=20989489 n=25 value=2231
record p=4547 q=4679 N=21275413 n=25 value=2273
record p=4583 q=4679 N=21443857 n=25 value=2291
record p=4643 q=5507 N=25569001 n=25 value=2321
record p=4679 q=4919 N=23016001 n=25 value=2339
record p=4703 q=4787 N=22513261 n=25 value=2351
record p=4787 q=4919 N=23547253 n=25 value=2393
record p=4799 q=4919 N=23606281 n=25 value=2399
record p=4919 q=4967 N=24432673 n=25 value=2459
record p=4967 q=5927 N=29439409 n=25 value=2483
record p=5003 q=5087 N=25450261 n=25 value=2501
record p=5039 q=6263 N=31559257 n=25 value=2519
record p=5087 q=5099 N=25938613 n=25 value=2543
record p=5099 q=5387 N=27468313 n=25 value=2549
record p=5147 q=5507 N=28344529 n=25 value=2573
record p=5303 q=5639 N=29903617 n=25 value=2651
record p=5387 q=5483 N=29536921 n=25 value=2693
record p=5399 q=5483 N=29602717 n=25 value=2699
record p=5483 q=5507 N=30194881 n=25 value=2741
record p=5507 q=5639 N=31053973 n=25 value=2753
record p=5519 q=5807 N=32048833 n=25 value=2759
record p=5639 q=5807 N=32745673 n=25 value=2819
record p=5783 q=5927 N=34275841 n=26 value=2891
record p=5807 q=5879 N=34139353 n=26 value=2903
record p=5843 q=6599 N=38557957 n=26 value=2921
record p=5867 q=9323 N=54698041 n=26 value=2933
record p=5879 q=5927 N=34844833 n=26 value=2939
record p=5903 q=7643 N=45116629 n=26 value=2951
record p=5927 q=5939 N=35200453 n=26 value=2963
record p=5939 q=6047 N=35913133 n=26 value=2969
record p=5987 q=6599 N=39508213 n=26 value=2993
record p=6047 q=6263 N=37872361 n=26 value=3023
record p=6143 q=6599 N=40537657 n=26 value=3071
record p=6203 q=6779 N=42050137 n=26 value=3101
record p=6263 q=6599 N=41329537 n=26 value=3131
record p=6287 q=6359 N=39979033 n=26 value=3143
record p=6299 q=6659 N=41945041 n=26 value=3149
record p=6323 q=6659 N=42104857 n=26 value=3161
record p=6359 q=12203 N=77598877 n=27 value=3179
record p=6551 q=10247 N=67128097 n=27 value=3275
record p=6563 q=6599 N=43309237 n=26 value=3281
record p=6599 q=6659 N=43942741 n=26 value=3299
record p=6659 q=6779 N=45141361 n=26 value=3329
record p=6719 q=6779 N=45548101 n=26 value=3359
record p=6779 q=6827 N=46280233 n=26 value=3389
record p=6803 q=6947 N=47260441 n=26 value=3401
record p=6827 q=6863 N=46853701 n=26 value=3413
record p=6863 q=6899 N=47347837 n=26 value=3431
record p=6899 q=6947 N=47927353 n=26 value=3449
record p=6947 q=7247 N=50344909 n=26 value=3473
record p=6959 q=7559 N=52603081 n=26 value=3479
record p=6983 q=7079 N=49432657 n=26 value=3491
record p=7019 q=8543 N=59963317 n=26 value=3509
record p=7043 q=7187 N=50618041 n=26 value=3521
record p=7079 q=7187 N=50876773 n=26 value=3539
record p=7103 q=7487 N=53180161 n=26 value=3551
record p=7187 q=7247 N=52084189 n=26 value=3593
record p=7247 q=7487 N=54258289 n=26 value=3623
record p=7283 q=7703 N=56100949 n=26 value=3641
record p=7307 q=8147 N=59530129 n=26 value=3653
record p=7451 q=10883 N=81089233 n=27 value=3725
record p=7487 q=7703 N=57672361 n=26 value=3743
record p=7499 q=7523 N=56414977 n=26 value=3749
record p=7523 q=7559 N=56866357 n=26 value=3761
record p=7559 q=7607 N=57501313 n=26 value=3779
record p=7583 q=8039 N=60959737 n=26 value=3791
record p=7607 q=7643 N=58140301 n=26 value=3803
record p=7643 q=7703 N=58874029 n=26 value=3821
record p=7703 q=7823 N=60260569 n=26 value=3851
record p=7727 q=7823 N=60448321 n=26 value=3863
record p=7823 q=7907 N=61856461 n=26 value=3911
record p=7883 q=8699 N=68574217 n=27 value=3941
record p=7907 q=8039 N=63564373 n=26 value=3953
record p=7919 q=8147 N=64516093 n=26 value=3959
record p=8039 q=8147 N=65493733 n=26 value=4019
record p=8087 q=8783 N=71028121 n=27 value=4043
record p=8123 q=8423 N=68420029 n=27 value=4061
record p=8147 q=8423 N=68622181 n=27 value=4073
record p=8219 q=8363 N=68735497 n=27 value=4109
record p=8243 q=8423 N=69430789 n=27 value=4121
record p=8363 q=8423 N=70441549 n=27 value=4181
record p=8387 q=10163 N=85237081 n=27 value=4193
record p=8423 q=8543 N=71957689 n=27 value=4211
record p=8447 q=8699 N=73480453 n=27 value=4223
record p=8543 q=8699 N=74315557 n=27 value=4271
record p=8627 q=8699 N=75046273 n=27 value=4313
record p=8663 q=8747 N=75775261 n=27 value=4331
record p=8699 q=8747 N=76090153 n=27 value=4349
record p=8747 q=8783 N=76824901 n=27 value=4373
record p=8783 q=8819 N=77457277 n=27 value=4391
record p=8807 q=10559 N=92993113 n=27 value=4403
record p=8819 q=8963 N=79044697 n=27 value=4409
record p=8963 q=9203 N=82486489 n=27 value=4481
record p=8999 q=9743 N=87677257 n=27 value=4499
record p=9059 q=9203 N=83369977 n=27 value=4529
record p=9203 q=9323 N=85799569 n=27 value=4601
record p=9227 q=10499 N=96874273 n=27 value=4613
record p=9239 q=9839 N=90902521 n=27 value=4619
record p=9323 q=9467 N=88260841 n=27 value=4661
record p=9371 q=11027 N=103334017 n=27 value=4685
record p=9419 q=9839 N=92673541 n=27 value=4709
record p=9467 q=9587 N=90760129 n=27 value=4733
record p=9479 q=17483 N=165721357 n=28 value=4739
record p=9539 q=9743 N=92938477 n=27 value=4769
record p=9551 q=11423 N=109101073 n=27 value=4775
record p=9587 q=9719 N=93176053 n=27 value=4793
record p=9623 q=9839 N=94680697 n=27 value=4811
record p=9719 q=9839 N=95625241 n=27 value=4859
record p=9743 q=9839 N=95861377 n=27 value=4871
record p=9767 q=10667 N=104184589 n=27 value=4883
record p=9803 q=10979 N=107627137 n=27 value=4901
record p=9839 q=10007 N=98458873 n=27 value=4919
record p=9887 q=10007 N=98939209 n=27 value=4943
record p=9923 q=15083 N=149668609 n=28 value=4961
record p=10007 q=10079 N=100860553 n=27 value=5003
record p=10079 q=10103 N=101828137 n=27 value=5039
record p=10103 q=10139 N=102434317 n=27 value=5051
record p=10139 q=10163 N=103042657 n=27 value=5069
record p=10163 q=10247 N=104140261 n=27 value=5081
record p=10223 q=10343 N=105736489 n=27 value=5111
record p=10247 q=10259 N=105123973 n=27 value=5123
record p=10259 q=10463 N=107339917 n=27 value=5129
record p=10343 q=10463 N=108218809 n=27 value=5171
record p=10427 q=11423 N=119107621 n=27 value=5213
record p=10463 q=10607 N=110981041 n=27 value=5231
record p=10487 q=15299 N=160440613 n=28 value=5243
record p=10499 q=10667 N=111992833 n=27 value=5249
record p=10559 q=10607 N=111999313 n=27 value=5279
record p=10607 q=10667 N=113144869 n=27 value=5303
record p=10667 q=10799 N=115192933 n=27 value=5333
record p=10799 q=10859 N=117266341 n=27 value=5399
record p=10847 q=19379 N=210204013 n=28 value=5423
record p=10859 q=10883 N=118178497 n=27 value=5429
record p=10883 q=10979 N=119484457 n=27 value=5441
record p=10979 q=11003 N=120801937 n=27 value=5489
record p=11003 q=11087 N=121990261 n=27 value=5501
record p=11027 q=11279 N=124373533 n=27 value=5513
record p=11087 q=11483 N=127312021 n=27 value=5543
record p=11159 q=12119 N=135235921 n=28 value=5579
record p=11279 q=11423 N=128840017 n=27 value=5639
record p=11351 q=18119 N=205668769 n=28 value=5675
record p=11399 q=11447 N=130484353 n=27 value=5699
record p=11423 q=11447 N=130759081 n=27 value=5711
record p=11447 q=11483 N=131445901 n=27 value=5723
record p=11483 q=11699 N=134339617 n=28 value=5741
record p=11519 q=11807 N=136004833 n=28 value=5759
record p=11579 q=18119 N=209799901 n=28 value=5789
record p=11699 q=11783 N=137849317 n=28 value=5849
record p=11783 q=11939 N=140677237 n=28 value=5891
record p=11807 q=11939 N=140963773 n=28 value=5903
record p=11867 q=12983 N=154069261 n=28 value=5933
record p=11903 q=12527 N=149108881 n=28 value=5951
record p=11927 q=12107 N=144400189 n=28 value=5963
record p=11939 q=12203 N=145691617 n=28 value=5969
record p=11987 q=12899 N=154620313 n=28 value=5993
record p=12107 q=12143 N=147015301 n=28 value=6053
record p=12119 q=12263 N=148615297 n=28 value=6059
record p=12143 q=12203 N=148181029 n=28 value=6071
record p=12203 q=12227 N=149206081 n=28 value=6101
record p=12227 q=12263 N=149939701 n=28 value=6113
record p=12239 q=12323 N=150821197 n=28 value=6119
record p=12263 q=12323 N=151116949 n=28 value=6131
record p=12323 q=12347 N=152152081 n=28 value=6161
record p=12347 q=12527 N=154670869 n=28 value=6173
record p=12479 q=12539 N=156474181 n=28 value=6239
record p=12527 q=12539 N=157076053 n=28 value=6263
record p=12539 q=12647 N=158580733 n=28 value=6269
record p=12647 q=12659 N=160098373 n=28 value=6323
record p=12659 q=12899 N=163288441 n=28 value=6329
record p=12743 q=13163 N=167736109 n=28 value=6371
record p=12899 q=12983 N=167467717 n=28 value=6449
record p=12959 q=13523 N=175244557 n=28 value=6479
record p=12983 q=13043 N=169337269 n=28 value=6491
record p=13007 q=16139 N=209919973 n=28 value=6503
record p=13043 q=13103 N=170902429 n=28 value=6521
record p=13103 q=13127 N=172003081 n=28 value=6551
record p=13127 q=13163 N=172790701 n=28 value=6563
record p=13163 q=13187 N=173580481 n=28 value=6581
record p=13187 q=14159 N=186714733 n=28 value=6593
record p=13259 q=17327 N=229738693 n=28 value=6629
record p=13367 q=13463 N=179959921 n=28 value=6683
record p=13463 q=13499 N=181737037 n=28 value=6731
record p=13487 q=13523 N=182384701 n=28 value=6743
record p=13499 q=14159 N=191132341 n=28 value=6749
record p=13523 q=13619 N=184169737 n=28 value=6761
record p=13619 q=14783 N=201329677 n=28 value=6809
record p=13679 q=14699 N=201067621 n=28 value=6839
record p=13763 q=24107 N=331784641 n=29 value=6881
record p=13799 q=13907 N=191902693 n=28 value=6899
record p=13859 q=14423 N=199888357 n=28 value=6929
record p=13883 q=15959 N=221558797 n=28 value=6941
record p=13907 q=14207 N=197576749 n=28 value=6953
record p=13967 q=14087 N=196753129 n=28 value=6983
record p=14087 q=14159 N=199457833 n=28 value=7043
record p=14159 q=14243 N=201666637 n=28 value=7079
record p=14207 q=14243 N=202350301 n=28 value=7103
record p=14243 q=14387 N=204914041 n=28 value=7121
record p=14303 q=14387 N=205777261 n=28 value=7151
record p=14327 q=14423 N=206638321 n=28 value=7163
record p=14387 q=14423 N=207503701 n=28 value=7193
record p=14423 q=14627 N=210965221 n=28 value=7211
record p=14447 q=14759 N=213223273 n=28 value=7223
record p=14519 q=14627 N=212369413 n=28 value=7259
record p=14543 q=14639 N=212894977 n=28 value=7271
record p=14627 q=14699 N=215002273 n=28 value=7313
record p=14639 q=16139 N=236258821 n=28 value=7319
record p=14699 q=14759 N=216942541 n=28 value=7349
record p=14723 q=15083 N=222067009 n=28 value=7361
record p=14747 q=14867 N=219243649 n=28 value=7373
record p=14759 q=14843 N=219067837 n=28 value=7379
record p=14783 q=15083 N=222971989 n=28 value=7391
record p=14843 q=15227 N=226014361 n=28 value=7421
record p=14867 q=15083 N=224238961 n=28 value=7433
record p=14879 q=15299 N=227633821 n=28 value=7439
record p=15083 q=15287 N=230573821 n=28 value=7541
record p=15227 q=15299 N=232957873 n=28 value=7613
record p=15263 q=16319 N=249076897 n=28 value=7631
record p=15287 q=15299 N=233875813 n=28 value=7643
record p=15299 q=15383 N=235344517 n=28 value=7649
record p=15383 q=15647 N=240697801 n=28 value=7691
record p=15443 q=21767 N=336147781 n=29 value=7721
record p=15647 q=15683 N=245391901 n=28 value=7823
record p=15683 q=15767 N=247273861 n=28 value=7841
record p=15767 q=15803 N=249165901 n=28 value=7883
record p=15791 q=28703 N=453249073 n=29 value=7895
record p=15803 q=15959 N=252200077 n=28 value=7901
record p=15887 q=16139 N=256400293 n=28 value=7943
record p=15923 q=16979 N=270356617 n=29 value=7961
record p=15959 q=16067 N=256413253 n=28 value=7979
record p=16007 q=16187 N=259105309 n=28 value=8003
record p=16067 q=16187 N=260076529 n=28 value=8033
record p=16091 q=17387 N=279774217 n=29 value=8045
record p=16103 q=16319 N=262784857 n=28 value=8051
record p=16127 q=18743 N=302268361 n=29 value=8063
record p=16139 q=16187 N=261241993 n=28 value=8069
record p=16187 q=16319 N=264155653 n=28 value=8093
record p=16223 q=16427 N=266495221 n=28 value=8111
record p=16319 q=16487 N=269051353 n=29 value=8159
record p=16427 q=17387 N=285616249 n=29 value=8213
record p=16487 q=16547 N=272810389 n=29 value=8243
record p=16547 q=16943 N=280355821 n=29 value=8273
record p=16607 q=18059 N=299905813 n=29 value=8303
record p=16619 q=20507 N=340805833 n=29 value=8309
record p=16703 q=18119 N=302641657 n=29 value=8351
record p=16763 q=18443 N=309160009 n=29 value=8381
record p=16823 q=16943 N=285032089 n=29 value=8411
record p=16883 q=17519 N=295773277 n=29 value=8441
record p=16943 q=17099 N=289708357 n=29 value=8471
record p=16979 q=17027 N=289101433 n=29 value=8489
record p=17027 q=17099 N=291144673 n=29 value=8513
record p=17099 q=17327 N=296274373 n=29 value=8549
record p=17123 q=22643 N=387716089 n=29 value=8561
record p=17159 q=17519 N=300608521 n=29 value=8579
record p=17183 q=18443 N=316906069 n=29 value=8591
record p=17207 q=18119 N=311773633 n=29 value=8603
record p=17327 q=17387 N=301264549 n=29 value=8663
record p=17387 q=17483 N=303976921 n=29 value=8693
record p=17471 q=23327 N=407546017 n=29 value=8735
record p=17483 q=17747 N=310270801 n=29 value=8741
record p=17519 q=17807 N=311960833 n=29 value=8759
record p=17579 q=34883 N=613208257 n=30 value=8789
record p=17747 q=19259 N=341789473 n=29 value=8873
record p=17783 q=18587 N=330532621 n=29 value=8891
record p=17807 q=17903 N=318798721 n=29 value=8903
record p=17891 q=32003 N=572565673 n=30 value=8945
record p=17903 q=17939 N=321161917 n=29 value=8951
record p=17939 q=18059 N=323960401 n=29 value=8969
record p=17987 q=19319 N=347490853 n=29 value=8993
record p=18047 q=33647 N=607227409 n=30 value=9023
record p=18059 q=18119 N=327211021 n=29 value=9029
record p=18119 q=18287 N=331342153 n=29 value=9059
record p=18143 q=18287 N=331781041 n=29 value=9071
record p=18287 q=18587 N=339900469 n=29 value=9143
record p=18443 q=18587 N=342800041 n=29 value=9221
record p=18503 q=18959 N=350798377 n=29 value=9251
record p=18539 q=21839 N=404873221 n=29 value=9269
record p=18587 q=18743 N=348376141 n=29 value=9293
record p=18719 q=21059 N=394203421 n=29 value=9359
record p=18743 q=18839 N=353099377 n=29 value=9371
record p=18839 q=18947 N=356942533 n=29 value=9419
record p=18899 q=21587 N=407972713 n=29 value=9449
record p=18947 q=19079 N=361489813 n=29 value=9473
record p=18959 q=19079 N=361718761 n=29 value=9479
record p=19079 q=19259 N=367442461 n=29 value=9539
record p=19163 q=21587 N=413671681 n=29 value=9581
record p=19259 q=19379 N=373220161 n=29 value=9629
record p=19319 q=20663 N=399188497 n=29 value=9659
record p=19379 q=19739 N=382522081 n=29 value=9689
record p=19403 q=19739 N=382995817 n=29 value=9701
record p=19427 q=24239 N=470891053 n=29 value=9713
record p=19463 q=19739 N=384180157 n=29 value=9731
record p=19583 q=19739 N=386548837 n=29 value=9791
record p=19727 q=37547 N=740689669 n=30 value=9863
record p=19739 q=19763 N=390101857 n=29 value=9869
record p=19763 q=20507 N=405279841 n=29 value=9881
record p=19919 q=20807 N=414454633 n=29 value=9959
record p=20063 q=28283 N=567441829 n=30 value=10031
record p=20123 q=20183 N=406142509 n=29 value=10061
record p=20147 q=22343 N=450144421 n=29 value=10073
record p=20183 q=20327 N=410259841 n=29 value=10091
record p=20219 q=21419 N=433070761 n=29 value=10109
record p=20327 q=20507 N=416845789 n=29 value=10163
record p=20399 q=21383 N=436191817 n=29 value=10199
record p=20483 q=32783 N=671494189 n=30 value=10241
record p=20507 q=20627 N=422997889 n=29 value=10253
record p=20543 q=20627 N=423740461 n=29 value=10271
record p=20627 q=20663 N=426215701 n=29 value=10313
record p=20639 q=21227 N=438104053 n=29 value=10319
record p=20663 q=20759 N=428943217 n=29 value=10331
record p=20747 q=23459 N=486703873 n=29 value=10373
record p=20759 q=21059 N=437163781 n=29 value=10379
record p=20807 q=21059 N=438174613 n=29 value=10403
record p=20879 q=34367 N=717548593 n=30 value=10439
record p=20903 q=21683 N=453239749 n=29 value=10451
record p=20939 q=21383 N=447738637 n=29 value=10469
record p=20963 q=21059 N=441459817 n=29 value=10481
record p=21023 q=21467 N=451300741 n=29 value=10511
record p=21059 q=21179 N=446008561 n=29 value=10529
record p=21107 q=21179 N=447025153 n=29 value=10553
record p=21143 q=21227 N=448802461 n=29 value=10571
record p=21179 q=21227 N=449566633 n=29 value=10589
record p=21227 q=21383 N=453896941 n=29 value=10613
record p=21323 q=28643 N=610754689 n=30 value=10661
record p=21347 q=23399 N=499498453 n=29 value=10673
record p=21383 q=21419 N=458002477 n=29 value=10691
record p=21419 q=21467 N=459801673 n=29 value=10709
record p=21467 q=21563 N=462892921 n=29 value=10733
record p=21503 q=22619 N=486376357 n=29 value=10751
record p=21563 q=21647 N=466774261 n=29 value=10781
record p=21587 q=21863 N=471956581 n=29 value=10793
record p=21599 q=21647 N=467553553 n=29 value=10799
record p=21647 q=22259 N=481840573 n=29 value=10823
record p=21683 q=22643 N=490968169 n=29 value=10841
record p=21767 q=21803 N=474585901 n=29 value=10883
record p=21803 q=22643 N=493685329 n=29 value=10901
record p=21839 q=22283 N=486638437 n=29 value=10919
record p=21863 q=22619 N=494519197 n=29 value=10931
record p=22067 q=27767 N=612734389 n=30 value=11033
record p=22247 q=24527 N=545652169 n=30 value=11123
record p=22259 q=22343 N=497332837 n=29 value=11129
record p=22283 q=23603 N=525945649 n=29 value=11141
record p=22307 q=22619 N=504562033 n=29 value=11153
record p=22343 q=22619 N=505376317 n=29 value=11171
record p=22367 q=22619 N=505919173 n=29 value=11183
record p=22619 q=22643 N=512162017 n=29 value=11309
record p=22643 q=22739 N=514879177 n=29 value=11321
record p=22679 q=24083 N=546178357 n=30 value=11339
record p=22727 q=22739 N=516789253 n=29 value=11363
record p=22739 q=22787 N=518153593 n=29 value=11369
record p=22787 q=22943 N=522802141 n=29 value=11393
record p=22859 q=23663 N=540912517 n=30 value=11429
record p=22907 q=24203 N=554418121 n=30 value=11453
record p=22943 q=23099 N=529960357 n=29 value=11471
record p=23003 q=24083 N=553981249 n=30 value=11501
record p=23027 q=23099 N=531900673 n=29 value=11513
record p=23039 q=23099 N=532177861 n=29 value=11519
record p=23063 q=23447 N=540758161 n=30 value=11531
record p=23099 q=23159 N=534949741 n=29 value=11549
record p=23159 q=23279 N=539118361 n=30 value=11579
record p=23279 q=23399 N=544705321 n=30 value=11639
record p=23327 q=23399 N=545828473 n=30 value=11663
record p=23339 q=23879 N=557311981 n=30 value=11669
record p=23399 q=23459 N=548917141 n=30 value=11699
record p=23447 q=23567 N=552575449 n=30 value=11723
record p=23459 q=23567 N=552858253 n=30 value=11729
record p=23567 q=23603 N=556251901 n=30 value=11783
record p=23603 q=23627 N=557668081 n=30 value=11801
record p=23627 q=23663 N=559085701 n=30 value=11813
record p=23663 q=23687 N=560505481 n=30 value=11831
record p=23687 q=23879 N=565621873 n=30 value=11843
record p=23747 q=24023 N=570474181 n=30 value=11873
record p=23819 q=23879 N=568773901 n=30 value=11909
record p=23879 q=24023 N=573645217 n=30 value=11939
record p=24023 q=24083 N=578545909 n=30 value=12011
record p=24083 q=24203 N=582880849 n=30 value=12041
record p=24107 q=25307 N=610075849 n=30 value=12053
record p=24203 q=24239 N=586656517 n=30 value=12101
record p=24239 q=24359 N=590437801 n=30 value=12119
record p=24359 q=24407 N=594530113 n=30 value=12179
record p=24371 q=47507 N=1157793097 n=31 value=12185
record p=24407 q=24527 N=598630489 n=30 value=12203
record p=24419 q=24527 N=598924813 n=30 value=12209
record p=24443 q=24527 N=599513461 n=30 value=12221
record p=24527 q=24659 N=604811293 n=30 value=12263
record p=24623 q=25307 N=623134261 n=30 value=12311
record p=24659 q=25163 N=620494417 n=30 value=12329
record p=24671 q=39839 N=982867969 n=30 value=12335
record p=24767 q=25583 N=633614161 n=30 value=12383
record p=24923 q=26003 N=648072769 n=30 value=12461
record p=25127 q=26927 N=676594729 n=30 value=12563
record p=25163 q=25583 N=643745029 n=30 value=12581
record p=25247 q=28559 N=721029073 n=30 value=12623
record p=25307 q=25523 N=645910561 n=30 value=12653
record p=25343 q=25367 N=642875881 n=30 value=12671
record p=25367 q=26627 N=675447109 n=30 value=12683
record p=25463 q=25703 N=654475489 n=30 value=12731
record p=25523 q=26627 N=679600921 n=30 value=12761
record p=25583 q=25643 N=656024869 n=30 value=12791
record p=25643 q=25679 N=658486597 n=30 value=12821
record p=25667 q=25703 N=659718901 n=30 value=12833
record p=25679 q=25847 N=663725113 n=30 value=12839
record p=25703 q=25799 N=663111697 n=30 value=12851
record p=25763 q=26627 N=685991401 n=30 value=12881
record p=25799 q=25847 N=666826753 n=30 value=12899
record p=25847 q=26003 N=672099541 n=30 value=12923
record p=25919 q=26003 N=673971757 n=30 value=12959
record p=26003 q=26099 N=678652297 n=30 value=13001
record p=26099 q=26387 N=688674313 n=30 value=13049
record p=26183 q=51503 N=1348503049 n=31 value=13091
record p=26267 q=26927 N=707291509 n=30 value=13133
record p=26339 q=27143 N=714919477 n=30 value=13169
record p=26387 q=26459 N=698173633 n=30 value=13193
record p=26399 q=26459 N=698491141 n=30 value=13199
record p=26423 q=26723 N=706101829 n=30 value=13211
record p=26459 q=26627 N=704523793 n=30 value=13229
record p=26627 q=26723 N=711553321 n=30 value=13313
record p=26687 q=27107 N=723404509 n=30 value=13343
record p=26699 q=30203 N=806389897 n=30 value=13349
record p=26711 q=41927 N=1119912097 n=31 value=13355
record p=26723 q=26903 N=718928869 n=30 value=13361
record p=26759 q=27299 N=730493941 n=30 value=13379
record p=26783 q=42683 N=1143178789 n=31 value=13391
record p=26879 q=26927 N=723770833 n=30 value=13439
record p=26903 q=26987 N=726031261 n=30 value=13451
record p=26927 q=26987 N=726678949 n=30 value=13463
record p=26987 q=27059 N=730241233 n=30 value=13493
record p=27059 q=27107 N=733488313 n=30 value=13529
record p=27107 q=27143 N=735765301 n=30 value=13553
record p=27143 q=27179 N=737719597 n=30 value=13571
record p=27179 q=27239 N=740328781 n=30 value=13589
record p=27239 q=27299 N=743597461 n=30 value=13619
record p=27299 q=27407 N=748183693 n=30 value=13649
record p=27407 q=27527 N=754432489 n=30 value=13703
record p=27479 q=31607 N=868528753 n=30 value=13739
record p=27527 q=27767 N=764342209 n=30 value=13763
record p=27539 q=39107 N=1076967673 n=31 value=13769
record p=27647 q=27767 N=767674249 n=30 value=13823
record p=27743 q=34283 N=951113269 n=30 value=13871
record p=27767 q=27803 N=772005901 n=30 value=13883
record p=27779 q=28163 N=782339977 n=30 value=13889
record p=27803 q=27827 N=773674081 n=30 value=13901
record p=27827 q=27947 N=777681169 n=30 value=13913
record p=27947 q=28283 N=790425001 n=30 value=13973
record p=27983 q=28019 N=784055677 n=30 value=13991
record p=28019 q=28163 N=789099097 n=30 value=14009
record p=28163 q=28283 N=796534129 n=30 value=14081
record p=28283 q=28307 N=800606881 n=30 value=14141
record p=28307 q=28499 N=806721193 n=30 value=14153
record p=28319 q=28499 N=807063181 n=30 value=14159
record p=28403 q=29867 N=848312401 n=30 value=14201
record p=28439 q=28499 N=810483061 n=30 value=14219
record p=28463 q=42899 N=1221034237 n=31 value=14231
record p=28499 q=28559 N=813902941 n=30 value=14249
record p=28547 q=38783 N=1107138301 n=31 value=14273
record p=28559 q=28643 N=818015437 n=30 value=14279
record p=28607 q=28643 N=819390301 n=30 value=14303
record p=28619 q=28643 N=819734017 n=30 value=14309
record p=28643 q=28859 N=826608337 n=30 value=14321
record p=28703 q=28859 N=828339877 n=30 value=14351
record p=28859 q=28979 N=836304961 n=30 value=14429
record p=28979 q=29123 N=843955417 n=30 value=14489
record p=29027 q=29123 N=845353321 n=30 value=14513
record p=29063 q=29663 N=862095769 n=30 value=14531
record p=29123 q=29207 N=850595461 n=30 value=14561
record p=29147 q=38867 N=1132856449 n=31 value=14573
record p=29207 q=29243 N=854100301 n=30 value=14603
record p=29243 q=29339 N=857960377 n=30 value=14621
record p=29327 q=33623 N=986061721 n=30 value=14663
record p=29339 q=29399 N=862537261 n=30 value=14669
record p=29363 q=29399 N=863242837 n=30 value=14681
record p=29387 q=47639 N=1399967293 n=31 value=14693
record p=29399 q=29483 N=866770717 n=30 value=14699
record p=29423 q=29759 N=875599057 n=30 value=14711
record p=29483 q=29663 N=874554229 n=30 value=14741
record p=29567 q=29663 N=877045921 n=30 value=14783
record p=29663 q=29879 N=886300777 n=30 value=14831
record p=29759 q=29819 N=887383621 n=30 value=14879
record p=29819 q=30323 N=904201537 n=30 value=14909
record p=29867 q=30203 N=902073001 n=30 value=14933
record p=29879 q=30047 N=897774313 n=30 value=14939
record p=29927 q=32183 N=963140641 n=30 value=14963
record p=30047 q=30347 N=911836309 n=30 value=15023
record p=30119 q=31259 N=941489821 n=30 value=15059
record p=30203 q=30323 N=915845569 n=30 value=15101
record p=30323 q=30347 N=920212081 n=30 value=15161
record p=30347 q=30467 N=924582049 n=30 value=15173
record p=30467 q=30539 N=930431713 n=30 value=15233
record p=30539 q=30803 N=940692817 n=30 value=15269
record p=30671 q=36383 N=1115902993 n=31 value=15335
record p=30707 q=31847 N=977925829 n=30 value=15353
record p=30803 q=30839 N=949933717 n=30 value=15401
record p=30839 q=31079 N=958445281 n=30 value=15419
record p=30971 q=57803 N=1790216713 n=31 value=15485
record p=30983 q=35879 N=1111639057 n=31 value=15491
record p=31019 q=33599 N=1042207381 n=30 value=15509
record p=31079 q=31247 N=971125513 n=30 value=15539
record p=31091 q=58907 N=1831477537 n=31 value=15545
record p=31139 q=31223 N=972252997 n=30 value=15569
record p=31223 q=31259 N=975999757 n=30 value=15611
record p=31247 q=31607 N=987623929 n=30 value=15623
record p=31259 q=31547 N=986127673 n=30 value=15629
record p=31307 q=34319 N=1074424933 n=31 value=15653
record p=31319 q=39323 N=1231557037 n=31 value=15659
record p=31379 q=32507 N=1020037153 n=30 value=15689
record p=31547 q=31607 N=997106029 n=30 value=15773
record p=31583 q=31607 N=998243881 n=30 value=15791
record p=31607 q=31667 N=1000898869 n=30 value=15803
record p=31643 q=34367 N=1087474981 n=31 value=15821
record p=31667 q=31847 N=1008498949 n=30 value=15833
record p=31727 q=31847 N=1010409769 n=30 value=15863
record p=31799 q=31847 N=1012702753 n=30 value=15899
record p=31847 q=31859 N=1014613573 n=30 value=15923
record p=31859 q=33347 N=1062402073 n=30 value=15929
record p=31883 q=32687 N=1042159621 n=30 value=15941
record p=31907 q=34583 N=1103439781 n=31 value=15953
record p=32003 q=32027 N=1024960081 n=30 value=16001
record p=32027 q=32183 N=1030724941 n=30 value=16013
record p=32063 q=33587 N=1076899981 n=31 value=16031
record p=32099 q=32603 N=1046523697 n=30 value=16049
record p=32159 q=33599 N=1080510241 n=31 value=16079
record p=32183 q=32303 N=1039607449 n=30 value=16091
record p=32303 q=33347 N=1077208141 n=31 value=16151
record p=32327 q=38783 N=1253738041 n=31 value=16163
record p=32363 q=33479 N=1083480877 n=31 value=16181
record p=32423 q=36563 N=1185482149 n=31 value=16211
record p=32507 q=32603 N=1059825721 n=30 value=16253
record p=32603 q=32843 N=1070780329 n=30 value=16301
record p=32687 q=32783 N=1071577921 n=30 value=16343
record p=32783 q=32939 N=1079839237 n=31 value=16391
record p=32843 q=32939 N=1081815577 n=31 value=16421
record p=32939 q=33179 N=1092883081 n=31 value=16469
record p=32987 q=33107 N=1092100609 n=31 value=16493
record p=32999 q=33107 N=1092497893 n=31 value=16499
record p=33023 q=38327 N=1265672521 n=31 value=16511
record p=33107 q=33347 N=1104019129 n=31 value=16553
record p=33119 q=33563 N=1111572997 n=31 value=16559
record p=33179 q=33347 N=1106420113 n=31 value=16589
record p=33203 q=33479 N=1111603237 n=31 value=16601
record p=33287 q=38327 N=1275790849 n=31 value=16643
record p=33347 q=33599 N=1120425853 n=31 value=16673
record p=33359 q=33599 N=1120829041 n=31 value=16679
record p=33479 q=33647 N=1126467913 n=31 value=16739
record p=33503 q=36467 N=1221753901 n=31 value=16751
record p=33563 q=33623 N=1128488749 n=31 value=16781
record p=33587 q=34019 N=1142596153 n=31 value=16793
record p=33599 q=33623 N=1129699177 n=31 value=16799
record p=33623 q=33767 N=1135347841 n=31 value=16811
record p=33647 q=33767 N=1136158249 n=31 value=16823
record p=33767 q=33863 N=1143451921 n=31 value=16883
record p=33827 q=35747 N=1209213769 n=31 value=16913
record p=33863 q=34019 N=1151985397 n=31 value=16931
record p=33923 q=44123 N=1496784529 n=31 value=16961
record p=34019 q=34283 N=1166273377 n=31 value=17009
record p=34127 q=34283 N=1169975941 n=31 value=17063
record p=34259 q=35507 N=1216434313 n=31 value=17129
record p=34283 q=34319 N=1176558277 n=31 value=17141
record p=34319 q=34403 N=1180676557 n=31 value=17159
record p=34367 q=34403 N=1182327901 n=31 value=17183
record p=34403 q=34439 N=1184804917 n=31 value=17201
record p=34439 q=34583 N=1191003937 n=31 value=17219
record p=34487 q=34583 N=1192663921 n=31 value=17243
record p=34499 q=34583 N=1193078917 n=31 value=17249
record p=34583 q=34667 N=1198888861 n=31 value=17291
record p=34607 q=55487 N=1920238609 n=31 value=17303
record p=34667 q=34703 N=1203048901 n=31 value=17333
record p=34679 q=65579 N=2274214141 n=32 value=17339
record p=34703 q=34883 N=1210544749 n=31 value=17351
record p=34739 q=35423 N=1230559597 n=31 value=17369
record p=34883 q=35159 N=1226451397 n=31 value=17441
record p=34919 q=35363 N=1234840597 n=31 value=17459
record p=35027 q=35159 N=1231514293 n=31 value=17513
record p=35099 q=37607 N=1319968093 n=31 value=17549
record p=35159 q=35339 N=1242483901 n=31 value=17579
record p=35279 q=35339 N=1246724581 n=31 value=17639
record p=35327 q=35963 N=1270464901 n=31 value=17663
record p=35339 q=35363 N=1249693057 n=31 value=17669
record p=35363 q=35507 N=1255634041 n=31 value=17681
record p=35423 q=35543 N=1259039689 n=31 value=17711
record p=35447 q=36263 N=1285414561 n=31 value=17723
record p=35507 q=35759 N=1269694813 n=31 value=17753
record p=35543 q=36467 N=1296146581 n=31 value=17771
record p=35603 q=35759 N=1273127677 n=31 value=17801
record p=35747 q=35963 N=1285569361 n=31 value=17873
record p=35759 q=37547 N=1342643173 n=31 value=17879
record p=35879 q=35963 N=1290316477 n=31 value=17939
record p=35963 q=36083 N=1297652929 n=31 value=17981
record p=35999 q=36383 N=1309751617 n=31 value=17999
record p=36083 q=36263 N=1308477829 n=31 value=18041
record p=36107 q=47459 N=1713602113 n=31 value=18053
record p=36263 q=36299 N=1316310637 n=31 value=18131
record p=36299 q=36383 N=1320666517 n=31 value=18149
record p=36383 q=36467 N=1326778861 n=31 value=18191
record p=36467 q=36683 N=1337718961 n=31 value=18233
record p=36479 q=38639 N=1409512081 n=31 value=18239
record p=36563 q=36767 N=1344311821 n=31 value=18281
record p=36587 q=36923 N=1350901801 n=31 value=18293
record p=36599 q=36887 N=1350027313 n=31 value=18299
record p=36683 q=36767 N=1348723861 n=31 value=18341
record p=36767 q=36887 N=1356224329 n=31 value=18383
record p=36887 q=36923 N=1361978701 n=31 value=18443
record p=36899 q=36923 N=1362421777 n=31 value=18449
record p=36923 q=37223 N=1374384829 n=31 value=18461
record p=37019 q=37463 N=1386842797 n=31 value=18509
record p=37139 q=37307 N=1385544673 n=31 value=18569
record p=37199 q=65063 N=2420278537 n=32 value=18599
record p=37223 q=37463 N=1394485249 n=31 value=18611
record p=37307 q=37463 N=1397632141 n=31 value=18653
record p=37379 q=38783 N=1449669757 n=31 value=18689
record p=37463 q=37547 N=1406623261 n=31 value=18731
record p=37547 q=37607 N=1412030029 n=31 value=18773
record p=37607 q=37799 N=1421506993 n=31 value=18803
record p=37619 q=43067 N=1620137473 n=31 value=18809
record p=37643 q=43943 N=1654146349 n=31 value=18821
record p=37799 q=37967 N=1435114633 n=31 value=18899
record p=37847 q=37967 N=1436937049 n=31 value=18923
record p=37907 q=38327 N=1452861589 n=31 value=18953
record p=37967 q=38183 N=1449693961 n=31 value=18983
record p=38183 q=38639 N=1475352937 n=31 value=19091
record p=38219 q=38327 N=1464819613 n=31 value=19109
record p=38303 q=42683 N=1634886949 n=31 value=19151
record p=38327 q=38447 N=1473558169 n=31 value=19163
record p=38351 q=65327 N=2505355777 n=32 value=19175
record p=38447 q=38603 N=1484169541 n=31 value=19223
record p=38459 q=46679 N=1795227661 n=31 value=19229
record p=38543 q=43943 N=1693695049 n=31 value=19271
record p=38567 q=42839 N=1652171713 n=31 value=19283
record p=38603 q=38639 N=1491581317 n=31 value=19301
record p=38639 q=38723 N=1496217997 n=31 value=19319
record p=38699 q=41627 N=1610923273 n=31 value=19349
record p=38723 q=39563 N=1531998049 n=31 value=19361
record p=38747 q=38867 N=1505979649 n=31 value=19373
record p=38783 q=38867 N=1507378861 n=31 value=19391
record p=38867 q=38903 N=1512042901 n=31 value=19433
record p=38891 q=64067 N=2491629697 n=32 value=19445
record p=38903 q=39023 N=1518111769 n=31 value=19451
record p=39023 q=39107 N=1526072461 n=31 value=19511
record p=39047 q=40823 N=1594015681 n=31 value=19523
record p=39107 q=39323 N=1537804561 n=31 value=19553
record p=39119 q=39323 N=1538276437 n=31 value=19559
record p=39227 q=41579 N=1631019433 n=31 value=19613
record p=39239 q=41387 N=1623984493 n=31 value=19619
record p=39323 q=39419 N=1550073337 n=31 value=19661
record p=39359 q=41879 N=1648315561 n=31 value=19679
record p=39419 q=39503 N=1557168757 n=31 value=19709
record p=39443 q=42443 N=1674079249 n=31 value=19721
record p=39503 q=39659 N=1566649477 n=31 value=19751
record p=39563 q=39659 N=1569029017 n=31 value=19781
record p=39623 q=40739 N=1614201397 n=31 value=19811
record p=39659 q=39779 N=1577595361 n=31 value=19829
record p=39719 q=40583 N=1611916177 n=31 value=19859
record p=39779 q=39827 N=1584278233 n=31 value=19889
record p=39827 q=39983 N=1592402941 n=31 value=19913
record p=39839 q=39863 N=1588102057 n=31 value=19919
record p=39863 q=40583 N=1617760129 n=31 value=19931
record p=39983 q=40127 N=1604397841 n=31 value=19991
record p=40031 q=53759 N=2152026529 n=32 value=20015
record p=40127 q=40163 N=1611620701 n=31 value=20063
record p=40163 q=40583 N=1629935029 n=31 value=20081
record p=40283 q=41687 N=1679277421 n=31 value=20141
record p=40343 q=40787 N=1645469941 n=31 value=20171
record p=40427 q=41543 N=1679458861 n=31 value=20213
record p=40487 q=40823 N=1652800801 n=31 value=20243
record p=40499 q=40559 N=1642598941 n=31 value=20249
record p=40559 q=76487 N=3102236233 n=32 value=20279
record p=40583 q=41387 N=1679608621 n=31 value=20291
record p=40739 q=40787 N=1661621593 n=31 value=20369
record p=40763 q=40787 N=1662600481 n=31 value=20381
record p=40787 q=40823 N=1665047701 n=31 value=20393
record p=40823 q=40883 N=1668966709 n=31 value=20411
record p=40847 q=47147 N=1925813509 n=31 value=20423
record p=40883 q=41387 N=1692024721 n=31 value=20441
record p=41039 q=41507 N=1703405773 n=31 value=20519
record p=41183 q=41387 N=1704440821 n=31 value=20591
record p=41243 q=42767 N=1763839381 n=31 value=20621
record p=41387 q=41507 N=1717850209 n=31 value=20693
record p=41399 q=59183 N=2450117017 n=32 value=20699
record p=41507 q=41543 N=1724325301 n=31 value=20753
record p=41519 q=41543 N=1724823817 n=31 value=20759
record p=41543 q=41579 N=1727316397 n=31 value=20771
record p=41579 q=41759 N=1736297461 n=31 value=20789
record p=41603 q=45659 N=1899551377 n=31 value=20801
record p=41627 q=46559 N=1938111493 n=31 value=20813
record p=41687 q=42023 N=1751812801 n=31 value=20843
record p=41759 q=41843 N=1747321837 n=31 value=20879
record p=41843 q=41879 N=1752342997 n=31 value=20921
record p=41879 q=41927 N=1755860833 n=31 value=20939
record p=41903 q=53939 N=2260205917 n=32 value=20951
record p=41927 q=42023 N=1761898321 n=31 value=20963
record p=41999 q=48767 N=2048165233 n=31 value=20999
record p=42023 q=42179 N=1772488117 n=31 value=21011
record p=42083 q=42179 N=1775018857 n=31 value=21041
record p=42179 q=42299 N=1784129521 n=31 value=21089
record p=42227 q=42443 N=1792240561 n=31 value=21113
record p=42239 q=59183 N=2499830737 n=32 value=21119
record p=42299 q=42359 N=1791743341 n=31 value=21149
record p=42323 q=51203 N=2167064569 n=32 value=21161
record p=42359 q=42443 N=1797843037 n=31 value=21179
record p=42407 q=70067 N=2971331269 n=32 value=21203
record p=42443 q=42683 N=1811594569 n=31 value=21221
record p=42467 q=42767 N=1816186189 n=31 value=21233
record p=42683 q=42767 N=1825423861 n=31 value=21341
record p=42719 q=47639 N=2035090441 n=31 value=21359
record p=42767 q=42839 N=1832095513 n=31 value=21383
record p=42839 q=43019 N=1842890941 n=31 value=21419
record p=42863 q=43067 N=1845980821 n=31 value=21431
record p=42899 q=43019 N=1845472081 n=31 value=21449
record p=42923 q=46919 N=2013904237 n=31 value=21461
record p=43019 q=43103 N=1854247957 n=31 value=21509
record p=43067 q=43223 N=1861484941 n=31 value=21533
record p=43103 q=43223 N=1863040969 n=31 value=21551
record p=43223 q=43403 N=1876007869 n=31 value=21611
record p=43283 q=57059 N=2469684697 n=32 value=21641
record p=43319 q=44543 N=1929558217 n=31 value=21659
record p=43403 q=43427 N=1884862081 n=31 value=21701
record p=43427 q=43607 N=1893721189 n=31 value=21713
record p=43487 q=44267 N=1925039029 n=31 value=21743
record p=43499 q=71363 N=3104219137 n=32 value=21749
record p=43607 q=43787 N=1909419709 n=31 value=21803
record p=43787 q=43943 N=1924132141 n=31 value=21893
record p=43943 q=44027 N=1934678461 n=31 value=21971
record p=44027 q=44267 N=1948943209 n=31 value=22013
record p=44123 q=47963 N=2116271449 n=31 value=22061
record p=44159 q=44267 N=1954786453 n=31 value=22079
record p=44207 q=44267 N=1956911269 n=31 value=22103
record p=44267 q=44519 N=1970722573 n=31 value=22133
record p=44279 q=44867 N=1986665893 n=31 value=22139
record p=44483 q=44519 N=1980338677 n=31 value=22241
record p=44519 q=44579 N=1984612501 n=31 value=22259
record p=44543 q=44687 N=1990493041 n=31 value=22271
record p=44579 q=44687 N=1992101773 n=31 value=22289
record p=44687 q=44699 N=1997464213 n=31 value=22343
record p=44699 q=44819 N=2003364481 n=31 value=22349
record p=44819 q=44867 N=2010894073 n=31 value=22409
record p=44843 q=60779 N=2725512697 n=32 value=22421
record p=44867 q=44939 N=2016278113 n=31 value=22433
record p=44879 q=44963 N=2017894477 n=31 value=22439
record p=44927 q=67427 N=3029292829 n=32 value=22463
record p=44939 q=44963 N=2020592257 n=31 value=22469
record p=44963 q=45083 N=2027066929 n=31 value=22481
record p=44987 q=45083 N=2028148921 n=31 value=22493
record p=45083 q=45503 N=2051411749 n=31 value=22541
record p=45119 q=46499 N=2097988381 n=31 value=22559
record p=45179 q=50459 N=2279687161 n=32 value=22589
record p=45503 q=45707 N=2079805621 n=31 value=22751
record p=45587 q=45659 N=2081456833 n=31 value=22793
record p=45599 q=47639 N=2172290761 n=32 value=22799
record p=45659 q=45707 N=2086935913 n=31 value=22829
record p=45707 q=45779 N=2092420753 n=31 value=22853
record p=45767 q=55103 N=2521899001 n=32 value=22883
record p=45779 q=46559 N=2131424461 n=31 value=22889
record p=45827 q=47639 N=2183152453 n=32 value=22913
record p=45863 q=46199 N=2118824737 n=31 value=22931
record p=45887 q=46199 N=2119933513 n=31 value=22943
record p=45959 q=46919 N=2156350321 n=32 value=22979
record p=46187 q=50159 N=2316693733 n=32 value=23093
record p=46199 q=46499 N=2148207301 n=32 value=23099
record p=46307 q=47963 N=2221022641 n=32 value=23153
record p=46439 q=49223 N=2285866897 n=32 value=23219
record p=46499 q=46643 N=2168852857 n=32 value=23249
record p=46523 q=49823 N=2317915429 n=32 value=23261
record p=46559 q=46643 N=2171651437 n=32 value=23279
record p=46619 q=51419 N=2397102361 n=32 value=23309
record p=46643 q=46679 N=2177248597 n=32 value=23321
record p=46679 q=46727 N=2181169633 n=32 value=23339
record p=46703 q=47207 N=2204708521 n=32 value=23351
record p=46727 q=46919 N=2192384113 n=32 value=23363
record p=46919 q=47123 N=2210964037 n=32 value=23459
record p=47051 q=68819 N=3238002769 n=32 value=23525
record p=47087 q=47639 N=2243177593 n=32 value=23543
record p=47123 q=47207 N=2224535461 n=32 value=23561
record p=47147 q=49559 N=2336558173 n=32 value=23573
record p=47207 q=47339 N=2234732173 n=32 value=23603
record p=47303 q=47339 N=2239276717 n=32 value=23651
record p=47339 q=47459 N=2246661601 n=32 value=23669
record p=47363 q=93239 N=4416078757 n=33 value=23681
record p=47387 q=47639 N=2257469293 n=32 value=23693
record p=47459 q=47507 N=2254634713 n=32 value=23729
record p=47507 q=47639 N=2263185973 n=32 value=23753
record p=47543 q=53783 N=2557005169 n=32 value=23771
record p=47591 q=74759 N=3557855569 n=32 value=23795
record p=47639 q=47819 N=2278049341 n=32 value=23819
record p=47699 q=67547 N=3221924353 n=32 value=23849
record p=47807 q=54767 N=2618245969 n=32 value=23903
record p=47819 q=47843 N=2287804417 n=32 value=23909
record p=47843 q=48407 N=2315936101 n=32 value=23921
record p=47903 q=47963 N=2297571589 n=32 value=23951
record p=47939 q=55127 N=2642733253 n=32 value=23969
record p=47963 q=48239 N=2313687157 n=32 value=23981
record p=48023 q=51203 N=2458921669 n=32 value=24011
record p=48119 q=52919 N=2546409361 n=32 value=24059
record p=48179 q=50147 N=2416032313 n=32 value=24089
record p=48239 q=48407 N=2335105273 n=32 value=24119
record p=48299 q=48767 N=2355397333 n=32 value=24149
record p=48383 q=51419 N=2487805477 n=32 value=24191
record p=48407 q=48479 N=2346722953 n=32 value=24203
record p=48479 q=48563 N=2354285677 n=32 value=24239
record p=48527 q=48563 N=2356616701 n=32 value=24263
record p=48539 q=50459 N=2449229401 n=32 value=24269
record p=48563 q=48947 N=2377013161 n=32 value=24281
record p=48623 q=69263 N=3367774849 n=32 value=24311
record p=48647 q=49943 N=2429577121 n=32 value=24323
record p=48767 q=48947 N=2386998349 n=32 value=24383
record p=48779 q=49103 N=2395195237 n=32 value=24389
record p=48947 q=49019 N=2399332993 n=32 value=24473
record p=49019 q=49103 N=2406979957 n=32 value=24509
record p=49103 q=49139 N=2412872317 n=32 value=24551
record p=49139 q=49223 N=2418768997 n=32 value=24569
record p=49199 q=49943 N=2457145657 n=32 value=24599
record p=49223 q=49367 N=2429991841 n=32 value=24611
record p=49307 q=49367 N=2434138669 n=32 value=24653
record p=49367 q=49499 N=2443617133 n=32 value=24683
record p=49463 q=53987 N=2670358981 n=32 value=24731
record p=49499 q=49559 N=2453120941 n=32 value=24749
record p=49523 q=51347 N=2542857481 n=32 value=24761
record p=49547 q=61379 N=3041145313 n=32 value=24773
record p=49559 q=49943 N=2475125137 n=32 value=24779
record p=49667 q=51203 N=2543099401 n=32 value=24833
record p=49727 q=51263 N=2549155201 n=32 value=24863
record p=49739 q=50147 N=2494261633 n=32 value=24869
record p=49787 q=51479 N=2562984973 n=32 value=24893
record p=49823 q=49943 N=2488310089 n=32 value=24911
record p=49919 q=52883 N=2639866477 n=32 value=24959
record p=49943 q=50087 N=2501495041 n=32 value=24971
record p=50087 q=50423 N=2525536801 n=32 value=25043
record p=50123 q=53759 N=2694562357 n=32 value=25061
record p=50147 q=50459 N=2530367473 n=32 value=25073
record p=50159 q=51047 N=2560466473 n=32 value=25079
record p=50207 q=50459 N=2533395013 n=32 value=25103
record p=50363 q=51347 N=2585988961 n=32 value=25181
record p=50387 q=53147 N=2677917889 n=32 value=25193
record p=50423 q=51419 N=2592700237 n=32 value=25211
record p=50459 q=50543 N=2550349237 n=32 value=25229
record p=50543 q=51203 N=2587953229 n=32 value=25271
record p=50591 q=98327 N=4974461257 n=33 value=25295
record p=50627 q=51287 N=2596506949 n=32 value=25313
record p=50723 q=62507 N=3170542561 n=32 value=25361
record p=50867 q=51347 N=2611867849 n=32 value=25433
record p=51047 q=51203 N=2613759541 n=32 value=25523
record p=51059 q=64187 N=3277324033 n=32 value=25529
record p=51203 q=51287 N=2626048261 n=32 value=25601
record p=51239 q=53507 N=2741645173 n=32 value=25619
record p=51263 q=52583 N=2695562329 n=32 value=25631
record p=51287 q=51347 N=2633433589 n=32 value=25643
record p=51347 q=51383 N=2638362901 n=32 value=25673
record p=51383 q=51803 N=2661793549 n=32 value=25691
record p=51407 q=51539 N=2649465373 n=32 value=25703
record p=51419 q=51539 N=2650083841 n=32 value=25709
record p=51479 q=61967 N=3189999193 n=32 value=25739
record p=51503 q=51827 N=2669245981 n=32 value=25751
record p=51539 q=51599 N=2659360861 n=32 value=25769
record p=51563 q=57347 N=2956983361 n=32 value=25781
record p=51599 q=51683 N=2666791117 n=32 value=25799
record p=51659 q=51683 N=2669892097 n=32 value=25829
record p=51683 q=51827 N=2678574841 n=32 value=25841
record p=51719 q=53003 N=2741262157 n=32 value=25859
record p=51767 q=52103 N=2697216001 n=32 value=25883
record p=51803 q=51827 N=2684794081 n=32 value=25901
record p=51827 q=52379 N=2714646433 n=32 value=25913
record p=51839 q=52067 N=2699101213 n=32 value=25919
record p=52067 q=67043 N=3490727881 n=32 value=26033
record p=52103 q=52379 N=2729103037 n=32 value=26051
record p=52127 q=52163 N=2719100701 n=32 value=26063
record p=52163 q=53783 N=2805482629 n=32 value=26081
record p=52223 q=52379 N=2735388517 n=32 value=26111
record p=52259 q=53003 N=2769883777 n=32 value=26129
record p=52379 q=52583 N=2754244957 n=32 value=26189
record p=52583 q=52883 N=2780746789 n=32 value=26291
record p=52631 q=87383 N=4599054673 n=33 value=26315
record p=52667 q=52919 N=2787084973 n=32 value=26333
record p=52727 q=53507 N=2821263589 n=32 value=26363
record p=52859 q=56003 N=2960262577 n=32 value=26429
record p=52883 q=52919 N=2798515477 n=32 value=26441
record p=52919 q=52967 N=2802960673 n=32 value=26459
record p=52967 q=53003 N=2807409901 n=32 value=26483
record p=53003 q=53147 N=2816950441 n=32 value=26501
record p=53087 q=63839 N=3389020993 n=32 value=26543
record p=53147 q=53267 N=2830981249 n=32 value=26573
record p=53267 q=53699 N=2860384633 n=32 value=26633
record p=53279 q=54323 N=2894275117 n=32 value=26639
record p=53507 q=53699 N=2873272393 n=32 value=26753
record p=53639 q=56003 N=3003944917 n=32 value=26819
record p=53699 q=53783 N=2888093317 n=32 value=26849
record p=53759 q=53783 N=2891320297 n=32 value=26879
record p=53783 q=53927 N=2900355841 n=32 value=26891
record p=53819 q=53927 N=2902297213 n=32 value=26909
record p=53927 q=53939 N=2908768453 n=32 value=26963
record p=53939 q=53987 N=2912004793 n=32 value=26969
record p=53987 q=54059 N=2918483233 n=32 value=26993
record p=54059 q=54443 N=2943134137 n=32 value=27029
record p=54083 q=93047 N=5032260901 n=33 value=27041
record p=54167 q=97187 N=5264328229 n=33 value=27083
record p=54287 q=54323 N=2949032701 n=32 value=27143
record p=54323 q=54443 N=2957507089 n=32 value=27161
record p=54347 q=54779 N=2977074313 n=32 value=27173
record p=54443 q=54563 N=2970573409 n=32 value=27221
record p=54539 q=63839 N=3481715221 n=32 value=27269
record p=54563 q=54647 N=2981704261 n=32 value=27281
record p=54623 q=55163 N=3013168549 n=32 value=27311
record p=54647 q=55787 N=3048592189 n=32 value=27323
record p=54767 q=54779 N=3000081493 n=32 value=27383
record p=54779 q=55103 N=3018487237 n=32 value=27389
record p=54959 q=54983 N=3021810697 n=32 value=27479
record p=54983 q=55079 N=3028408657 n=32 value=27491
record p=55079 q=55127 N=3036340033 n=32 value=27539
record p=55103 q=55127 N=3037663081 n=32 value=27551
record p=55127 q=55163 N=3040970701 n=32 value=27563
record p=55163 q=55487 N=3060829381 n=32 value=27581
record p=55259 q=92363 N=5103887017 n=33 value=27629
record p=55343 q=91943 N=5088401449 n=33 value=27671
record p=55439 q=55619 N=3083461741 n=32 value=27719
record p=55487 q=55547 N=3082136389 n=32 value=27743
record p=55547 q=55619 N=3089468593 n=32 value=27773
record p=55619 q=55787 N=3102817153 n=32 value=27809
record p=55667 q=56039 N=3119523013 n=32 value=27833
record p=55763 q=64019 N=3569891497 n=32 value=27881
record p=55787 q=55967 N=3122231029 n=32 value=27893
record p=55799 q=57899 N=3230706301 n=32 value=27899
record p=55823 q=56207 N=3137643361 n=32 value=27911
record p=55967 q=56003 N=3134319901 n=32 value=27983
record p=56003 q=56039 N=3138352117 n=32 value=28001
record p=56039 q=56807 N=3183407473 n=32 value=28019
record p=56087 q=56099 N=3146424613 n=32 value=28043
record p=56099 q=58043 N=3256154257 n=32 value=28049
record p=56123 q=60647 N=3403691581 n=32 value=28061
record p=56207 q=56663 N=3184857241 n=32 value=28103
record p=56267 q=87383 N=4916779261 n=33 value=28133
record p=56543 q=56663 N=3203896009 n=32 value=28271
record p=56663 q=56999 N=3229734337 n=32 value=28331
record p=56687 q=57287 N=3247428169 n=32 value=28343
record p=56747 q=56807 N=3223626829 n=32 value=28373
record p=56783 q=57119 N=3243388177 n=32 value=28391
record p=56807 q=56843 N=3229080301 n=32 value=28403
record p=56843 q=57059 N=3243404737 n=32 value=28421
record p=56963 q=57587 N=3280328281 n=32 value=28481
record p=56999 q=57119 N=3255725881 n=32 value=28499
record p=57047 q=57143 N=3259836721 n=32 value=28523
record p=57059 q=57143 N=3260522437 n=32 value=28529
record p=57107 q=76463 N=4366572541 n=33 value=28553
record p=57119 q=57143 N=3263951017 n=32 value=28559
record p=57143 q=57287 N=3273551041 n=32 value=28571
record p=57179 q=62507 N=3574087753 n=32 value=28589
record p=57203 q=57467 N=3287284801 n=32 value=28601
record p=57287 q=57347 N=3285237589 n=32 value=28643
record p=57347 q=57467 N=3295560049 n=32 value=28673
record p=57383 q=59219 N=3398163877 n=32 value=28691
record p=57467 q=57719 N=3316937773 n=32 value=28733
record p=57503 q=57587 N=3311425261 n=32 value=28751
record p=57527 q=87359 N=5025501193 n=33 value=28763
record p=57587 q=57719 N=3323864053 n=32 value=28793
record p=57719 q=57803 N=3336331357 n=32 value=28859
record p=57803 q=57899 N=3346735897 n=32 value=28901
record p=57839 q=59387 N=3434884693 n=32 value=28919
record p=57899 q=57923 N=3353683777 n=32 value=28949
record p=57923 q=58043 N=3362024689 n=32 value=28961
record p=57947 q=104243 N=6040569121 n=33 value=28973
record p=58043 q=58067 N=3370382881 n=32 value=29021
record p=58067 q=58403 N=3391287001 n=32 value=29033
record p=58199 q=85487 N=4975257913 n=33 value=29099
record p=58379 q=60527 N=3533505733 n=32 value=29189
record p=58403 q=58427 N=3412312081 n=32 value=29201
record p=58427 q=58727 N=3431242429 n=32 value=29213
record p=58439 q=58727 N=3431947153 n=32 value=29219
record p=58511 q=87887 N=5142356257 n=33 value=29255
record p=58679 q=58727 N=3446041633 n=32 value=29339
record p=58727 q=58907 N=3459431389 n=32 value=29363
record p=58763 q=62507 N=3673098841 n=32 value=29381
record p=58907 q=58967 N=3473569069 n=32 value=29453
record p=58943 q=59063 N=3481350409 n=32 value=29471
record p=58967 q=59063 N=3482767921 n=32 value=29483
record p=58979 q=59063 N=3483476677 n=32 value=29489
record p=59063 q=59447 N=3511118161 n=32 value=29531
record p=59159 q=61967 N=3665905753 n=32 value=29579
record p=59183 q=59399 N=3515411017 n=32 value=29591
record p=59207 q=82487 N=4883807809 n=33 value=29603
record p=59219 q=59399 N=3517549381 n=32 value=29609
record p=59243 q=59999 N=3554520757 n=32 value=29621
record p=59387 q=59447 N=3530378989 n=32 value=29693
record p=59399 q=61487 N=3652266313 n=32 value=29699
record p=59447 q=59747 N=3551779909 n=32 value=29723
record p=59567 q=70139 N=4177969813 n=32 value=29783
record p=59627 q=74219 N=4425456313 n=33 value=29813
record p=59651 q=86627 N=5167387177 n=33 value=29825
record p=59663 q=60107 N=3586163941 n=32 value=29831
record p=59699 q=59999 N=3581880301 n=32 value=29849
record p=59723 q=62927 N=3758189221 n=32 value=29861
record p=59747 q=59999 N=3584760253 n=32 value=29873
record p=59879 q=108503 N=6497051137 n=33 value=29939
record p=59999 q=60107 N=3606359893 n=32 value=29999
record p=60083 q=63419 N=3810403777 n=32 value=30041
record p=60107 q=60539 N=3638817673 n=32 value=30053
record p=60167 q=60539 N=3642450013 n=32 value=30083
record p=60383 q=106703 N=6443047249 n=33 value=30191
record p=60443 q=60539 N=3659158777 n=32 value=30221
record p=60527 q=60539 N=3664244053 n=32 value=30263
record p=60539 q=60647 N=3671508733 n=32 value=30269
record p=60623 q=62039 N=3760990297 n=32 value=30311
record p=60647 q=60779 N=3686064013 n=32 value=30323
record p=60659 q=63299 N=3839654041 n=32 value=30329
record p=60719 q=71879 N=4364421001 n=33 value=30359
record p=60779 q=60899 N=3701380321 n=32 value=30389
record p=60899 q=60923 N=3710149777 n=32 value=30449
record p=60923 q=61343 N=3737199589 n=32 value=30461
record p=61007 q=62639 N=3821417473 n=32 value=30503
record p=61043 q=61463 N=3751885909 n=32 value=30521
record p=61223 q=110939 N=6792018397 n=33 value=30611
record p=61283 q=61463 N=3766637029 n=32 value=30641
record p=61343 q=61379 N=3765171997 n=32 value=30671
record p=61379 q=61463 N=3772537477 n=32 value=30689
record p=61403 q=61487 N=3775486261 n=32 value=30701
record p=61463 q=61547 N=3782863261 n=32 value=30731
record p=61487 q=61547 N=3784340389 n=32 value=30743
record p=61511 q=113783 N=6998906113 n=33 value=30755
record p=61547 q=61703 N=3797634541 n=32 value=30773
record p=61559 q=73079 N=4498670161 n=33 value=30779
record p=61583 q=61967 N=3816113761 n=32 value=30791
record p=61643 q=87383 N=5386550269 n=33 value=30821
record p=61667 q=62039 N=3825759013 n=32 value=30833
record p=61703 q=61967 N=3823549801 n=32 value=30851
record p=61967 q=62039 N=3844370713 n=32 value=30983
record p=62003 q=62603 N=3881573809 n=32 value=31001
record p=62039 q=62303 N=3865215817 n=32 value=31019
record p=62099 q=62303 N=3868953997 n=32 value=31049
record p=62207 q=62639 N=3896584273 n=32 value=31103
record p=62219 q=62927 N=3915255013 n=32 value=31109
record p=62303 q=62507 N=3894373621 n=32 value=31151
record p=62327 q=63587 N=3963186949 n=32 value=31163
record p=62423 q=62627 N=3909365221 n=32 value=31211
record p=62459 q=88223 N=5510320357 n=33 value=31229
record p=62483 q=77747 N=4857865801 n=33 value=31241
record p=62507 q=62603 N=3913125721 n=32 value=31253
record p=62603 q=62627 N=3920638081 n=32 value=31301
record p=62627 q=62939 N=3941680753 n=32 value=31313
record p=62639 q=62927 N=3941684353 n=32 value=31319
record p=62687 q=65147 N=4083869989 n=32 value=31343
record p=62723 q=65447 N=4105032181 n=32 value=31361
record p=62819 q=99707 N=6263494033 n=33 value=31409
record p=62903 q=81527 N=5128292881 n=33 value=31451
record p=62927 q=62939 N=3960562453 n=32 value=31463
record p=62939 q=63299 N=3983975761 n=32 value=31469
record p=63059 q=63299 N=3991571641 n=32 value=31529
record p=63179 q=63347 N=4002200113 n=32 value=31589
record p=63299 q=63443 N=4015878457 n=32 value=31649
record p=63347 q=63443 N=4018923721 n=32 value=31673
record p=63419 q=63443 N=4023491617 n=32 value=31709
record p=63443 q=63587 N=4034150041 n=32 value=31721
record p=63467 q=65579 N=4162102393 n=32 value=31733
record p=63527 q=63587 N=4039491349 n=32 value=31763
record p=63587 q=63719 N=4051700053 n=32 value=31793
record p=63599 q=63719 N=4052464681 n=32 value=31799
record p=63647 q=64763 N=4121970661 n=32 value=31823
record p=63659 q=72707 N=4628454913 n=33 value=31829
record p=63719 q=63863 N=4069286497 n=32 value=31859
record p=63743 q=68087 N=4340069641 n=33 value=31871
record p=63803 q=65543 N=4181840029 n=32 value=31901
record p=63839 q=63863 N=4076950057 n=32 value=31919
record p=63863 q=64007 N=4087679041 n=32 value=31931
record p=64007 q=64019 N=4097664133 n=32 value=32003
record p=64019 q=64067 N=4101505273 n=32 value=32009
record p=64067 q=64223 N=4114574941 n=32 value=32033
record p=64187 q=64283 N=4126132921 n=32 value=32093
record p=64223 q=64283 N=4128447109 n=32 value=32111
record p=64283 q=64679 N=4157760157 n=32 value=32141
record p=64319 q=64679 N=4160088601 n=32 value=32159
record p=64403 q=65147 N=4195662241 n=32 value=32201
record p=64439 q=67547 N=4352661133 n=33 value=32219
record p=64679 q=65063 N=4208209777 n=32 value=32339
record p=64763 q=65063 N=4213675069 n=32 value=32381
record p=64919 q=67979 N=4413128701 n=33 value=32459
record p=65003 q=78347 N=5092790041 n=33 value=32501
record p=65027 q=66107 N=4298739889 n=33 value=32513
record p=65063 q=65123 N=4237097749 n=32 value=32531
record p=65099 q=66239 N=4312092661 n=33 value=32549
record p=65123 q=65147 N=4242568081 n=32 value=32561
record p=65147 q=65267 N=4251949249 n=32 value=32573
record p=65183 q=68903 N=4491304249 n=33 value=32591
record p=65267 q=65327 N=4263697309 n=32 value=32633
record p=65327 q=65543 N=4281727561 n=32 value=32663
record p=65423 q=80687 N=5278785601 n=33 value=32711
record p=65447 q=65543 N=4289592721 n=32 value=32723
record p=65519 q=66467 N=4354851373 n=33 value=32759
TOP20
p=65519 q=66467 N=4354851373 n=33 d=2 sp=32759(17*41*47) sq=33233(167*199) residuals=K:(32759,33233),R:(32759,33233),C:(1927,33233),KR:(32759,33233),KC:(1927,33233),RC:(1927,33233),KRC:(1927,33233) hits=p{17:K[]R[]C[15,16,17],41:K[]R[]C[],47:K[]R[]C[]};q{167:K[]R[]C[],199:K[]R[]C[]}
p=65519 q=67619 N=4430329261 n=33 d=2 sp=32759(17*41*47) sq=33809(33809) residuals=K:(32759,33809),R:(32759,33809),C:(1927,33809),KR:(32759,33809),KC:(1927,33809),RC:(1927,33809),KRC:(1927,33809) hits=p{17:K[]R[]C[11,17],41:K[]R[]C[],47:K[]R[]C[]};q{33809:K[]R[]C[]}
p=65519 q=68879 N=4512883201 n=33 d=2 sp=32759(17*41*47) sq=34439(34439) residuals=K:(32759,34439),R:(32759,34439),C:(47,34439),KR:(32759,34439),KC:(47,34439),RC:(47,34439),KRC:(47,34439) hits=p{17:K[]R[]C[17],41:K[]R[]C[19,20,21,22,23,24],47:K[]R[]C[]};q{34439:K[]R[]C[]}
p=65519 q=69143 N=4530180217 n=33 d=2 sp=32759(17*41*47) sq=34571(181*191) residuals=K:(32759,34571),R:(32759,34571),C:(1927,34571),KR:(32759,34571),KC:(1927,34571),RC:(1927,34571),KRC:(1927,34571) hits=p{17:K[]R[]C[17],41:K[]R[]C[],47:K[]R[]C[]};q{181:K[]R[]C[],191:K[]R[]C[]}
p=65519 q=77867 N=5101767973 n=33 d=2 sp=32759(17*41*47) sq=38933(38933) residuals=K:(32759,38933),R:(32759,38933),C:(41,38933),KR:(32759,38933),KC:(41,38933),RC:(41,38933),KRC:(41,38933) hits=p{17:K[]R[]C[11,12],41:K[]R[]C[],47:K[]R[]C[15,16]};q{38933:K[]R[]C[]}
p=65519 q=79907 N=5235426733 n=33 d=2 sp=32759(17*41*47) sq=39953(39953) residuals=K:(32759,39953),R:(32759,39953),C:(1927,39953),KR:(32759,39953),KC:(1927,39953),RC:(1927,39953),KRC:(1927,39953) hits=p{17:K[]R[]C[11],41:K[]R[]C[],47:K[]R[]C[]};q{39953:K[]R[]C[]}
p=65519 q=79979 N=5240144101 n=33 d=2 sp=32759(17*41*47) sq=39989(39989) residuals=K:(32759,39989),R:(32759,39989),C:(32759,39989),KR:(32759,39989),KC:(32759,39989),RC:(32759,39989),KRC:(32759,39989) hits=p{17:K[]R[]C[],41:K[]R[]C[],47:K[]R[]C[]};q{39989:K[]R[]C[]}
p=65519 q=90659 N=5939887021 n=33 d=2 sp=32759(17*41*47) sq=45329(45329) residuals=K:(32759,45329),R:(32759,45329),C:(799,45329),KR:(32759,45329),KC:(799,45329),RC:(799,45329),KRC:(799,45329) hits=p{17:K[]R[]C[],41:K[]R[]C[12,13,14,15],47:K[]R[]C[]};q{45329:K[]R[]C[]}
p=65519 q=91163 N=5972908597 n=33 d=2 sp=32759(17*41*47) sq=45581(19*2399) residuals=K:(32759,45581),R:(32759,45581),C:(47,45581),KR:(32759,45581),KC:(47,45581),RC:(47,45581),KRC:(47,45581) hits=p{17:K[]R[]C[10],41:K[]R[]C[27],47:K[]R[]C[]};q{19:K[]R[]C[],2399:K[]R[]C[]}
p=65519 q=92399 N=6053890081 n=33 d=2 sp=32759(17*41*47) sq=46199(46199) residuals=K:(32759,46199),R:(32759,46199),C:(1927,46199),KR:(32759,46199),KC:(1927,46199),RC:(1927,46199),KRC:(1927,46199) hits=p{17:K[]R[]C[23,24],41:K[]R[]C[],47:K[]R[]C[]};q{46199:K[]R[]C[]}
p=65519 q=92459 N=6057821221 n=33 d=2 sp=32759(17*41*47) sq=46229(46229) residuals=K:(32759,46229),R:(32759,46229),C:(697,46229),KR:(32759,46229),KC:(697,46229),RC:(697,46229),KRC:(697,46229) hits=p{17:K[]R[]C[],41:K[]R[]C[],47:K[]R[]C[11]};q{46229:K[]R[]C[]}
p=65519 q=93239 N=6108926041 n=33 d=2 sp=32759(17*41*47) sq=46619(46619) residuals=K:(32759,46619),R:(32759,46619),C:(1927,46619),KR:(32759,46619),KC:(1927,46619),RC:(1927,46619),KRC:(1927,46619) hits=p{17:K[]R[]C[27,28],41:K[]R[]C[],47:K[]R[]C[]};q{46619:K[]R[]C[]}
p=65519 q=93383 N=6118360777 n=33 d=2 sp=32759(17*41*47) sq=46691(46691) residuals=K:(32759,46691),R:(32759,46691),C:(1927,46691),KR:(32759,46691),KC:(1927,46691),RC:(1927,46691),KRC:(1927,46691) hits=p{17:K[]R[]C[33],41:K[]R[]C[],47:K[]R[]C[]};q{46691:K[]R[]C[]}
p=65519 q=93923 N=6153741037 n=33 d=2 sp=32759(17*41*47) sq=46961(151*311) residuals=K:(32759,46961),R:(32759,46961),C:(799,46961),KR:(32759,46961),KC:(799,46961),RC:(799,46961),KRC:(799,46961) hits=p{17:K[]R[]C[],41:K[]R[]C[33],47:K[]R[]C[]};q{151:K[]R[]C[],311:K[]R[]C[]}
p=65519 q=95003 N=6224501557 n=33 d=2 sp=32759(17*41*47) sq=47501(47501) residuals=K:(32759,47501),R:(32759,47501),C:(697,47501),KR:(32759,47501),KC:(697,47501),RC:(697,47501),KRC:(697,47501) hits=p{17:K[]R[]C[],41:K[]R[]C[],47:K[]R[]C[29,30,31]};q{47501:K[]R[]C[]}
p=65519 q=95087 N=6230005153 n=33 d=2 sp=32759(17*41*47) sq=47543(47543) residuals=K:(32759,47543),R:(32759,47543),C:(1927,47543),KR:(32759,47543),KC:(1927,47543),RC:(1927,47543),KRC:(1927,47543) hits=p{17:K[]R[]C[23],41:K[]R[]C[],47:K[]R[]C[]};q{47543:K[]R[]C[]}
p=65519 q=98639 N=6462728641 n=33 d=2 sp=32759(17*41*47) sq=49319(149*331) residuals=K:(32759,49319),R:(32759,49319),C:(47,49319),KR:(32759,49319),KC:(47,49319),RC:(47,49319),KRC:(47,49319) hits=p{17:K[]R[]C[14,15],41:K[]R[]C[12,19],47:K[]R[]C[]};q{149:K[]R[]C[],331:K[]R[]C[]}
p=65519 q=100379 N=6576731701 n=33 d=2 sp=32759(17*41*47) sq=50189(31*1619) residuals=K:(32759,50189),R:(32759,50189),C:(1927,50189),KR:(32759,50189),KC:(1927,50189),RC:(1927,50189),KRC:(1927,50189) hits=p{17:K[]R[]C[10,11],41:K[]R[]C[],47:K[]R[]C[]};q{31:K[]R[]C[],1619:K[]R[]C[]}
p=65519 q=103043 N=6751274317 n=33 d=2 sp=32759(17*41*47) sq=51521(51521) residuals=K:(32759,51521),R:(32759,51521),C:(1927,51521),KR:(32759,51521),KC:(1927,51521),RC:(1927,51521),KRC:(1927,51521) hits=p{17:K[]R[]C[7],41:K[]R[]C[],47:K[]R[]C[]};q{51521:K[]R[]C[]}
p=65519 q=103067 N=6752846773 n=33 d=2 sp=32759(17*41*47) sq=51533(29*1777) residuals=K:(32759,51533),R:(32759,51533),C:(1927,51533),KR:(32759,51533),KC:(1927,51533),RC:(1927,51533),KRC:(1927,51533) hits=p{17:K[]R[]C[26],41:K[]R[]C[],47:K[]R[]C[]};q{29:K[]R[]C[],1777:K[]R[]C[]}
MENU KC MAX 32759 COUNTS one=5072104 le_n=5834933 le_n2=14618271 le_n3=18474958
MAX_BY_N 4:1 6:1 7:1 8:1 9:1 10:1 11:1 12:23 13:29 14:37 15:83 16:113 17:131 18:239 19:341 20:491 21:683 22:1013 23:1439 24:2003 25:2819 26:4019 27:5723 28:8111 29:11549 30:16343 31:22943 32:32723 33:32759
RECORDS 1153
record p=3 q=5 N=15 n=4 value=1
record p=47 q=79 N=3713 n=12 value=13
record p=47 q=83 N=3901 n=12 value=23
record p=59 q=83 N=4897 n=13 value=29
record p=83 q=149 N=12367 n=14 value=37
record p=107 q=167 N=17869 n=15 value=53
record p=167 q=179 N=29893 n=15 value=83
record p=179 q=227 N=40633 n=16 value=89
record p=227 q=263 N=59701 n=16 value=113
record p=263 q=311 N=81793 n=17 value=131
record p=347 q=467 N=162049 n=18 value=173
record p=359 q=479 N=171961 n=18 value=179
record p=383 q=467 N=178861 n=18 value=191
record p=419 q=587 N=245953 n=18 value=209
record p=431 q=467 N=201277 n=18 value=215
record p=467 q=503 N=234901 n=18 value=233
record p=479 q=503 N=240937 n=18 value=239
record p=503 q=563 N=283189 n=19 value=251
record p=563 q=587 N=330481 n=19 value=281
record p=587 q=683 N=400921 n=19 value=293
record p=599 q=863 N=516937 n=19 value=299
record p=647 q=659 N=426373 n=19 value=323
record p=659 q=983 N=647797 n=20 value=329
record p=683 q=719 N=491077 n=19 value=341
record p=719 q=839 N=603241 n=20 value=359
record p=827 q=1367 N=1130509 n=21 value=413
record p=839 q=887 N=744193 n=20 value=419
record p=863 q=887 N=765481 n=20 value=431
record p=887 q=983 N=871921 n=20 value=443
record p=947 q=1103 N=1044541 n=20 value=473
record p=983 q=1019 N=1001677 n=20 value=491
record p=1019 q=1187 N=1209553 n=21 value=509
record p=1103 q=1367 N=1507801 n=21 value=551
record p=1163 q=1367 N=1589821 n=21 value=581
record p=1187 q=1259 N=1494433 n=21 value=593
record p=1223 q=1523 N=1862629 n=21 value=611
record p=1259 q=1487 N=1872133 n=21 value=629
record p=1283 q=1307 N=1676881 n=21 value=641
record p=1307 q=1367 N=1786669 n=21 value=653
record p=1319 q=1367 N=1803073 n=21 value=659
record p=1367 q=1427 N=1950709 n=21 value=683
record p=1427 q=1487 N=2121949 n=22 value=713
record p=1439 q=1487 N=2139793 n=22 value=719
record p=1487 q=1523 N=2264701 n=22 value=743
record p=1523 q=1619 N=2465737 n=22 value=761
record p=1559 q=2039 N=3178801 n=22 value=779
record p=1583 q=2027 N=3208741 n=22 value=791
record p=1607 q=2099 N=3373093 n=22 value=803
record p=1619 q=1823 N=2951437 n=22 value=809
record p=1787 q=1907 N=3407809 n=22 value=893
record p=1823 q=1907 N=3476461 n=22 value=911
record p=1847 q=2039 N=3766033 n=22 value=923
record p=1907 q=2027 N=3865489 n=22 value=953
record p=1979 q=2459 N=4866361 n=23 value=989
record p=2027 q=2063 N=4181701 n=22 value=1013
record p=2039 q=2099 N=4279861 n=23 value=1019
record p=2063 q=2099 N=4330237 n=23 value=1031
record p=2099 q=2207 N=4632493 n=23 value=1049
record p=2207 q=2447 N=5400529 n=23 value=1103
record p=2243 q=2579 N=5784697 n=23 value=1121
record p=2267 q=3623 N=8213341 n=23 value=1133
record p=2339 q=2879 N=6733981 n=23 value=1169
record p=2399 q=4127 N=9900673 n=24 value=1199
record p=2423 q=3467 N=8400541 n=24 value=1211
record p=2447 q=2459 N=6017173 n=23 value=1223
record p=2459 q=2543 N=6253237 n=23 value=1229
record p=2543 q=2879 N=7321297 n=23 value=1271
record p=2579 q=2699 N=6960721 n=23 value=1289
record p=2663 q=3167 N=8433721 n=24 value=1331
record p=2687 q=2879 N=7735873 n=23 value=1343
record p=2699 q=2879 N=7770421 n=23 value=1349
record p=2819 q=2903 N=8183557 n=23 value=1409
record p=2843 q=4799 N=13643557 n=24 value=1421
record p=2879 q=2903 N=8357737 n=23 value=1439
record p=2903 q=2963 N=8601589 n=24 value=1451
record p=2939 q=2963 N=8708257 n=24 value=1469
record p=2963 q=2999 N=8886037 n=24 value=1481
record p=2999 q=3083 N=9245917 n=24 value=1499
record p=3023 q=3083 N=9319909 n=24 value=1511
record p=3083 q=3167 N=9763861 n=24 value=1541
record p=3119 q=3203 N=9990157 n=24 value=1559
record p=3167 q=3203 N=10143901 n=24 value=1583
record p=3203 q=3467 N=11104801 n=24 value=1601
record p=3299 q=3539 N=11675161 n=24 value=1649
record p=3323 q=4703 N=15628069 n=24 value=1661
record p=3359 q=3779 N=12693661 n=24 value=1679
record p=3407 q=3803 N=12956821 n=24 value=1703
record p=3467 q=3527 N=12228109 n=24 value=1733
record p=3527 q=3539 N=12482053 n=24 value=1763
record p=3539 q=3623 N=12821797 n=24 value=1769
record p=3623 q=3659 N=13256557 n=24 value=1811
record p=3659 q=3863 N=14134717 n=24 value=1829
record p=3779 q=3803 N=14371537 n=24 value=1889
record p=3803 q=3863 N=14690989 n=24 value=1901
record p=3863 q=3923 N=15154549 n=24 value=1931
record p=3923 q=3947 N=15484081 n=24 value=1961
record p=3947 q=4007 N=15815629 n=24 value=1973
record p=4007 q=4079 N=16344553 n=24 value=2003
record p=4079 q=4139 N=16882981 n=25 value=2039
record p=4127 q=4139 N=17081653 n=25 value=2063
record p=4139 q=4259 N=17628001 n=25 value=2069
record p=4259 q=4283 N=18241297 n=25 value=2129
record p=4283 q=4547 N=19474801 n=25 value=2141
record p=4463 q=4643 N=20721709 n=25 value=2231
record p=4547 q=4679 N=21275413 n=25 value=2273
record p=4583 q=4679 N=21443857 n=25 value=2291
record p=4643 q=5507 N=25569001 n=25 value=2321
record p=4679 q=4919 N=23016001 n=25 value=2339
record p=4703 q=4787 N=22513261 n=25 value=2351
record p=4787 q=4919 N=23547253 n=25 value=2393
record p=4799 q=4919 N=23606281 n=25 value=2399
record p=4919 q=4967 N=24432673 n=25 value=2459
record p=4943 q=5939 N=29356477 n=25 value=2471
record p=4967 q=6599 N=32777233 n=25 value=2483
record p=5003 q=5087 N=25450261 n=25 value=2501
record p=5039 q=5879 N=29624281 n=25 value=2519
record p=5087 q=5099 N=25938613 n=25 value=2543
record p=5099 q=5387 N=27468313 n=25 value=2549
record p=5147 q=5507 N=28344529 n=25 value=2573
record p=5303 q=7559 N=40085377 n=26 value=2651
record p=5387 q=5483 N=29536921 n=25 value=2693
record p=5399 q=5483 N=29602717 n=25 value=2699
record p=5483 q=5507 N=30194881 n=25 value=2741
record p=5507 q=5639 N=31053973 n=25 value=2753
record p=5519 q=5807 N=32048833 n=25 value=2759
record p=5639 q=5807 N=32745673 n=25 value=2819
record p=5807 q=5879 N=34139353 n=26 value=2903
record p=5843 q=6299 N=36805057 n=26 value=2921
record p=5879 q=5927 N=34844833 n=26 value=2939
record p=5903 q=6263 N=36970489 n=26 value=2951
record p=5927 q=5939 N=35200453 n=26 value=2963
record p=5939 q=6047 N=35913133 n=26 value=2969
record p=5987 q=6263 N=37496581 n=26 value=2993
record p=6047 q=6599 N=39904153 n=26 value=3023
record p=6143 q=6299 N=38694757 n=26 value=3071
record p=6263 q=6299 N=39450637 n=26 value=3131
record p=6287 q=11003 N=69175861 n=27 value=3143
record p=6299 q=6563 N=41340337 n=26 value=3149
record p=6323 q=6659 N=42104857 n=26 value=3161
record p=6359 q=10247 N=65160673 n=26 value=3179
record p=6563 q=6899 N=45278137 n=26 value=3281
record p=6599 q=6659 N=43942741 n=26 value=3299
record p=6659 q=6779 N=45141361 n=26 value=3329
record p=6719 q=6779 N=45548101 n=26 value=3359
record p=6779 q=6827 N=46280233 n=26 value=3389
record p=6803 q=7079 N=48158437 n=26 value=3401
record p=6827 q=6863 N=46853701 n=26 value=3413
record p=6863 q=7079 N=48583177 n=26 value=3431
record p=6899 q=6983 N=48175717 n=26 value=3449
record p=6947 q=7247 N=50344909 n=26 value=3473
record p=6959 q=7247 N=50431873 n=26 value=3479
record p=6983 q=7079 N=49432657 n=26 value=3491
record p=7019 q=7523 N=52803937 n=26 value=3509
record p=7043 q=13799 N=97186357 n=27 value=3521
record p=7079 q=7187 N=50876773 n=26 value=3539
record p=7103 q=7487 N=53180161 n=26 value=3551
record p=7127 q=14087 N=100398049 n=27 value=3563
record p=7187 q=7247 N=52084189 n=26 value=3593
record p=7247 q=7523 N=54519181 n=26 value=3623
record p=7283 q=7559 N=55052197 n=26 value=3641
record p=7307 q=8123 N=59354761 n=26 value=3653
record p=7487 q=7703 N=57672361 n=26 value=3743
record p=7499 q=7703 N=57764797 n=26 value=3749
record p=7523 q=7559 N=56866357 n=26 value=3761
record p=7559 q=7607 N=57501313 n=26 value=3779
record p=7583 q=7607 N=57683881 n=26 value=3791
record p=7607 q=7643 N=58140301 n=26 value=3803
record p=7643 q=7703 N=58874029 n=26 value=3821
record p=7703 q=7823 N=60260569 n=26 value=3851
record p=7727 q=7823 N=60448321 n=26 value=3863
record p=7823 q=7907 N=61856461 n=26 value=3911
record p=7883 q=11027 N=86925841 n=27 value=3941
record p=7907 q=8039 N=63564373 n=26 value=3953
record p=7919 q=8147 N=64516093 n=26 value=3959
record p=8039 q=8147 N=65493733 n=26 value=4019
record p=8087 q=9239 N=74715793 n=27 value=4043
record p=8111 q=14159 N=114843649 n=27 value=4055
record p=8123 q=8423 N=68420029 n=27 value=4061
record p=8147 q=8423 N=68622181 n=27 value=4073
record p=8219 q=10079 N=82839301 n=27 value=4109
record p=8243 q=8819 N=72695017 n=27 value=4121
record p=8363 q=8783 N=73452229 n=27 value=4181
record p=8423 q=8543 N=71957689 n=27 value=4211
record p=8447 q=8699 N=73480453 n=27 value=4223
record p=8543 q=8699 N=74315557 n=27 value=4271
record p=8627 q=8699 N=75046273 n=27 value=4313
record p=8663 q=8747 N=75775261 n=27 value=4331
record p=8699 q=8747 N=76090153 n=27 value=4349
record p=8747 q=8783 N=76824901 n=27 value=4373
record p=8783 q=8819 N=77457277 n=27 value=4391
record p=8819 q=8963 N=79044697 n=27 value=4409
record p=8963 q=9203 N=82486489 n=27 value=4481
record p=8999 q=9239 N=83141761 n=27 value=4499
record p=9059 q=9719 N=88044421 n=27 value=4529
record p=9203 q=9323 N=85799569 n=27 value=4601
record p=9227 q=11027 N=101746129 n=27 value=4613
record p=9239 q=9467 N=87465613 n=27 value=4619
record p=9323 q=9419 N=87813337 n=27 value=4661
record p=9419 q=9839 N=92673541 n=27 value=4709
record p=9467 q=9587 N=90760129 n=27 value=4733
record p=9539 q=9887 N=94312093 n=27 value=4769
record p=9587 q=9623 N=92255701 n=27 value=4793
record p=9623 q=10559 N=101609257 n=27 value=4811
record p=9719 q=10007 N=97258033 n=27 value=4859
record p=9743 q=9839 N=95861377 n=27 value=4871
record p=9767 q=9839 N=96097513 n=27 value=4883
record p=9803 q=10007 N=98098621 n=27 value=4901
record p=9839 q=10007 N=98458873 n=27 value=4919
record p=9887 q=10007 N=98939209 n=27 value=4943
record p=9923 q=11987 N=118947001 n=27 value=4961
record p=10007 q=10079 N=100860553 n=27 value=5003
record p=10067 q=11483 N=115599361 n=27 value=5033
record p=10079 q=10103 N=101828137 n=27 value=5039
record p=10103 q=10139 N=102434317 n=27 value=5051
record p=10139 q=10247 N=103894333 n=27 value=5069
record p=10163 q=10247 N=104140261 n=27 value=5081
record p=10223 q=10343 N=105736489 n=27 value=5111
record p=10247 q=10607 N=108689929 n=27 value=5123
record p=10259 q=10559 N=108324781 n=27 value=5129
record p=10343 q=10463 N=108218809 n=27 value=5171
record p=10427 q=11423 N=119107621 n=27 value=5213
record p=10463 q=10607 N=110981041 n=27 value=5231
record p=10487 q=15299 N=160440613 n=28 value=5243
record p=10499 q=10607 N=111362893 n=27 value=5249
record p=10559 q=10607 N=111999313 n=27 value=5279
record p=10607 q=10667 N=113144869 n=27 value=5303
record p=10667 q=10799 N=115192933 n=27 value=5333
record p=10799 q=10859 N=117266341 n=27 value=5399
record p=10859 q=10883 N=118178497 n=27 value=5429
record p=10883 q=11003 N=119745649 n=27 value=5441
record p=10979 q=11003 N=120801937 n=27 value=5489
record p=11003 q=11279 N=124102837 n=27 value=5501
record p=11027 q=11279 N=124373533 n=27 value=5513
record p=11087 q=11483 N=127312021 n=27 value=5543
record p=11159 q=20663 N=230578417 n=28 value=5579
record p=11279 q=11399 N=128569321 n=27 value=5639
record p=11399 q=11447 N=130484353 n=27 value=5699
record p=11423 q=11447 N=130759081 n=27 value=5711
record p=11447 q=11483 N=131445901 n=27 value=5723
record p=11483 q=11699 N=134339617 n=28 value=5741
record p=11519 q=13799 N=158950681 n=28 value=5759
record p=11579 q=14207 N=164502853 n=28 value=5789
record p=11699 q=11783 N=137849317 n=28 value=5849
record p=11783 q=11939 N=140677237 n=28 value=5891
record p=11807 q=11939 N=140963773 n=28 value=5903
record p=11867 q=12899 N=153072433 n=28 value=5933
record p=11903 q=13043 N=155250829 n=28 value=5951
record p=11927 q=12107 N=144400189 n=28 value=5963
record p=11939 q=12107 N=144545473 n=28 value=5969
record p=11987 q=13163 N=157784881 n=28 value=5993
record p=12107 q=12143 N=147015301 n=28 value=6053
record p=12119 q=12263 N=148615297 n=28 value=6059
record p=12143 q=12347 N=149929621 n=28 value=6071
record p=12203 q=12227 N=149206081 n=28 value=6101
record p=12227 q=12263 N=149939701 n=28 value=6113
record p=12239 q=12323 N=150821197 n=28 value=6119
record p=12263 q=12323 N=151116949 n=28 value=6131
record p=12323 q=12347 N=152152081 n=28 value=6161
record p=12347 q=12527 N=154670869 n=28 value=6173
record p=12479 q=13367 N=166806793 n=28 value=6239
record p=12503 q=24407 N=305160721 n=29 value=6251
record p=12527 q=12539 N=157076053 n=28 value=6263
record p=12539 q=12647 N=158580733 n=28 value=6269
record p=12647 q=12659 N=160098373 n=28 value=6323
record p=12659 q=12899 N=163288441 n=28 value=6329
record p=12743 q=12899 N=164371957 n=28 value=6371
record p=12899 q=12983 N=167467717 n=28 value=6449
record p=12959 q=13523 N=175244557 n=28 value=6479
record p=12983 q=13043 N=169337269 n=28 value=6491
record p=13007 q=16139 N=209919973 n=28 value=6503
record p=13043 q=13103 N=170902429 n=28 value=6521
record p=13103 q=13127 N=172003081 n=28 value=6551
record p=13127 q=13163 N=172790701 n=28 value=6563
record p=13163 q=13463 N=177213469 n=28 value=6581
record p=13187 q=13523 N=178327801 n=28 value=6593
record p=13259 q=14087 N=186779533 n=28 value=6629
record p=13367 q=13463 N=179959921 n=28 value=6683
record p=13451 q=18587 N=250013737 n=28 value=6725
record p=13463 q=13523 N=182060149 n=28 value=6731
record p=13487 q=13523 N=182384701 n=28 value=6743
record p=13499 q=13967 N=188540533 n=28 value=6749
record p=13523 q=13799 N=186603877 n=28 value=6761
record p=13619 q=14783 N=201329677 n=28 value=6809
record p=13679 q=14207 N=194337553 n=28 value=6839
record p=13763 q=20123 N=276952849 n=29 value=6881
record p=13799 q=13967 N=192730633 n=28 value=6899
record p=13859 q=14423 N=199888357 n=28 value=6929
record p=13883 q=14747 N=204732601 n=28 value=6941
record p=13907 q=14627 N=203417689 n=28 value=6953
record p=13967 q=14087 N=196753129 n=28 value=6983
record p=14087 q=14159 N=199457833 n=28 value=7043
record p=14159 q=14243 N=201666637 n=28 value=7079
record p=14207 q=14243 N=202350301 n=28 value=7103
record p=14243 q=14387 N=204914041 n=28 value=7121
record p=14303 q=14387 N=205777261 n=28 value=7151
record p=14387 q=14423 N=207503701 n=28 value=7193
record p=14423 q=14627 N=210965221 n=28 value=7211
record p=14447 q=14759 N=213223273 n=28 value=7223
record p=14543 q=14759 N=214640137 n=28 value=7271
record p=14627 q=14699 N=215002273 n=28 value=7313
record p=14639 q=17327 N=253649953 n=28 value=7319
record p=14699 q=14747 N=216766153 n=28 value=7349
record p=14723 q=15083 N=222067009 n=28 value=7361
record p=14747 q=14867 N=219243649 n=28 value=7373
record p=14759 q=14843 N=219067837 n=28 value=7379
record p=14783 q=15287 N=225987721 n=28 value=7391
record p=14843 q=15083 N=223876969 n=28 value=7421
record p=14867 q=15083 N=224238961 n=28 value=7433
record p=14879 q=15299 N=227633821 n=28 value=7439
record p=15083 q=15287 N=230573821 n=28 value=7541
record p=15227 q=15287 N=232775149 n=28 value=7613
record p=15263 q=16223 N=247611649 n=28 value=7631
record p=15287 q=15299 N=233875813 n=28 value=7643
record p=15299 q=15383 N=235344517 n=28 value=7649
record p=15359 q=26399 N=405462241 n=29 value=7679
record p=15383 q=15647 N=240697801 n=28 value=7691
record p=15443 q=30347 N=468648721 n=29 value=7721
record p=15527 q=27827 N=432069829 n=29 value=7763
record p=15647 q=15683 N=245391901 n=28 value=7823
record p=15683 q=15767 N=247273861 n=28 value=7841
record p=15767 q=15803 N=249165901 n=28 value=7883
record p=15803 q=15959 N=252200077 n=28 value=7901
record p=15887 q=16427 N=260975749 n=28 value=7943
record p=15923 q=16007 N=254879461 n=28 value=7961
record p=15959 q=16007 N=255455713 n=28 value=7979
record p=16007 q=16103 N=257760721 n=28 value=8003
record p=16067 q=16139 N=259305313 n=28 value=8033
record p=16103 q=16139 N=259886317 n=28 value=8051
record p=16127 q=26099 N=420898573 n=29 value=8063
record p=16139 q=16187 N=261241993 n=28 value=8069
record p=16187 q=16319 N=264155653 n=28 value=8093
record p=16223 q=16487 N=267468601 n=28 value=8111
record p=16319 q=16487 N=269051353 n=29 value=8159
record p=16427 q=17099 N=280885273 n=29 value=8213
record p=16487 q=16547 N=272810389 n=29 value=8243
record p=16547 q=16943 N=280355821 n=29 value=8273
record p=16607 q=18059 N=299905813 n=29 value=8303
record p=16619 q=20627 N=342800113 n=29 value=8309
record p=16703 q=20543 N=343129729 n=29 value=8351
record p=16763 q=18947 N=317608561 n=29 value=8381
record p=16823 q=17807 N=299567161 n=29 value=8411
record p=16883 q=17903 N=302256349 n=29 value=8441
record p=16943 q=17027 N=288488461 n=29 value=8471
record p=16979 q=17027 N=289101433 n=29 value=8489
record p=17027 q=17099 N=291144673 n=29 value=8513
record p=17099 q=17327 N=296274373 n=29 value=8549
record p=17123 q=23879 N=408880117 n=29 value=8561
record p=17159 q=18143 N=311315737 n=29 value=8579
record p=17183 q=20123 N=345773509 n=29 value=8591
record p=17207 q=19379 N=333454453 n=29 value=8603
record p=17327 q=17387 N=301264549 n=29 value=8663
record p=17387 q=17483 N=303976921 n=29 value=8693
record p=17483 q=17747 N=310270801 n=29 value=8741
record p=17519 q=20663 N=361995097 n=29 value=8759
record p=17627 q=26399 N=465335173 n=29 value=8813
record p=17747 q=19403 N=344345041 n=29 value=8873
record p=17783 q=18587 N=330532621 n=29 value=8891
record p=17807 q=17903 N=318798721 n=29 value=8903
record p=17903 q=17939 N=321161917 n=29 value=8951
record p=17939 q=18059 N=323960401 n=29 value=8969
record p=17987 q=18059 N=324827233 n=29 value=8993
record p=18059 q=18119 N=327211021 n=29 value=9029
record p=18119 q=18287 N=331342153 n=29 value=9059
record p=18143 q=18287 N=331781041 n=29 value=9071
record p=18287 q=18587 N=339900469 n=29 value=9143
record p=18443 q=18587 N=342800041 n=29 value=9221
record p=18503 q=23567 N=436060201 n=29 value=9251
record p=18539 q=18743 N=347476477 n=29 value=9269
record p=18587 q=18743 N=348376141 n=29 value=9293
record p=18719 q=22619 N=423405061 n=29 value=9359
record p=18743 q=18839 N=353099377 n=29 value=9371
record p=18839 q=18947 N=356942533 n=29 value=9419
record p=18899 q=19463 N=367831237 n=29 value=9449
record p=18947 q=19079 N=361489813 n=29 value=9473
record p=18959 q=19079 N=361718761 n=29 value=9479
record p=19079 q=19259 N=367442461 n=29 value=9539
record p=19139 q=33623 N=643510597 n=30 value=9569
record p=19163 q=21587 N=413671681 n=29 value=9581
record p=19259 q=19379 N=373220161 n=29 value=9629
record p=19319 q=21647 N=418198393 n=29 value=9659
record p=19379 q=19463 N=377173477 n=29 value=9689
record p=19403 q=19463 N=377640589 n=29 value=9701
record p=19427 q=24407 N=474154789 n=29 value=9713
record p=19463 q=20123 N=391653949 n=29 value=9731
record p=19583 q=20123 N=394068709 n=29 value=9791
record p=19727 q=22787 N=449519149 n=29 value=9863
record p=19739 q=19763 N=390101857 n=29 value=9869
record p=19763 q=20507 N=405279841 n=29 value=9881
record p=19919 q=20327 N=404893513 n=29 value=9959
record p=20063 q=37019 N=742712197 n=30 value=10031
record p=20123 q=20183 N=406142509 n=29 value=10061
record p=20183 q=20327 N=410259841 n=29 value=10091
record p=20219 q=21419 N=433070761 n=29 value=10109
record p=20327 q=20507 N=416845789 n=29 value=10163
record p=20507 q=20627 N=422997889 n=29 value=10253
record p=20543 q=20627 N=423740461 n=29 value=10271
record p=20627 q=20663 N=426215701 n=29 value=10313
record p=20639 q=21419 N=442066741 n=29 value=10319
record p=20663 q=20759 N=428943217 n=29 value=10331
record p=20747 q=23027 N=477741169 n=29 value=10373
record p=20759 q=21059 N=437163781 n=29 value=10379
record p=20807 q=21059 N=438174613 n=29 value=10403
record p=20879 q=23027 N=480780733 n=29 value=10439
record p=20903 q=27827 N=581667781 n=30 value=10451
record p=20939 q=21227 N=444472153 n=29 value=10469
record p=20963 q=21059 N=441459817 n=29 value=10481
record p=21023 q=21467 N=451300741 n=29 value=10511
record p=21059 q=21179 N=446008561 n=29 value=10529
record p=21107 q=21179 N=447025153 n=29 value=10553
record p=21143 q=23039 N=487113577 n=29 value=10571
record p=21179 q=21227 N=449566633 n=29 value=10589
record p=21227 q=21383 N=453896941 n=29 value=10613
record p=21347 q=22307 N=476187529 n=29 value=10673
record p=21383 q=21419 N=458002477 n=29 value=10691
record p=21419 q=21467 N=459801673 n=29 value=10709
record p=21467 q=21563 N=462892921 n=29 value=10733
record p=21503 q=23039 N=495407617 n=29 value=10751
record p=21563 q=21647 N=466774261 n=29 value=10781
record p=21587 q=21767 N=469884229 n=29 value=10793
record p=21599 q=21647 N=467553553 n=29 value=10799
record p=21647 q=21839 N=472748833 n=29 value=10823
record p=21683 q=21767 N=471973861 n=29 value=10841
record p=21767 q=21803 N=474585901 n=29 value=10883
record p=21803 q=22643 N=493685329 n=29 value=10901
record p=21839 q=22259 N=486114301 n=29 value=10919
record p=21863 q=22259 N=486648517 n=29 value=10931
record p=22067 q=23819 N=525613873 n=29 value=11033
record p=22247 q=40499 N=900981253 n=30 value=11123
record p=22259 q=22343 N=497332837 n=29 value=11129
record p=22283 q=22739 N=506693137 n=29 value=11141
record p=22307 q=23159 N=516607813 n=29 value=11153
record p=22343 q=22619 N=505376317 n=29 value=11171
record p=22367 q=22619 N=505919173 n=29 value=11183
record p=22619 q=22643 N=512162017 n=29 value=11309
record p=22643 q=22739 N=514879177 n=29 value=11321
record p=22679 q=22787 N=516786373 n=29 value=11339
record p=22727 q=23819 N=541334413 n=30 value=11363
record p=22739 q=22787 N=518153593 n=29 value=11369
record p=22787 q=22943 N=522802141 n=29 value=11393
record p=22859 q=23459 N=536249281 n=29 value=11429
record p=22907 q=23459 N=537375313 n=30 value=11453
record p=22943 q=23099 N=529960357 n=29 value=11471
record p=23003 q=36887 N=848511661 n=30 value=11501
record p=23027 q=23567 N=542677309 n=30 value=11513
record p=23039 q=23099 N=532177861 n=29 value=11519
record p=23063 q=23447 N=540758161 n=30 value=11531
record p=23099 q=23159 N=534949741 n=29 value=11549
record p=23159 q=23279 N=539118361 n=30 value=11579
record p=23279 q=23399 N=544705321 n=30 value=11639
record p=23327 q=23399 N=545828473 n=30 value=11663
record p=23339 q=23879 N=557311981 n=30 value=11669
record p=23399 q=23567 N=551444233 n=30 value=11699
record p=23447 q=23567 N=552575449 n=30 value=11723
record p=23459 q=23567 N=552858253 n=30 value=11729
record p=23567 q=23603 N=556251901 n=30 value=11783
record p=23603 q=23627 N=557668081 n=30 value=11801
record p=23627 q=23663 N=559085701 n=30 value=11813
record p=23663 q=23687 N=560505481 n=30 value=11831
record p=23687 q=24083 N=570454021 n=30 value=11843
record p=23747 q=23879 N=567054613 n=30 value=11873
record p=23819 q=23879 N=568773901 n=30 value=11909
record p=23879 q=24023 N=573645217 n=30 value=11939
record p=24023 q=24083 N=578545909 n=30 value=12011
record p=24083 q=24203 N=582880849 n=30 value=12041
record p=24107 q=25463 N=613836541 n=30 value=12053
record p=24203 q=24239 N=586656517 n=30 value=12101
record p=24239 q=24407 N=591601273 n=30 value=12119
record p=24359 q=24419 N=594822421 n=30 value=12179
record p=24407 q=24443 N=596580301 n=30 value=12203
record p=24419 q=24527 N=598924813 n=30 value=12209
record p=24443 q=27059 N=661403137 n=30 value=12221
record p=24527 q=24659 N=604811293 n=30 value=12263
record p=24623 q=25307 N=623134261 n=30 value=12311
record p=24659 q=25307 N=624045313 n=30 value=12329
record p=24683 q=32687 N=806813221 n=30 value=12341
record p=24767 q=28283 N=700485061 n=30 value=12383
record p=24923 q=25307 N=630726361 n=30 value=12461
record p=25127 q=25847 N=649457569 n=30 value=12563
record p=25163 q=25583 N=643745029 n=30 value=12581
record p=25247 q=25847 N=652559209 n=30 value=12623
record p=25307 q=25523 N=645910561 n=30 value=12653
record p=25343 q=25367 N=642875881 n=30 value=12671
record p=25367 q=32603 N=827040301 n=30 value=12683
record p=25463 q=25643 N=652947709 n=30 value=12731
record p=25523 q=27407 N=699508861 n=30 value=12761
record p=25583 q=25643 N=656024869 n=30 value=12791
record p=25643 q=25679 N=658486597 n=30 value=12821
record p=25667 q=25703 N=659718901 n=30 value=12833
record p=25679 q=25799 N=662492521 n=30 value=12839
record p=25703 q=25799 N=663111697 n=30 value=12851
record p=25763 q=28163 N=725563369 n=30 value=12881
record p=25799 q=25847 N=666826753 n=30 value=12899
record p=25847 q=26003 N=672099541 n=30 value=12923
record p=25919 q=26003 N=673971757 n=30 value=12959
record p=25943 q=31607 N=819980401 n=30 value=12971
record p=26003 q=26099 N=678652297 n=30 value=13001
record p=26099 q=26339 N=687421561 n=30 value=13049
record p=26183 q=32687 N=855843721 n=30 value=13091
record p=26267 q=26903 N=706661101 n=30 value=13133
record p=26339 q=27947 N=736096033 n=30 value=13169
record p=26387 q=26459 N=698173633 n=30 value=13193
record p=26399 q=26459 N=698491141 n=30 value=13199
record p=26423 q=26627 N=703565221 n=30 value=13211
record p=26459 q=26627 N=704523793 n=30 value=13229
record p=26627 q=26903 N=716346181 n=30 value=13313
record p=26687 q=27107 N=723404509 n=30 value=13343
record p=26699 q=29123 N=777554977 n=30 value=13349
record p=26723 q=26903 N=718928869 n=30 value=13361
record p=26759 q=27143 N=726319537 n=30 value=13379
record p=26783 q=42683 N=1143178789 n=31 value=13391
record p=26879 q=26927 N=723770833 n=30 value=13439
record p=26903 q=26987 N=726031261 n=30 value=13451
record p=26927 q=27059 N=728617693 n=30 value=13463
record p=26987 q=27059 N=730241233 n=30 value=13493
record p=27059 q=27107 N=733488313 n=30 value=13529
record p=27107 q=27143 N=735765301 n=30 value=13553
record p=27143 q=27179 N=737719597 n=30 value=13571
record p=27179 q=27239 N=740328781 n=30 value=13589
record p=27239 q=27299 N=743597461 n=30 value=13619
record p=27299 q=27407 N=748183693 n=30 value=13649
record p=27407 q=27527 N=754432489 n=30 value=13703
record p=27479 q=34367 N=944370793 n=30 value=13739
record p=27527 q=27767 N=764342209 n=30 value=13763
record p=27539 q=29243 N=805322977 n=30 value=13769
record p=27647 q=27767 N=767674249 n=30 value=13823
record p=27767 q=27803 N=772005901 n=30 value=13883
record p=27779 q=33827 N=939680233 n=30 value=13889
record p=27803 q=27827 N=773674081 n=30 value=13901
record p=27827 q=27947 N=777681169 n=30 value=13913
record p=27947 q=28283 N=790425001 n=30 value=13973
record p=27983 q=28019 N=784055677 n=30 value=13991
record p=28019 q=28163 N=789099097 n=30 value=14009
record p=28163 q=28307 N=797210041 n=30 value=14081
record p=28283 q=28307 N=800606881 n=30 value=14141
record p=28307 q=28499 N=806721193 n=30 value=14153
record p=28319 q=28439 N=805364041 n=30 value=14159
record p=28403 q=28559 N=811161277 n=30 value=14201
record p=28439 q=28499 N=810483061 n=30 value=14219
record p=28499 q=28559 N=813902941 n=30 value=14249
record p=28547 q=29663 N=846789661 n=30 value=14273
record p=28559 q=28643 N=818015437 n=30 value=14279
record p=28607 q=28643 N=819390301 n=30 value=14303
record p=28619 q=28643 N=819734017 n=30 value=14309
record p=28643 q=28979 N=830045497 n=30 value=14321
record p=28703 q=28859 N=828339877 n=30 value=14351
record p=28859 q=29123 N=840460657 n=30 value=14429
record p=28979 q=29123 N=843955417 n=30 value=14489
record p=29027 q=29363 N=852319801 n=30 value=14513
record p=29063 q=29567 N=859305721 n=30 value=14531
record p=29123 q=29207 N=850595461 n=30 value=14561
record p=29147 q=29867 N=870533449 n=30 value=14573
record p=29207 q=29879 N=872675953 n=30 value=14603
record p=29243 q=29339 N=857960377 n=30 value=14621
record p=29327 q=33623 N=986061721 n=30 value=14663
record p=29339 q=29399 N=862537261 n=30 value=14669
record p=29363 q=29423 N=863947549 n=30 value=14681
record p=29387 q=36887 N=1083998269 n=31 value=14693
record p=29399 q=29483 N=866770717 n=30 value=14699
record p=29423 q=29867 N=878776741 n=30 value=14711
record p=29483 q=29663 N=874554229 n=30 value=14741
record p=29567 q=29663 N=877045921 n=30 value=14783
record p=29663 q=29879 N=886300777 n=30 value=14831
record p=29723 q=44867 N=1333581841 n=31 value=14861
record p=29759 q=29819 N=887383621 n=30 value=14879
record p=29819 q=29879 N=890961901 n=30 value=14909
record p=29867 q=30047 N=897413749 n=30 value=14933
record p=29879 q=30047 N=897774313 n=30 value=14939
record p=29927 q=32183 N=963140641 n=30 value=14963
record p=30047 q=30203 N=907509541 n=30 value=15023
record p=30059 q=42179 N=1267858561 n=31 value=15029
record p=30119 q=30323 N=913298437 n=30 value=15059
record p=30203 q=30323 N=915845569 n=30 value=15101
record p=30323 q=30347 N=920212081 n=30 value=15161
record p=30347 q=30467 N=924582049 n=30 value=15173
record p=30467 q=30539 N=930431713 n=30 value=15233
record p=30539 q=30803 N=940692817 n=30 value=15269
record p=30707 q=31847 N=977925829 n=30 value=15353
record p=30803 q=30839 N=949933717 n=30 value=15401
record p=30839 q=31547 N=972877933 n=30 value=15419
record p=30983 q=35879 N=1111639057 n=31 value=15491
record p=31019 q=34703 N=1076452357 n=31 value=15509
record p=31079 q=31247 N=971125513 n=30 value=15539
record p=31139 q=31223 N=972252997 n=30 value=15569
record p=31223 q=31259 N=975999757 n=30 value=15611
record p=31247 q=31607 N=987623929 n=30 value=15623
record p=31259 q=31547 N=986127673 n=30 value=15629
record p=31307 q=35363 N=1107109441 n=31 value=15653
record p=31319 q=47207 N=1478476033 n=31 value=15659
record p=31379 q=32507 N=1020037153 n=30 value=15689
record p=31547 q=31607 N=997106029 n=30 value=15773
record p=31583 q=31607 N=998243881 n=30 value=15791
record p=31607 q=31667 N=1000898869 n=30 value=15803
record p=31643 q=31847 N=1007734621 n=30 value=15821
record p=31667 q=31847 N=1008498949 n=30 value=15833
record p=31727 q=31847 N=1010409769 n=30 value=15863
record p=31799 q=32303 N=1027203097 n=30 value=15899
record p=31847 q=31859 N=1014613573 n=30 value=15923
record p=31859 q=32843 N=1046345137 n=30 value=15929
record p=31883 q=32687 N=1042159621 n=30 value=15941
record p=32003 q=32027 N=1024960081 n=30 value=16001
record p=32027 q=32183 N=1030724941 n=30 value=16013
record p=32063 q=33599 N=1077284737 n=31 value=16031
record p=32099 q=32183 N=1033042117 n=30 value=16049
record p=32159 q=55619 N=1788651421 n=31 value=16079
record p=32183 q=32303 N=1039607449 n=30 value=16091
record p=32303 q=33347 N=1077208141 n=31 value=16151
record p=32327 q=40499 N=1309211173 n=31 value=16163
record p=32363 q=32687 N=1057849381 n=30 value=16181
record p=32423 q=37463 N=1214662849 n=31 value=16211
record p=32507 q=32603 N=1059825721 n=30 value=16253
record p=32603 q=32687 N=1065694261 n=30 value=16301
record p=32687 q=32783 N=1071577921 n=30 value=16343
record p=32783 q=32939 N=1079839237 n=31 value=16391
record p=32843 q=32939 N=1081815577 n=31 value=16421
record p=32939 q=33563 N=1105531657 n=31 value=16469
record p=32987 q=33107 N=1092100609 n=31 value=16493
record p=32999 q=33107 N=1092497893 n=31 value=16499
record p=33023 q=50159 N=1656400657 n=31 value=16511
record p=33083 q=33347 N=1103218801 n=31 value=16541
record p=33107 q=33347 N=1104019129 n=31 value=16553
record p=33119 q=33563 N=1111572997 n=31 value=16559
record p=33179 q=33767 N=1120355293 n=31 value=16589
record p=33203 q=33767 N=1121165701 n=31 value=16601
record p=33347 q=33599 N=1120425853 n=31 value=16673
record p=33359 q=33599 N=1120829041 n=31 value=16679
record p=33479 q=33647 N=1126467913 n=31 value=16739
record p=33503 q=33827 N=1133305981 n=31 value=16751
record p=33563 q=33623 N=1128488749 n=31 value=16781
record p=33587 q=34703 N=1165569661 n=31 value=16793
record p=33599 q=33623 N=1129699177 n=31 value=16799
record p=33623 q=33767 N=1135347841 n=31 value=16811
record p=33647 q=33767 N=1136158249 n=31 value=16823
record p=33767 q=33863 N=1143451921 n=31 value=16883
record p=33827 q=35963 N=1216520401 n=31 value=16913
record p=33863 q=34019 N=1151985397 n=31 value=16931
record p=33923 q=38903 N=1319706469 n=31 value=16961
record p=34019 q=34283 N=1166273377 n=31 value=17009
record p=34127 q=34319 N=1171204513 n=31 value=17063
record p=34283 q=34583 N=1185608989 n=31 value=17141
record p=34319 q=34403 N=1180676557 n=31 value=17159
record p=34367 q=34403 N=1182327901 n=31 value=17183
record p=34403 q=34439 N=1184804917 n=31 value=17201
record p=34439 q=34583 N=1191003937 n=31 value=17219
record p=34487 q=34583 N=1192663921 n=31 value=17243
record p=34499 q=34583 N=1193078917 n=31 value=17249
record p=34583 q=34667 N=1198888861 n=31 value=17291
record p=34607 q=55487 N=1920238609 n=31 value=17303
record p=34667 q=34703 N=1203048901 n=31 value=17333
record p=34679 q=37223 N=1290856417 n=31 value=17339
record p=34703 q=34883 N=1210544749 n=31 value=17351
record p=34739 q=36083 N=1253487337 n=31 value=17369
record p=34883 q=35159 N=1226451397 n=31 value=17441
record p=34919 q=38783 N=1354263577 n=31 value=17459
record p=35027 q=35339 N=1237819153 n=31 value=17513
record p=35159 q=35339 N=1242483901 n=31 value=17579
record p=35279 q=35339 N=1246724581 n=31 value=17639
record p=35327 q=35999 N=1271736673 n=31 value=17663
record p=35339 q=35363 N=1249693057 n=31 value=17669
record p=35363 q=35507 N=1255634041 n=31 value=17681
record p=35423 q=35759 N=1266691057 n=31 value=17711
record p=35447 q=36083 N=1279034101 n=31 value=17723
record p=35507 q=35543 N=1262025301 n=31 value=17753
record p=35543 q=36683 N=1303823869 n=31 value=17771
record p=35747 q=35963 N=1285569361 n=31 value=17873
record p=35759 q=37847 N=1353370873 n=31 value=17879
record p=35879 q=35963 N=1290316477 n=31 value=17939
record p=35963 q=36083 N=1297652929 n=31 value=17981
record p=35999 q=36083 N=1298951917 n=31 value=17999
record p=36083 q=36263 N=1308477829 n=31 value=18041
record p=36263 q=36299 N=1316310637 n=31 value=18131
record p=36299 q=36383 N=1320666517 n=31 value=18149
record p=36383 q=36467 N=1326778861 n=31 value=18191
record p=36467 q=36599 N=1334655733 n=31 value=18233
record p=36479 q=38639 N=1409512081 n=31 value=18239
record p=36527 q=37547 N=1371479269 n=31 value=18263
record p=36563 q=36683 N=1341240529 n=31 value=18281
record p=36587 q=39023 N=1427734501 n=31 value=18293
record p=36599 q=36887 N=1350027313 n=31 value=18299
record p=36683 q=36767 N=1348723861 n=31 value=18341
record p=36767 q=36887 N=1356224329 n=31 value=18383
record p=36779 q=42083 N=1547770657 n=31 value=18389
record p=36887 q=36923 N=1361978701 n=31 value=18443
record p=36899 q=36923 N=1362421777 n=31 value=18449
record p=36923 q=37019 N=1366852537 n=31 value=18461
record p=37019 q=37547 N=1389952393 n=31 value=18509
record p=37139 q=37463 N=1391338357 n=31 value=18569
record p=37223 q=37463 N=1394485249 n=31 value=18611
record p=37307 q=37607 N=1403004349 n=31 value=18653
record p=37379 q=43427 N=1623257833 n=31 value=18689
record p=37463 q=37547 N=1406623261 n=31 value=18731
record p=37547 q=37607 N=1412030029 n=31 value=18773
record p=37607 q=37643 N=1415640301 n=31 value=18803
record p=37619 q=47303 N=1779491557 n=31 value=18809
record p=37643 q=50627 N=1905752161 n=31 value=18821
record p=37799 q=37967 N=1435114633 n=31 value=18899
record p=37847 q=37967 N=1436937049 n=31 value=18923
record p=37907 q=38783 N=1470147181 n=31 value=18953
record p=37967 q=38183 N=1449693961 n=31 value=18983
record p=38183 q=38639 N=1475352937 n=31 value=19091
record p=38219 q=38327 N=1464819613 n=31 value=19109
record p=38303 q=44687 N=1711646161 n=31 value=19151
record p=38327 q=38447 N=1473558169 n=31 value=19163
record p=38447 q=38603 N=1484169541 n=31 value=19223
record p=38459 q=41759 N=1606009381 n=31 value=19229
record p=38543 q=60527 N=2332892161 n=32 value=19271
record p=38567 q=43943 N=1694749681 n=31 value=19283
record p=38603 q=38639 N=1491581317 n=31 value=19301
record p=38639 q=38747 N=1497145333 n=31 value=19319
record p=38699 q=42299 N=1636929001 n=31 value=19349
record p=38723 q=38747 N=1500400081 n=31 value=19361
record p=38747 q=38867 N=1505979649 n=31 value=19373
record p=38783 q=38867 N=1507378861 n=31 value=19391
record p=38867 q=38903 N=1512042901 n=31 value=19433
record p=38903 q=39023 N=1518111769 n=31 value=19451
record p=39023 q=39107 N=1526072461 n=31 value=19511
record p=39047 q=43019 N=1679762893 n=31 value=19523
record p=39107 q=39323 N=1537804561 n=31 value=19553
record p=39119 q=39323 N=1538276437 n=31 value=19559
record p=39227 q=41843 N=1641375361 n=31 value=19613
record p=39239 q=41387 N=1623984493 n=31 value=19619
record p=39323 q=39419 N=1550073337 n=31 value=19661
record p=39359 q=41519 N=1634146321 n=31 value=19679
record p=39419 q=39503 N=1557168757 n=31 value=19709
record p=39443 q=44027 N=1736556961 n=31 value=19721
record p=39503 q=39563 N=1562857189 n=31 value=19751
record p=39563 q=39659 N=1569029017 n=31 value=19781
record p=39623 q=41843 N=1657945189 n=31 value=19811
record p=39659 q=39779 N=1577595361 n=31 value=19829
record p=39719 q=40583 N=1611916177 n=31 value=19859
record p=39779 q=39827 N=1584278233 n=31 value=19889
record p=39827 q=39983 N=1592402941 n=31 value=19913
record p=39839 q=39863 N=1588102057 n=31 value=19919
record p=39863 q=40583 N=1617760129 n=31 value=19931
record p=39983 q=40127 N=1604397841 n=31 value=19991
record p=40127 q=40487 N=1624621849 n=31 value=20063
record p=40163 q=40583 N=1629935029 n=31 value=20081
record p=40283 q=40763 N=1642055929 n=31 value=20141
record p=40343 q=40787 N=1645469941 n=31 value=20171
record p=40427 q=41543 N=1679458861 n=31 value=20213
record p=40487 q=40787 N=1651343269 n=31 value=20243
record p=40499 q=40739 N=1649888761 n=31 value=20249
record p=40559 q=41759 N=1693703281 n=31 value=20279
record p=40583 q=41243 N=1673764669 n=31 value=20291
record p=40739 q=40763 N=1660643857 n=31 value=20369
record p=40763 q=40787 N=1662600481 n=31 value=20381
record p=40787 q=40823 N=1665047701 n=31 value=20393
record p=40823 q=40883 N=1668966709 n=31 value=20411
record p=40847 q=42299 N=1727787253 n=31 value=20423
record p=40883 q=41387 N=1692024721 n=31 value=20441
record p=41039 q=41687 N=1710792793 n=31 value=20519
record p=41183 q=41387 N=1704440821 n=31 value=20591
record p=41243 q=42767 N=1763839381 n=31 value=20621
record p=41387 q=41507 N=1717850209 n=31 value=20693
record p=41399 q=44579 N=1845526021 n=31 value=20699
record p=41507 q=41543 N=1724325301 n=31 value=20753
record p=41519 q=41543 N=1724823817 n=31 value=20759
record p=41543 q=41579 N=1727316397 n=31 value=20771
record p=41579 q=41759 N=1736297461 n=31 value=20789
record p=41603 q=45779 N=1904543737 n=31 value=20801
record p=41627 q=45707 N=1902645289 n=31 value=20813
record p=41687 q=42359 N=1765819633 n=31 value=20843
record p=41759 q=41843 N=1747321837 n=31 value=20879
record p=41843 q=41879 N=1752342997 n=31 value=20921
record p=41879 q=41927 N=1755860833 n=31 value=20939
record p=41927 q=42023 N=1761898321 n=31 value=20963
record p=42023 q=42179 N=1772488117 n=31 value=21011
record p=42071 q=51047 N=2147598337 n=32 value=21035
record p=42083 q=42179 N=1775018857 n=31 value=21041
record p=42179 q=42299 N=1784129521 n=31 value=21089
record p=42227 q=42443 N=1792240561 n=31 value=21113
record p=42299 q=42359 N=1791743341 n=31 value=21149
record p=42323 q=62639 N=2651070397 n=32 value=21161
record p=42359 q=42443 N=1797843037 n=31 value=21179
record p=42443 q=42683 N=1811594569 n=31 value=21221
record p=42467 q=44699 N=1898232433 n=31 value=21233
record p=42683 q=42767 N=1825423861 n=31 value=21341
record p=42719 q=47639 N=2035090441 n=31 value=21359
record p=42743 q=43607 N=1863894001 n=31 value=21371
record p=42767 q=42839 N=1832095513 n=31 value=21383
record p=42839 q=42899 N=1837750261 n=31 value=21419
record p=42863 q=43067 N=1845980821 n=31 value=21431
record p=42899 q=43019 N=1845472081 n=31 value=21449
record p=42923 q=44027 N=1889770921 n=31 value=21461
record p=43019 q=43103 N=1854247957 n=31 value=21509
record p=43067 q=43223 N=1861484941 n=31 value=21533
record p=43103 q=43403 N=1870799509 n=31 value=21551
record p=43223 q=43403 N=1876007869 n=31 value=21611
record p=43283 q=43943 N=1901984869 n=31 value=21641
record p=43319 q=47303 N=2049118657 n=31 value=21659
record p=43403 q=43427 N=1884862081 n=31 value=21701
record p=43427 q=43607 N=1893721189 n=31 value=21713
record p=43487 q=43943 N=1910949241 n=31 value=21743
record p=43607 q=43787 N=1909419709 n=31 value=21803
record p=43787 q=43943 N=1924132141 n=31 value=21893
record p=43943 q=44027 N=1934678461 n=31 value=21971
record p=44027 q=44267 N=1948943209 n=31 value=22013
record p=44123 q=45707 N=2016729961 n=31 value=22061
record p=44159 q=44267 N=1954786453 n=31 value=22079
record p=44207 q=44267 N=1956911269 n=31 value=22103
record p=44267 q=44483 N=1969128961 n=31 value=22133
record p=44279 q=47339 N=2096123581 n=31 value=22139
record p=44483 q=44519 N=1980338677 n=31 value=22241
record p=44519 q=44579 N=1984612501 n=31 value=22259
record p=44543 q=44579 N=1985682397 n=31 value=22271
record p=44579 q=44687 N=1992101773 n=31 value=22289
record p=44687 q=44699 N=1997464213 n=31 value=22343
record p=44699 q=44819 N=2003364481 n=31 value=22349
record p=44711 q=48407 N=2164325377 n=32 value=22355
record p=44819 q=44867 N=2010894073 n=31 value=22409
record p=44867 q=44939 N=2016278113 n=31 value=22433
record p=44879 q=44963 N=2017894477 n=31 value=22439
record p=44939 q=44963 N=2020592257 n=31 value=22469
record p=44963 q=44987 N=2022750481 n=31 value=22481
record p=44987 q=45083 N=2028148921 n=31 value=22493
record p=45083 q=45503 N=2051411749 n=31 value=22541
record p=45119 q=45503 N=2053049857 n=31 value=22559
record p=45179 q=54563 N=2465101777 n=32 value=22589
record p=45191 q=58907 N=2662066237 n=32 value=22595
record p=45503 q=45707 N=2079805621 n=31 value=22751
record p=45587 q=45659 N=2081456833 n=31 value=22793
record p=45599 q=51407 N=2344107793 n=32 value=22799
record p=45659 q=45707 N=2086935913 n=31 value=22829
record p=45707 q=45779 N=2092420753 n=31 value=22853
record p=45767 q=47459 N=2172056053 n=32 value=22883
record p=45779 q=46727 N=2139115333 n=31 value=22889
record p=45827 q=46199 N=2117161573 n=31 value=22913
record p=45863 q=46559 N=2135335417 n=31 value=22931
record p=45887 q=46199 N=2119933513 n=31 value=22943
record p=45959 q=46727 N=2147526193 n=32 value=22979
record p=46187 q=47939 N=2214158593 n=32 value=23093
record p=46199 q=46559 N=2150979241 n=32 value=23099
record p=46307 q=46559 N=2156007613 n=32 value=23153
record p=46439 q=80747 N=3749809933 n=32 value=23219
record p=46499 q=46679 N=2170526821 n=32 value=23249
record p=46523 q=74279 N=3455681917 n=32 value=23261
record p=46559 q=46643 N=2171651437 n=32 value=23279
record p=46619 q=48947 N=2281860193 n=32 value=23309
record p=46643 q=46679 N=2177248597 n=32 value=23321
record p=46679 q=46727 N=2181169633 n=32 value=23339
record p=46703 q=46919 N=2191258057 n=32 value=23351
record p=46727 q=46919 N=2192384113 n=32 value=23363
record p=46919 q=47123 N=2210964037 n=32 value=23459
record p=47087 q=50459 N=2375962933 n=32 value=23543
record p=47123 q=47207 N=2224535461 n=32 value=23561
record p=47147 q=50867 N=2398226449 n=32 value=23573
record p=47207 q=47339 N=2234732173 n=32 value=23603
record p=47303 q=47339 N=2239276717 n=32 value=23651
record p=47339 q=47459 N=2246661601 n=32 value=23669
record p=47387 q=47819 N=2265998953 n=32 value=23693
record p=47459 q=47507 N=2254634713 n=32 value=23729
record p=47507 q=47639 N=2263185973 n=32 value=23753
record p=47543 q=49367 N=2347055281 n=32 value=23771
record p=47639 q=47819 N=2278049341 n=32 value=23819
record p=47807 q=48947 N=2340009229 n=32 value=23903
record p=47819 q=47903 N=2290673557 n=32 value=23909
record p=47843 q=47963 N=2294693809 n=32 value=23921
record p=47903 q=47963 N=2297571589 n=32 value=23951
record p=47939 q=48947 N=2346470233 n=32 value=23969
record p=47963 q=48239 N=2313687157 n=32 value=23981
record p=48023 q=48479 N=2328107017 n=32 value=24011
record p=48119 q=92003 N=4427092357 n=33 value=24059
record p=48179 q=51683 N=2490035257 n=32 value=24089
record p=48239 q=48407 N=2335105273 n=32 value=24119
record p=48299 q=50867 N=2456825233 n=32 value=24149
record p=48383 q=49943 N=2416392169 n=32 value=24191
record p=48407 q=48479 N=2346722953 n=32 value=24203
record p=48479 q=48563 N=2354285677 n=32 value=24239
record p=48527 q=48563 N=2356616701 n=32 value=24263
record p=48539 q=52727 N=2559315853 n=32 value=24269
record p=48563 q=48947 N=2377013161 n=32 value=24281
record p=48647 q=49667 N=2416150549 n=32 value=24323
record p=48767 q=49019 N=2390509573 n=32 value=24383
record p=48779 q=49103 N=2395195237 n=32 value=24389
record p=48947 q=49019 N=2399332993 n=32 value=24473
record p=49019 q=49103 N=2406979957 n=32 value=24509
record p=49031 q=66383 N=3254824873 n=32 value=24515
record p=49043 q=76463 N=3749974909 n=32 value=24521
record p=49103 q=49139 N=2412872317 n=32 value=24551
record p=49139 q=49223 N=2418768997 n=32 value=24569
record p=49199 q=49943 N=2457145657 n=32 value=24599
record p=49223 q=49367 N=2429991841 n=32 value=24611
record p=49307 q=49367 N=2434138669 n=32 value=24653
record p=49367 q=49499 N=2443617133 n=32 value=24683
record p=49463 q=92003 N=4550744389 n=33 value=24731
record p=49499 q=49559 N=2453120941 n=32 value=24749
record p=49523 q=53987 N=2673598201 n=32 value=24761
record p=49547 q=69827 N=3459718369 n=32 value=24773
record p=49559 q=49943 N=2475125137 n=32 value=24779
record p=49667 q=50627 N=2514491209 n=32 value=24833
record p=49727 q=50147 N=2493659869 n=32 value=24863
record p=49739 q=50123 N=2493067897 n=32 value=24869
record p=49787 q=51479 N=2562984973 n=32 value=24893
record p=49823 q=49943 N=2488310089 n=32 value=24911
record p=49919 q=51047 N=2548215193 n=32 value=24959
record p=49943 q=50087 N=2501495041 n=32 value=24971
record p=50087 q=50459 N=2527339933 n=32 value=25043
record p=50123 q=53759 N=2694562357 n=32 value=25061
record p=50147 q=50459 N=2530367473 n=32 value=25073
record p=50159 q=51047 N=2560466473 n=32 value=25079
record p=50207 q=50459 N=2533395013 n=32 value=25103
record p=50231 q=75527 N=3793796737 n=32 value=25115
record p=50363 q=50459 N=2541266617 n=32 value=25181
record p=50387 q=93179 N=4695010273 n=33 value=25193
record p=50423 q=51599 N=2601776377 n=32 value=25211
record p=50459 q=50543 N=2550349237 n=32 value=25229
record p=50543 q=51203 N=2587953229 n=32 value=25271
record p=50627 q=51839 N=2624453053 n=32 value=25313
record p=50651 q=77003 N=3900278953 n=32 value=25325
record p=50723 q=58967 N=2990983141 n=32 value=25361
record p=50867 q=51047 N=2596607749 n=32 value=25433
record p=51047 q=51203 N=2613759541 n=32 value=25523
record p=51059 q=64283 N=3282225697 n=32 value=25529
record p=51203 q=51287 N=2626048261 n=32 value=25601
record p=51239 q=84467 N=4328004613 n=33 value=25619
record p=51263 q=52583 N=2695562329 n=32 value=25631
record p=51287 q=51347 N=2633433589 n=32 value=25643
record p=51347 q=51407 N=2639595229 n=32 value=25673
record p=51383 q=51599 N=2651311417 n=32 value=25691
record p=51407 q=51539 N=2649465373 n=32 value=25703
record p=51419 q=51599 N=2653168981 n=32 value=25709
record p=51479 q=65543 N=3374088097 n=32 value=25739
record p=51503 q=55787 N=2873197861 n=32 value=25751
record p=51539 q=51599 N=2659360861 n=32 value=25769
record p=51563 q=66467 N=3427237921 n=32 value=25781
record p=51599 q=51659 N=2665552741 n=32 value=25799
record p=51659 q=51683 N=2669892097 n=32 value=25829
record p=51683 q=51803 N=2677334449 n=32 value=25841
record p=51719 q=53003 N=2741262157 n=32 value=25859
record p=51767 q=52103 N=2697216001 n=32 value=25883
record p=51803 q=51827 N=2684794081 n=32 value=25901
record p=51827 q=52379 N=2714646433 n=32 value=25913
record p=51839 q=52103 N=2700967417 n=32 value=25919
record p=52067 q=87887 N=4576012429 n=33 value=26033
record p=52103 q=52379 N=2729103037 n=32 value=26051
record p=52127 q=52379 N=2730360133 n=32 value=26063
record p=52163 q=54323 N=2833650649 n=32 value=26081
record p=52223 q=52379 N=2735388517 n=32 value=26111
record p=52259 q=52583 N=2747934997 n=32 value=26129
record p=52379 q=52883 N=2769958657 n=32 value=26189
record p=52583 q=53267 N=2800938661 n=32 value=26291
record p=52667 q=53003 N=2791509001 n=32 value=26333
record p=52727 q=53507 N=2821263589 n=32 value=26363
record p=52859 q=53267 N=2815640353 n=32 value=26429
record p=52883 q=52919 N=2798515477 n=32 value=26441
record p=52919 q=52967 N=2802960673 n=32 value=26459
record p=52967 q=53003 N=2807409901 n=32 value=26483
record p=53003 q=53147 N=2816950441 n=32 value=26501
record p=53087 q=69263 N=3676964881 n=32 value=26543
record p=53147 q=53267 N=2830981249 n=32 value=26573
record p=53267 q=53699 N=2860384633 n=32 value=26633
record p=53279 q=54323 N=2894275117 n=32 value=26639
record p=53507 q=53699 N=2873272393 n=32 value=26753
record p=53639 q=56003 N=3003944917 n=32 value=26819
record p=53699 q=53783 N=2888093317 n=32 value=26849
record p=53759 q=53783 N=2891320297 n=32 value=26879
record p=53783 q=53927 N=2900355841 n=32 value=26891
record p=53819 q=53927 N=2902297213 n=32 value=26909
record p=53927 q=54059 N=2915239693 n=32 value=26963
record p=53939 q=53987 N=2912004793 n=32 value=26969
record p=53987 q=54059 N=2918483233 n=32 value=26993
record p=54059 q=54443 N=2943134137 n=32 value=27029
record p=54083 q=67307 N=3640164481 n=32 value=27041
record p=54287 q=54323 N=2949032701 n=32 value=27143
record p=54323 q=54443 N=2957507089 n=32 value=27161
record p=54347 q=54443 N=2958813721 n=32 value=27173
record p=54443 q=54563 N=2970573409 n=32 value=27221
record p=54503 q=92507 N=5041909021 n=33 value=27251
record p=54539 q=62507 N=3409069273 n=32 value=27269
record p=54563 q=54647 N=2981704261 n=32 value=27281
record p=54623 q=55163 N=3013168549 n=32 value=27311
record p=54647 q=55487 N=3032198089 n=32 value=27323
record p=54767 q=54779 N=3000081493 n=32 value=27383
record p=54779 q=55103 N=3018487237 n=32 value=27389
record p=54959 q=54983 N=3021810697 n=32 value=27479
record p=54983 q=55079 N=3028408657 n=32 value=27491
record p=55079 q=55127 N=3036340033 n=32 value=27539
record p=55103 q=55127 N=3037663081 n=32 value=27551
record p=55127 q=55163 N=3040970701 n=32 value=27563
record p=55163 q=55487 N=3060829381 n=32 value=27581
record p=55259 q=58403 N=3227291377 n=32 value=27629
record p=55439 q=55619 N=3083461741 n=32 value=27719
record p=55487 q=55547 N=3082136389 n=32 value=27743
record p=55547 q=55619 N=3089468593 n=32 value=27773
record p=55619 q=55787 N=3102817153 n=32 value=27809
record p=55667 q=57203 N=3184319401 n=32 value=27833
record p=55763 q=57899 N=3228621937 n=32 value=27881
record p=55787 q=55967 N=3122231029 n=32 value=27893
record p=55799 q=57803 N=3225349597 n=32 value=27899
record p=55823 q=56999 N=3181855177 n=32 value=27911
record p=55967 q=56039 N=3136334713 n=32 value=27983
record p=56003 q=56039 N=3138352117 n=32 value=28001
record p=56039 q=56087 N=3143059393 n=32 value=28019
record p=56087 q=56207 N=3152482009 n=32 value=28043
record p=56099 q=98807 N=5542973893 n=33 value=28049
record p=56123 q=57923 N=3250812529 n=32 value=28061
record p=56207 q=56807 N=3192951049 n=32 value=28103
record p=56543 q=56999 N=3222894457 n=32 value=28271
record p=56663 q=56807 N=3218855041 n=32 value=28331
record p=56687 q=59747 N=3386878189 n=32 value=28343
record p=56747 q=56999 N=3234522253 n=32 value=28373
record p=56783 q=57119 N=3243388177 n=32 value=28391
record p=56807 q=56843 N=3229080301 n=32 value=28403
record p=56843 q=56999 N=3239994157 n=32 value=28421
record p=56963 q=57347 N=3266657161 n=32 value=28481
record p=56999 q=57119 N=3255725881 n=32 value=28499
record p=57047 q=57143 N=3259836721 n=32 value=28523
record p=57059 q=57143 N=3260522437 n=32 value=28529
record p=57107 q=76463 N=4366572541 n=33 value=28553
record p=57119 q=57143 N=3263951017 n=32 value=28559
record p=57143 q=57287 N=3273551041 n=32 value=28571
record p=57179 q=83459 N=4772102161 n=33 value=28589
record p=57203 q=57287 N=3276988261 n=32 value=28601
record p=57287 q=57347 N=3285237589 n=32 value=28643
record p=57347 q=57467 N=3295560049 n=32 value=28673
record p=57383 q=57719 N=3312089377 n=32 value=28691
record p=57467 q=57719 N=3316937773 n=32 value=28733
record p=57503 q=57587 N=3311425261 n=32 value=28751
record p=57527 q=65123 N=3746330821 n=32 value=28763
record p=57587 q=57719 N=3323864053 n=32 value=28793
record p=57719 q=57803 N=3336331357 n=32 value=28859
record p=57803 q=57899 N=3346735897 n=32 value=28901
record p=57839 q=61583 N=3561899137 n=32 value=28919
record p=57899 q=57923 N=3353683777 n=32 value=28949
record p=57923 q=58043 N=3362024689 n=32 value=28961
record p=57947 q=58067 N=3364808449 n=32 value=28973
record p=58043 q=58067 N=3370382881 n=32 value=29021
record p=58067 q=58403 N=3391287001 n=32 value=29033
record p=58199 q=74027 N=4308297373 n=33 value=29099
record p=58379 q=61343 N=3581142997 n=32 value=29189
record p=58391 q=91943 N=5368643713 n=33 value=29195
record p=58403 q=58427 N=3412312081 n=32 value=29201
record p=58427 q=58679 N=3428437933 n=32 value=29213
record p=58439 q=58727 N=3431947153 n=32 value=29219
record p=58679 q=58727 N=3446041633 n=32 value=29339
record p=58727 q=58907 N=3459431389 n=32 value=29363
record p=58763 q=71987 N=4230172081 n=32 value=29381
record p=58907 q=58967 N=3473569069 n=32 value=29453
record p=58943 q=65447 N=3857642521 n=32 value=29471
record p=58967 q=59063 N=3482767921 n=32 value=29483
record p=58979 q=59063 N=3483476677 n=32 value=29489
record p=59063 q=59183 N=3495525529 n=32 value=29531
record p=59123 q=62939 N=3721142497 n=32 value=29561
record p=59159 q=62303 N=3685783177 n=32 value=29579
record p=59183 q=59243 N=3506178469 n=32 value=29591
record p=59207 q=91163 N=5397487741 n=33 value=29603
record p=59219 q=59747 N=3538157593 n=32 value=29609
record p=59243 q=60443 N=3580824649 n=32 value=29621
record p=59387 q=59447 N=3530378989 n=32 value=29693
record p=59399 q=59747 N=3548912053 n=32 value=29699
record p=59447 q=59747 N=3551779909 n=32 value=29723
record p=59567 q=70139 N=4177969813 n=32 value=29783
record p=59627 q=86627 N=5165308129 n=33 value=29813
record p=59663 q=59747 N=3564685261 n=32 value=29831
record p=59699 q=60167 N=3591909733 n=32 value=29849
record p=59723 q=63587 N=3797606401 n=32 value=29861
record p=59747 q=60107 N=3591212929 n=32 value=29873
record p=59951 q=87383 N=5238698233 n=33 value=29975
record p=59999 q=60539 N=3632279461 n=32 value=29999
record p=60083 q=60539 N=3637364737 n=32 value=30041
record p=60107 q=60539 N=3638817673 n=32 value=30053
record p=60167 q=60539 N=3642450013 n=32 value=30083
record p=60443 q=60539 N=3659158777 n=32 value=30221
record p=60527 q=60539 N=3664244053 n=32 value=30263
record p=60539 q=60647 N=3671508733 n=32 value=30269
record p=60623 q=61967 N=3756625441 n=32 value=30311
record p=60647 q=60779 N=3686064013 n=32 value=30323
record p=60659 q=63299 N=3839654041 n=32 value=30329
record p=60719 q=101747 N=6177976093 n=33 value=30359
record p=60779 q=60899 N=3701380321 n=32 value=30389
record p=60887 q=80387 N=4894523269 n=33 value=30443
record p=60899 q=60923 N=3710149777 n=32 value=30449
record p=60923 q=61343 N=3737199589 n=32 value=30461
record p=61007 q=67967 N=4146462769 n=32 value=30503
record p=61043 q=61343 N=3744560749 n=32 value=30521
record p=61211 q=87443 N=5352473473 n=33 value=30605
record p=61223 q=87719 N=5370420337 n=33 value=30611
record p=61283 q=61463 N=3766637029 n=32 value=30641
record p=61343 q=61379 N=3765171997 n=32 value=30671
record p=61379 q=61463 N=3772537477 n=32 value=30689
record p=61403 q=61463 N=3774012589 n=32 value=30701
record p=61463 q=61547 N=3782863261 n=32 value=30731
record p=61487 q=61547 N=3784340389 n=32 value=30743
record p=61547 q=61703 N=3797634541 n=32 value=30773
record p=61559 q=71339 N=4391557501 n=33 value=30779
record p=61583 q=61703 N=3799855849 n=32 value=30791
record p=61643 q=87383 N=5386550269 n=33 value=30821
record p=61667 q=62039 N=3825759013 n=32 value=30833
record p=61703 q=61967 N=3823549801 n=32 value=30851
record p=61967 q=62003 N=3842139901 n=32 value=30983
record p=61979 q=74279 N=4603738141 n=33 value=30989
record p=62003 q=62603 N=3881573809 n=32 value=31001
record p=62039 q=62303 N=3865215817 n=32 value=31019
record p=62099 q=62303 N=3868953997 n=32 value=31049
record p=62207 q=62639 N=3896584273 n=32 value=31103
record p=62219 q=62927 N=3915255013 n=32 value=31109
record p=62303 q=62507 N=3894373621 n=32 value=31151
record p=62327 q=67307 N=4195043389 n=32 value=31163
record p=62423 q=62627 N=3909365221 n=32 value=31211
record p=62459 q=63059 N=3938602081 n=32 value=31229
record p=62507 q=62603 N=3913125721 n=32 value=31253
record p=62603 q=62627 N=3920638081 n=32 value=31301
record p=62627 q=62939 N=3941680753 n=32 value=31313
record p=62639 q=62927 N=3941684353 n=32 value=31319
record p=62687 q=67043 N=4202724541 n=32 value=31343
record p=62723 q=63803 N=4001915569 n=32 value=31361
record p=62819 q=77723 N=4882481137 n=33 value=31409
record p=62903 q=81083 N=5100363949 n=33 value=31451
record p=62927 q=62939 N=3960562453 n=32 value=31463
record p=62939 q=63299 N=3983975761 n=32 value=31469
record p=62987 q=114083 N=7185745921 n=33 value=31493
record p=63059 q=63443 N=4000652137 n=32 value=31529
record p=63131 q=104723 N=6611267713 n=33 value=31565
record p=63179 q=63347 N=4002200113 n=32 value=31589
record p=63299 q=63419 N=4014359281 n=32 value=31649
record p=63347 q=63443 N=4018923721 n=32 value=31673
record p=63419 q=63467 N=4025013673 n=32 value=31709
record p=63443 q=63467 N=4026536881 n=32 value=31721
record p=63467 q=64067 N=4066140289 n=32 value=31733
record p=63527 q=63587 N=4039491349 n=32 value=31763
record p=63587 q=63719 N=4051700053 n=32 value=31793
record p=63599 q=63719 N=4052464681 n=32 value=31799
record p=63647 q=66959 N=4261739473 n=32 value=31823
record p=63659 q=68687 N=4372545733 n=33 value=31829
record p=63719 q=63863 N=4069286497 n=32 value=31859
record p=63743 q=69827 N=4450982461 n=33 value=31871
record p=63803 q=65543 N=4181840029 n=32 value=31901
record p=63839 q=63863 N=4076950057 n=32 value=31919
record p=63863 q=64007 N=4087679041 n=32 value=31931
record p=64007 q=64019 N=4097664133 n=32 value=32003
record p=64019 q=64067 N=4101505273 n=32 value=32009
record p=64067 q=64223 N=4114574941 n=32 value=32033
record p=64187 q=64283 N=4126132921 n=32 value=32093
record p=64223 q=64283 N=4128447109 n=32 value=32111
record p=64283 q=64679 N=4157760157 n=32 value=32141
record p=64319 q=64679 N=4160088601 n=32 value=32159
record p=64403 q=64679 N=4165521637 n=32 value=32201
record p=64439 q=64679 N=4167850081 n=32 value=32219
record p=64667 q=106103 N=6861362701 n=33 value=32333
record p=64679 q=65063 N=4208209777 n=32 value=32339
record p=64763 q=65063 N=4213675069 n=32 value=32381
record p=64919 q=66359 N=4307959921 n=33 value=32459
record p=65003 q=67559 N=4391537677 n=33 value=32501
record p=65027 q=77003 N=5007274081 n=33 value=32513
record p=65063 q=65123 N=4237097749 n=32 value=32531
record p=65099 q=65147 N=4241004553 n=32 value=32549
record p=65123 q=65147 N=4242568081 n=32 value=32561
record p=65147 q=65267 N=4251949249 n=32 value=32573
record p=65183 q=68903 N=4491304249 n=33 value=32591
record p=65267 q=65327 N=4263697309 n=32 value=32633
record p=65327 q=65543 N=4281727561 n=32 value=32663
record p=65423 q=66383 N=4342975009 n=33 value=32711
record p=65447 q=65543 N=4289592721 n=32 value=32723
record p=65519 q=75407 N=4940591233 n=33 value=32759
TOP20
p=65519 q=75407 N=4940591233 n=33 d=2 sp=32759(17*41*47) sq=37703(37*1019) residuals=K:(32759,37703),R:(697,37703),C:(32759,37703),KR:(697,37703),KC:(32759,37703),RC:(697,37703),KRC:(697,37703) hits=p{17:K[]R[]C[],41:K[]R[]C[],47:K[]R[20]C[]};q{37:K[]R[]C[],1019:K[]R[]C[]}
p=65519 q=79559 N=5212626121 n=33 d=2 sp=32759(17*41*47) sq=39779(39779) residuals=K:(32759,39779),R:(1927,39779),C:(32759,39779),KR:(1927,39779),KC:(32759,39779),RC:(1927,39779),KRC:(1927,39779) hits=p{17:K[]R[29]C[],41:K[]R[]C[],47:K[]R[]C[]};q{39779:K[]R[]C[]}
p=65519 q=79979 N=5240144101 n=33 d=2 sp=32759(17*41*47) sq=39989(39989) residuals=K:(32759,39989),R:(32759,39989),C:(32759,39989),KR:(32759,39989),KC:(32759,39989),RC:(32759,39989),KRC:(32759,39989) hits=p{17:K[]R[]C[],41:K[]R[]C[],47:K[]R[]C[]};q{39989:K[]R[]C[]}
p=65519 q=81119 N=5314835761 n=33 d=2 sp=32759(17*41*47) sq=40559(40559) residuals=K:(32759,40559),R:(1,40559),C:(32759,40559),KR:(1,40559),KC:(32759,40559),RC:(1,40559),KRC:(1,40559) hits=p{17:K[]R[5,14]C[],41:K[]R[23]C[],47:K[]R[28]C[]};q{40559:K[]R[]C[]}
p=65519 q=89567 N=5868340273 n=33 d=2 sp=32759(17*41*47) sq=44783(19*2357) residuals=K:(32759,44783),R:(1,44783),C:(32759,44783),KR:(1,44783),KC:(32759,44783),RC:(1,44783),KRC:(1,44783) hits=p{17:K[]R[5]C[],41:K[]R[16]C[],47:K[]R[17]C[]};q{19:K[]R[]C[],2357:K[]R[]C[]}
p=65519 q=89759 N=5880919921 n=33 d=2 sp=32759(17*41*47) sq=44879(44879) residuals=K:(32759,44879),R:(47,44879),C:(32759,44879),KR:(47,44879),KC:(32759,44879),RC:(47,44879),KRC:(47,44879) hits=p{17:K[]R[5,13]C[],41:K[]R[9,27]C[],47:K[]R[]C[]};q{44879:K[]R[]C[]}
p=65519 q=93407 N=6119933233 n=33 d=2 sp=32759(17*41*47) sq=46703(46703) residuals=K:(32759,46703),R:(1927,46703),C:(32759,46703),KR:(1927,46703),KC:(32759,46703),RC:(1927,46703),KRC:(1927,46703) hits=p{17:K[]R[5]C[],41:K[]R[]C[],47:K[]R[]C[]};q{46703:K[]R[]C[]}
p=65519 q=103007 N=6748915633 n=33 d=2 sp=32759(17*41*47) sq=51503(51503) residuals=K:(32759,51503),R:(1927,51503),C:(32759,51503),KR:(1927,51503),KC:(32759,51503),RC:(1927,51503),KRC:(1927,51503) hits=p{17:K[]R[5]C[],41:K[]R[]C[],47:K[]R[]C[]};q{51503:K[]R[]C[]}
p=65519 q=103967 N=6811813873 n=33 d=2 sp=32759(17*41*47) sq=51983(227*229) residuals=K:(32759,51983),R:(1927,51983),C:(32759,51983),KR:(1927,51983),KC:(32759,51983),RC:(1927,51983),KRC:(1927,51983) hits=p{17:K[]R[5]C[],41:K[]R[]C[],47:K[]R[]C[]};q{227:K[]R[]C[],229:K[]R[]C[]}
p=65519 q=104327 N=6835400713 n=33 d=2 sp=32759(17*41*47) sq=52163(52163) residuals=K:(32759,52163),R:(1927,52163),C:(32759,52163),KR:(1927,52163),KC:(32759,52163),RC:(1927,52163),KRC:(1927,52163) hits=p{17:K[]R[25]C[],41:K[]R[]C[],47:K[]R[]C[]};q{52163:K[]R[]C[]}
p=65519 q=106979 N=7009157101 n=33 d=2 sp=32759(17*41*47) sq=53489(89*601) residuals=K:(32759,53489),R:(1927,53489),C:(32759,53489),KR:(1927,53489),KC:(32759,53489),RC:(1927,53489),KRC:(1927,53489) hits=p{17:K[]R[9]C[],41:K[]R[]C[],47:K[]R[]C[]};q{89:K[]R[]C[],601:K[]R[]C[]}
p=65519 q=107183 N=7022522977 n=33 d=2 sp=32759(17*41*47) sq=53591(53591) residuals=K:(32759,53591),R:(799,53591),C:(32759,53591),KR:(799,53591),KC:(32759,53591),RC:(799,53591),KRC:(799,53591) hits=p{17:K[]R[]C[],41:K[]R[17]C[],47:K[]R[]C[]};q{53591:K[]R[]C[]}
p=65519 q=107279 N=7028812801 n=33 d=2 sp=32759(17*41*47) sq=53639(53639) residuals=K:(32759,53639),R:(799,53639),C:(32759,53639),KR:(799,53639),KC:(32759,53639),RC:(799,53639),KRC:(799,53639) hits=p{17:K[]R[]C[],41:K[]R[11]C[],47:K[]R[]C[]};q{53639:K[]R[]C[]}
p=65519 q=115343 N=7557158017 n=33 d=2 sp=32759(17*41*47) sq=57671(101*571) residuals=K:(32759,57671),R:(32759,57671),C:(32759,57671),KR:(32759,57671),KC:(32759,57671),RC:(32759,57671),KRC:(32759,57671) hits=p{17:K[]R[]C[],41:K[]R[]C[],47:K[]R[]C[]};q{101:K[]R[]C[],571:K[]R[]C[]}
p=65519 q=116423 N=7627918537 n=33 d=2 sp=32759(17*41*47) sq=58211(58211) residuals=K:(32759,58211),R:(32759,58211),C:(32759,58211),KR:(32759,58211),KC:(32759,58211),RC:(32759,58211),KRC:(32759,58211) hits=p{17:K[]R[]C[],41:K[]R[]C[],47:K[]R[]C[]};q{58211:K[]R[]C[]}
p=65519 q=116903 N=7659367657 n=33 d=2 sp=32759(17*41*47) sq=58451(58451) residuals=K:(32759,58451),R:(799,58451),C:(32759,58451),KR:(799,58451),KC:(32759,58451),RC:(799,58451),KRC:(799,58451) hits=p{17:K[]R[]C[],41:K[]R[6]C[],47:K[]R[]C[]};q{58451:K[]R[]C[]}
p=65519 q=117023 N=7667229937 n=33 d=2 sp=32759(17*41*47) sq=58511(58511) residuals=K:(32759,58511),R:(1927,58511),C:(32759,58511),KR:(1927,58511),KC:(32759,58511),RC:(1927,58511),KRC:(1927,58511) hits=p{17:K[]R[5]C[],41:K[]R[]C[],47:K[]R[]C[]};q{58511:K[]R[]C[]}
p=65519 q=117959 N=7728555721 n=33 d=2 sp=32759(17*41*47) sq=58979(58979) residuals=K:(32759,58979),R:(32759,58979),C:(32759,58979),KR:(32759,58979),KC:(32759,58979),RC:(32759,58979),KRC:(32759,58979) hits=p{17:K[]R[]C[],41:K[]R[]C[],47:K[]R[]C[]};q{58979:K[]R[]C[]}
p=65519 q=118043 N=7734059317 n=33 d=2 sp=32759(17*41*47) sq=59021(59021) residuals=K:(32759,59021),R:(697,59021),C:(32759,59021),KR:(697,59021),KC:(32759,59021),RC:(697,59021),KRC:(697,59021) hits=p{17:K[]R[]C[],41:K[]R[]C[],47:K[]R[19]C[]};q{59021:K[]R[]C[]}
p=65519 q=118619 N=7771798261 n=33 d=2 sp=32759(17*41*47) sq=59309(127*467) residuals=K:(32759,59309),R:(1927,59309),C:(32759,59309),KR:(1927,59309),KC:(32759,59309),RC:(1927,59309),KRC:(1927,59309) hits=p{17:K[]R[12,31]C[],41:K[]R[]C[],47:K[]R[]C[]};q{127:K[]R[]C[],467:K[]R[]C[]}
MENU RC MAX 32759 COUNTS one=2376077 le_n=4670465 le_n2=12930999 le_n3=18474958
MAX_BY_N 4:1 6:1 7:1 8:1 9:4 10:4 11:14 12:23 13:29 14:44 15:86 16:116 17:173 18:251 19:341 20:491 21:716 22:1013 23:1439 24:2036 25:2858 26:4058 27:5744 28:8114 29:11558 30:16343 31:23099 32:32723 33:32759
RECORDS 2370
record p=3 q=5 N=15 n=4 value=1
record p=17 q=29 N=493 n=9 value=4
record p=29 q=47 N=1363 n=11 value=14
record p=47 q=83 N=3901 n=12 value=23
record p=53 q=83 N=4399 n=13 value=26
record p=59 q=83 N=4897 n=13 value=29
record p=83 q=149 N=12367 n=14 value=41
record p=89 q=167 N=14863 n=14 value=44
record p=107 q=167 N=17869 n=15 value=53
record p=137 q=167 N=22879 n=15 value=68
record p=149 q=179 N=26671 n=15 value=74
record p=167 q=173 N=28891 n=15 value=83
record p=173 q=179 N=30967 n=15 value=86
record p=179 q=227 N=40633 n=16 value=89
record p=197 q=383 N=75451 n=17 value=98
record p=227 q=257 N=58339 n=16 value=113
record p=233 q=263 N=61279 n=16 value=116
record p=239 q=293 N=70027 n=17 value=119
record p=257 q=263 N=67591 n=17 value=128
record p=263 q=269 N=70747 n=17 value=131
record p=269 q=359 N=96571 n=17 value=134
record p=293 q=359 N=105187 n=17 value=146
record p=317 q=347 N=109999 n=17 value=158
record p=347 q=359 N=124573 n=17 value=173
record p=353 q=383 N=135199 n=18 value=176
record p=359 q=383 N=137497 n=18 value=179
record p=383 q=389 N=148987 n=18 value=191
record p=389 q=503 N=195667 n=18 value=194
record p=419 q=827 N=346513 n=19 value=209
record p=443 q=449 N=198907 n=18 value=221
record p=449 q=467 N=209683 n=18 value=224
record p=467 q=479 N=223693 n=18 value=233
record p=479 q=503 N=240937 n=18 value=239
record p=503 q=509 N=256027 n=18 value=251
record p=509 q=563 N=286567 n=19 value=254
record p=557 q=563 N=313591 n=19 value=278
record p=563 q=569 N=320347 n=19 value=281
record p=569 q=587 N=334003 n=19 value=284
record p=587 q=593 N=348091 n=19 value=293
record p=593 q=647 N=383671 n=19 value=296
record p=599 q=977 N=585223 n=20 value=299
record p=647 q=653 N=422491 n=19 value=323
record p=653 q=719 N=469507 n=19 value=326
record p=677 q=719 N=486763 n=19 value=338
record p=683 q=719 N=491077 n=19 value=341
record p=719 q=773 N=555787 n=20 value=359
record p=773 q=839 N=648547 n=20 value=386
record p=797 q=839 N=668683 n=20 value=398
record p=809 q=839 N=678751 n=20 value=404
record p=821 q=839 N=688819 n=20 value=410
record p=827 q=1049 N=867523 n=20 value=413
record p=839 q=857 N=719023 n=20 value=419
record p=857 q=863 N=739591 n=20 value=428
record p=863 q=887 N=765481 n=20 value=431
record p=887 q=977 N=866599 n=20 value=443
record p=929 q=1019 N=946651 n=20 value=464
record p=947 q=1109 N=1050223 n=21 value=473
record p=977 q=983 N=960391 n=20 value=488
record p=983 q=1019 N=1001677 n=20 value=491
record p=1013 q=1367 N=1384771 n=21 value=506
record p=1019 q=1097 N=1117843 n=21 value=509
record p=1049 q=1187 N=1245163 n=21 value=524
record p=1097 q=1187 N=1302139 n=21 value=548
record p=1103 q=1193 N=1315879 n=21 value=551
record p=1109 q=1187 N=1316383 n=21 value=554
record p=1151 q=1823 N=2098273 n=22 value=575
record p=1163 q=1367 N=1589821 n=21 value=581
record p=1187 q=1193 N=1416091 n=21 value=593
record p=1193 q=1283 N=1530619 n=21 value=596
record p=1217 q=1307 N=1590619 n=21 value=608
record p=1223 q=1373 N=1679179 n=21 value=611
record p=1229 q=1283 N=1576807 n=21 value=614
record p=1259 q=1487 N=1872133 n=21 value=629
record p=1277 q=1307 N=1669039 n=21 value=638
record p=1283 q=1307 N=1676881 n=21 value=641
record p=1307 q=1319 N=1723933 n=21 value=653
record p=1319 q=1367 N=1803073 n=21 value=659
record p=1367 q=1409 N=1926103 n=21 value=683
record p=1409 q=1439 N=2027551 n=21 value=704
record p=1427 q=1559 N=2224693 n=22 value=713
record p=1433 q=1439 N=2062087 n=21 value=716
record p=1439 q=1487 N=2139793 n=22 value=719
record p=1487 q=1493 N=2220091 n=22 value=743
record p=1493 q=1523 N=2273839 n=22 value=746
record p=1499 q=1553 N=2327947 n=22 value=749
record p=1523 q=1559 N=2374357 n=22 value=761
record p=1553 q=1619 N=2514307 n=22 value=776
record p=1559 q=1619 N=2524021 n=22 value=779
record p=1583 q=2027 N=3208741 n=22 value=791
record p=1607 q=1637 N=2630659 n=22 value=803
record p=1613 q=2063 N=3327619 n=22 value=806
record p=1619 q=1637 N=2650303 n=22 value=809
record p=1637 q=1787 N=2925319 n=22 value=818
record p=1697 q=1847 N=3134359 n=22 value=848
record p=1733 q=1787 N=3096871 n=22 value=866
record p=1787 q=1823 N=3257701 n=22 value=893
record p=1823 q=1907 N=3476461 n=22 value=911
record p=1847 q=1907 N=3522229 n=22 value=923
record p=1889 q=1907 N=3602323 n=22 value=944
record p=1907 q=1913 N=3648091 n=22 value=953
record p=1913 q=1979 N=3785827 n=22 value=956
record p=1949 q=2027 N=3950623 n=22 value=974
record p=1973 q=2063 N=4070299 n=22 value=986
record p=1979 q=2153 N=4260787 n=23 value=989
record p=1997 q=2027 N=4047919 n=22 value=998
record p=2027 q=2039 N=4133053 n=22 value=1013
record p=2039 q=2063 N=4206457 n=23 value=1019
record p=2063 q=2099 N=4330237 n=23 value=1031
record p=2069 q=2999 N=6204931 n=23 value=1034
record p=2087 q=2693 N=5620291 n=23 value=1043
record p=2099 q=2153 N=4519147 n=23 value=1049
record p=2153 q=2207 N=4751671 n=23 value=1076
record p=2207 q=2273 N=5016511 n=23 value=1103
record p=2213 q=3863 N=8548819 n=24 value=1106
record p=2237 q=2699 N=6037663 n=23 value=1118
record p=2243 q=2819 N=6323017 n=23 value=1121
record p=2267 q=2777 N=6295459 n=23 value=1133
record p=2273 q=2339 N=5316547 n=23 value=1136
record p=2297 q=3659 N=8404723 n=24 value=1148
record p=2309 q=2447 N=5650123 n=23 value=1154
record p=2333 q=3203 N=7472599 n=23 value=1166
record p=2339 q=3359 N=7856701 n=23 value=1169
record p=2357 q=2459 N=5795863 n=23 value=1178
record p=2393 q=2903 N=6946879 n=23 value=1196
record p=2399 q=2477 N=5942323 n=23 value=1199
record p=2417 q=2447 N=5914399 n=23 value=1208
record p=2423 q=3467 N=8400541 n=24 value=1211
record p=2447 q=2459 N=6017173 n=23 value=1223
record p=2459 q=2477 N=6090943 n=23 value=1229
record p=2477 q=2543 N=6299011 n=23 value=1238
record p=2543 q=2693 N=6848299 n=23 value=1271
record p=2579 q=2657 N=6852403 n=23 value=1289
record p=2609 q=2699 N=7041691 n=23 value=1304
record p=2633 q=3947 N=10392451 n=24 value=1316
record p=2657 q=2687 N=7139359 n=23 value=1328
record p=2663 q=2693 N=7171459 n=23 value=1331
record p=2687 q=2693 N=7236091 n=23 value=1343
record p=2693 q=2819 N=7591567 n=23 value=1346
record p=2699 q=2837 N=7657063 n=23 value=1349
record p=2729 q=2903 N=7922287 n=23 value=1364
record p=2753 q=2819 N=7760707 n=23 value=1376
record p=2777 q=2819 N=7828363 n=23 value=1388
record p=2789 q=2879 N=8029531 n=23 value=1394
record p=2819 q=2837 N=7997503 n=23 value=1409
record p=2837 q=2879 N=8167723 n=23 value=1418
record p=2879 q=2897 N=8340463 n=23 value=1439
record p=2897 q=2903 N=8409991 n=24 value=1448
record p=2903 q=2909 N=8444827 n=24 value=1451
record p=2909 q=2939 N=8549551 n=24 value=1454
record p=2939 q=2963 N=8708257 n=24 value=1469
record p=2957 q=2963 N=8761591 n=24 value=1478
record p=2963 q=2999 N=8886037 n=24 value=1481
record p=2969 q=5099 N=15138931 n=24 value=1484
record p=2999 q=3023 N=9065977 n=24 value=1499
record p=3023 q=3083 N=9319909 n=24 value=1511
record p=3083 q=3167 N=9763861 n=24 value=1541
record p=3089 q=3119 N=9634591 n=24 value=1544
record p=3119 q=3167 N=9877873 n=24 value=1559
record p=3137 q=5003 N=15694411 n=24 value=1568
record p=3167 q=3203 N=10143901 n=24 value=1583
record p=3203 q=3209 N=10278427 n=24 value=1601
record p=3209 q=3299 N=10586491 n=24 value=1604
record p=3257 q=5387 N=17545459 n=25 value=1628
record p=3299 q=3359 N=11081341 n=24 value=1649
record p=3323 q=3413 N=11341399 n=24 value=1661
record p=3329 q=4259 N=14178211 n=24 value=1664
record p=3359 q=3779 N=12693661 n=24 value=1679
record p=3407 q=3617 N=12323119 n=24 value=1703
record p=3413 q=3467 N=11832871 n=24 value=1706
record p=3449 q=3467 N=11957683 n=24 value=1724
record p=3467 q=3527 N=12228109 n=24 value=1733
record p=3527 q=3533 N=12460891 n=24 value=1763
record p=3533 q=3539 N=12503287 n=24 value=1766
record p=3539 q=3593 N=12715627 n=24 value=1769
record p=3557 q=6047 N=21509179 n=25 value=1778
record p=3593 q=3623 N=13017439 n=24 value=1796
record p=3617 q=3659 N=13234603 n=24 value=1808
record p=3623 q=3659 N=13256557 n=24 value=1811
record p=3659 q=3833 N=14024947 n=24 value=1829
record p=3677 q=3779 N=13895383 n=24 value=1838
record p=3719 q=4787 N=17802853 n=25 value=1859
record p=3767 q=6947 N=26169349 n=25 value=1883
record p=3779 q=3803 N=14371537 n=24 value=1889
record p=3797 q=3863 N=14667811 n=24 value=1898
record p=3803 q=3833 N=14576899 n=24 value=1901
record p=3833 q=3863 N=14806879 n=24 value=1916
record p=3863 q=3929 N=15177727 n=24 value=1931
record p=3917 q=4787 N=18750679 n=25 value=1958
record p=3923 q=3947 N=15484081 n=24 value=1961
record p=3929 q=3947 N=15507763 n=24 value=1964
record p=3947 q=3989 N=15744583 n=24 value=1973
record p=3989 q=4007 N=15983923 n=24 value=1994
record p=4007 q=4013 N=16080091 n=24 value=2003
record p=4013 q=5507 N=22099591 n=25 value=2006
record p=4019 q=4673 N=18780787 n=25 value=2009
record p=4049 q=4079 N=16515871 n=24 value=2024
record p=4073 q=4079 N=16613767 n=24 value=2036
record p=4079 q=4127 N=16834033 n=25 value=2039
record p=4127 q=4133 N=17056891 n=25 value=2063
record p=4133 q=4139 N=17106487 n=25 value=2066
record p=4139 q=4157 N=17205823 n=25 value=2069
record p=4157 q=4259 N=17704663 n=25 value=2078
record p=4217 q=4259 N=17960203 n=25 value=2108
record p=4229 q=7703 N=32575987 n=25 value=2114
record p=4253 q=4259 N=18113527 n=25 value=2126
record p=4259 q=4283 N=18241297 n=25 value=2129
record p=4283 q=4289 N=18369787 n=25 value=2141
record p=4289 q=4463 N=19141807 n=25 value=2144
record p=4337 q=4463 N=19356031 n=25 value=2168
record p=4349 q=4547 N=19774903 n=25 value=2174
record p=4373 q=4463 N=19516699 n=25 value=2186
record p=4397 q=4967 N=21839899 n=25 value=2198
record p=4409 q=4787 N=21105883 n=25 value=2204
record p=4451 q=8573 N=38158423 n=26 value=2225
record p=4457 q=4547 N=20265979 n=25 value=2228
record p=4463 q=4517 N=20159371 n=25 value=2231
record p=4493 q=4547 N=20429671 n=25 value=2246
record p=4517 q=4547 N=20538799 n=25 value=2258
record p=4547 q=4583 N=20838901 n=25 value=2273
record p=4583 q=4673 N=21416359 n=25 value=2291
record p=4637 q=4799 N=22252963 n=25 value=2318
record p=4643 q=5297 N=24593971 n=25 value=2321
record p=4649 q=8123 N=37763827 n=26 value=2324
record p=4673 q=4703 N=21977119 n=25 value=2336
record p=4679 q=4703 N=22005337 n=25 value=2339
record p=4703 q=4787 N=22513261 n=25 value=2351
record p=4733 q=8039 N=38048587 n=26 value=2366
record p=4787 q=4793 N=22944091 n=25 value=2393
record p=4793 q=4799 N=23001607 n=25 value=2396
record p=4799 q=4877 N=23404723 n=25 value=2399
record p=4817 q=6299 N=30342283 n=25 value=2408
record p=4877 q=5483 N=26740591 n=25 value=2438
record p=4889 q=5939 N=29035771 n=25 value=2444
record p=4919 q=4937 N=24285103 n=25 value=2459
record p=4937 q=5003 N=24699811 n=25 value=2468
record p=4967 q=5009 N=24879703 n=25 value=2483
record p=4973 q=5099 N=25357327 n=25 value=2486
record p=5003 q=5009 N=25060027 n=25 value=2501
record p=5009 q=5039 N=25240351 n=25 value=2504
record p=5039 q=5309 N=26752051 n=25 value=2519
record p=5087 q=5099 N=25938613 n=25 value=2543
record p=5099 q=5147 N=26244553 n=25 value=2549
record p=5147 q=5189 N=26707783 n=25 value=2573
record p=5153 q=6299 N=32458747 n=25 value=2576
record p=5189 q=5387 N=27953143 n=25 value=2594
record p=5273 q=5387 N=28405651 n=25 value=2636
record p=5297 q=5387 N=28534939 n=25 value=2648
record p=5303 q=5393 N=28599079 n=25 value=2651
record p=5309 q=5387 N=28599583 n=25 value=2654
record p=5333 q=5939 N=31672687 n=25 value=2666
record p=5387 q=5393 N=29052091 n=25 value=2693
record p=5393 q=5399 N=29116807 n=25 value=2696
record p=5399 q=5417 N=29246383 n=25 value=2699
record p=5417 q=5483 N=29701411 n=25 value=2708
record p=5477 q=5483 N=30030391 n=25 value=2738
record p=5483 q=5507 N=30194881 n=25 value=2741
record p=5507 q=5519 N=30393133 n=25 value=2753
record p=5519 q=5693 N=31419667 n=25 value=2759
record p=5639 q=5693 N=32102827 n=25 value=2819
record p=5669 q=5807 N=32919883 n=25 value=2834
record p=5693 q=5807 N=33059251 n=25 value=2846
record p=5717 q=5807 N=33198619 n=25 value=2858
record p=5783 q=6389 N=36947587 n=26 value=2891
record p=5807 q=5813 N=33756091 n=26 value=2903
record p=5813 q=5843 N=33965359 n=26 value=2906
record p=5843 q=5939 N=34701577 n=26 value=2921
record p=5849 q=6299 N=36842851 n=26 value=2924
record p=5867 q=7523 N=44137441 n=26 value=2933
record p=5879 q=5927 N=34844833 n=26 value=2939
record p=5897 q=7559 N=44575423 n=26 value=2948
record p=5903 q=6113 N=36085039 n=26 value=2951
record p=5927 q=5939 N=35200453 n=26 value=2963
record p=5939 q=6047 N=35913133 n=26 value=2969
record p=5987 q=6047 N=36203389 n=26 value=2993
record p=6029 q=6899 N=41594071 n=26 value=3014
record p=6047 q=6089 N=36820183 n=26 value=3023
record p=6053 q=6299 N=38127847 n=26 value=3026
record p=6089 q=6143 N=37404727 n=26 value=3044
record p=6113 q=6299 N=38505787 n=26 value=3056
record p=6143 q=6197 N=38068171 n=26 value=3071
record p=6173 q=6263 N=38661499 n=26 value=3086
record p=6197 q=6323 N=39183631 n=26 value=3098
record p=6203 q=7187 N=44580961 n=26 value=3101
record p=6257 q=6779 N=42416203 n=26 value=3128
record p=6263 q=6317 N=39563371 n=26 value=3131
record p=6269 q=6323 N=39638887 n=26 value=3134
record p=6287 q=6653 N=41827411 n=26 value=3143
record p=6299 q=6317 N=39790783 n=26 value=3149
record p=6317 q=6323 N=39942391 n=26 value=3158
record p=6323 q=6389 N=40397647 n=26 value=3161
record p=6353 q=6599 N=41923447 n=26 value=3176
record p=6359 q=7937 N=50471383 n=26 value=3179
record p=6389 q=6599 N=42161011 n=26 value=3194
record p=6449 q=8039 N=51843511 n=26 value=3224
record p=6473 q=6563 N=42482299 n=26 value=3236
record p=6563 q=6569 N=43112347 n=26 value=3281
record p=6569 q=6599 N=43348831 n=26 value=3284
record p=6599 q=6653 N=43903147 n=26 value=3299
record p=6653 q=6659 N=44302327 n=26 value=3326
record p=6659 q=6719 N=44741821 n=26 value=3329
record p=6689 q=7559 N=50562151 n=26 value=3344
record p=6719 q=6737 N=45265903 n=26 value=3359
record p=6737 q=6779 N=45670123 n=26 value=3368
record p=6779 q=6827 N=46280233 n=26 value=3389
record p=6803 q=6857 N=46648171 n=26 value=3401
record p=6827 q=6857 N=46812739 n=26 value=3413
record p=6833 q=8699 N=59440267 n=26 value=3416
record p=6857 q=6863 N=47059591 n=26 value=3428
record p=6863 q=6869 N=47141947 n=26 value=3431
record p=6869 q=6983 N=47966227 n=26 value=3434
record p=6899 q=6977 N=48134323 n=26 value=3449
record p=6947 q=7079 N=49177813 n=26 value=3473
record p=6959 q=7517 N=52310803 n=26 value=3479
record p=6977 q=6983 N=48720391 n=26 value=3488
record p=6983 q=7013 N=48971779 n=26 value=3491
record p=7013 q=7079 N=49645027 n=26 value=3506
record p=7019 q=8819 N=61900561 n=26 value=3509
record p=7043 q=7727 N=54421261 n=26 value=3521
record p=7079 q=7103 N=50282137 n=26 value=3539
record p=7103 q=7109 N=50495227 n=26 value=3551
record p=7109 q=7187 N=51092383 n=26 value=3554
record p=7127 q=7517 N=53573659 n=26 value=3563
record p=7187 q=7229 N=51954823 n=26 value=3593
record p=7193 q=7247 N=52127671 n=26 value=3596
record p=7229 q=7523 N=54383767 n=26 value=3614
record p=7247 q=7433 N=53866951 n=26 value=3623
record p=7253 q=10103 N=73277059 n=27 value=3626
record p=7283 q=7727 N=56275741 n=26 value=3641
record p=7307 q=7433 N=54312931 n=26 value=3653
record p=7349 q=8423 N=61900627 n=26 value=3674
record p=7433 q=7487 N=55650871 n=26 value=3716
record p=7457 q=7499 N=55920043 n=26 value=3728
record p=7487 q=7643 N=57223141 n=26 value=3743
record p=7499 q=7577 N=56819923 n=26 value=3749
record p=7517 q=7523 N=56550391 n=26 value=3758
record p=7523 q=7529 N=56640667 n=26 value=3761
record p=7529 q=7559 N=56911711 n=26 value=3764
record p=7559 q=7577 N=57274543 n=26 value=3779
record p=7577 q=7607 N=57638239 n=26 value=3788
record p=7583 q=7643 N=57956869 n=26 value=3791
record p=7589 q=10607 N=80496523 n=27 value=3794
record p=7607 q=7643 N=58140301 n=26 value=3803
record p=7643 q=7649 N=58461307 n=26 value=3821
record p=7649 q=7703 N=58920247 n=26 value=3824
record p=7673 q=11483 N=88109059 n=27 value=3836
record p=7703 q=7727 N=59521081 n=26 value=3851
record p=7727 q=7793 N=60216511 n=26 value=3863
record p=7757 q=8783 N=68129731 n=27 value=3878
record p=7793 q=7823 N=60964639 n=26 value=3896
record p=7817 q=7823 N=61152391 n=26 value=3908
record p=7823 q=7907 N=61856461 n=26 value=3911
record p=7829 q=7907 N=61903903 n=26 value=3914
record p=7853 q=8039 N=63130267 n=26 value=3926
record p=7877 q=8747 N=68900119 n=27 value=3938
record p=7883 q=12899 N=101682817 n=27 value=3941
record p=7907 q=7949 N=62852743 n=26 value=3953
record p=7919 q=7949 N=62948131 n=26 value=3959
record p=7937 q=8039 N=63805543 n=26 value=3968
record p=7949 q=8039 N=63902011 n=26 value=3974
record p=8039 q=8069 N=64866691 n=26 value=4019
record p=8069 q=8147 N=65738143 n=26 value=4034
record p=8087 q=8543 N=69087241 n=27 value=4043
record p=8117 q=8123 N=65934391 n=26 value=4058
record p=8123 q=8423 N=68420029 n=27 value=4061
record p=8147 q=8369 N=68182243 n=27 value=4073
record p=8219 q=10079 N=82839301 n=27 value=4109
record p=8237 q=8423 N=69380251 n=27 value=4118
record p=8243 q=8273 N=68194339 n=27 value=4121
record p=8273 q=8627 N=71371171 n=27 value=4136
record p=8291 q=16529 N=137041939 n=28 value=4145
record p=8297 q=8363 N=69387811 n=27 value=4148
record p=8363 q=8369 N=69989947 n=27 value=4181
record p=8369 q=8423 N=70492087 n=27 value=4184
record p=8387 q=10313 N=86495131 n=27 value=4193
record p=8423 q=8447 N=71149081 n=27 value=4211
record p=8429 q=14423 N=121571467 n=27 value=4214
record p=8447 q=8573 N=72416131 n=27 value=4223
record p=8537 q=14699 N=125485363 n=27 value=4268
record p=8543 q=8573 N=73239139 n=27 value=4271
record p=8573 q=8627 N=73959271 n=27 value=4286
record p=8597 q=11783 N=101298451 n=27 value=4298
record p=8609 q=8699 N=74889691 n=27 value=4304
record p=8627 q=8699 N=75046273 n=27 value=4313
record p=8663 q=8699 N=75359437 n=27 value=4331
record p=8669 q=8747 N=75827743 n=27 value=4334
record p=8693 q=8747 N=76037671 n=27 value=4346
record p=8699 q=8747 N=76090153 n=27 value=4349
record p=8747 q=8753 N=76562491 n=27 value=4373
record p=8753 q=8783 N=76877599 n=27 value=4376
record p=8783 q=8819 N=77457277 n=27 value=4391
record p=8807 q=12917 N=113760019 n=27 value=4403
record p=8819 q=8837 N=77933503 n=27 value=4409
record p=8837 q=9323 N=82387351 n=27 value=4418
record p=8849 q=17027 N=150671923 n=28 value=4424
record p=8867 q=12983 N=115120261 n=27 value=4433
record p=8963 q=8969 N=80389147 n=27 value=4481
record p=8969 q=9419 N=84479011 n=27 value=4484
record p=8999 q=11093 N=99825907 n=27 value=4499
record p=9029 q=9239 N=83418931 n=27 value=4514
record p=9059 q=9137 N=82772083 n=27 value=4529
record p=9137 q=9203 N=84087811 n=27 value=4568
record p=9173 q=9239 N=84749347 n=27 value=4586
record p=9203 q=9209 N=84750427 n=27 value=4601
record p=9209 q=9467 N=87181603 n=27 value=4604
record p=9227 q=11027 N=101746129 n=27 value=4613
record p=9239 q=9377 N=86634103 n=27 value=4619
record p=9257 q=10103 N=93523471 n=27 value=4628
record p=9293 q=9323 N=86638639 n=27 value=4646
record p=9323 q=9377 N=87421771 n=27 value=4661
record p=9341 q=11087 N=103563667 n=27 value=4670
record p=9377 q=9467 N=88772059 n=27 value=4688
record p=9413 q=11399 N=107298787 n=27 value=4706
record p=9419 q=9467 N=89169673 n=27 value=4709
record p=9437 q=15959 N=150605083 n=28 value=4718
record p=9467 q=9473 N=89680891 n=27 value=4733
record p=9473 q=9587 N=90817651 n=27 value=4736
record p=9479 q=10859 N=102932461 n=27 value=4739
record p=9497 q=9587 N=91047739 n=27 value=4748
record p=9533 q=9587 N=91392871 n=27 value=4766
record p=9539 q=9677 N=92308903 n=27 value=4769
record p=9587 q=9677 N=92773399 n=27 value=4793
record p=9623 q=10079 N=96990217 n=27 value=4811
record p=9629 q=9743 N=93815347 n=27 value=4814
record p=9677 q=9719 N=94050763 n=27 value=4838
record p=9719 q=9743 N=94692217 n=27 value=4859
record p=9743 q=9749 N=94984507 n=27 value=4871
record p=9749 q=9839 N=95920411 n=27 value=4874
record p=9767 q=10103 N=98676001 n=27 value=4883
record p=9803 q=11423 N=111979669 n=27 value=4901
record p=9833 q=9839 N=96746887 n=27 value=4916
record p=9839 q=9887 N=97278193 n=27 value=4919
record p=9887 q=10007 N=98939209 n=27 value=4943
record p=9923 q=10463 N=103824349 n=27 value=4961
record p=9929 q=10007 N=99359503 n=27 value=4964
record p=10007 q=10079 N=100860553 n=27 value=5003
record p=10037 q=10163 N=102006031 n=27 value=5018
record p=10067 q=13127 N=132149509 n=27 value=5033
record p=10079 q=10103 N=101828137 n=27 value=5039
record p=10103 q=10139 N=102434317 n=27 value=5051
record p=10133 q=10139 N=102738487 n=27 value=5066
record p=10139 q=10247 N=103894333 n=27 value=5069
record p=10163 q=10169 N=103347547 n=27 value=5081
record p=10169 q=10343 N=105177967 n=27 value=5084
record p=10223 q=10289 N=105184447 n=27 value=5111
record p=10247 q=10289 N=105431383 n=27 value=5123
record p=10253 q=10463 N=107277139 n=27 value=5126
record p=10259 q=10457 N=107278363 n=27 value=5129
record p=10289 q=10343 N=106419127 n=27 value=5144
record p=10313 q=10343 N=106667359 n=27 value=5156
record p=10337 q=12527 N=129491599 n=27 value=5168
record p=10343 q=10433 N=107908519 n=27 value=5171
record p=10391 q=12917 N=134220547 n=28 value=5195
record p=10427 q=10433 N=108784891 n=27 value=5213
record p=10433 q=10463 N=109160479 n=27 value=5216
record p=10457 q=10463 N=109411591 n=27 value=5228
record p=10463 q=10559 N=110478817 n=27 value=5231
record p=10487 q=10589 N=111046843 n=27 value=5243
record p=10499 q=10709 N=112433791 n=27 value=5249
record p=10529 q=14747 N=155271163 n=28 value=5264
record p=10559 q=10589 N=111809251 n=27 value=5279
record p=10589 q=10607 N=112317523 n=27 value=5294
record p=10607 q=10667 N=113144869 n=27 value=5303
record p=10613 q=12239 N=129892507 n=27 value=5306
record p=10667 q=10709 N=114232903 n=27 value=5333
record p=10709 q=10799 N=115646491 n=27 value=5354
record p=10733 q=10799 N=115905667 n=27 value=5366
record p=10799 q=10853 N=117201547 n=27 value=5399
record p=10847 q=18743 N=203305321 n=28 value=5423
record p=10853 q=10859 N=117852727 n=27 value=5426
record p=10859 q=10883 N=118178497 n=27 value=5429
record p=10883 q=10889 N=118504987 n=27 value=5441
record p=10889 q=11003 N=119811667 n=27 value=5444
record p=10937 q=11003 N=120339811 n=27 value=5468
record p=10973 q=11783 N=129294859 n=27 value=5486
record p=10979 q=11003 N=120801937 n=27 value=5489
record p=11003 q=11027 N=121330081 n=27 value=5501
record p=11027 q=11057 N=121925539 n=27 value=5513
record p=11057 q=11279 N=124711903 n=27 value=5528
record p=11069 q=11279 N=124847251 n=27 value=5534
record p=11087 q=11213 N=124318531 n=27 value=5543
record p=11093 q=11423 N=126715339 n=27 value=5546
record p=11117 q=18119 N=201428923 n=28 value=5558
record p=11159 q=11483 N=128138797 n=27 value=5579
record p=11177 q=13967 N=156109159 n=28 value=5588
record p=11213 q=11279 N=126471427 n=27 value=5606
record p=11273 q=11279 N=127148167 n=27 value=5636
record p=11279 q=11393 N=128501647 n=27 value=5639
record p=11393 q=11399 N=129868807 n=27 value=5696
record p=11399 q=11423 N=130210777 n=27 value=5699
record p=11423 q=11447 N=130759081 n=27 value=5711
record p=11447 q=11483 N=131445901 n=27 value=5723
record p=11483 q=11489 N=131928187 n=27 value=5741
record p=11489 q=11519 N=132341791 n=27 value=5744
record p=11519 q=11783 N=135728377 n=28 value=5759
record p=11549 q=11699 N=135111751 n=28 value=5774
record p=11579 q=15287 N=177008173 n=28 value=5789
record p=11597 q=12323 N=142909831 n=28 value=5798
record p=11633 q=11699 N=136094467 n=28 value=5816
record p=11657 q=11699 N=136375243 n=28 value=5828
record p=11699 q=11717 N=137077183 n=28 value=5849
record p=11717 q=11807 N=138342619 n=28 value=5858
record p=11777 q=11783 N=138768391 n=28 value=5888
record p=11783 q=11813 N=139192579 n=28 value=5891
record p=11789 q=15287 N=180218443 n=28 value=5894
record p=11807 q=11813 N=139476091 n=28 value=5903
record p=11813 q=11927 N=140893651 n=28 value=5906
record p=11867 q=11903 N=141252901 n=28 value=5933
record p=11897 q=11903 N=141609991 n=28 value=5948
record p=11903 q=12263 N=145966489 n=28 value=5951
record p=11909 q=12263 N=146040067 n=28 value=5954
record p=11927 q=12107 N=144400189 n=28 value=5963
record p=11933 q=12107 N=144472831 n=28 value=5966
record p=11939 q=12113 N=144617107 n=28 value=5969
record p=11969 q=23831 N=285233239 n=29 value=5984
record p=11987 q=12107 N=145126609 n=28 value=5993
record p=12107 q=12113 N=146652091 n=28 value=6053
record p=12113 q=12119 N=146797447 n=28 value=6056
record p=12119 q=12149 N=147233731 n=28 value=6059
record p=12143 q=12653 N=153645379 n=28 value=6071
record p=12149 q=12203 N=148254247 n=28 value=6074
record p=12197 q=12203 N=148839991 n=28 value=6098
record p=12203 q=12227 N=149206081 n=28 value=6101
record p=12227 q=12263 N=149939701 n=28 value=6113
record p=12239 q=12323 N=150821197 n=28 value=6119
record p=12263 q=12269 N=150454747 n=28 value=6131
record p=12269 q=12323 N=151190887 n=28 value=6134
record p=12323 q=12347 N=152152081 n=28 value=6161
record p=12329 q=12527 N=154445383 n=28 value=6164
record p=12347 q=12413 N=153263311 n=28 value=6173
record p=12413 q=12527 N=155497651 n=28 value=6206
record p=12437 q=12527 N=155798299 n=28 value=6218
record p=12473 q=12527 N=156249271 n=28 value=6236
record p=12479 q=12569 N=156848551 n=28 value=6239
record p=12497 q=13523 N=168996931 n=28 value=6248
record p=12503 q=16103 N=201335809 n=28 value=6251
record p=12527 q=12539 N=157076053 n=28 value=6263
record p=12539 q=12569 N=157602691 n=28 value=6269
record p=12569 q=12647 N=158960143 n=28 value=6284
record p=12647 q=12653 N=160022491 n=28 value=6323
record p=12653 q=12659 N=160174327 n=28 value=6326
record p=12659 q=12809 N=162149131 n=28 value=6329
record p=12689 q=13163 N=167025307 n=28 value=6344
record p=12713 q=13523 N=171917899 n=28 value=6356
record p=12743 q=12809 N=163225087 n=28 value=6371
record p=12809 q=12899 N=165223291 n=28 value=6404
record p=12893 q=13103 N=168936979 n=28 value=6446
record p=12899 q=12917 N=166616383 n=28 value=6449
record p=12917 q=12983 N=167701411 n=28 value=6458
record p=12923 q=18353 N=237175819 n=28 value=6461
record p=12953 q=12983 N=168168799 n=28 value=6476
record p=12959 q=13523 N=175244557 n=28 value=6479
record p=12983 q=13037 N=169259371 n=28 value=6491
record p=13007 q=16139 N=209919973 n=28 value=6503
record p=13037 q=13043 N=170041591 n=28 value=6518
record p=13043 q=13103 N=170902429 n=28 value=6521
record p=13049 q=14867 N=193999483 n=28 value=6524
record p=13103 q=13109 N=171767227 n=28 value=6551
record p=13109 q=13127 N=172081843 n=28 value=6554
record p=13127 q=13163 N=172790701 n=28 value=6563
record p=13163 q=13229 N=174133327 n=28 value=6581
record p=13187 q=13367 N=176270629 n=28 value=6593
record p=13229 q=13367 N=176832043 n=28 value=6614
record p=13259 q=13523 N=179301457 n=28 value=6629
record p=13313 q=14159 N=188498767 n=28 value=6656
record p=13337 q=13463 N=179556031 n=28 value=6668
record p=13367 q=13397 N=179077699 n=28 value=6683
record p=13397 q=14303 N=191617291 n=28 value=6698
record p=13451 q=24953 N=335642803 n=29 value=6725
record p=13457 q=13967 N=187953919 n=28 value=6728
record p=13463 q=13577 N=182787151 n=28 value=6731
record p=13487 q=13523 N=182384701 n=28 value=6743
record p=13499 q=13997 N=188945503 n=28 value=6749
record p=13523 q=13577 N=183601771 n=28 value=6761
record p=13577 q=13799 N=187349023 n=28 value=6788
record p=13613 q=13799 N=187845787 n=28 value=6806
record p=13619 q=14177 N=193076563 n=28 value=6809
record p=13649 q=13799 N=188342551 n=28 value=6824
record p=13679 q=14699 N=201067621 n=28 value=6839
record p=13697 q=13799 N=189004903 n=28 value=6848
record p=13709 q=13967 N=191473603 n=28 value=6854
record p=13757 q=14243 N=195940951 n=28 value=6878
record p=13763 q=16937 N=233103931 n=28 value=6881
record p=13799 q=13829 N=190826371 n=28 value=6899
record p=13829 q=13883 N=191988007 n=28 value=6914
record p=13859 q=14177 N=196479043 n=28 value=6929
record p=13877 q=13967 N=193820059 n=28 value=6938
record p=13883 q=14243 N=197735569 n=28 value=6941
record p=13907 q=13997 N=194656279 n=28 value=6953
record p=13913 q=13967 N=194322871 n=28 value=6956
record p=13967 q=13997 N=195496099 n=28 value=6983
record p=13997 q=14087 N=197175739 n=28 value=6998
record p=14009 q=14447 N=202388023 n=28 value=7004
record p=14033 q=14087 N=197682871 n=28 value=7016
record p=14051 q=19553 N=274739203 n=29 value=7025
record p=14087 q=14159 N=199457833 n=28 value=7043
record p=14153 q=14243 N=201581179 n=28 value=7076
record p=14159 q=14177 N=200732143 n=28 value=7079
record p=14177 q=14207 N=201412639 n=28 value=7088
record p=14207 q=14243 N=202350301 n=28 value=7103
record p=14243 q=14303 N=203717629 n=28 value=7121
record p=14249 q=15683 N=223467067 n=28 value=7124
record p=14303 q=14369 N=205519807 n=28 value=7151
record p=14327 q=14549 N=208443523 n=28 value=7163
record p=14369 q=14387 N=206726803 n=28 value=7184
record p=14387 q=14423 N=207503701 n=28 value=7193
record p=14423 q=14489 N=208974847 n=28 value=7211
record p=14447 q=14549 N=210189403 n=28 value=7223
record p=14489 q=14639 N=212104471 n=28 value=7244
record p=14519 q=18077 N=262459963 n=28 value=7259
record p=14537 q=14759 N=214551583 n=28 value=7268
record p=14543 q=15083 N=219352069 n=28 value=7271
record p=14549 q=14639 N=212982811 n=28 value=7274
record p=14627 q=14669 N=214563463 n=28 value=7313
record p=14633 q=14699 N=215090467 n=28 value=7316
record p=14639 q=14957 N=218955523 n=28 value=7319
record p=14657 q=14699 N=215443243 n=28 value=7328
record p=14669 q=14699 N=215619631 n=28 value=7334
record p=14699 q=14717 N=216325183 n=28 value=7349
record p=14717 q=14879 N=218974243 n=28 value=7358
record p=14723 q=14759 N=217296757 n=28 value=7361
record p=14747 q=14753 N=217562491 n=28 value=7373
record p=14753 q=14759 N=217739527 n=28 value=7376
record p=14759 q=14843 N=219067837 n=28 value=7379
record p=14783 q=15287 N=225987721 n=28 value=7391
record p=14843 q=14867 N=220670881 n=28 value=7421
record p=14867 q=14957 N=222365719 n=28 value=7433
record p=14879 q=14957 N=222545203 n=28 value=7439
record p=14897 q=17387 N=259014139 n=28 value=7448
record p=14939 q=24953 N=372772867 n=29 value=7469
record p=14957 q=15083 N=225596431 n=28 value=7478
record p=14969 q=15083 N=225777427 n=28 value=7484
record p=15017 q=15083 N=226501411 n=28 value=7508
record p=15053 q=15227 N=229212031 n=28 value=7526
record p=15077 q=15083 N=227406391 n=28 value=7538
record p=15083 q=15173 N=228854359 n=28 value=7541
record p=15137 q=19079 N=288798823 n=29 value=7568
record p=15173 q=15287 N=231949651 n=28 value=7586
record p=15227 q=15299 N=232957873 n=28 value=7613
record p=15233 q=20123 N=306533659 n=29 value=7616
record p=15263 q=15773 N=240743299 n=28 value=7631
record p=15269 q=15299 N=233600431 n=28 value=7634
record p=15287 q=15299 N=233875813 n=28 value=7643
record p=15299 q=15329 N=234518371 n=28 value=7649
record p=15329 q=15383 N=235806007 n=28 value=7664
record p=15359 q=17519 N=269074321 n=29 value=7679
record p=15377 q=15647 N=240603919 n=28 value=7688
record p=15383 q=15413 N=237098179 n=28 value=7691
record p=15413 q=15647 N=241167211 n=28 value=7706
record p=15443 q=17657 N=272677051 n=29 value=7721
record p=15467 q=17939 N=277462513 n=29 value=7733
record p=15473 q=15647 N=242106031 n=28 value=7736
record p=15497 q=15767 N=244341199 n=28 value=7748
record p=15527 q=15749 N=244534723 n=28 value=7763
record p=15629 q=15647 N=244546963 n=28 value=7814
record p=15647 q=15683 N=245391901 n=28 value=7823
record p=15683 q=15749 N=246991567 n=28 value=7841
record p=15737 q=17099 N=269086963 n=29 value=7868
record p=15749 q=15959 N=251338291 n=28 value=7874
record p=15767 q=15773 N=248692891 n=28 value=7883
record p=15773 q=15803 N=249260719 n=28 value=7886
record p=15797 q=17483 N=276178951 n=29 value=7898
record p=15803 q=15923 N=251631169 n=28 value=7901
record p=15887 q=17483 N=277752421 n=29 value=7943
record p=15923 q=16349 N=260325127 n=28 value=7961
record p=15959 q=16097 N=256892023 n=28 value=7979
record p=16001 q=19079 N=305283079 n=29 value=8000
record p=16007 q=16097 N=257664679 n=28 value=8003
record p=16067 q=16187 N=260076529 n=28 value=8033
record p=16073 q=16187 N=260173651 n=28 value=8036
record p=16097 q=16139 N=259789483 n=28 value=8048
record p=16103 q=16193 N=260755879 n=28 value=8051
record p=16127 q=17027 N=274594429 n=29 value=8063
record p=16139 q=16187 N=261241993 n=28 value=8069
record p=16187 q=16217 N=262504579 n=28 value=8093
record p=16193 q=19079 N=308946247 n=29 value=8096
record p=16217 q=16223 N=263088391 n=28 value=8108
record p=16223 q=16229 N=263283067 n=28 value=8111
record p=16229 q=16319 N=264841051 n=28 value=8114
record p=16253 q=17483 N=284151199 n=29 value=8126
record p=16301 q=17519 N=285577219 n=29 value=8150
record p=16319 q=16487 N=269051353 n=29 value=8159
record p=16349 q=16487 N=269545963 n=29 value=8174
record p=16427 q=17327 N=284630629 n=29 value=8213
record p=16433 q=16883 N=277438339 n=29 value=8216
record p=16487 q=16529 N=272513623 n=29 value=8243
record p=16529 q=16547 N=273505363 n=29 value=8264
record p=16547 q=16553 N=273902491 n=29 value=8273
record p=16553 q=16883 N=279464299 n=29 value=8276
record p=16607 q=17093 N=283863451 n=29 value=8303
record p=16619 q=18233 N=303014227 n=29 value=8309
record p=16649 q=16943 N=282084007 n=29 value=8324
record p=16673 q=16763 N=279489499 n=29 value=8336
record p=16703 q=17939 N=299635117 n=29 value=8351
record p=16763 q=17483 N=293067529 n=29 value=8381
record p=16787 q=31079 N=521723173 n=29 value=8393
record p=16823 q=17393 N=292602439 n=29 value=8411
record p=16829 q=23567 N=396609043 n=29 value=8414
record p=16883 q=17093 N=288581119 n=29 value=8441
record p=16889 q=16943 N=286150327 n=29 value=8444
record p=16937 q=16979 N=287573323 n=29 value=8468
record p=16943 q=17033 N=288590119 n=29 value=8471
record p=16979 q=17027 N=289101433 n=29 value=8489
record p=17027 q=17033 N=290020891 n=29 value=8513
record p=17033 q=17099 N=291247267 n=29 value=8516
record p=17093 q=17159 N=293298787 n=29 value=8546
record p=17099 q=17189 N=293914711 n=29 value=8549
record p=17117 q=17483 N=299256511 n=29 value=8558
record p=17123 q=28433 N=486858259 n=29 value=8561
record p=17159 q=17477 N=299887843 n=29 value=8579
record p=17183 q=19697 N=338453551 n=29 value=8591
record p=17189 q=17327 N=297833803 n=29 value=8594
record p=17207 q=20963 N=360710341 n=29 value=8603
record p=17327 q=17387 N=301264549 n=29 value=8663
record p=17333 q=28559 N=495013147 n=29 value=8666
record p=17387 q=17393 N=302412091 n=29 value=8693
record p=17393 q=17483 N=304081819 n=29 value=8696
record p=17417 q=32027 N=557814259 n=30 value=8708
record p=17477 q=18287 N=319601899 n=29 value=8738
record p=17483 q=17489 N=305760187 n=29 value=8741
record p=17489 q=17783 N=311006887 n=29 value=8744
record p=17519 q=17957 N=314588683 n=29 value=8759
record p=17573 q=17903 N=314609419 n=29 value=8786
record p=17579 q=18059 N=317459161 n=29 value=8789
record p=17597 q=17939 N=315672583 n=29 value=8798
record p=17609 q=18743 N=330045487 n=29 value=8804
record p=17627 q=19577 N=345083779 n=29 value=8813
record p=17657 q=17807 N=314418199 n=29 value=8828
record p=17669 q=23399 N=413436931 n=29 value=8834
record p=17729 q=17807 N=315700303 n=29 value=8864
record p=17747 q=17789 N=315701383 n=29 value=8873
record p=17783 q=18059 N=321143197 n=29 value=8891
record p=17789 q=17903 N=318476467 n=29 value=8894
record p=17807 q=17903 N=318798721 n=29 value=8903
record p=17903 q=17939 N=321161917 n=29 value=8951
record p=17909 q=18839 N=337387651 n=29 value=8954
record p=17939 q=17987 N=322668793 n=29 value=8969
record p=17957 q=18059 N=324285463 n=29 value=8978
record p=17981 q=20543 N=369383683 n=29 value=8990
record p=17987 q=18773 N=337669951 n=29 value=8993
record p=18047 q=26459 N=477505573 n=29 value=9023
record p=18059 q=18077 N=326452543 n=29 value=9029
record p=18077 q=18119 N=327537163 n=29 value=9038
record p=18119 q=18143 N=328733017 n=29 value=9059
record p=18143 q=18149 N=329277307 n=29 value=9071
record p=18149 q=18287 N=331890763 n=29 value=9074
record p=18233 q=18743 N=341741119 n=29 value=9116
record p=18257 q=18947 N=345915379 n=29 value=9128
record p=18269 q=18443 N=336935167 n=29 value=9134
record p=18287 q=18587 N=339900469 n=29 value=9143
record p=18329 q=18839 N=345300031 n=29 value=9164
record p=18353 q=18839 N=345752167 n=29 value=9176
record p=18413 q=18443 N=339590959 n=29 value=9206
record p=18443 q=18587 N=342800041 n=29 value=9221
record p=18503 q=19463 N=360123889 n=29 value=9251
record p=18539 q=21419 N=397086841 n=29 value=9269
record p=18587 q=18713 N=347818531 n=29 value=9293
record p=18617 q=18959 N=352959703 n=29 value=9308
record p=18713 q=18743 N=350737759 n=29 value=9356
record p=18719 q=21587 N=404087053 n=29 value=9359
record p=18743 q=18749 N=351412507 n=29 value=9371
record p=18749 q=18839 N=353212411 n=29 value=9374
record p=18773 q=21179 N=397593367 n=29 value=9386
record p=18797 q=18839 N=354116683 n=29 value=9398
record p=18839 q=18869 N=355473091 n=29 value=9419
record p=18869 q=18947 N=357510943 n=29 value=9434
record p=18899 q=19079 N=360574021 n=29 value=9449
record p=18917 q=18947 N=358420399 n=29 value=9458
record p=18947 q=18959 N=359216173 n=29 value=9473
record p=18959 q=19037 N=360922483 n=29 value=9479
record p=19013 q=25703 N=488691139 n=29 value=9506
record p=19037 q=19079 N=363206923 n=29 value=9518
record p=19073 q=19079 N=363893767 n=29 value=9536
record p=19079 q=19157 N=365496403 n=29 value=9539
record p=19139 q=21713 N=415565107 n=29 value=9569
record p=19157 q=19259 N=368944663 n=29 value=9578
record p=19163 q=21587 N=413671681 n=29 value=9581
record p=19259 q=19289 N=371486851 n=29 value=9629
record p=19289 q=19379 N=373801531 n=29 value=9644
record p=19319 q=19583 N=378323977 n=29 value=9659
record p=19373 q=19379 N=375429367 n=29 value=9686
record p=19379 q=19577 N=379382683 n=29 value=9689
record p=19403 q=19469 N=377757007 n=29 value=9701
record p=19427 q=19973 N=388015471 n=29 value=9713
record p=19433 q=24659 N=479198347 n=29 value=9716
record p=19457 q=19583 N=381026431 n=29 value=9728
record p=19463 q=19577 N=381027151 n=29 value=9731
record p=19469 q=20639 N=401820691 n=29 value=9734
record p=19553 q=23399 N=457520647 n=29 value=9776
record p=19559 q=22343 N=437006737 n=29 value=9779
record p=19577 q=19583 N=383376391 n=29 value=9788
record p=19583 q=19697 N=385726351 n=29 value=9791
record p=19697 q=19763 N=389271811 n=29 value=9848
record p=19709 q=19739 N=389035951 n=29 value=9854
record p=19727 q=24029 N=474020083 n=29 value=9863
record p=19739 q=19763 N=390101857 n=29 value=9869
record p=19763 q=19793 N=391169059 n=29 value=9881
record p=19793 q=20123 N=398294539 n=29 value=9896
record p=19853 q=21839 N=433569667 n=29 value=9926
record p=19889 q=22643 N=450346627 n=29 value=9944
record p=19913 q=20183 N=401904079 n=29 value=9956
record p=19919 q=19949 N=397364131 n=29 value=9959
record p=19937 q=20627 N=411240499 n=29 value=9968
record p=19949 q=20123 N=401433727 n=29 value=9974
record p=19973 q=20123 N=401916679 n=29 value=9986
record p=19979 q=24023 N=479955517 n=29 value=9989
record p=19997 q=20123 N=402399631 n=29 value=9998
record p=20063 q=23603 N=473546989 n=29 value=10031
record p=20117 q=20123 N=404814391 n=29 value=10058
record p=20123 q=20183 N=406142509 n=29 value=10061
record p=20129 q=20507 N=412785403 n=29 value=10064
record p=20147 q=25919 N=522190093 n=29 value=10073
record p=20177 q=20627 N=416190979 n=29 value=10088
record p=20183 q=20249 N=408685567 n=29 value=10091
record p=20219 q=20249 N=409414531 n=29 value=10109
record p=20249 q=20327 N=411601423 n=29 value=10124
record p=20297 q=20327 N=412577119 n=29 value=10148
record p=20327 q=20357 N=413796739 n=29 value=10163
record p=20333 q=39719 N=807606427 n=30 value=10166
record p=20357 q=26399 N=537404443 n=30 value=10178
record p=20369 q=20507 N=417707083 n=29 value=10184
record p=20393 q=20507 N=418199251 n=29 value=10196
record p=20399 q=20543 N=419056657 n=29 value=10199
record p=20477 q=20507 N=419921839 n=29 value=10238
record p=20507 q=20543 N=421275301 n=29 value=10253
record p=20543 q=20627 N=423740461 n=29 value=10271
record p=20549 q=20663 N=424603987 n=29 value=10274
record p=20627 q=20663 N=426215701 n=29 value=10313
record p=20639 q=20759 N=428445001 n=29 value=10319
record p=20663 q=20717 N=428075371 n=29 value=10331
record p=20693 q=39119 N=809489467 n=30 value=10346
record p=20717 q=20759 N=430064203 n=29 value=10358
record p=20747 q=21179 N=439400713 n=29 value=10373
record p=20753 q=20759 N=430811527 n=29 value=10376
record p=20759 q=20789 N=431558851 n=29 value=10379
record p=20789 q=20807 N=432556723 n=29 value=10394
record p=20807 q=20849 N=433805143 n=29 value=10403
record p=20849 q=20963 N=437057587 n=29 value=10424
record p=20873 q=21059 N=439564507 n=29 value=10436
record p=20879 q=25799 N=538657321 n=30 value=10439
record p=20897 q=21059 N=440069923 n=29 value=10448
record p=20903 q=22973 N=480204619 n=29 value=10451
record p=20939 q=21059 N=440954401 n=29 value=10469
record p=20963 q=21023 N=440705149 n=29 value=10481
record p=21017 q=21107 N=443605819 n=29 value=10508
record p=21023 q=21089 N=443354047 n=29 value=10511
record p=21059 q=21089 N=444113251 n=29 value=10529
record p=21089 q=21179 N=446643931 n=29 value=10544
record p=21107 q=21179 N=447025153 n=29 value=10553
record p=21143 q=22409 N=473793487 n=29 value=10571
record p=21149 q=21467 N=454005583 n=29 value=10574
record p=21179 q=21227 N=449566633 n=29 value=10589
record p=21227 q=21317 N=452495959 n=29 value=10613
record p=21269 q=21419 N=455560711 n=29 value=10634
record p=21317 q=21383 N=455821411 n=29 value=10658
record p=21323 q=22769 N=485503387 n=29 value=10661
record p=21347 q=21377 N=456334819 n=29 value=10673
record p=21377 q=21383 N=457104391 n=29 value=10688
record p=21383 q=21419 N=458002477 n=29 value=10691
record p=21419 q=21467 N=459801673 n=29 value=10709
record p=21467 q=21563 N=462892921 n=29 value=10733
record p=21503 q=22013 N=473345539 n=29 value=10751
record p=21557 q=22943 N=494582251 n=29 value=10778
record p=21563 q=21569 N=465092347 n=29 value=10781
record p=21569 q=21587 N=465610003 n=29 value=10784
record p=21587 q=21599 N=466257613 n=29 value=10793
record p=21599 q=21647 N=467553553 n=29 value=10799
record p=21617 q=25163 N=543948571 n=30 value=10808
record p=21647 q=21767 N=471190249 n=29 value=10823
record p=21683 q=21773 N=472103959 n=29 value=10841
record p=21713 q=21839 N=474190207 n=29 value=10856
record p=21737 q=43223 N=939538351 n=30 value=10868
record p=21767 q=21773 N=473932891 n=29 value=10883
record p=21773 q=21839 N=475500547 n=29 value=10886
record p=21803 q=22643 N=493685329 n=29 value=10901
record p=21839 q=22073 N=482052247 n=29 value=10919
record p=21863 q=21893 N=478646659 n=29 value=10931
record p=21893 q=22343 N=489155299 n=29 value=10946
record p=21929 q=22343 N=489959647 n=29 value=10964
record p=21977 q=22343 N=491032111 n=29 value=10988
record p=22013 q=22343 N=491836459 n=29 value=11006
record p=22037 q=27239 N=600265843 n=30 value=11018
record p=22067 q=37217 N=821267539 n=30 value=11033
record p=22073 q=22343 N=493177039 n=29 value=11036
record p=22109 q=22259 N=492124231 n=29 value=11054
record p=22133 q=23819 N=527185927 n=29 value=11066
record p=22157 q=22343 N=495053851 n=29 value=11078
record p=22193 q=22343 N=495858199 n=29 value=11096
record p=22229 q=22307 N=495862303 n=29 value=11114
record p=22247 q=22643 N=503738821 n=29 value=11123
record p=22259 q=22343 N=497332837 n=29 value=11129
record p=22277 q=22283 N=496398391 n=29 value=11138
record p=22283 q=22643 N=504553969 n=29 value=11141
record p=22307 q=22349 N=498539143 n=29 value=11153
record p=22343 q=22409 N=500684287 n=29 value=11171
record p=22349 q=22367 N=499880083 n=29 value=11174
record p=22367 q=22409 N=501222103 n=29 value=11183
record p=22397 q=24083 N=539386951 n=30 value=11198
record p=22409 q=22619 N=506869171 n=29 value=11204
record p=22433 q=22619 N=507412027 n=29 value=11216
record p=22469 q=22739 N=510922591 n=29 value=11234
record p=22613 q=22643 N=512026159 n=29 value=11306
record p=22619 q=22637 N=512026303 n=29 value=11309
record p=22637 q=22643 N=512569591 n=29 value=11318
record p=22643 q=22697 N=513928171 n=29 value=11321
record p=22679 q=22943 N=520324297 n=29 value=11339
record p=22697 q=22739 N=516107083 n=29 value=11348
record p=22709 q=23663 N=537363067 n=30 value=11354
record p=22727 q=23819 N=541334413 n=30 value=11363
record p=22739 q=22769 N=517744291 n=29 value=11369
record p=22769 q=22787 N=518837203 n=29 value=11384
record p=22787 q=22817 N=519930979 n=29 value=11393
record p=22817 q=23627 N=539097259 n=30 value=11408
record p=22853 q=22943 N=524316379 n=29 value=11426
record p=22859 q=23663 N=540912517 n=30 value=11429
record p=22907 q=23669 N=542185783 n=30 value=11453
record p=22937 q=22943 N=526243591 n=29 value=11468
record p=22943 q=22973 N=527069539 n=29 value=11471
record p=22973 q=23039 N=529274947 n=29 value=11486
record p=23003 q=24023 N=552601069 n=30 value=11501
record p=23027 q=23117 N=532315159 n=29 value=11513
record p=23039 q=23099 N=532177861 n=29 value=11519
record p=23057 q=24023 N=553898311 n=30 value=11528
record p=23063 q=23417 N=540066271 n=30 value=11531
record p=23099 q=23117 N=533979583 n=29 value=11549
record p=23117 q=23159 N=535366603 n=29 value=11558
record p=23159 q=23279 N=539118361 n=30 value=11579
record p=23189 q=23627 N=547886503 n=30 value=11594
record p=23279 q=23357 N=543727603 n=30 value=11639
record p=23327 q=23357 N=544848739 n=30 value=11663
record p=23333 q=23663 N=552128779 n=30 value=11666
record p=23339 q=23879 N=557311981 n=30 value=11669
record p=23357 q=23399 N=546530443 n=30 value=11678
record p=23369 q=23627 N=552139363 n=30 value=11684
record p=23399 q=23417 N=547934383 n=30 value=11699
record p=23417 q=23459 N=549339403 n=30 value=11708
record p=23447 q=23567 N=552575449 n=30 value=11723
record p=23459 q=23567 N=552858253 n=30 value=11729
record p=23537 q=23567 N=554696479 n=30 value=11768
record p=23549 q=34319 N=808178131 n=30 value=11774
record p=23567 q=23603 N=556251901 n=30 value=11783
record p=23603 q=23627 N=557668081 n=30 value=11801
record p=23609 q=23663 N=558659767 n=30 value=11804
record p=23627 q=23663 N=559085701 n=30 value=11813
record p=23633 q=28307 N=668979331 n=30 value=11816
record p=23663 q=23669 N=560079547 n=30 value=11831
record p=23669 q=23819 N=563771911 n=30 value=11834
record p=23687 q=23873 N=565479751 n=30 value=11843
record p=23747 q=23813 N=565487311 n=30 value=11873
record p=23753 q=23819 N=565772707 n=30 value=11876
record p=23789 q=24023 N=571483147 n=30 value=11894
record p=23813 q=23819 N=567201847 n=30 value=11906
record p=23819 q=23873 N=568630987 n=30 value=11909
record p=23873 q=23879 N=570063367 n=30 value=11936
record p=23879 q=23993 N=572928847 n=30 value=11939
record p=23909 q=24083 N=575800447 n=30 value=11954
record p=23957 q=24023 N=575519011 n=30 value=11978
record p=23993 q=24023 N=576383839 n=30 value=11996
record p=24023 q=24029 N=577248667 n=30 value=12011
record p=24029 q=24083 N=578690407 n=30 value=12014
record p=24077 q=24239 N=583602403 n=30 value=12038
record p=24083 q=24203 N=582880849 n=30 value=12041
record p=24107 q=24407 N=588379549 n=30 value=12053
record p=24113 q=24407 N=588525991 n=30 value=12056
record p=24137 q=26459 N=638640883 n=30 value=12068
record p=24179 q=41543 N=1004468197 n=30 value=12089
record p=24197 q=24239 N=586511083 n=30 value=12098
record p=24203 q=24239 N=586656517 n=30 value=12101
record p=24239 q=24317 N=589419763 n=30 value=12119
record p=24317 q=24407 N=593505019 n=30 value=12158
record p=24329 q=24407 N=593797903 n=30 value=12164
record p=24359 q=24419 N=594822421 n=30 value=12179
record p=24407 q=24527 N=598630489 n=30 value=12203
record p=24413 q=25799 N=629830987 n=30 value=12206
record p=24419 q=24527 N=598924813 n=30 value=12209
record p=24443 q=24533 N=599660119 n=30 value=12221
record p=24509 q=24527 N=601132243 n=30 value=12254
record p=24527 q=24533 N=601720891 n=30 value=12263
record p=24533 q=24623 N=604076059 n=30 value=12266
record p=24593 q=25307 N=622375051 n=30 value=12296
record p=24623 q=25073 N=617372479 n=30 value=12311
record p=24659 q=24917 N=614428303 n=30 value=12329
record p=24677 q=25307 N=624500839 n=30 value=12338
record p=24683 q=30089 N=742686787 n=30 value=12341
record p=24749 q=25127 N=621868123 n=30 value=12374
record p=24767 q=27827 N=689191309 n=30 value=12383
record p=24917 q=24923 N=621006391 n=30 value=12458
record p=24923 q=25253 N=629380519 n=30 value=12461
record p=24953 q=25307 N=631485571 n=30 value=12476
record p=24977 q=38867 N=970781059 n=30 value=12488
record p=24989 q=25307 N=632396623 n=30 value=12494
record p=25013 q=25667 N=642008671 n=30 value=12506
record p=25037 q=25679 N=642925123 n=30 value=12518
record p=25073 q=25247 N=633018031 n=30 value=12536
record p=25097 q=25127 N=630612319 n=30 value=12548
record p=25121 q=43427 N=1090929667 n=31 value=12560
record p=25127 q=25307 N=635888989 n=30 value=12563
record p=25163 q=25343 N=637705909 n=30 value=12581
record p=25247 q=25307 N=638925829 n=30 value=12623
record p=25253 q=25583 N=646047499 n=30 value=12626
record p=25307 q=25343 N=641355301 n=30 value=12653
record p=25343 q=25349 N=642419707 n=30 value=12671
record p=25349 q=25367 N=643028083 n=30 value=12674
record p=25367 q=26297 N=667075999 n=30 value=12683
record p=25373 q=25463 N=646072699 n=30 value=12686
record p=25409 q=25463 N=646989367 n=30 value=12704
record p=25439 q=27407 N=697206673 n=30 value=12719
record p=25457 q=25643 N=652793851 n=30 value=12728
record p=25463 q=25469 N=648517147 n=30 value=12731
record p=25469 q=25583 N=651573427 n=30 value=12734
record p=25523 q=25703 N=656017669 n=30 value=12761
record p=25577 q=26387 N=674900299 n=30 value=12788
record p=25583 q=25589 N=654643387 n=30 value=12791
record p=25589 q=25643 N=656178727 n=30 value=12794
record p=25643 q=25667 N=658178881 n=30 value=12821
record p=25667 q=25703 N=659718901 n=30 value=12833
record p=25673 q=25679 N=659256967 n=30 value=12836
record p=25679 q=25889 N=664803631 n=30 value=12839
record p=25703 q=25799 N=663111697 n=30 value=12851
record p=25733 q=27239 N=700941187 n=30 value=12866
record p=25763 q=26003 N=669915289 n=30 value=12881
record p=25793 q=25847 N=666671671 n=30 value=12896
record p=25799 q=25847 N=666826753 n=30 value=12899
record p=25847 q=25889 N=669152983 n=30 value=12923
record p=25889 q=25919 N=671016991 n=30 value=12944
record p=25913 q=25919 N=671639047 n=30 value=12956
record p=25919 q=25997 N=673816243 n=30 value=12959
record p=25943 q=32189 N=835079227 n=30 value=12971
record p=25997 q=26099 N=678495703 n=30 value=12998
record p=26003 q=26099 N=678652297 n=30 value=13001
record p=26099 q=26177 N=683193523 n=30 value=13049
record p=26153 q=30803 N=805590859 n=30 value=13076
record p=26177 q=26339 N=689476003 n=30 value=13088
record p=26183 q=26813 N=702044779 n=30 value=13091
record p=26189 q=26267 N=687906463 n=30 value=13094
record p=26237 q=38447 N=1008733939 n=30 value=13118
record p=26249 q=26903 N=706176847 n=30 value=13124
record p=26267 q=26393 N=693264931 n=30 value=13133
record p=26297 q=27239 N=716303983 n=30 value=13148
record p=26309 q=26387 N=694215583 n=30 value=13154
record p=26339 q=26459 N=696903601 n=30 value=13169
record p=26357 q=27107 N=714459199 n=30 value=13178
record p=26387 q=26393 N=696432091 n=30 value=13193
record p=26393 q=26459 N=698332387 n=30 value=13196
record p=26399 q=26459 N=698491141 n=30 value=13199
record p=26417 q=26459 N=698967403 n=30 value=13208
record p=26423 q=26513 N=700552999 n=30 value=13211
record p=26459 q=26513 N=701507467 n=30 value=13229
record p=26513 q=26627 N=705961651 n=30 value=13256
record p=26597 q=26627 N=708198319 n=30 value=13298
record p=26627 q=26633 N=709156891 n=30 value=13313
record p=26633 q=26879 N=715868407 n=30 value=13316
record p=26669 q=26723 N=712675687 n=30 value=13334
record p=26687 q=26777 N=714597799 n=30 value=13343
record p=26693 q=26723 N=713317039 n=30 value=13346
record p=26699 q=35759 N=954729541 n=30 value=13349
record p=26717 q=26879 N=718126243 n=30 value=13358
record p=26723 q=26849 N=717485827 n=30 value=13361
record p=26729 q=29663 N=792862327 n=30 value=13364
record p=26759 q=27803 N=743980477 n=30 value=13379
record p=26777 q=26903 N=720381631 n=30 value=13388
record p=26783 q=31013 N=830621179 n=30 value=13391
record p=26813 q=26879 N=720706627 n=30 value=13406
record p=26849 q=26879 N=721674271 n=30 value=13424
record p=26879 q=26927 N=723770833 n=30 value=13439
record p=26903 q=26927 N=724417081 n=30 value=13451
record p=26927 q=27059 N=728617693 n=30 value=13463
record p=26987 q=27059 N=730241233 n=30 value=13493
record p=26993 q=47339 N=1277821627 n=31 value=13496
record p=27017 q=29399 N=794272783 n=30 value=13508
record p=27059 q=27107 N=733488313 n=30 value=13529
record p=27077 q=29879 N=809033683 n=30 value=13538
record p=27107 q=27143 N=735765301 n=30 value=13553
record p=27143 q=27179 N=737719597 n=30 value=13571
record p=27179 q=27239 N=740328781 n=30 value=13589
record p=27197 q=27947 N=760074559 n=30 value=13598
record p=27239 q=27299 N=743597461 n=30 value=13619
record p=27299 q=27407 N=748183693 n=30 value=13649
record p=27329 q=34883 N=953317507 n=30 value=13664
record p=27407 q=27449 N=752294743 n=30 value=13703
record p=27437 q=27803 N=762830911 n=30 value=13718
record p=27449 q=27647 N=758882503 n=30 value=13724
record p=27479 q=29399 N=807855121 n=30 value=13739
record p=27509 q=31727 N=872778043 n=30 value=13754
record p=27527 q=27617 N=760213159 n=30 value=13763
record p=27539 q=41513 N=1143226507 n=31 value=13769
record p=27617 q=27647 N=763527199 n=30 value=13808
record p=27647 q=27653 N=764522491 n=30 value=13823
record p=27653 q=28283 N=782109799 n=30 value=13826
record p=27689 q=27767 N=768840463 n=30 value=13844
record p=27737 q=27767 N=770173279 n=30 value=13868
record p=27743 q=30557 N=847742851 n=30 value=13871
record p=27749 q=31607 N=877062643 n=30 value=13874
record p=27767 q=27773 N=771172891 n=30 value=13883
record p=27773 q=27827 N=772839271 n=30 value=13886
record p=27779 q=28109 N=780839911 n=30 value=13889
record p=27803 q=27827 N=773674081 n=30 value=13901
record p=27809 q=27827 N=773841043 n=30 value=13904
record p=27827 q=27947 N=777681169 n=30 value=13913
record p=27893 q=28307 N=789567151 n=30 value=13946
record p=27917 q=33119 N=924583123 n=30 value=13958
record p=27947 q=27953 N=781202491 n=30 value=13973
record p=27953 q=28019 N=783215107 n=30 value=13976
record p=27983 q=28019 N=784055677 n=30 value=13991
record p=28019 q=28097 N=787249843 n=30 value=14009
record p=28097 q=28163 N=791295811 n=30 value=14048
record p=28109 q=28163 N=791633767 n=30 value=14054
record p=28163 q=28229 N=795013327 n=30 value=14081
record p=28229 q=28307 N=799078303 n=30 value=14114
record p=28277 q=28283 N=799758391 n=30 value=14138
record p=28283 q=28307 N=800606881 n=30 value=14141
record p=28289 q=29027 N=821144803 n=30 value=14144
record p=28307 q=28319 N=801625933 n=30 value=14153
record p=28319 q=28349 N=802815331 n=30 value=14159
record p=28349 q=28607 N=810979843 n=30 value=14174
record p=28403 q=29243 N=830588929 n=30 value=14201
record p=28409 q=28499 N=809628091 n=30 value=14204
record p=28433 q=28439 N=808606087 n=30 value=14216
record p=28439 q=28499 N=810483061 n=30 value=14219
record p=28463 q=42293 N=1203785659 n=31 value=14231
record p=28493 q=28559 N=813731587 n=30 value=14246
record p=28499 q=28517 N=812705983 n=30 value=14249
record p=28517 q=28607 N=815785819 n=30 value=14258
record p=28547 q=28817 N=822638899 n=30 value=14273
record p=28559 q=28619 N=817330021 n=30 value=14279
record p=28607 q=28643 N=819390301 n=30 value=14303
record p=28619 q=28643 N=819734017 n=30 value=14309
record p=28643 q=28649 N=820593307 n=30 value=14321
record p=28649 q=28703 N=822312247 n=30 value=14324
record p=28697 q=28703 N=823689991 n=30 value=14348
record p=28703 q=28793 N=826445479 n=30 value=14351
record p=28793 q=28859 N=830937187 n=30 value=14396
record p=28817 q=28979 N=835087843 n=30 value=14408
record p=28859 q=28949 N=835439191 n=30 value=14429
record p=28949 q=28979 N=838913071 n=30 value=14474
record p=28979 q=29027 N=841173433 n=30 value=14489
record p=29009 q=37019 N=1073884171 n=31 value=14504
record p=29027 q=29033 N=842740891 n=30 value=14513
record p=29033 q=29867 N=867128611 n=30 value=14516
record p=29063 q=29297 N=851458711 n=30 value=14531
record p=29123 q=29153 N=849022819 n=30 value=14561
record p=29129 q=31727 N=924175783 n=30 value=14564
record p=29147 q=29759 N=867385573 n=30 value=14573
record p=29153 q=29243 N=852521179 n=30 value=14576
record p=29207 q=29297 N=855677479 n=30 value=14603
record p=29243 q=29297 N=856732171 n=30 value=14621
record p=29297 q=29339 N=859544683 n=30 value=14648
record p=29303 q=47303 N=1386119809 n=31 value=14651
record p=29327 q=30467 N=893505709 n=30 value=14663
record p=29333 q=29339 N=860600887 n=30 value=14666
record p=29339 q=29363 N=861481057 n=30 value=14669
record p=29363 q=29423 N=863947549 n=30 value=14681
record p=29387 q=34487 N=1013469469 n=30 value=14693
record p=29399 q=29423 N=865006777 n=30 value=14699
record p=29423 q=29567 N=869949841 n=30 value=14711
record p=29453 q=29483 N=868362799 n=30 value=14726
record p=29483 q=29567 N=871723861 n=30 value=14741
record p=29537 q=29567 N=873320479 n=30 value=14768
record p=29567 q=29573 N=874384891 n=30 value=14783
record p=29573 q=29663 N=877223899 n=30 value=14786
record p=29633 q=29663 N=879003679 n=30 value=14816
record p=29663 q=29669 N=880071547 n=30 value=14831
record p=29669 q=29759 N=882919771 n=30 value=14834
record p=29717 q=32183 N=956382211 n=30 value=14858
record p=29753 q=29759 N=885419527 n=30 value=14876
record p=29759 q=29819 N=887383621 n=30 value=14879
record p=29789 q=30203 N=899717167 n=30 value=14894
record p=29819 q=29873 N=890782987 n=30 value=14909
record p=29837 q=29867 N=891141679 n=30 value=14918
record p=29867 q=29873 N=892216891 n=30 value=14933
record p=29873 q=29879 N=892575367 n=30 value=14936
record p=29879 q=30029 N=897236491 n=30 value=14939
record p=29927 q=30089 N=900473503 n=30 value=14963
record p=30029 q=30047 N=902281363 n=30 value=15014
record p=30047 q=30089 N=904084183 n=30 value=15023
record p=30059 q=53897 N=1620089923 n=31 value=15029
record p=30089 q=30203 N=908778067 n=30 value=15044
record p=30113 q=30203 N=909502939 n=30 value=15056
record p=30119 q=31013 N=934080547 n=30 value=15059
record p=30137 q=30203 N=910227811 n=30 value=15068
record p=30197 q=30203 N=912039991 n=30 value=15098
record p=30203 q=30293 N=914939479 n=30 value=15101
record p=30269 q=37967 N=1149223123 n=31 value=15134
record p=30293 q=30323 N=918574639 n=30 value=15146
record p=30323 q=30347 N=920212081 n=30 value=15161
record p=30347 q=30467 N=924582049 n=30 value=15173
record p=30389 q=30539 N=928049671 n=30 value=15194
record p=30449 q=31859 N=970074691 n=30 value=15224
record p=30467 q=30497 N=929152099 n=30 value=15233
record p=30497 q=30539 N=931347883 n=30 value=15248
record p=30509 q=30803 N=939768727 n=30 value=15254
record p=30539 q=30557 N=933180223 n=30 value=15269
record p=30557 q=30803 N=941247271 n=30 value=15278
record p=30593 q=30803 N=942356179 n=30 value=15296
record p=30677 q=30803 N=944943631 n=30 value=15338
record p=30689 q=53147 N=1631028283 n=31 value=15344
record p=30707 q=31259 N=959870113 n=30 value=15353
record p=30713 q=32843 N=1008707059 n=30 value=15356
record p=30773 q=43607 N=1341918211 n=31 value=15386
record p=30803 q=30809 N=949009627 n=30 value=15401
record p=30809 q=31079 N=957512911 n=30 value=15404
record p=30839 q=30893 N=952709227 n=30 value=15419
record p=30869 q=31079 N=959377651 n=30 value=15434
record p=30893 q=31139 N=961977127 n=30 value=15446
record p=30977 q=33587 N=1040424499 n=30 value=15488
record p=30983 q=34739 N=1076318437 n=31 value=15491
record p=31013 q=31019 N=961992247 n=30 value=15506
record p=31019 q=31337 N=972042403 n=30 value=15509
record p=31079 q=31247 N=971125513 n=30 value=15539
record p=31139 q=31223 N=972252997 n=30 value=15569
record p=31181 q=53987 N=1683368647 n=31 value=15590
record p=31193 q=43019 N=1341891667 n=31 value=15596
record p=31223 q=31259 N=975999757 n=30 value=15611
record p=31247 q=31337 N=979187239 n=30 value=15623
record p=31253 q=31379 N=980687887 n=30 value=15626
record p=31259 q=31337 N=979563283 n=30 value=15629
record p=31277 q=34367 N=1074896659 n=31 value=15638
record p=31307 q=31319 N=980503933 n=30 value=15653
record p=31319 q=31547 N=988020493 n=30 value=15659
record p=31337 q=31379 N=983323723 n=30 value=15668
record p=31379 q=31397 N=985206463 n=30 value=15689
record p=31397 q=31583 N=991611451 n=30 value=15698
record p=31469 q=31547 N=992752543 n=30 value=15734
record p=31517 q=31547 N=994266799 n=30 value=15758
record p=31547 q=31583 N=996348901 n=30 value=15773
record p=31583 q=31607 N=998243881 n=30 value=15791
record p=31607 q=31667 N=1000898869 n=30 value=15803
record p=31643 q=33113 N=1047794659 n=30 value=15821
record p=31649 q=31847 N=1007925703 n=30 value=15824
record p=31667 q=31793 N=1006788931 n=30 value=15833
record p=31727 q=31793 N=1008696511 n=30 value=15863
record p=31769 q=52583 N=1670509327 n=31 value=15884
record p=31793 q=31847 N=1012511671 n=30 value=15896
record p=31799 q=32609 N=1036933591 n=30 value=15899
record p=31817 q=32027 N=1019003059 n=30 value=15908
record p=31847 q=31859 N=1014613573 n=30 value=15923
record p=31859 q=32183 N=1025318197 n=30 value=15929
record p=31883 q=32507 N=1036420681 n=30 value=15941
record p=31907 q=33623 N=1072809061 n=30 value=15953
record p=31973 q=32003 N=1023231919 n=30 value=15986
record p=32003 q=32009 N=1024384027 n=30 value=16001
record p=32009 q=32183 N=1030145647 n=30 value=16004
record p=32027 q=32057 N=1026689539 n=30 value=16013
record p=32057 q=32183 N=1031690431 n=30 value=16028
record p=32063 q=33347 N=1069204861 n=30 value=16031
record p=32069 q=32183 N=1032076627 n=30 value=16034
record p=32099 q=33773 N=1084079527 n=31 value=16049
record p=32117 q=42839 N=1375860163 n=31 value=16058
record p=32159 q=32987 N=1060828933 n=30 value=16079
record p=32183 q=32213 N=1036710979 n=30 value=16091
record p=32189 q=32843 N=1057183327 n=30 value=16094
record p=32213 q=32507 N=1047147991 n=30 value=16106
record p=32237 q=32507 N=1047928159 n=30 value=16118
record p=32297 q=33767 N=1090572799 n=31 value=16148
record p=32303 q=32309 N=1043677627 n=30 value=16151
record p=32309 q=32843 N=1061124487 n=30 value=16154
record p=32327 q=32933 N=1064625091 n=30 value=16163
record p=32363 q=32843 N=1062898009 n=30 value=16181
record p=32423 q=33767 N=1094827441 n=31 value=16211
record p=32429 q=33347 N=1081409863 n=31 value=16214
record p=32507 q=32573 N=1058850511 n=30 value=16253
record p=32537 q=35339 N=1149825043 n=31 value=16268
record p=32573 q=33599 N=1094420227 n=31 value=16286
record p=32603 q=32609 N=1063151227 n=30 value=16301
record p=32609 q=32687 N=1065890383 n=30 value=16304
record p=32633 q=32687 N=1066674871 n=30 value=16316
record p=32687 q=32717 N=1069420579 n=30 value=16343
record p=32693 q=33623 N=1099236739 n=31 value=16346
record p=32717 q=32843 N=1074524431 n=31 value=16358
record p=32783 q=32933 N=1079642539 n=31 value=16391
record p=32789 q=39023 N=1279525147 n=31 value=16394
record p=32801 q=33767 N=1107591367 n=31 value=16400
record p=32843 q=32933 N=1081618519 n=31 value=16421
record p=32909 q=33107 N=1089518263 n=31 value=16454
record p=32933 q=32987 N=1086360871 n=31 value=16466
record p=32939 q=32969 N=1085965891 n=31 value=16469
record p=32969 q=33599 N=1107725431 n=31 value=16484
record p=32987 q=32993 N=1088340091 n=31 value=16493
record p=32993 q=33107 N=1092299251 n=31 value=16496
record p=32999 q=33107 N=1092497893 n=31 value=16499
record p=33023 q=35159 N=1161055657 n=31 value=16511
record p=33029 q=33347 N=1101418063 n=31 value=16514
record p=33053 q=33107 N=1094285671 n=31 value=16526
record p=33083 q=63059 N=2086180897 n=31 value=16541
record p=33107 q=33113 N=1096272091 n=31 value=16553
record p=33113 q=33203 N=1099450939 n=31 value=16556
record p=33119 q=33317 N=1103425723 n=31 value=16559
record p=33149 q=33179 N=1099850671 n=31 value=16574
record p=33179 q=33317 N=1105424743 n=31 value=16589
record p=33203 q=33767 N=1121165701 n=31 value=16601
record p=33287 q=36833 N=1226060071 n=31 value=16643
record p=33317 q=33347 N=1111021999 n=31 value=16658
record p=33329 q=33347 N=1111422163 n=31 value=16664
record p=33347 q=33413 N=1114223311 n=31 value=16673
record p=33353 q=33623 N=1121427919 n=31 value=16676
record p=33359 q=33599 N=1120829041 n=31 value=16679
record p=33377 q=39323 N=1312483771 n=31 value=16688
record p=33413 q=33599 N=1122643387 n=31 value=16706
record p=33479 q=33569 N=1123856551 n=31 value=16739
record p=33503 q=36383 N=1218939649 n=31 value=16751
record p=33533 q=33563 N=1125468079 n=31 value=16766
record p=33563 q=33569 N=1126676347 n=31 value=16781
record p=33569 q=33599 N=1127884831 n=31 value=16784
record p=33587 q=42209 N=1417673683 n=31 value=16793
record p=33599 q=33623 N=1129699177 n=31 value=16799
record p=33617 q=35447 N=1191621799 n=31 value=16808
record p=33623 q=33647 N=1131313081 n=31 value=16811
record p=33629 q=49367 N=1660162843 n=31 value=16814
record p=33647 q=33767 N=1136158249 n=31 value=16823
record p=33713 q=40739 N=1373433907 n=31 value=16856
record p=33749 q=51827 N=1749109423 n=31 value=16874
record p=33767 q=33773 N=1140412891 n=31 value=16883
record p=33773 q=33863 N=1143655099 n=31 value=16886
record p=33809 q=33863 N=1144874167 n=31 value=16904
record p=33827 q=33893 N=1146498511 n=31 value=16913
record p=33857 q=33863 N=1146499591 n=31 value=16928
record p=33863 q=33893 N=1147718659 n=31 value=16931
record p=33893 q=34019 N=1153005967 n=31 value=16946
record p=33923 q=35279 N=1196769517 n=31 value=16961
record p=34019 q=34157 N=1161986983 n=31 value=17009
record p=34127 q=34157 N=1165675939 n=31 value=17063
record p=34157 q=34319 N=1172234083 n=31 value=17078
record p=34253 q=34283 N=1174295599 n=31 value=17126
record p=34259 q=55163 N=1889829217 n=31 value=17129
record p=34283 q=34337 N=1177175371 n=31 value=17141
record p=34313 q=34319 N=1177587847 n=31 value=17156
record p=34319 q=34367 N=1179441073 n=31 value=17159
record p=34337 q=34403 N=1181295811 n=31 value=17168
record p=34367 q=34403 N=1182327901 n=31 value=17183
record p=34403 q=34439 N=1184804917 n=31 value=17201
record p=34439 q=34499 N=1188111061 n=31 value=17219
record p=34457 q=34583 N=1191626431 n=31 value=17228
record p=34469 q=35159 N=1211895571 n=31 value=17234
record p=34487 q=34583 N=1192663921 n=31 value=17243
record p=34499 q=34583 N=1193078917 n=31 value=17249
record p=34583 q=34589 N=1196191387 n=31 value=17291
record p=34589 q=34667 N=1199096863 n=31 value=17294
record p=34607 q=37223 N=1288176361 n=31 value=17303
record p=34613 q=34703 N=1201174939 n=31 value=17306
record p=34649 q=34667 N=1201176883 n=31 value=17324
record p=34667 q=34703 N=1203048901 n=31 value=17333
record p=34673 q=35159 N=1219068007 n=31 value=17336
record p=34679 q=37853 N=1312704187 n=31 value=17339
record p=34703 q=34757 N=1206172171 n=31 value=17351
record p=34739 q=36083 N=1253487337 n=31 value=17369
record p=34757 q=34883 N=1212428431 n=31 value=17378
record p=34763 q=38723 N=1346127649 n=31 value=17381
record p=34847 q=46757 N=1629341179 n=31 value=17423
record p=34877 q=34883 N=1216614391 n=31 value=17438
record p=34883 q=34913 N=1217870179 n=31 value=17441
record p=34913 q=35027 N=1222897651 n=31 value=17456
record p=34919 q=38783 N=1354263577 n=31 value=17459
record p=34949 q=35159 N=1228771891 n=31 value=17474
record p=35027 q=35279 N=1235717533 n=31 value=17513
record p=35069 q=36083 N=1265394727 n=31 value=17534
record p=35111 q=69557 N=2442215827 n=32 value=17555
record p=35117 q=35159 N=1234678603 n=31 value=17558
record p=35129 q=35159 N=1235100511 n=31 value=17564
record p=35153 q=36083 N=1268425699 n=31 value=17576
record p=35159 q=35327 N=1242061993 n=31 value=17579
record p=35279 q=35339 N=1246724581 n=31 value=17639
record p=35327 q=35999 N=1271736673 n=31 value=17663
record p=35339 q=35363 N=1249693057 n=31 value=17669
record p=35363 q=35423 N=1252663549 n=31 value=17681
record p=35393 q=36467 N=1290676531 n=31 value=17696
record p=35423 q=35447 N=1255639081 n=31 value=17711
record p=35447 q=35879 N=1271802913 n=31 value=17723
record p=35507 q=35573 N=1263090511 n=31 value=17753
record p=35537 q=35747 N=1270341139 n=31 value=17768
record p=35543 q=36137 N=1284417391 n=31 value=17771
record p=35573 q=35879 N=1276323667 n=31 value=17786
record p=35597 q=36299 N=1292135503 n=31 value=17798
record p=35603 q=38177 N=1359215731 n=31 value=17801
record p=35747 q=35753 N=1278062491 n=31 value=17873
record p=35753 q=36083 N=1290075499 n=31 value=17876
record p=35759 q=35879 N=1282997161 n=31 value=17879
record p=35837 q=35999 N=1290096163 n=31 value=17918
record p=35879 q=35963 N=1290316477 n=31 value=17939
record p=35897 q=36467 N=1309055899 n=31 value=17948
record p=35933 q=35963 N=1292258479 n=31 value=17966
record p=35963 q=35969 N=1293553147 n=31 value=17981
record p=35969 q=35999 N=1294848031 n=31 value=17984
record p=35993 q=35999 N=1295712007 n=31 value=17996
record p=35999 q=36137 N=1300895863 n=31 value=17999
record p=36017 q=36083 N=1299601411 n=31 value=18008
record p=36083 q=36137 N=1303931371 n=31 value=18041
record p=36107 q=40487 N=1461864109 n=31 value=18053
record p=36137 q=36263 N=1310436031 n=31 value=18068
record p=36209 q=36383 N=1317392047 n=31 value=18104
record p=36263 q=36269 N=1315222747 n=31 value=18131
record p=36269 q=36299 N=1316528431 n=31 value=18134
record p=36293 q=36299 N=1317399607 n=31 value=18146
record p=36299 q=36353 N=1319577547 n=31 value=18149
record p=36353 q=36383 N=1322631199 n=31 value=18176
record p=36383 q=36467 N=1326778861 n=31 value=18191
record p=36389 q=37463 N=1363241107 n=31 value=18194
record p=36467 q=36497 N=1330936099 n=31 value=18233
record p=36473 q=36563 N=1333562299 n=31 value=18236
record p=36479 q=38639 N=1409512081 n=31 value=18239
record p=36497 q=36563 N=1334439811 n=31 value=18248
record p=36527 q=37853 N=1382656531 n=31 value=18263
record p=36563 q=36629 N=1339266127 n=31 value=18281
record p=36587 q=37397 N=1368244039 n=31 value=18293
record p=36599 q=36629 N=1340584771 n=31 value=18299
record p=36629 q=36683 N=1343661607 n=31 value=18314
record p=36677 q=36683 N=1345422391 n=31 value=18338
record p=36683 q=36749 N=1348063567 n=31 value=18341
record p=36713 q=39839 N=1462609207 n=31 value=18356
record p=36749 q=36887 N=1355560363 n=31 value=18374
record p=36767 q=36887 N=1356224329 n=31 value=18383
record p=36779 q=62039 N=2281732381 n=32 value=18389
record p=36809 q=36887 N=1357773583 n=31 value=18404
record p=36833 q=36887 N=1358658871 n=31 value=18416
record p=36857 q=36923 N=1360871011 n=31 value=18428
record p=36887 q=36899 N=1361093413 n=31 value=18443
record p=36899 q=36923 N=1362421777 n=31 value=18449
record p=36923 q=36929 N=1363529467 n=31 value=18461
record p=36929 q=37019 N=1367074651 n=31 value=18464
record p=36947 q=51419 N=1899777793 n=31 value=18473
record p=37013 q=37139 N=1374625807 n=31 value=18506
record p=37019 q=37097 N=1373293843 n=31 value=18509
record p=37049 q=38219 N=1415975731 n=31 value=18524
record p=37097 q=37463 N=1389764911 n=31 value=18548
record p=37139 q=37277 N=1384430503 n=31 value=18569
record p=37199 q=37967 N=1412334433 n=31 value=18599
record p=37217 q=37223 N=1385328391 n=31 value=18608
record p=37223 q=37253 N=1386668419 n=31 value=18611
record p=37253 q=37463 N=1395609139 n=31 value=18626
record p=37277 q=37307 N=1390693039 n=31 value=18638
record p=37307 q=37607 N=1403004349 n=31 value=18653
record p=37313 q=43607 N=1627107991 n=31 value=18656
record p=37337 q=38327 N=1431015199 n=31 value=18668
record p=37379 q=37889 N=1416252931 n=31 value=18689
record p=37397 q=37463 N=1401003811 n=31 value=18698
record p=37409 q=44699 N=1672144891 n=31 value=18704
record p=37463 q=37517 N=1405499371 n=31 value=18731
record p=37517 q=37547 N=1408650799 n=31 value=18758
record p=37529 q=37547 N=1409101363 n=31 value=18764
record p=37547 q=37589 N=1411354183 n=31 value=18773
record p=37589 q=37607 N=1413609523 n=31 value=18794
record p=37607 q=37799 N=1421506993 n=31 value=18803
record p=37619 q=47303 N=1779491557 n=31 value=18809
record p=37643 q=40277 N=1516147111 n=31 value=18821
record p=37649 q=37847 N=1424901703 n=31 value=18824
record p=37799 q=37853 N=1430805547 n=31 value=18899
record p=37847 q=37853 N=1432622491 n=31 value=18923
record p=37853 q=38327 N=1450791931 n=31 value=18926
record p=37889 q=37967 N=1438531663 n=31 value=18944
record p=37907 q=38069 N=1443081583 n=31 value=18953
record p=37967 q=38069 N=1445365723 n=31 value=18983
record p=38069 q=38219 N=1454959111 n=31 value=19034
record p=38153 q=38219 N=1458169507 n=31 value=19076
record p=38177 q=38219 N=1459086763 n=31 value=19088
record p=38183 q=38639 N=1475352937 n=31 value=19091
record p=38189 q=38219 N=1459545391 n=31 value=19094
record p=38219 q=38327 N=1464819613 n=31 value=19109
record p=38237 q=41759 N=1596738883 n=31 value=19118
record p=38273 q=39983 N=1530269359 n=31 value=19136
record p=38303 q=38729 N=1483436887 n=31 value=19151
record p=38327 q=38393 N=1471488511 n=31 value=19163
record p=38333 q=52919 N=2028544027 n=31 value=19166
record p=38393 q=38567 N=1480702831 n=31 value=19196
record p=38447 q=38453 N=1478402491 n=31 value=19223
record p=38453 q=38603 N=1484401159 n=31 value=19226
record p=38459 q=43427 N=1670158993 n=31 value=19229
record p=38543 q=42557 N=1640274451 n=31 value=19271
record p=38567 q=39749 N=1532999683 n=31 value=19283
record p=38603 q=38639 N=1491581317 n=31 value=19301
record p=38609 q=38639 N=1491813151 n=31 value=19304
record p=38639 q=38729 N=1496449831 n=31 value=19319
record p=38669 q=40823 N=1578584587 n=31 value=19334
record p=38693 q=38783 N=1500630619 n=31 value=19346
record p=38699 q=41387 N=1601635513 n=31 value=19349
record p=38723 q=38783 N=1501794109 n=31 value=19361
record p=38729 q=38783 N=1502026807 n=31 value=19364
record p=38747 q=38783 N=1502724901 n=31 value=19373
record p=38783 q=38867 N=1507378861 n=31 value=19391
record p=38867 q=38903 N=1512042901 n=31 value=19433
record p=38873 q=38903 N=1512276319 n=31 value=19436
record p=38903 q=38993 N=1516944679 n=31 value=19451
record p=38933 q=39023 N=1519282459 n=31 value=19466
record p=38993 q=39023 N=1521623839 n=31 value=19496
record p=39023 q=39107 N=1526072461 n=31 value=19511
record p=39047 q=57587 N=2248599589 n=32 value=19523
record p=39089 q=44867 N=1753806163 n=31 value=19544
record p=39107 q=39113 N=1529592091 n=31 value=19553
record p=39113 q=39119 N=1530061447 n=31 value=19556
record p=39119 q=39233 N=1534755727 n=31 value=19559
record p=39209 q=41543 N=1628859487 n=31 value=19604
record p=39227 q=40127 N=1574061829 n=31 value=19613
record p=39233 q=39239 N=1539463687 n=31 value=19616
record p=39239 q=39317 N=1542759763 n=31 value=19619
record p=39293 q=42299 N=1662054607 n=31 value=19646
record p=39317 q=39323 N=1546062391 n=31 value=19658
record p=39323 q=39419 N=1550073337 n=31 value=19661
record p=39359 q=39863 N=1568967817 n=31 value=19679
record p=39383 q=42557 N=1676022331 n=31 value=19691
record p=39419 q=39503 N=1557168757 n=31 value=19709
record p=39443 q=41213 N=1625564359 n=31 value=19721
record p=39503 q=39569 N=1563094207 n=31 value=19751
record p=39563 q=39569 N=1565468347 n=31 value=19781
record p=39569 q=39659 N=1569266971 n=31 value=19784
record p=39623 q=40193 N=1592567239 n=31 value=19811
record p=39659 q=39749 N=1576405591 n=31 value=19829
record p=39719 q=40583 N=1611916177 n=31 value=19859
record p=39749 q=39839 N=1583560411 n=31 value=19874
record p=39779 q=39827 N=1584278233 n=31 value=19889
record p=39827 q=39839 N=1586667853 n=31 value=19913
record p=39839 q=39863 N=1588102057 n=31 value=19919
record p=39857 q=40163 N=1600776691 n=31 value=19928
record p=39863 q=40127 N=1599582601 n=31 value=19931
record p=39869 q=39983 N=1594082227 n=31 value=19934
record p=39953 q=41507 N=1658329171 n=31 value=19976
record p=39983 q=39989 N=1598880187 n=31 value=19991
record p=39989 q=40283 N=1610876887 n=31 value=19994
record p=40013 q=55079 N=2203876027 n=32 value=20006
record p=40037 q=40127 N=1606564699 n=31 value=20018
record p=40127 q=40169 N=1611861463 n=31 value=20063
record p=40163 q=40169 N=1613307547 n=31 value=20081
record p=40169 q=40499 N=1626804331 n=31 value=20084
record p=40193 q=40427 N=1624882411 n=31 value=20096
record p=40253 q=40499 N=1630206247 n=31 value=20126
record p=40277 q=40343 N=1624895011 n=31 value=20138
record p=40283 q=40637 N=1636980271 n=31 value=20141
record p=40289 q=40487 N=1631180743 n=31 value=20144
record p=40343 q=40493 N=1633609099 n=31 value=20171
record p=40427 q=40493 N=1637010511 n=31 value=20213
record p=40433 q=40883 N=1653022339 n=31 value=20216
record p=40487 q=40493 N=1639440091 n=31 value=20243
record p=40493 q=40499 N=1639926007 n=31 value=20246
record p=40499 q=40577 N=1643327923 n=31 value=20249
record p=40529 q=41579 N=1685155291 n=31 value=20264
record p=40559 q=46757 N=1896417163 n=31 value=20279
record p=40577 q=40583 N=1646736391 n=31 value=20288
record p=40583 q=40697 N=1651606351 n=31 value=20291
record p=40637 q=40739 N=1655510743 n=31 value=20318
record p=40697 q=40739 N=1657955083 n=31 value=20348
record p=40709 q=40739 N=1658443951 n=31 value=20354
record p=40739 q=40787 N=1661621593 n=31 value=20369
record p=40763 q=40787 N=1662600481 n=31 value=20381
record p=40787 q=40823 N=1665047701 n=31 value=20393
record p=40823 q=40829 N=1666762267 n=31 value=20411
record p=40829 q=41543 N=1696159147 n=31 value=20414
record p=40841 q=72719 N=2969916679 n=32 value=20420
record p=40847 q=41387 N=1690534789 n=31 value=20423
record p=40853 q=46199 N=1887367747 n=31 value=20426
record p=40883 q=40949 N=1674117967 n=31 value=20441
record p=40949 q=41183 N=1686402667 n=31 value=20474
record p=40973 q=41183 N=1687391059 n=31 value=20486
record p=41039 q=41543 N=1704883177 n=31 value=20519
record p=41057 q=41183 N=1690850431 n=31 value=20528
record p=41117 q=41543 N=1708123531 n=31 value=20558
record p=41177 q=41243 N=1698263011 n=31 value=20588
record p=41183 q=41213 N=1697274979 n=31 value=20591
record p=41213 q=41387 N=1705682431 n=31 value=20606
record p=41243 q=41543 N=1713357949 n=31 value=20621
record p=41333 q=41387 N=1710648871 n=31 value=20666
record p=41357 q=43943 N=1817350651 n=31 value=20678
record p=41387 q=41453 N=1715615311 n=31 value=20693
record p=41399 q=46997 N=1945628803 n=31 value=20699
record p=41453 q=41507 N=1720589671 n=31 value=20726
record p=41507 q=41513 N=1723080091 n=31 value=20753
record p=41513 q=41519 N=1723578247 n=31 value=20756
record p=41519 q=41543 N=1724823817 n=31 value=20759
record p=41543 q=41579 N=1727316397 n=31 value=20771
record p=41549 q=44027 N=1829277823 n=31 value=20774
record p=41579 q=41597 N=1729561663 n=31 value=20789
record p=41597 q=41759 N=1737049123 n=31 value=20798
record p=41603 q=44699 N=1859612497 n=31 value=20801
record p=41609 q=74219 N=3088178371 n=32 value=20804
record p=41627 q=41849 N=1742048323 n=31 value=20813
record p=41669 q=41927 N=1747056163 n=31 value=20834
record p=41687 q=41813 N=1743058531 n=31 value=20843
record p=41729 q=41759 N=1742561311 n=31 value=20864
record p=41759 q=41813 N=1746069067 n=31 value=20879
record p=41777 q=64067 N=2676527059 n=32 value=20888
record p=41813 q=41843 N=1749581359 n=31 value=20906
record p=41843 q=41849 N=1751087707 n=31 value=20921
record p=41849 q=41879 N=1752594271 n=31 value=20924
record p=41879 q=41897 N=1754604463 n=31 value=20939
record p=41897 q=41927 N=1756615519 n=31 value=20948
record p=41903 q=44939 N=1883078917 n=31 value=20951
record p=41927 q=41969 N=1759634263 n=31 value=20963
record p=41957 q=42227 N=1771718239 n=31 value=20978
record p=41969 q=42083 N=1766181427 n=31 value=20984
record p=41999 q=42509 N=1785335491 n=31 value=20999
record p=42017 q=43403 N=1823663851 n=31 value=21008
record p=42023 q=42083 N=1768453909 n=31 value=21011
record p=42083 q=42089 N=1771231387 n=31 value=21041
record p=42089 q=42179 N=1775271931 n=31 value=21044
record p=42179 q=42209 N=1780333411 n=31 value=21089
record p=42209 q=42227 N=1782359443 n=31 value=21104
record p=42227 q=42293 N=1785906511 n=31 value=21113
record p=42239 q=45779 N=1933659181 n=31 value=21119
record p=42257 q=42683 N=1803655531 n=31 value=21128
record p=42293 q=42299 N=1788951607 n=31 value=21146
record p=42299 q=42359 N=1791743341 n=31 value=21149
record p=42323 q=48353 N=2046444019 n=31 value=21161
record p=42359 q=42437 N=1797588883 n=31 value=21179
record p=42407 q=81773 N=3467747611 n=32 value=21203
record p=42437 q=42443 N=1801153591 n=31 value=21218
record p=42443 q=42473 N=1802681539 n=31 value=21221
record p=42467 q=42677 N=1812364159 n=31 value=21233
record p=42473 q=42683 N=1812875059 n=31 value=21236
record p=42509 q=42683 N=1814411647 n=31 value=21254
record p=42533 q=49367 N=2099726611 n=31 value=21266
record p=42557 q=42683 N=1816460431 n=31 value=21278
record p=42569 q=42899 N=1826167531 n=31 value=21284
record p=42677 q=42683 N=1821582391 n=31 value=21338
record p=42683 q=42737 N=1824143371 n=31 value=21341
record p=42689 q=44027 N=1879468603 n=31 value=21344
record p=42719 q=43019 N=1837728661 n=31 value=21359
record p=42737 q=42767 N=1827733279 n=31 value=21368
record p=42743 q=52379 N=2238835597 n=32 value=21371
record p=42767 q=42773 N=1829272891 n=31 value=21383
record p=42773 q=43787 N=1872901351 n=31 value=21386
record p=42797 q=43787 N=1873952239 n=31 value=21398
record p=42839 q=42929 N=1839035431 n=31 value=21419
record p=42863 q=43067 N=1845980821 n=31 value=21431
record p=42899 q=42929 N=1841611171 n=31 value=21449
record p=42923 q=44633 N=1915782259 n=31 value=21461
record p=42929 q=43067 N=1848823243 n=31 value=21464
record p=42989 q=45083 N=1938073087 n=31 value=21494
record p=43013 q=43019 N=1850376247 n=31 value=21506
record p=43019 q=43049 N=1851924931 n=31 value=21509
record p=43037 q=49223 N=2118410251 n=31 value=21518
record p=43049 q=43223 N=1860706927 n=31 value=21524
record p=43067 q=43223 N=1861484941 n=31 value=21533
record p=43103 q=43133 N=1859161699 n=31 value=21551
record p=43133 q=43403 N=1872101599 n=31 value=21566
record p=43223 q=43313 N=1872117799 n=31 value=21611
record p=43283 q=43613 N=1887701479 n=31 value=21641
record p=43313 q=43403 N=1879914139 n=31 value=21656
record p=43319 q=44939 N=1946712541 n=31 value=21659
record p=43397 q=43943 N=1906994371 n=31 value=21698
record p=43403 q=43427 N=1884862081 n=31 value=21701
record p=43427 q=43577 N=1892418379 n=31 value=21713
record p=43457 q=49139 N=2135433523 n=31 value=21728
record p=43487 q=43613 N=1896598531 n=31 value=21743
record p=43517 q=44027 N=1915922959 n=31 value=21758
record p=43577 q=44519 N=1940004463 n=31 value=21788
record p=43607 q=43613 N=1901832091 n=31 value=21803
record p=43613 q=43787 N=1909682431 n=31 value=21806
record p=43649 q=49223 N=2148534727 n=32 value=21824
record p=43787 q=43943 N=1924132141 n=31 value=21893
record p=43793 q=44267 N=1938584731 n=31 value=21896
record p=43853 q=43943 N=1927032379 n=31 value=21926
record p=43889 q=43943 N=1928614327 n=31 value=21944
record p=43913 q=45083 N=1979729779 n=31 value=21956
record p=43943 q=43997 N=1933360171 n=31 value=21971
record p=43973 q=44027 N=1935999271 n=31 value=21986
record p=43997 q=44543 N=1959758371 n=31 value=21998
record p=44027 q=44159 N=1944188293 n=31 value=22013
record p=44087 q=54647 N=2409222289 n=32 value=22043
record p=44123 q=44267 N=1953192841 n=31 value=22061
record p=44129 q=48563 N=2143036627 n=31 value=22064
record p=44159 q=44189 N=1951342051 n=31 value=22079
record p=44189 q=44267 N=1956114463 n=31 value=22094
record p=44207 q=44267 N=1956911269 n=31 value=22103
record p=44249 q=44267 N=1958770483 n=31 value=22124
record p=44267 q=44273 N=1959832891 n=31 value=22133
record p=44273 q=44519 N=1970989687 n=31 value=22136
record p=44279 q=44417 N=1966740343 n=31 value=22139
record p=44357 q=44963 N=1994423791 n=31 value=22178
record p=44417 q=44519 N=1977400423 n=31 value=22208
record p=44453 q=44519 N=1979003107 n=31 value=22226
record p=44483 q=44519 N=1980338677 n=31 value=22241
record p=44519 q=44543 N=1983009817 n=31 value=22259
record p=44537 q=44687 N=1990224919 n=31 value=22268
record p=44543 q=44657 N=1989156751 n=31 value=22271
record p=44549 q=63719 N=2838617731 n=32 value=22274
record p=44579 q=44687 N=1992101773 n=31 value=22289
record p=44633 q=45707 N=2040040531 n=31 value=22316
record p=44657 q=44687 N=1995587359 n=31 value=22328
record p=44687 q=44699 N=1997464213 n=31 value=22343
record p=44699 q=44729 N=1999341571 n=31 value=22349
record p=44729 q=44819 N=2004709051 n=31 value=22364
record p=44753 q=44819 N=2005784707 n=31 value=22376
record p=44777 q=44819 N=2006860363 n=31 value=22388
record p=44789 q=44819 N=2007398191 n=31 value=22394
record p=44819 q=44867 N=2010894073 n=31 value=22409
record p=44843 q=51449 N=2307127507 n=32 value=22421
record p=44867 q=44909 N=2014932103 n=31 value=22433
record p=44879 q=44963 N=2017894477 n=31 value=22439
record p=44909 q=44939 N=2018165551 n=31 value=22454
record p=44927 q=45413 N=2040269851 n=31 value=22463
record p=44939 q=44963 N=2020592257 n=31 value=22469
record p=44963 q=45077 N=2026797151 n=31 value=22481
record p=44987 q=45077 N=2027878999 n=31 value=22493
record p=45053 q=52967 N=2386322251 n=32 value=22526
record p=45077 q=45083 N=2032206391 n=31 value=22538
record p=45083 q=45197 N=2037616351 n=31 value=22541
record p=45119 q=45317 N=2044657723 n=31 value=22559
record p=45179 q=46049 N=2080447771 n=31 value=22589
record p=45197 q=45503 N=2056599091 n=31 value=22598
record p=45233 q=49103 N=2221075999 n=32 value=22616
record p=45263 q=54773 N=2479190299 n=32 value=22631
record p=45293 q=46919 N=2125102267 n=31 value=22646
record p=45317 q=45503 N=2062059451 n=31 value=22658
record p=45329 q=45503 N=2062605487 n=31 value=22664
record p=45377 q=45503 N=2064789631 n=31 value=22688
record p=45413 q=45503 N=2066427739 n=31 value=22706
record p=45497 q=48407 N=2202373279 n=32 value=22748
record p=45503 q=45533 N=2071888099 n=31 value=22751
record p=45533 q=45707 N=2081176831 n=31 value=22766
record p=45557 q=69767 N=3178375219 n=32 value=22778
record p=45569 q=45707 N=2082822283 n=31 value=22784
record p=45587 q=45659 N=2081456833 n=31 value=22793
record p=45599 q=70607 N=3219608593 n=32 value=22799
record p=45659 q=45707 N=2086935913 n=31 value=22829
record p=45677 q=46643 N=2130512311 n=31 value=22838
record p=45707 q=45737 N=2090501059 n=31 value=22853
record p=45737 q=45779 N=2093794123 n=31 value=22868
record p=45767 q=54059 N=2474118253 n=32 value=22883
record p=45779 q=45833 N=2098188907 n=31 value=22889
record p=45827 q=46337 N=2123485699 n=31 value=22913
record p=45833 q=46919 N=2150438527 n=32 value=22916
record p=45863 q=45989 N=2109193507 n=31 value=22931
record p=45869 q=45887 N=2104790803 n=31 value=22934
record p=45887 q=45989 N=2110297243 n=31 value=22943
record p=45953 q=46199 N=2122982647 n=31 value=22976
record p=45959 q=46757 N=2148904963 n=32 value=22979
record p=45989 q=46199 N=2124645811 n=31 value=22994
record p=46049 q=46559 N=2143995391 n=31 value=23024
record p=46073 q=47507 N=2188790011 n=32 value=23036
record p=46133 q=46199 N=2131298467 n=31 value=23066
record p=46187 q=46499 N=2147649313 n=32 value=23093
record p=46199 q=46337 N=2140723063 n=31 value=23099
record p=46307 q=47093 N=2180735551 n=32 value=23153
record p=46337 q=46499 N=2154624163 n=32 value=23168
record p=46349 q=46499 N=2155182151 n=32 value=23174
record p=46439 q=49019 N=2276393341 n=32 value=23219
record p=46457 q=46499 N=2160204043 n=32 value=23228
record p=46499 q=46559 N=2164946941 n=32 value=23249
record p=46523 q=46889 N=2181416947 n=32 value=23261
record p=46559 q=46643 N=2171651437 n=32 value=23279
record p=46589 q=46679 N=2174727931 n=32 value=23294
record p=46619 q=48989 N=2283818191 n=32 value=23309
record p=46643 q=46679 N=2177248597 n=32 value=23321
record p=46649 q=60443 N=2819605507 n=32 value=23324
record p=46679 q=46727 N=2181169633 n=32 value=23339
record p=46703 q=46829 N=2187054787 n=32 value=23351
record p=46727 q=46877 N=2190421579 n=32 value=23363
record p=46757 q=46919 N=2193791683 n=32 value=23378
record p=46769 q=46919 N=2194354711 n=32 value=23384
record p=46829 q=47339 N=2216838031 n=32 value=23414
record p=46853 q=48767 N=2284880251 n=32 value=23426
record p=46877 q=46919 N=2199421963 n=32 value=23438
record p=46889 q=46919 N=2199984991 n=32 value=23444
record p=46919 q=47093 N=2209556467 n=32 value=23459
record p=46997 q=47123 N=2214639631 n=32 value=23498
record p=47057 q=47123 N=2217467011 n=32 value=23528
record p=47087 q=48779 N=2296856773 n=32 value=23543
record p=47093 q=47123 N=2219163439 n=32 value=23546
record p=47123 q=47147 N=2221708081 n=32 value=23561
record p=47129 q=47339 N=2231039731 n=32 value=23564
record p=47147 q=47417 N=2235569299 n=32 value=23573
record p=47189 q=47207 N=2227651123 n=32 value=23594
record p=47207 q=47297 N=2232749479 n=32 value=23603
record p=47237 q=68543 N=3237765691 n=32 value=23618
record p=47297 q=47339 N=2238992683 n=32 value=23648
record p=47303 q=47309 N=2237857627 n=32 value=23651
record p=47309 q=47339 N=2239560751 n=32 value=23654
record p=47339 q=47417 N=2244673363 n=32 value=23669
record p=47363 q=68543 N=3246402109 n=32 value=23681
record p=47387 q=48239 N=2285901493 n=32 value=23693
record p=47417 q=47459 N=2250363403 n=32 value=23708
record p=47459 q=47507 N=2254634713 n=32 value=23729
record p=47507 q=47513 N=2257200091 n=32 value=23753
record p=47513 q=47639 N=2263471807 n=32 value=23756
record p=47543 q=47963 N=2280304909 n=32 value=23771
record p=47609 q=47963 N=2283470467 n=32 value=23804
record p=47639 q=47819 N=2278049341 n=32 value=23819
record p=47657 q=60107 N=2864519299 n=32 value=23828
record p=47699 q=49937 N=2381944963 n=32 value=23849
record p=47717 q=47819 N=2281779223 n=32 value=23858
record p=47777 q=47819 N=2284648363 n=32 value=23888
record p=47807 q=53987 N=2580956509 n=32 value=23903
record p=47819 q=47837 N=2287517503 n=32 value=23909
record p=47837 q=47903 N=2291535811 n=32 value=23918
record p=47843 q=47969 N=2294980867 n=32 value=23921
record p=47903 q=47963 N=2297571589 n=32 value=23951
record p=47933 q=47963 N=2299010479 n=32 value=23966
record p=47939 q=52289 N=2506682371 n=32 value=23969
record p=47963 q=47969 N=2300737147 n=32 value=23981
record p=47969 q=48023 N=2303615287 n=32 value=23984
record p=48017 q=48407 N=2324358919 n=32 value=24008
record p=48023 q=49199 N=2362683577 n=32 value=24011
record p=48029 q=48239 N=2316870931 n=32 value=24014
record p=48119 q=53189 N=2559401491 n=32 value=24059
record p=48179 q=51683 N=2490035257 n=32 value=24089
record p=48197 q=48239 N=2324975083 n=32 value=24098
record p=48239 q=48407 N=2335105273 n=32 value=24119
record p=48299 q=48479 N=2341487221 n=32 value=24149
record p=48353 q=48383 N=2339463199 n=32 value=24176
record p=48383 q=48449 N=2344107967 n=32 value=24191
record p=48407 q=48437 N=2344689859 n=32 value=24203
record p=48437 q=48479 N=2348177323 n=32 value=24218
record p=48449 q=48479 N=2348759071 n=32 value=24224
record p=48473 q=48947 N=2372607931 n=32 value=24236
record p=48479 q=48527 N=2352540433 n=32 value=24239
record p=48527 q=48563 N=2356616701 n=32 value=24263
record p=48533 q=51047 N=2477464051 n=32 value=24266
record p=48539 q=48809 N=2369140051 n=32 value=24269
record p=48563 q=48593 N=2359821859 n=32 value=24281
record p=48593 q=48647 N=2363903671 n=32 value=24296
record p=48623 q=79973 N=3888527179 n=32 value=24311
record p=48647 q=49613 N=2413523611 n=32 value=24323
record p=48677 q=48779 N=2374415383 n=32 value=24338
record p=48767 q=48779 N=2378805493 n=32 value=24383
record p=48779 q=48809 N=2380854211 n=32 value=24389
record p=48809 q=48947 N=2389054123 n=32 value=24404
record p=48857 q=50087 N=2447100559 n=32 value=24428
record p=48869 q=49103 N=2399614507 n=32 value=24434
record p=48947 q=48953 N=2396102491 n=32 value=24473
record p=48953 q=49103 N=2403739159 n=32 value=24476
record p=48989 q=49103 N=2405506867 n=32 value=24494
record p=49019 q=49103 N=2406979957 n=32 value=24509
record p=49037 q=54347 N=2665013839 n=32 value=24518
record p=49103 q=49109 N=2411399227 n=32 value=24551
record p=49109 q=49223 N=2417292307 n=32 value=24554
record p=49139 q=49157 N=2415525823 n=32 value=24569
record p=49157 q=49223 N=2419655011 n=32 value=24578
record p=49169 q=53147 N=2613184843 n=32 value=24584
record p=49193 q=85223 N=4192375039 n=32 value=24596
record p=49199 q=49367 N=2428807033 n=32 value=24599
record p=49223 q=49277 N=2425561771 n=32 value=24611
record p=49253 q=49943 N=2459842579 n=32 value=24626
record p=49277 q=49367 N=2432657659 n=32 value=24638
record p=49307 q=49367 N=2434138669 n=32 value=24653
record p=49367 q=49409 N=2439174103 n=32 value=24683
record p=49409 q=49499 N=2445696091 n=32 value=24704
record p=49433 q=49667 N=2455188811 n=32 value=24716
record p=49463 q=54647 N=2703004561 n=32 value=24731
record p=49499 q=49529 N=2451635971 n=32 value=24749
record p=49523 q=49697 N=2461144531 n=32 value=24761
record p=49529 q=49943 N=2473626847 n=32 value=24764
record p=49547 q=49943 N=2474525821 n=32 value=24773
record p=49559 q=49613 N=2458770667 n=32 value=24779
record p=49613 q=49943 N=2477822059 n=32 value=24806
record p=49667 q=49727 N=2469790909 n=32 value=24833
record p=49697 q=49943 N=2482017271 n=32 value=24848
record p=49727 q=50273 N=2499925471 n=32 value=24863
record p=49739 q=49823 N=2478146197 n=32 value=24869
record p=49757 q=52727 N=2623537339 n=32 value=24878
record p=49787 q=50423 N=2510409901 n=32 value=24893
record p=49823 q=49937 N=2488011151 n=32 value=24911
record p=49853 q=50147 N=2499978391 n=32 value=24926
record p=49877 q=49943 N=2491007011 n=32 value=24938
record p=49919 q=50873 N=2539529287 n=32 value=24959
record p=49937 q=49943 N=2494003591 n=32 value=24968
record p=49943 q=50069 N=2500596067 n=32 value=24971
record p=50033 q=50423 N=2522813959 n=32 value=25016
record p=50069 q=50147 N=2510810143 n=32 value=25034
record p=50087 q=50273 N=2518023751 n=32 value=25043
record p=50093 q=66863 N=3349368259 n=32 value=25046
record p=50123 q=50129 N=2512615867 n=32 value=25061
record p=50129 q=50459 N=2529459211 n=32 value=25064
record p=50147 q=50153 N=2515022491 n=32 value=25073
record p=50153 q=50159 N=2515624327 n=32 value=25076
record p=50159 q=50273 N=2521643407 n=32 value=25079
record p=50177 q=96323 N=4833199171 n=33 value=25088
record p=50207 q=50333 N=2527068931 n=32 value=25103
record p=50273 q=50459 N=2536725307 n=32 value=25136
record p=50333 q=50363 N=2534920879 n=32 value=25166
record p=50363 q=50993 N=2568160459 n=32 value=25181
record p=50387 q=85223 N=4294131301 n=32 value=25193
record p=50417 q=51203 N=2581501651 n=32 value=25208
record p=50423 q=50993 N=2571220039 n=32 value=25211
record p=50459 q=50543 N=2550349237 n=32 value=25229
record p=50543 q=50627 N=2558840461 n=32 value=25271
record p=50549 q=50867 N=2571275983 n=32 value=25274
record p=50627 q=50867 N=2575243609 n=32 value=25313
record p=50723 q=51593 N=2616951739 n=32 value=25361
record p=50753 q=51599 N=2618804047 n=32 value=25376
record p=50777 q=52223 N=2651727271 n=32 value=25388
record p=50789 q=51047 N=2592626083 n=32 value=25394
record p=50849 q=52883 N=2689047667 n=32 value=25424
record p=50867 q=50873 N=2587756891 n=32 value=25433
record p=50873 q=51047 N=2596914031 n=32 value=25436
record p=50909 q=87107 N=4434530263 n=33 value=25454
record p=50957 q=51047 N=2601201979 n=32 value=25478
record p=50969 q=51203 N=2609765707 n=32 value=25484
record p=50993 q=51047 N=2603039671 n=32 value=25496
record p=51047 q=51197 N=2613453259 n=32 value=25523
record p=51059 q=57503 N=2936045677 n=32 value=25529
record p=51137 q=51539 N=2635549843 n=32 value=25568
record p=51197 q=51203 N=2621439991 n=32 value=25598
record p=51203 q=51287 N=2626048261 n=32 value=25601
record p=51239 q=52553 N=2692763167 n=32 value=25619
record p=51257 q=51347 N=2631893179 n=32 value=25628
record p=51263 q=51329 N=2631278527 n=32 value=25631
record p=51287 q=51329 N=2632510423 n=32 value=25643
record p=51329 q=51347 N=2635590163 n=32 value=25664
record p=51347 q=51407 N=2639595229 n=32 value=25673
record p=51383 q=51407 N=2641445881 n=32 value=25691
record p=51407 q=51413 N=2642988091 n=32 value=25703
record p=51413 q=51539 N=2649774607 n=32 value=25706
record p=51419 q=51449 N=2645456131 n=32 value=25709
record p=51449 q=51599 N=2654716951 n=32 value=25724
record p=51473 q=51539 N=2652866947 n=32 value=25736
record p=51479 q=74507 N=3835545853 n=32 value=25739
record p=51503 q=51593 N=2657194279 n=32 value=25751
record p=51539 q=51593 N=2659051627 n=32 value=25769
record p=51563 q=85577 N=4412606851 n=33 value=25781
record p=51593 q=51599 N=2662147207 n=32 value=25796
record p=51599 q=51683 N=2666791117 n=32 value=25799
record p=51647 q=83219 N=4298011693 n=33 value=25823
record p=51659 q=51683 N=2669892097 n=32 value=25829
record p=51683 q=51713 N=2672682979 n=32 value=25841
record p=51713 q=51719 N=2674544647 n=32 value=25856
record p=51719 q=51827 N=2680440613 n=32 value=25859
record p=51749 q=52379 N=2710560871 n=32 value=25874
record p=51767 q=52103 N=2697216001 n=32 value=25883
record p=51797 q=51827 N=2684483119 n=32 value=25898
record p=51803 q=51827 N=2684794081 n=32 value=25901
record p=51827 q=51839 N=2686659853 n=32 value=25913
record p=51839 q=51869 N=2688837091 n=32 value=25919
record p=51869 q=52103 N=2702530507 n=32 value=25934
record p=51893 q=52103 N=2703780979 n=32 value=25946
record p=51929 q=52103 N=2705656687 n=32 value=25964
record p=51977 q=52103 N=2708157631 n=32 value=25988
record p=52067 q=77153 N=4017125251 n=32 value=26033
record p=52103 q=52127 N=2715973081 n=32 value=26051
record p=52127 q=52223 N=2722228321 n=32 value=26063
record p=52163 q=53093 N=2769490159 n=32 value=26081
record p=52223 q=52253 N=2728808419 n=32 value=26111
record p=52253 q=52379 N=2736959887 n=32 value=26126
record p=52259 q=52727 N=2755460293 n=32 value=26129
record p=52289 q=53147 N=2779003483 n=32 value=26144
record p=52313 q=52379 N=2740102627 n=32 value=26156
record p=52379 q=52553 N=2752673587 n=32 value=26189
record p=52433 q=52583 N=2757084439 n=32 value=26216
record p=52457 q=52883 N=2774083531 n=32 value=26228
record p=52517 q=53003 N=2783558551 n=32 value=26258
record p=52529 q=82883 N=4353761107 n=33 value=26264
record p=52553 q=52583 N=2763394399 n=32 value=26276
record p=52583 q=52673 N=2769704359 n=32 value=26291
record p=52667 q=52967 N=2789612989 n=32 value=26333
record p=52673 q=52727 N=2777289271 n=32 value=26336
record p=52697 q=74507 N=3926295379 n=32 value=26348
record p=52709 q=52883 N=2787410047 n=32 value=26354
record p=52727 q=52817 N=2784881959 n=32 value=26363
record p=52733 q=52883 N=2788679239 n=32 value=26366
record p=52757 q=55799 N=2943787843 n=32 value=26378
record p=52769 q=53699 N=2833642531 n=32 value=26384
record p=52817 q=52919 N=2795022823 n=32 value=26408
record p=52859 q=57173 N=3022107607 n=32 value=26429
record p=52883 q=52919 N=2798515477 n=32 value=26441
record p=52889 q=53927 N=2852145103 n=32 value=26444
record p=52919 q=52967 N=2802960673 n=32 value=26459
record p=52937 q=53267 N=2819795179 n=32 value=26468
record p=52967 q=53003 N=2807409901 n=32 value=26483
record p=52973 q=53783 N=2849046859 n=32 value=26486
record p=53003 q=53069 N=2812816207 n=32 value=26501
record p=53069 q=53147 N=2820458143 n=32 value=26534
record p=53087 q=55073 N=2923660351 n=32 value=26543
record p=53093 q=55619 N=2952979567 n=32 value=26546
record p=53117 q=75983 N=4035989011 n=32 value=26558
record p=53129 q=53147 N=2823646963 n=32 value=26564
record p=53147 q=53189 N=2826835783 n=32 value=26573
record p=53189 q=53267 N=2833218463 n=32 value=26594
record p=53267 q=53309 N=2839610503 n=32 value=26633
record p=53279 q=53783 N=2865504457 n=32 value=26639
record p=53309 q=53507 N=2852404663 n=32 value=26654
record p=53507 q=53699 N=2873272393 n=32 value=26753
record p=53549 q=55787 N=2987338063 n=32 value=26774
record p=53597 q=53699 N=2878105303 n=32 value=26798
record p=53609 q=53699 N=2878749691 n=32 value=26804
record p=53633 q=53639 N=2876820487 n=32 value=26816
record p=53639 q=53939 N=2893234021 n=32 value=26819
record p=53657 q=53699 N=2881327243 n=32 value=26828
record p=53693 q=53699 N=2883260407 n=32 value=26846
record p=53699 q=53759 N=2886804541 n=32 value=26849
record p=53717 q=53783 N=2889061411 n=32 value=26858
record p=53759 q=53777 N=2890997743 n=32 value=26879
record p=53777 q=53783 N=2892288391 n=32 value=26888
record p=53783 q=53897 N=2898742351 n=32 value=26891
record p=53813 q=53939 N=2902619407 n=32 value=26906
record p=53819 q=53849 N=2898099331 n=32 value=26909
record p=53849 q=53927 N=2903915023 n=32 value=26924
record p=53897 q=53927 N=2906503519 n=32 value=26948
record p=53927 q=54059 N=2915239693 n=32 value=26963
record p=53939 q=53987 N=2912004793 n=32 value=26969
record p=53987 q=54059 N=2918483233 n=32 value=26993
record p=53993 q=54059 N=2918807587 n=32 value=26996
record p=54059 q=54269 N=2933727871 n=32 value=27029
record p=54083 q=82799 N=4478018317 n=33 value=27041
record p=54167 q=60899 N=3298716133 n=32 value=27083
record p=54269 q=54287 N=2946101203 n=32 value=27134
record p=54287 q=54323 N=2949032701 n=32 value=27143
record p=54293 q=70223 N=3812617339 n=32 value=27146
record p=54323 q=54413 N=2955877399 n=32 value=27161
record p=54347 q=54833 N=2980009051 n=32 value=27173
record p=54377 q=69467 N=3777407059 n=32 value=27188
record p=54413 q=54443 N=2962406959 n=32 value=27206
record p=54437 q=54647 N=2974818739 n=32 value=27218
record p=54443 q=54497 N=2966980171 n=32 value=27221
record p=54449 q=54647 N=2975474503 n=32 value=27224
record p=54497 q=56207 N=3063112879 n=32 value=27248
record p=54539 q=57899 N=3157753561 n=32 value=27269
record p=54563 q=54617 N=2980067371 n=32 value=27281
record p=54617 q=54647 N=2984655199 n=32 value=27308
record p=54623 q=54833 N=2995142959 n=32 value=27311
record p=54629 q=54647 N=2985310963 n=32 value=27314
record p=54647 q=54767 N=2992852249 n=32 value=27323
record p=54713 q=74219 N=4060744147 n=32 value=27356
record p=54767 q=54773 N=2999752891 n=32 value=27383
record p=54773 q=54779 N=3000410167 n=32 value=27386
record p=54779 q=54833 N=3003696907 n=32 value=27389
record p=54833 q=55103 N=3021462799 n=32 value=27416
record p=54869 q=69779 N=3828703951 n=32 value=27434
record p=54917 q=54959 N=3018183403 n=32 value=27458
record p=54959 q=54983 N=3021810697 n=32 value=27479
record p=54983 q=55073 N=3028078759 n=32 value=27491
record p=55049 q=71483 N=3935067667 n=32 value=27524
record p=55073 q=55079 N=3033365767 n=32 value=27536
record p=55079 q=55103 N=3035018137 n=32 value=27539
record p=55103 q=55127 N=3037663081 n=32 value=27551
record p=55109 q=55547 N=3061139623 n=32 value=27554
record p=55127 q=55163 N=3040970701 n=32 value=27563
record p=55163 q=55229 N=3046597327 n=32 value=27581
record p=55217 q=79043 N=4364517331 n=33 value=27608
record p=55229 q=55439 N=3061840531 n=32 value=27614
record p=55259 q=79043 N=4367837137 n=33 value=27629
record p=55313 q=55487 N=3069152431 n=32 value=27656
record p=55337 q=55487 N=3070484119 n=32 value=27668
record p=55343 q=75347 N=4169929021 n=32 value=27671
record p=55373 q=55787 N=3089093551 n=32 value=27686
record p=55439 q=55457 N=3074480623 n=32 value=27719
record p=55457 q=55487 N=3077142559 n=32 value=27728
record p=55469 q=60647 N=3364028443 n=32 value=27734
record p=55487 q=55547 N=3082136389 n=32 value=27743
record p=55529 q=60443 N=3356339347 n=32 value=27764
record p=55547 q=55619 N=3089468593 n=32 value=27773
record p=55589 q=55619 N=3091804591 n=32 value=27794
record p=55619 q=55673 N=3096476587 n=32 value=27809
record p=55667 q=56909 N=3167953303 n=32 value=27833
record p=55673 q=55787 N=3105829651 n=32 value=27836
record p=55691 q=96443 N=5371007113 n=33 value=27845
record p=55697 q=55787 N=3107168539 n=32 value=27848
record p=55733 q=55787 N=3109176871 n=32 value=27866
record p=55763 q=58049 N=3236986387 n=32 value=27881
record p=55787 q=55817 N=3113862979 n=32 value=27893
record p=55793 q=57143 N=3188179399 n=32 value=27896
record p=55799 q=55949 N=3121898251 n=32 value=27899
record p=55817 q=55967 N=3123910039 n=32 value=27908
record p=55823 q=57713 N=3221712799 n=32 value=27911
record p=55829 q=56843 N=3173487847 n=32 value=27914
record p=55889 q=57923 N=3237258547 n=32 value=27944
record p=55949 q=55967 N=3131297683 n=32 value=27974
record p=55967 q=55997 N=3133984099 n=32 value=27983
record p=55997 q=56003 N=3135999991 n=32 value=27998
record p=56003 q=56009 N=3136672027 n=32 value=28001
record p=56009 q=56039 N=3138688351 n=32 value=28004
record p=56039 q=56207 N=3149784073 n=32 value=28019
record p=56087 q=56207 N=3152482009 n=32 value=28043
record p=56093 q=56207 N=3152819251 n=32 value=28046
record p=56099 q=58889 N=3303614011 n=32 value=28049
record p=56123 q=56249 N=3156862627 n=32 value=28061
record p=56207 q=56369 N=3168332383 n=32 value=28103
record p=56237 q=56807 N=3194655259 n=32 value=28118
record p=56249 q=56543 N=3180487207 n=32 value=28124
record p=56267 q=71399 N=4017407533 n=32 value=28133
record p=56333 q=56543 N=3185236819 n=32 value=28166
record p=56369 q=57503 N=3241386607 n=32 value=28184
record p=56393 q=67499 N=3806471107 n=32 value=28196
record p=56417 q=56999 N=3215712583 n=32 value=28208
record p=56453 q=58727 N=3315315331 n=32 value=28226
record p=56477 q=70223 N=3965984371 n=32 value=28238
record p=56489 q=56807 N=3208970623 n=32 value=28244
record p=56519 q=59387 N=3356493853 n=32 value=28259
record p=56543 q=56807 N=3212038201 n=32 value=28271
record p=56597 q=56663 N=3206955811 n=32 value=28298
record p=56633 q=56663 N=3208995679 n=32 value=28316
record p=56663 q=56999 N=3229734337 n=32 value=28331
record p=56687 q=75437 N=4276297219 n=32 value=28343
record p=56747 q=56999 N=3234522253 n=32 value=28373
record p=56783 q=57119 N=3243388177 n=32 value=28391
record p=56807 q=56843 N=3229080301 n=32 value=28403
record p=56813 q=79103 N=4494078739 n=33 value=28406
record p=56843 q=56873 N=3232831939 n=32 value=28421
record p=56873 q=56999 N=3241704127 n=32 value=28436
record p=56897 q=89819 N=5110431643 n=33 value=28448
record p=56909 q=56999 N=3243756091 n=32 value=28454
record p=56957 q=57203 N=3258111271 n=32 value=28478
record p=56963 q=56999 N=3246834037 n=32 value=28481
record p=56993 q=56999 N=3248544007 n=32 value=28496
record p=56999 q=57089 N=3254015911 n=32 value=28499
record p=57047 q=57143 N=3259836721 n=32 value=28523
record p=57059 q=57089 N=3257441251 n=32 value=28529
record p=57077 q=57143 N=3261551011 n=32 value=28538
record p=57089 q=57119 N=3260866591 n=32 value=28544
record p=57107 q=58427 N=3336590689 n=32 value=28553
record p=57119 q=57143 N=3263951017 n=32 value=28559
record p=57131 q=81689 N=4666974259 n=33 value=28565
record p=57143 q=57173 N=3267036739 n=32 value=28571
record p=57173 q=57203 N=3270467119 n=32 value=28586
record p=57179 q=58109 N=3322614511 n=32 value=28589
record p=57203 q=57347 N=3280420441 n=32 value=28601
record p=57269 q=57287 N=3280769203 n=32 value=28634
record p=57287 q=57329 N=3284206423 n=32 value=28643
record p=57329 q=57347 N=3287646163 n=32 value=28664
record p=57347 q=57389 N=3291086983 n=32 value=28673
record p=57383 q=58403 N=3351339349 n=32 value=28691
record p=57389 q=57467 N=3297973663 n=32 value=28694
record p=57413 q=57719 N=3313820947 n=32 value=28706
record p=57467 q=57557 N=3307628119 n=32 value=28733
record p=57503 q=57557 N=3309700171 n=32 value=28751
record p=57527 q=65357 N=3759792139 n=32 value=28763
record p=57557 q=57587 N=3314534959 n=32 value=28778
record p=57587 q=57689 N=3322136443 n=32 value=28793
record p=57593 q=58727 N=3382264111 n=32 value=28796
record p=57689 q=57719 N=3329751391 n=32 value=28844
record p=57713 q=57719 N=3331136647 n=32 value=28856
record p=57719 q=57803 N=3336331357 n=32 value=28859
record p=57737 q=58043 N=3351228691 n=32 value=28868
record p=57803 q=57809 N=3341533627 n=32 value=28901
record p=57809 q=57899 N=3347083291 n=32 value=28904
record p=57839 q=57923 N=3350208397 n=32 value=28919
record p=57899 q=57917 N=3353336383 n=32 value=28949
record p=57917 q=57923 N=3354726391 n=32 value=28958
record p=57923 q=57977 N=3358201771 n=32 value=28961
record p=57947 q=59219 N=3431563393 n=32 value=28973
record p=57977 q=58043 N=3365159011 n=32 value=28988
record p=58013 q=58043 N=3367248559 n=32 value=29006
record p=58043 q=58049 N=3369338107 n=32 value=29021
record p=58049 q=58067 N=3370731283 n=32 value=29024
record p=58067 q=58193 N=3379092931 n=32 value=29033
record p=58073 q=71363 N=4144263499 n=32 value=29036
record p=58109 q=58403 N=3393739927 n=32 value=29054
record p=58169 q=61343 N=3568260967 n=32 value=29084
record p=58193 q=58379 N=3397249147 n=32 value=29096
record p=58199 q=60899 N=3544260901 n=32 value=29099
record p=58217 q=59063 N=3438470671 n=32 value=29108
record p=58229 q=58403 N=3400748287 n=32 value=29114
record p=58313 q=58403 N=3405654139 n=32 value=29156
record p=58337 q=58403 N=3407055811 n=32 value=29168
record p=58379 q=58403 N=3409508737 n=32 value=29189
record p=58403 q=58427 N=3412312081 n=32 value=29201
record p=58427 q=58439 N=3414415453 n=32 value=29213
record p=58439 q=58613 N=3425285107 n=32 value=29219
record p=58613 q=58679 N=3439352227 n=32 value=29306
record p=58679 q=58727 N=3446041633 n=32 value=29339
record p=58727 q=58733 N=3449212891 n=32 value=29363
record p=58733 q=58907 N=3459784831 n=32 value=29366
record p=58757 q=58907 N=3461198599 n=32 value=29378
record p=58763 q=62477 N=3671335951 n=32 value=29381
record p=58889 q=59183 N=3485227687 n=32 value=29444
record p=58907 q=58937 N=3471801859 n=32 value=29453
record p=58913 q=68507 N=4035952891 n=32 value=29456
record p=58937 q=59219 N=3490190203 n=32 value=29468
record p=58943 q=59183 N=3488423569 n=32 value=29471
record p=58967 q=59009 N=3479583703 n=32 value=29483
record p=58979 q=59009 N=3480291811 n=32 value=29489
record p=58997 q=76079 N=4488432763 n=33 value=29498
record p=59009 q=59063 N=3485248567 n=32 value=29504
record p=59063 q=59069 N=3488792347 n=32 value=29531
record p=59069 q=59243 N=3499424767 n=32 value=29534
record p=59093 q=69899 N=4130541607 n=32 value=29546
record p=59123 q=80747 N=4774004881 n=33 value=29561
record p=59159 q=62597 N=3703175923 n=32 value=29579
record p=59183 q=59369 N=3513635527 n=32 value=29591
record p=59207 q=67493 N=3996058051 n=32 value=29603
record p=59219 q=59243 N=3508311217 n=32 value=29609
record p=59243 q=59447 N=3521818621 n=32 value=29621
record p=59273 q=59387 N=3520045651 n=32 value=29636
record p=59357 q=82619 N=4904015983 n=33 value=29678
record p=59369 q=59699 N=3544269931 n=32 value=29684
record p=59387 q=59447 N=3530378989 n=32 value=29693
record p=59393 q=59399 N=3527884807 n=32 value=29696
record p=59399 q=59699 N=3546060901 n=32 value=29699
record p=59417 q=66107 N=3927879619 n=32 value=29708
record p=59447 q=59453 N=3534302491 n=32 value=29723
record p=59453 q=59663 N=3547144339 n=32 value=29726
record p=59513 q=59747 N=3555723211 n=32 value=29756
record p=59567 q=59729 N=3557877343 n=32 value=29783
record p=59627 q=69263 N=4129944901 n=32 value=29813
record p=59663 q=60107 N=3586163941 n=32 value=29831
record p=59669 q=76487 N=4563902803 n=33 value=29834
record p=59693 q=59747 N=3566477671 n=32 value=29846
record p=59699 q=60029 N=3583671271 n=32 value=29849
record p=59723 q=60689 N=3624529147 n=32 value=29861
record p=59729 q=59747 N=3568628563 n=32 value=29864
record p=59747 q=60029 N=3586552663 n=32 value=29873
record p=59957 q=62303 N=3735500971 n=32 value=29978
record p=59999 q=60077 N=3604559923 n=32 value=29999
record p=60017 q=63443 N=3807658531 n=32 value=30008
record p=60029 q=60527 N=3633375283 n=32 value=30014
record p=60077 q=60899 N=3658629223 n=32 value=30038
record p=60083 q=62639 N=3763539037 n=32 value=30041
record p=60089 q=78059 N=4690487251 n=33 value=30044
record p=60107 q=60293 N=3624031351 n=32 value=30053
record p=60149 q=61379 N=3691885471 n=32 value=30074
record p=60167 q=60209 N=3622594903 n=32 value=30083
record p=60209 q=60539 N=3644992651 n=32 value=30104
record p=60257 q=74027 N=4460644939 n=33 value=30128
record p=60293 q=60443 N=3644289799 n=32 value=30146
record p=60317 q=60527 N=3650807059 n=32 value=30158
record p=60353 q=60647 N=3660228391 n=32 value=30176
record p=60383 q=104723 N=6323488909 n=33 value=30191
record p=60413 q=60923 N=3680541199 n=32 value=30206
record p=60443 q=60449 N=3653718907 n=32 value=30221
record p=60449 q=60527 N=3658796623 n=32 value=30224
record p=60497 q=60647 N=3668961559 n=32 value=30248
record p=60509 q=88223 N=5338285507 n=33 value=30254
record p=60527 q=60539 N=3664244053 n=32 value=30263
record p=60539 q=60617 N=3669692563 n=32 value=30269
record p=60617 q=60647 N=3676239199 n=32 value=30308
record p=60623 q=60647 N=3676603081 n=32 value=30311
record p=60647 q=60689 N=3680605783 n=32 value=30323
record p=60659 q=60779 N=3686793361 n=32 value=30329
record p=60689 q=60779 N=3688616731 n=32 value=30344
record p=60719 q=67709 N=4111222771 n=32 value=30359
record p=60737 q=63299 N=3844591363 n=32 value=30368
record p=60773 q=60779 N=3693722167 n=32 value=30386
record p=60779 q=60869 N=3699556951 n=32 value=30389
record p=60869 q=60899 N=3706861231 n=32 value=30434
record p=60887 q=62039 N=3777368593 n=32 value=30443
record p=60899 q=60917 N=3709784383 n=32 value=30449
record p=60917 q=60923 N=3711246391 n=32 value=30458
record p=60923 q=61043 N=3718922689 n=32 value=30461
record p=60953 q=61967 N=3777074551 n=32 value=30476
record p=61007 q=62057 N=3785911399 n=32 value=30503
record p=61043 q=61463 N=3751885909 n=32 value=30521
record p=61169 q=61343 N=3752289967 n=32 value=30584
record p=61223 q=66107 N=4047268861 n=32 value=30611
record p=61253 q=61343 N=3757442779 n=32 value=30626
record p=61283 q=61463 N=3766637029 n=32 value=30641
record p=61343 q=61379 N=3765171997 n=32 value=30671
record p=61379 q=61409 N=3769223011 n=32 value=30689
record p=61403 q=63587 N=3904432561 n=32 value=30701
record p=61409 q=61967 N=3805331503 n=32 value=30704
record p=61463 q=61493 N=3779544259 n=32 value=30731
record p=61469 q=63599 N=3909366931 n=32 value=30734
record p=61487 q=61493 N=3781020091 n=32 value=30743
record p=61493 q=61547 N=3784709671 n=32 value=30746
record p=61547 q=61553 N=3788402491 n=32 value=30773
record p=61553 q=61703 N=3798004759 n=32 value=30776
record p=61559 q=67499 N=4155170941 n=32 value=30779
record p=61583 q=61637 N=3795791371 n=32 value=30791
record p=61613 q=61967 N=3817972771 n=32 value=30806
record p=61637 q=61967 N=3819459979 n=32 value=30818
record p=61643 q=70289 N=4332824827 n=33 value=30821
record p=61667 q=62039 N=3825759013 n=32 value=30833
record p=61673 q=62603 N=3860914819 n=32 value=30836
record p=61703 q=61757 N=3810592171 n=32 value=30851
record p=61757 q=61967 N=3826896019 n=32 value=30878
record p=61949 q=62219 N=3854404831 n=32 value=30974
record p=61967 q=62039 N=3844370713 n=32 value=30983
record p=61979 q=102329 N=6342249091 n=33 value=30989
record p=61991 q=96353 N=5973018823 n=33 value=30995
record p=62003 q=62477 N=3873761431 n=32 value=31001
record p=62039 q=62057 N=3849954223 n=32 value=31019
record p=62057 q=62303 N=3866337271 n=32 value=31028
record p=62099 q=62213 N=3863365087 n=32 value=31049
record p=62129 q=62303 N=3870823087 n=32 value=31064
record p=62189 q=66239 N=4119337171 n=32 value=31094
record p=62207 q=62213 N=3870084091 n=32 value=31103
record p=62213 q=62303 N=3876056539 n=32 value=31106
record p=62219 q=62927 N=3915255013 n=32 value=31109
record p=62273 q=74363 N=4630807099 n=33 value=31136
record p=62297 q=63587 N=3961279339 n=32 value=31148
record p=62303 q=62423 N=3889140169 n=32 value=31151
record p=62327 q=63839 N=3978893353 n=32 value=31163
record p=62417 q=62603 N=3907491451 n=32 value=31208
record p=62423 q=62627 N=3909365221 n=32 value=31211
record p=62459 q=64853 N=4050653527 n=32 value=31229
record p=62477 q=62507 N=3905249839 n=32 value=31238
record p=62483 q=63377 N=3959985091 n=32 value=31241
record p=62507 q=62597 N=3912750679 n=32 value=31253
record p=62549 q=62639 N=3918006811 n=32 value=31274
record p=62597 q=62603 N=3918759991 n=32 value=31298
record p=62603 q=62627 N=3920638081 n=32 value=31301
record p=62627 q=62633 N=3922516891 n=32 value=31313
record p=62633 q=62639 N=3923268487 n=32 value=31316
record p=62639 q=62687 N=3926650993 n=32 value=31319
record p=62687 q=63809 N=3999994783 n=32 value=31343
record p=62723 q=63839 N=4004173597 n=32 value=31361
record p=62753 q=62939 N=3949611067 n=32 value=31376
record p=62819 q=68897 N=4328040643 n=33 value=31409
record p=62873 q=63179 N=3972253267 n=32 value=31436
record p=62897 q=62927 N=3957919519 n=32 value=31448
record p=62903 q=69467 N=4369682701 n=33 value=31451
record p=62927 q=62939 N=3960562453 n=32 value=31463
record p=62939 q=63149 N=3974534911 n=32 value=31469
record p=62969 q=64187 N=4041791203 n=32 value=31484
record p=62987 q=119759 N=7543260133 n=33 value=31493
record p=63029 q=72383 N=4562228107 n=33 value=31514
record p=63059 q=63149 N=3982112791 n=32 value=31529
record p=63113 q=121259 N=7653019267 n=33 value=31556
record p=63149 q=63299 N=3997268551 n=32 value=31574
record p=63179 q=63347 N=4002200113 n=32 value=31589
record p=63197 q=98927 N=6251889619 n=33 value=31598
record p=63299 q=63353 N=4010181547 n=32 value=31649
record p=63317 q=63467 N=4018540039 n=32 value=31658
record p=63347 q=63443 N=4018923721 n=32 value=31673
record p=63353 q=63443 N=4019304379 n=32 value=31676
record p=63377 q=64187 N=4067979499 n=32 value=31688
record p=63389 q=65267 N=4137209863 n=32 value=31694
record p=63419 q=63527 N=4028818813 n=32 value=31709
record p=63443 q=63473 N=4026917539 n=32 value=31721
record p=63467 q=63473 N=4028440891 n=32 value=31733
record p=63473 q=63587 N=4036057651 n=32 value=31736
record p=63527 q=63587 N=4039491349 n=32 value=31763
record p=63533 q=100103 N=6359843899 n=33 value=31766
record p=63587 q=63599 N=4044069613 n=32 value=31793
record p=63599 q=63629 N=4046740771 n=32 value=31799
record p=63617 q=68507 N=4358209819 n=33 value=31808
record p=63629 q=63647 N=4049794963 n=32 value=31814
record p=63647 q=66593 N=4238444671 n=32 value=31823
record p=63659 q=65609 N=4176603331 n=32 value=31829
record p=63689 q=64319 N=4096412791 n=32 value=31844
record p=63719 q=63737 N=4061257903 n=32 value=31859
record p=63737 q=63839 N=4068906343 n=32 value=31868
record p=63743 q=75743 N=4828086049 n=33 value=31871
record p=63773 q=64007 N=4081918411 n=32 value=31886
record p=63803 q=65543 N=4181840029 n=32 value=31901
record p=63809 q=64007 N=4084222663 n=32 value=31904
record p=63839 q=63863 N=4076950057 n=32 value=31919
record p=63857 q=64319 N=4107218383 n=32 value=31928
record p=63863 q=64007 N=4087679041 n=32 value=31931
record p=63929 q=64019 N=4092670651 n=32 value=31964
record p=63977 q=65867 N=4213973059 n=32 value=31988
record p=64007 q=64019 N=4097664133 n=32 value=32003
record p=64013 q=64679 N=4140296827 n=32 value=32006
record p=64019 q=64067 N=4101505273 n=32 value=32009
record p=64037 q=66239 N=4241746843 n=32 value=32018
record p=64067 q=64223 N=4114574941 n=32 value=32033
record p=64109 q=68099 N=4365758791 n=33 value=32054
record p=64157 q=64187 N=4118045359 n=32 value=32078
record p=64187 q=64223 N=4122281701 n=32 value=32093
record p=64217 q=64319 N=4130373223 n=32 value=32108
record p=64223 q=64283 N=4128447109 n=32 value=32111
record p=64283 q=64319 N=4134618277 n=32 value=32141
record p=64319 q=64433 N=4144266127 n=32 value=32159
record p=64403 q=64817 N=4174409251 n=32 value=32201
record p=64433 q=64763 N=4172874379 n=32 value=32216
record p=64439 q=64553 N=4159730767 n=32 value=32219
record p=64499 q=65777 N=4242550723 n=32 value=32249
record p=64553 q=64679 N=4175223487 n=32 value=32276
record p=64577 q=64679 N=4176775783 n=32 value=32288
record p=64613 q=64763 N=4184531719 n=32 value=32306
record p=64667 q=65609 N=4242737203 n=32 value=32333
record p=64679 q=64763 N=4188806077 n=32 value=32339
record p=64709 q=66359 N=4294024531 n=32 value=32354
record p=64763 q=64817 N=4197743371 n=32 value=32381
record p=64817 q=65063 N=4217188471 n=32 value=32408
record p=64853 q=65147 N=4224978391 n=32 value=32426
record p=64877 q=81839 N=5309468803 n=33 value=32438
record p=64919 q=66173 N=4295884987 n=33 value=32459
record p=64937 q=65063 N=4224996031 n=32 value=32468
record p=64997 q=65063 N=4228899811 n=32 value=32498
record p=65003 q=68897 N=4478511691 n=33 value=32501
record p=65027 q=66533 N=4326441391 n=33 value=32513
record p=65033 q=65147 N=4236704851 n=32 value=32516
record p=65063 q=65123 N=4237097749 n=32 value=32531
record p=65099 q=66359 N=4319904541 n=33 value=32549
record p=65123 q=65147 N=4242568081 n=32 value=32561
record p=65129 q=67979 N=4427404291 n=33 value=32564
record p=65147 q=65183 N=4246476901 n=32 value=32573
record p=65183 q=66863 N=4358330929 n=33 value=32591
record p=65213 q=68687 N=4479285331 n=33 value=32606
record p=65267 q=65327 N=4263697309 n=32 value=32633
record p=65309 q=65327 N=4266441043 n=32 value=32654
record p=65327 q=65357 N=4269576739 n=32 value=32663
record p=65357 q=65447 N=4277419579 n=32 value=32678
record p=65393 q=65543 N=4286053399 n=32 value=32696
record p=65423 q=68687 N=4493709601 n=33 value=32711
record p=65447 q=65543 N=4289592721 n=32 value=32723
record p=65519 q=69827 N=4574995213 n=33 value=32759
TOP20
p=65519 q=69827 N=4574995213 n=33 d=2 sp=32759(17*41*47) sq=34913(34913) residuals=K:(1927,34913),R:(32759,34913),C:(32759,34913),KR:(1927,34913),KC:(1927,34913),RC:(32759,34913),KRC:(1927,34913) hits=p{17:K[24,25,26,27,28]R[]C[],41:K[]R[]C[],47:K[]R[]C[]};q{34913:K[]R[]C[]}
p=65519 q=72467 N=4747965373 n=33 d=2 sp=32759(17*41*47) sq=36233(19*1907) residuals=K:(1,1907),R:(32759,36233),C:(32759,36233),KR:(1,1907),KC:(1,1907),RC:(32759,36233),KRC:(1,1907) hits=p{17:K[4,28]R[]C[],41:K[6,7]R[]C[],47:K[25]R[]C[]};q{19:K[10,11,12]R[]C[],1907:K[]R[]C[]}
p=65519 q=72503 N=4750324057 n=33 d=2 sp=32759(17*41*47) sq=36251(36251) residuals=K:(41,36251),R:(32759,36251),C:(32759,36251),KR:(41,36251),KC:(41,36251),RC:(32759,36251),KRC:(41,36251) hits=p{17:K[28]R[]C[],41:K[]R[]C[],47:K[25]R[]C[]};q{36251:K[]R[]C[]}
p=65519 q=73043 N=4785704317 n=33 d=2 sp=32759(17*41*47) sq=36521(59*619) residuals=K:(41,619),R:(32759,36521),C:(32759,36521),KR:(41,619),KC:(41,619),RC:(32759,36521),KRC:(41,619) hits=p{17:K[11,28]R[]C[],41:K[]R[]C[],47:K[3,9,10]R[]C[]};q{59:K[5]R[]C[],619:K[]R[]C[]}
p=65519 q=75029 N=4915825051 n=33 d=2 sp=32759(17*41*47) sq=37514(2*18757) residuals=K:(799,18757),R:(32759,37514),C:(32759,37514),KR:(799,18757),KC:(799,18757),RC:(32759,37514),KRC:(799,18757) hits=p{17:K[]R[]C[],41:K[12,13,14,15]R[]C[],47:K[]R[]C[]};q{2:K[2,5,6,9,10,12,13,14,17,18,19,20,21,22,23,25,27,28,30,31]R[]C[],18757:K[]R[]C[]}
p=65519 q=75983 N=4978330177 n=33 d=2 sp=32759(17*41*47) sq=37991(37991) residuals=K:(697,37991),R:(32759,37991),C:(32759,37991),KR:(697,37991),KC:(697,37991),RC:(32759,37991),KRC:(697,37991) hits=p{17:K[]R[]C[],41:K[]R[]C[],47:K[20]R[]C[]};q{37991:K[]R[]C[]}
p=65519 q=76079 N=4984620001 n=33 d=2 sp=32759(17*41*47) sq=38039(38039) residuals=K:(41,38039),R:(32759,38039),C:(32759,38039),KR:(41,38039),KC:(41,38039),RC:(32759,38039),KRC:(41,38039) hits=p{17:K[8,17]R[]C[],41:K[]R[]C[],47:K[6]R[]C[]};q{38039:K[]R[]C[]}
p=65519 q=76367 N=5003489473 n=33 d=2 sp=32759(17*41*47) sq=38183(38183) residuals=K:(47,38183),R:(32759,38183),C:(32759,38183),KR:(47,38183),KC:(47,38183),RC:(32759,38183),KRC:(47,38183) hits=p{17:K[14,15,16]R[]C[],41:K[13]R[]C[],47:K[]R[]C[]};q{38183:K[]R[]C[]}
p=65519 q=77549 N=5080932931 n=33 d=2 sp=32759(17*41*47) sq=38774(2*19387) residuals=K:(1927,19387),R:(32759,38774),C:(32759,38774),KR:(1927,19387),KC:(1927,19387),RC:(32759,38774),KRC:(1927,19387) hits=p{17:K[15,20]R[]C[],41:K[]R[]C[],47:K[]R[]C[]};q{2:K[2,3,4,5,7,8,10,11,12,16,17,18,21,24,28,30,31]R[]C[],19387:K[]R[]C[]}
p=65519 q=78479 N=5141865601 n=33 d=2 sp=32759(17*41*47) sq=39239(39239) residuals=K:(47,39239),R:(32759,39239),C:(32759,39239),KR:(47,39239),KC:(47,39239),RC:(32759,39239),KRC:(47,39239) hits=p{17:K[23,24,25]R[]C[],41:K[11,12,13]R[]C[],47:K[]R[]C[]};q{39239:K[]R[]C[]}
p=65519 q=79973 N=5239750987 n=33 d=2 sp=32759(17*41*47) sq=39986(2*19993) residuals=K:(32759,19993),R:(32759,39986),C:(32759,39986),KR:(32759,19993),KC:(32759,19993),RC:(32759,39986),KRC:(32759,19993) hits=p{17:K[]R[]C[],41:K[]R[]C[],47:K[]R[]C[]};q{2:K[2,4,5,7,9,10,11,12,13,15,16,17,18,19,21,23,24,25,26,30,31]R[]C[],19993:K[]R[]C[]}
p=65519 q=79979 N=5240144101 n=33 d=2 sp=32759(17*41*47) sq=39989(39989) residuals=K:(32759,39989),R:(32759,39989),C:(32759,39989),KR:(32759,39989),KC:(32759,39989),RC:(32759,39989),KRC:(32759,39989) hits=p{17:K[]R[]C[],41:K[]R[]C[],47:K[]R[]C[]};q{39989:K[]R[]C[]}
p=65519 q=80567 N=5278669273 n=33 d=2 sp=32759(17*41*47) sq=40283(40283) residuals=K:(41,40283),R:(32759,40283),C:(32759,40283),KR:(41,40283),KC:(41,40283),RC:(32759,40283),KRC:(41,40283) hits=p{17:K[7,13,14,15,16,17,22,23]R[]C[],41:K[]R[]C[],47:K[4]R[]C[]};q{40283:K[]R[]C[]}
p=65519 q=80789 N=5293214491 n=33 d=2 sp=32759(17*41*47) sq=40394(2*19*1063) residuals=K:(697,1063),R:(32759,40394),C:(32759,40394),KR:(697,1063),KC:(697,1063),RC:(32759,40394),KRC:(697,1063) hits=p{17:K[]R[]C[],41:K[]R[]C[],47:K[10,11]R[]C[]};q{2:K[2,5,6,7,10,12,13,14,15,16,17,18,19,20,21,22,26,30,31]R[]C[],19:K[28]R[]C[],1063:K[]R[]C[]}
p=65519 q=80933 N=5302649227 n=33 d=2 sp=32759(17*41*47) sq=40466(2*20233) residuals=K:(32759,20233),R:(32759,40466),C:(32759,40466),KR:(32759,20233),KC:(32759,20233),RC:(32759,40466),KRC:(32759,20233) hits=p{17:K[]R[]C[],41:K[]R[]C[],47:K[]R[]C[]};q{2:K[2,4,5,6,9,10,11,12,13,14,15,16,17,18,19,21,22,23,24,25,30,31]R[]C[],20233:K[]R[]C[]}
p=65519 q=82763 N=5422548997 n=33 d=2 sp=32759(17*41*47) sq=41381(41381) residuals=K:(41,41381),R:(32759,41381),C:(32759,41381),KR:(41,41381),KC:(41,41381),RC:(32759,41381),KRC:(41,41381) hits=p{17:K[22,23,24]R[]C[],41:K[]R[]C[],47:K[21]R[]C[]};q{41381:K[]R[]C[]}
p=65519 q=82793 N=5424514567 n=33 d=2 sp=32759(17*41*47) sq=41396(2^2*79*131) residuals=K:(1927,10349),R:(32759,41396),C:(32759,41396),KR:(1927,10349),KC:(1927,10349),RC:(32759,41396),KRC:(1927,10349) hits=p{17:K[2,23,24]R[]C[],41:K[]R[]C[],47:K[]R[]C[]};q{2:K[3,4,5,6,7,8,11,12,13,14,18,19,21,23,26,27,28,29,31]R[]C[],79:K[]R[]C[],131:K[]R[]C[]}
p=65519 q=83243 N=5453998117 n=33 d=2 sp=32759(17*41*47) sq=41621(41621) residuals=K:(1927,41621),R:(32759,41621),C:(32759,41621),KR:(1927,41621),KC:(1927,41621),RC:(32759,41621),KRC:(1927,41621) hits=p{17:K[12,13]R[]C[],41:K[]R[]C[],47:K[]R[]C[]};q{41621:K[]R[]C[]}
p=65519 q=83597 N=5477191843 n=33 d=2 sp=32759(17*41*47) sq=41798(2*20899) residuals=K:(1927,20899),R:(32759,41798),C:(32759,41798),KR:(1927,20899),KC:(1927,20899),RC:(32759,41798),KRC:(1927,20899) hits=p{17:K[18]R[]C[],41:K[]R[]C[],47:K[]R[]C[]};q{2:K[2,3,4,6,8,9,10,11,13,15,19,23,24,27,28,29,31]R[]C[],20899:K[]R[]C[]}
p=65519 q=83663 N=5481516097 n=33 d=2 sp=32759(17*41*47) sq=41831(59*709) residuals=K:(47,41831),R:(32759,41831),C:(32759,41831),KR:(47,41831),KC:(47,41831),RC:(32759,41831),KRC:(47,41831) hits=p{17:K[17,18,19]R[]C[],41:K[11,17,18,19]R[]C[],47:K[]R[]C[]};q{59:K[]R[]C[],709:K[]R[]C[]}
MENU KRC MAX 32759 COUNTS one=5967904 le_n=6494106 le_n2=14962785 le_n3=18474958
MAX_BY_N 4:1 6:1 7:1 8:1 9:1 10:1 11:1 12:23 13:29 14:37 15:83 16:113 17:131 18:239 19:341 20:491 21:683 22:1013 23:1439 24:2003 25:2819 26:4019 27:5723 28:8111 29:11549 30:16343 31:22943 32:32723 33:32759
RECORDS 1038
record p=3 q=5 N=15 n=4 value=1
record p=47 q=79 N=3713 n=12 value=13
record p=47 q=83 N=3901 n=12 value=23
record p=59 q=83 N=4897 n=13 value=29
record p=83 q=149 N=12367 n=14 value=37
record p=107 q=167 N=17869 n=15 value=53
record p=167 q=179 N=29893 n=15 value=83
record p=179 q=227 N=40633 n=16 value=89
record p=227 q=263 N=59701 n=16 value=113
record p=263 q=347 N=91261 n=17 value=131
record p=347 q=479 N=166213 n=18 value=173
record p=359 q=479 N=171961 n=18 value=179
record p=383 q=467 N=178861 n=18 value=191
record p=467 q=503 N=234901 n=18 value=233
record p=479 q=503 N=240937 n=18 value=239
record p=503 q=563 N=283189 n=19 value=251
record p=563 q=587 N=330481 n=19 value=281
record p=587 q=683 N=400921 n=19 value=293
record p=647 q=1229 N=795163 n=20 value=307
record p=683 q=719 N=491077 n=19 value=341
record p=719 q=839 N=603241 n=20 value=359
record p=827 q=1367 N=1130509 n=21 value=413
record p=839 q=887 N=744193 n=20 value=419
record p=863 q=887 N=765481 n=20 value=431
record p=887 q=983 N=871921 n=20 value=443
record p=983 q=1019 N=1001677 n=20 value=491
record p=1019 q=1187 N=1209553 n=21 value=509
record p=1103 q=1367 N=1507801 n=21 value=551
record p=1163 q=1367 N=1589821 n=21 value=581
record p=1187 q=1283 N=1522921 n=21 value=593
record p=1223 q=1523 N=1862629 n=21 value=611
record p=1259 q=1487 N=1872133 n=21 value=629
record p=1283 q=1307 N=1676881 n=21 value=641
record p=1307 q=1367 N=1786669 n=21 value=653
record p=1319 q=1367 N=1803073 n=21 value=659
record p=1367 q=1427 N=1950709 n=21 value=683
record p=1427 q=1907 N=2721289 n=22 value=713
record p=1439 q=1487 N=2139793 n=22 value=719
record p=1487 q=1523 N=2264701 n=22 value=743
record p=1523 q=1619 N=2465737 n=22 value=761
record p=1559 q=2039 N=3178801 n=22 value=779
record p=1583 q=2027 N=3208741 n=22 value=791
record p=1607 q=2099 N=3373093 n=22 value=803
record p=1619 q=1823 N=2951437 n=22 value=809
record p=1787 q=2063 N=3686581 n=22 value=893
record p=1823 q=1907 N=3476461 n=22 value=911
record p=1847 q=3167 N=5849449 n=23 value=923
record p=1907 q=2027 N=3865489 n=22 value=953
record p=1979 q=2459 N=4866361 n=23 value=989
record p=2027 q=2063 N=4181701 n=22 value=1013
record p=2039 q=2099 N=4279861 n=23 value=1019
record p=2063 q=2099 N=4330237 n=23 value=1031
record p=2099 q=2207 N=4632493 n=23 value=1049
record p=2207 q=2447 N=5400529 n=23 value=1103
record p=2243 q=2819 N=6323017 n=23 value=1121
record p=2399 q=4127 N=9900673 n=24 value=1199
record p=2423 q=3467 N=8400541 n=24 value=1211
record p=2447 q=2459 N=6017173 n=23 value=1223
record p=2459 q=2543 N=6253237 n=23 value=1229
record p=2543 q=2879 N=7321297 n=23 value=1271
record p=2579 q=2699 N=6960721 n=23 value=1289
record p=2663 q=3167 N=8433721 n=24 value=1331
record p=2687 q=2879 N=7735873 n=23 value=1343
record p=2699 q=2903 N=7835197 n=23 value=1349
record p=2819 q=2903 N=8183557 n=23 value=1409
record p=2879 q=2903 N=8357737 n=23 value=1439
record p=2903 q=2963 N=8601589 n=24 value=1451
record p=2939 q=2963 N=8708257 n=24 value=1469
record p=2963 q=2999 N=8886037 n=24 value=1481
record p=2999 q=3083 N=9245917 n=24 value=1499
record p=3023 q=3083 N=9319909 n=24 value=1511
record p=3083 q=3167 N=9763861 n=24 value=1541
record p=3119 q=3203 N=9990157 n=24 value=1559
record p=3167 q=3203 N=10143901 n=24 value=1583
record p=3203 q=3467 N=11104801 n=24 value=1601
record p=3299 q=3539 N=11675161 n=24 value=1649
record p=3323 q=4703 N=15628069 n=24 value=1661
record p=3359 q=3779 N=12693661 n=24 value=1679
record p=3407 q=5399 N=18394393 n=25 value=1703
record p=3467 q=3527 N=12228109 n=24 value=1733
record p=3527 q=3659 N=12905293 n=24 value=1763
record p=3539 q=3623 N=12821797 n=24 value=1769
record p=3623 q=3659 N=13256557 n=24 value=1811
record p=3659 q=3863 N=14134717 n=24 value=1829
record p=3779 q=3803 N=14371537 n=24 value=1889
record p=3803 q=3863 N=14690989 n=24 value=1901
record p=3863 q=3947 N=15247261 n=24 value=1931
record p=3923 q=3947 N=15484081 n=24 value=1961
record p=3947 q=4007 N=15815629 n=24 value=1973
record p=4007 q=4079 N=16344553 n=24 value=2003
record p=4079 q=4139 N=16882981 n=25 value=2039
record p=4127 q=4139 N=17081653 n=25 value=2063
record p=4139 q=4259 N=17628001 n=25 value=2069
record p=4259 q=4283 N=18241297 n=25 value=2129
record p=4283 q=4547 N=19474801 n=25 value=2141
record p=4463 q=4787 N=21364381 n=25 value=2231
record p=4547 q=4679 N=21275413 n=25 value=2273
record p=4583 q=4679 N=21443857 n=25 value=2291
record p=4643 q=5507 N=25569001 n=25 value=2321
record p=4679 q=4919 N=23016001 n=25 value=2339
record p=4703 q=4787 N=22513261 n=25 value=2351
record p=4787 q=4919 N=23547253 n=25 value=2393
record p=4799 q=4919 N=23606281 n=25 value=2399
record p=4919 q=4967 N=24432673 n=25 value=2459
record p=5003 q=5087 N=25450261 n=25 value=2501
record p=5039 q=6659 N=33554701 n=26 value=2519
record p=5087 q=5099 N=25938613 n=25 value=2543
record p=5099 q=5387 N=27468313 n=25 value=2549
record p=5147 q=5507 N=28344529 n=25 value=2573
record p=5387 q=5483 N=29536921 n=25 value=2693
record p=5399 q=5483 N=29602717 n=25 value=2699
record p=5483 q=5507 N=30194881 n=25 value=2741
record p=5507 q=5639 N=31053973 n=25 value=2753
record p=5519 q=5807 N=32048833 n=25 value=2759
record p=5639 q=5807 N=32745673 n=25 value=2819
record p=5807 q=5879 N=34139353 n=26 value=2903
record p=5843 q=6599 N=38557957 n=26 value=2921
record p=5879 q=5927 N=34844833 n=26 value=2939
record p=5903 q=7643 N=45116629 n=26 value=2951
record p=5927 q=5939 N=35200453 n=26 value=2963
record p=5939 q=6047 N=35913133 n=26 value=2969
record p=5987 q=6599 N=39508213 n=26 value=2993
record p=6047 q=6599 N=39904153 n=26 value=3023
record p=6143 q=6599 N=40537657 n=26 value=3071
record p=6263 q=6599 N=41329537 n=26 value=3131
record p=6299 q=6827 N=43003273 n=26 value=3149
record p=6323 q=6659 N=42104857 n=26 value=3161
record p=6563 q=6899 N=45278137 n=26 value=3281
record p=6599 q=6659 N=43942741 n=26 value=3299
record p=6659 q=6779 N=45141361 n=26 value=3329
record p=6719 q=6779 N=45548101 n=26 value=3359
record p=6779 q=6827 N=46280233 n=26 value=3389
record p=6803 q=8363 N=56893489 n=26 value=3401
record p=6827 q=6863 N=46853701 n=26 value=3413
record p=6863 q=7487 N=51383281 n=26 value=3431
record p=6899 q=6983 N=48175717 n=26 value=3449
record p=6947 q=7247 N=50344909 n=26 value=3473
record p=6983 q=7079 N=49432657 n=26 value=3491
record p=7079 q=7187 N=50876773 n=26 value=3539
record p=7103 q=7487 N=53180161 n=26 value=3551
record p=7187 q=7247 N=52084189 n=26 value=3593
record p=7247 q=7523 N=54519181 n=26 value=3623
record p=7283 q=12347 N=89923201 n=27 value=3641
record p=7307 q=8147 N=59530129 n=26 value=3653
record p=7487 q=7703 N=57672361 n=26 value=3743
record p=7499 q=7703 N=57764797 n=26 value=3749
record p=7523 q=7559 N=56866357 n=26 value=3761
record p=7559 q=7607 N=57501313 n=26 value=3779
record p=7583 q=8039 N=60959737 n=26 value=3791
record p=7607 q=7643 N=58140301 n=26 value=3803
record p=7643 q=7703 N=58874029 n=26 value=3821
record p=7703 q=7823 N=60260569 n=26 value=3851
record p=7727 q=7823 N=60448321 n=26 value=3863
record p=7823 q=7907 N=61856461 n=26 value=3911
record p=7883 q=12899 N=101682817 n=27 value=3941
record p=7907 q=8039 N=63564373 n=26 value=3953
record p=7919 q=8147 N=64516093 n=26 value=3959
record p=8039 q=8147 N=65493733 n=26 value=4019
record p=8087 q=9239 N=74715793 n=27 value=4043
record p=8123 q=8423 N=68420029 n=27 value=4061
record p=8147 q=8423 N=68622181 n=27 value=4073
record p=8219 q=10079 N=82839301 n=27 value=4109
record p=8243 q=8819 N=72695017 n=27 value=4121
record p=8363 q=8783 N=73452229 n=27 value=4181
record p=8423 q=8543 N=71957689 n=27 value=4211
record p=8447 q=8699 N=73480453 n=27 value=4223
record p=8543 q=8699 N=74315557 n=27 value=4271
record p=8627 q=8699 N=75046273 n=27 value=4313
record p=8663 q=8747 N=75775261 n=27 value=4331
record p=8699 q=8747 N=76090153 n=27 value=4349
record p=8747 q=8783 N=76824901 n=27 value=4373
record p=8783 q=8819 N=77457277 n=27 value=4391
record p=8819 q=8963 N=79044697 n=27 value=4409
record p=8963 q=9203 N=82486489 n=27 value=4481
record p=8999 q=11807 N=106251193 n=27 value=4499
record p=9203 q=9323 N=85799569 n=27 value=4601
record p=9227 q=11027 N=101746129 n=27 value=4613
record p=9239 q=9839 N=90902521 n=27 value=4619
record p=9323 q=9467 N=88260841 n=27 value=4661
record p=9419 q=9839 N=92673541 n=27 value=4709
record p=9467 q=9587 N=90760129 n=27 value=4733
record p=9539 q=9887 N=94312093 n=27 value=4769
record p=9587 q=9719 N=93176053 n=27 value=4793
record p=9623 q=10559 N=101609257 n=27 value=4811
record p=9719 q=10007 N=97258033 n=27 value=4859
record p=9743 q=9839 N=95861377 n=27 value=4871
record p=9767 q=10799 N=105473833 n=27 value=4883
record p=9803 q=14843 N=145505929 n=28 value=4901
record p=9839 q=10007 N=98458873 n=27 value=4919
record p=9887 q=10007 N=98939209 n=27 value=4943
record p=9923 q=15083 N=149668609 n=28 value=4961
record p=10007 q=10079 N=100860553 n=27 value=5003
record p=10079 q=10103 N=101828137 n=27 value=5039
record p=10103 q=10139 N=102434317 n=27 value=5051
record p=10139 q=10247 N=103894333 n=27 value=5069
record p=10163 q=10247 N=104140261 n=27 value=5081
record p=10223 q=10343 N=105736489 n=27 value=5111
record p=10247 q=10607 N=108689929 n=27 value=5123
record p=10259 q=11483 N=117804097 n=27 value=5129
record p=10343 q=10463 N=108218809 n=27 value=5171
record p=10427 q=11423 N=119107621 n=27 value=5213
record p=10463 q=10607 N=110981041 n=27 value=5231
record p=10487 q=15299 N=160440613 n=28 value=5243
record p=10499 q=11003 N=115520497 n=27 value=5249
record p=10559 q=10607 N=111999313 n=27 value=5279
record p=10607 q=10667 N=113144869 n=27 value=5303
record p=10667 q=10799 N=115192933 n=27 value=5333
record p=10799 q=10859 N=117266341 n=27 value=5399
record p=10859 q=10883 N=118178497 n=27 value=5429
record p=10883 q=11003 N=119745649 n=27 value=5441
record p=10979 q=11003 N=120801937 n=27 value=5489
record p=11003 q=11279 N=124102837 n=27 value=5501
record p=11027 q=11279 N=124373533 n=27 value=5513
record p=11087 q=11483 N=127312021 n=27 value=5543
record p=11279 q=11423 N=128840017 n=27 value=5639
record p=11399 q=11447 N=130484353 n=27 value=5699
record p=11423 q=11447 N=130759081 n=27 value=5711
record p=11447 q=11483 N=131445901 n=27 value=5723
record p=11483 q=11699 N=134339617 n=28 value=5741
record p=11519 q=17387 N=200280853 n=28 value=5759
record p=11699 q=11783 N=137849317 n=28 value=5849
record p=11783 q=11939 N=140677237 n=28 value=5891
record p=11807 q=11939 N=140963773 n=28 value=5903
record p=11867 q=12983 N=154069261 n=28 value=5933
record p=11903 q=13043 N=155250829 n=28 value=5951
record p=11927 q=12107 N=144400189 n=28 value=5963
record p=11939 q=12203 N=145691617 n=28 value=5969
record p=11987 q=13163 N=157784881 n=28 value=5993
record p=12107 q=12143 N=147015301 n=28 value=6053
record p=12119 q=12263 N=148615297 n=28 value=6059
record p=12143 q=14423 N=175138489 n=28 value=6071
record p=12203 q=12227 N=149206081 n=28 value=6101
record p=12227 q=12263 N=149939701 n=28 value=6113
record p=12239 q=12323 N=150821197 n=28 value=6119
record p=12263 q=12323 N=151116949 n=28 value=6131
record p=12323 q=12347 N=152152081 n=28 value=6161
record p=12347 q=12527 N=154670869 n=28 value=6173
record p=12479 q=13367 N=166806793 n=28 value=6239
record p=12527 q=12539 N=157076053 n=28 value=6263
record p=12539 q=12647 N=158580733 n=28 value=6269
record p=12647 q=12659 N=160098373 n=28 value=6323
record p=12659 q=12899 N=163288441 n=28 value=6329
record p=12743 q=13163 N=167736109 n=28 value=6371
record p=12899 q=12983 N=167467717 n=28 value=6449
record p=12959 q=13523 N=175244557 n=28 value=6479
record p=12983 q=13043 N=169337269 n=28 value=6491
record p=13007 q=16139 N=209919973 n=28 value=6503
record p=13043 q=13103 N=170902429 n=28 value=6521
record p=13103 q=13127 N=172003081 n=28 value=6551
record p=13127 q=13163 N=172790701 n=28 value=6563
record p=13163 q=13463 N=177213469 n=28 value=6581
record p=13187 q=14699 N=193835713 n=28 value=6593
record p=13367 q=13463 N=179959921 n=28 value=6683
record p=13463 q=13799 N=185775937 n=28 value=6731
record p=13487 q=13523 N=182384701 n=28 value=6743
record p=13499 q=14159 N=191132341 n=28 value=6749
record p=13523 q=13799 N=186603877 n=28 value=6761
record p=13619 q=14783 N=201329677 n=28 value=6809
record p=13679 q=14699 N=201067621 n=28 value=6839
record p=13799 q=13967 N=192730633 n=28 value=6899
record p=13859 q=14423 N=199888357 n=28 value=6929
record p=13883 q=23603 N=327680449 n=29 value=6941
record p=13907 q=14627 N=203417689 n=28 value=6953
record p=13967 q=14087 N=196753129 n=28 value=6983
record p=14087 q=14159 N=199457833 n=28 value=7043
record p=14159 q=14243 N=201666637 n=28 value=7079
record p=14207 q=14243 N=202350301 n=28 value=7103
record p=14243 q=14387 N=204914041 n=28 value=7121
record p=14303 q=14387 N=205777261 n=28 value=7151
record p=14387 q=14423 N=207503701 n=28 value=7193
record p=14423 q=14627 N=210965221 n=28 value=7211
record p=14447 q=14759 N=213223273 n=28 value=7223
record p=14543 q=17327 N=251986561 n=28 value=7271
record p=14627 q=14699 N=215002273 n=28 value=7313
record p=14639 q=17483 N=255933637 n=28 value=7319
record p=14699 q=14759 N=216942541 n=28 value=7349
record p=14723 q=15083 N=222067009 n=28 value=7361
record p=14747 q=14867 N=219243649 n=28 value=7373
record p=14759 q=14843 N=219067837 n=28 value=7379
record p=14783 q=15287 N=225987721 n=28 value=7391
record p=14843 q=15287 N=226904941 n=28 value=7421
record p=14867 q=15083 N=224238961 n=28 value=7433
record p=14879 q=15299 N=227633821 n=28 value=7439
record p=15083 q=15287 N=230573821 n=28 value=7541
record p=15227 q=15299 N=232957873 n=28 value=7613
record p=15263 q=16319 N=249076897 n=28 value=7631
record p=15287 q=15299 N=233875813 n=28 value=7643
record p=15299 q=15383 N=235344517 n=28 value=7649
record p=15383 q=15647 N=240697801 n=28 value=7691
record p=15647 q=15683 N=245391901 n=28 value=7823
record p=15683 q=15767 N=247273861 n=28 value=7841
record p=15767 q=15803 N=249165901 n=28 value=7883
record p=15803 q=15959 N=252200077 n=28 value=7901
record p=15887 q=21839 N=346956193 n=29 value=7943
record p=15923 q=17027 N=271120921 n=29 value=7961
record p=15959 q=16103 N=256987777 n=28 value=7979
record p=16007 q=16187 N=259105309 n=28 value=8003
record p=16067 q=16187 N=260076529 n=28 value=8033
record p=16103 q=16319 N=262784857 n=28 value=8051
record p=16127 q=28307 N=456506989 n=29 value=8063
record p=16139 q=16187 N=261241993 n=28 value=8069
record p=16187 q=16319 N=264155653 n=28 value=8093
record p=16223 q=16487 N=267468601 n=28 value=8111
record p=16319 q=16487 N=269051353 n=29 value=8159
record p=16427 q=17387 N=285616249 n=29 value=8213
record p=16487 q=16547 N=272810389 n=29 value=8243
record p=16547 q=16943 N=280355821 n=29 value=8273
record p=16607 q=18059 N=299905813 n=29 value=8303
record p=16763 q=21227 N=355828201 n=29 value=8381
record p=16823 q=17807 N=299567161 n=29 value=8411
record p=16883 q=17903 N=302256349 n=29 value=8441
record p=16943 q=17387 N=294587941 n=29 value=8471
record p=16979 q=17027 N=289101433 n=29 value=8489
record p=17027 q=17099 N=291144673 n=29 value=8513
record p=17099 q=17327 N=296274373 n=29 value=8549
record p=17159 q=18143 N=311315737 n=29 value=8579
record p=17327 q=17387 N=301264549 n=29 value=8663
record p=17387 q=17483 N=303976921 n=29 value=8693
record p=17483 q=17747 N=310270801 n=29 value=8741
record p=17519 q=20663 N=361995097 n=29 value=8759
record p=17747 q=20627 N=366067369 n=29 value=8873
record p=17783 q=18587 N=330532621 n=29 value=8891
record p=17807 q=17903 N=318798721 n=29 value=8903
record p=17903 q=17939 N=321161917 n=29 value=8951
record p=17939 q=18059 N=323960401 n=29 value=8969
record p=17987 q=23039 N=414402493 n=29 value=8993
record p=18059 q=18119 N=327211021 n=29 value=9029
record p=18119 q=18287 N=331342153 n=29 value=9059
record p=18143 q=18287 N=331781041 n=29 value=9071
record p=18287 q=18587 N=339900469 n=29 value=9143
record p=18443 q=18587 N=342800041 n=29 value=9221
record p=18503 q=34127 N=631451881 n=30 value=9251
record p=18539 q=21839 N=404873221 n=29 value=9269
record p=18587 q=18743 N=348376141 n=29 value=9293
record p=18743 q=18839 N=353099377 n=29 value=9371
record p=18839 q=18947 N=356942533 n=29 value=9419
record p=18899 q=21767 N=411374533 n=29 value=9449
record p=18947 q=19079 N=361489813 n=29 value=9473
record p=18959 q=19079 N=361718761 n=29 value=9479
record p=19079 q=19259 N=367442461 n=29 value=9539
record p=19163 q=21587 N=413671681 n=29 value=9581
record p=19259 q=19379 N=373220161 n=29 value=9629
record p=19319 q=22343 N=431644417 n=29 value=9659
record p=19379 q=19739 N=382522081 n=29 value=9689
record p=19403 q=19739 N=382995817 n=29 value=9701
record p=19427 q=24407 N=474154789 n=29 value=9713
record p=19463 q=20123 N=391653949 n=29 value=9731
record p=19583 q=20123 N=394068709 n=29 value=9791
record p=19739 q=19763 N=390101857 n=29 value=9869
record p=19763 q=20507 N=405279841 n=29 value=9881
record p=19919 q=21059 N=419474221 n=29 value=9959
record p=20123 q=20183 N=406142509 n=29 value=10061
record p=20183 q=20327 N=410259841 n=29 value=10091
record p=20219 q=21419 N=433070761 n=29 value=10109
record p=20327 q=20507 N=416845789 n=29 value=10163
record p=20507 q=20627 N=422997889 n=29 value=10253
record p=20543 q=20627 N=423740461 n=29 value=10271
record p=20627 q=20663 N=426215701 n=29 value=10313
record p=20639 q=21467 N=443057413 n=29 value=10319
record p=20663 q=20759 N=428943217 n=29 value=10331
record p=20759 q=21059 N=437163781 n=29 value=10379
record p=20807 q=21059 N=438174613 n=29 value=10403
record p=20879 q=40583 N=847332457 n=30 value=10439
record p=20903 q=27827 N=581667781 n=30 value=10451
record p=20939 q=21383 N=447738637 n=29 value=10469
record p=20963 q=21059 N=441459817 n=29 value=10481
record p=21023 q=21467 N=451300741 n=29 value=10511
record p=21059 q=21179 N=446008561 n=29 value=10529
record p=21107 q=21179 N=447025153 n=29 value=10553
record p=21143 q=23039 N=487113577 n=29 value=10571
record p=21179 q=21227 N=449566633 n=29 value=10589
record p=21227 q=21383 N=453896941 n=29 value=10613
record p=21347 q=23603 N=503853241 n=29 value=10673
record p=21383 q=21419 N=458002477 n=29 value=10691
record p=21419 q=21467 N=459801673 n=29 value=10709
record p=21467 q=21563 N=462892921 n=29 value=10733
record p=21503 q=27407 N=589332721 n=30 value=10751
record p=21563 q=21647 N=466774261 n=29 value=10781
record p=21587 q=21863 N=471956581 n=29 value=10793
record p=21599 q=21647 N=467553553 n=29 value=10799
record p=21647 q=22259 N=481840573 n=29 value=10823
record p=21683 q=22787 N=494090521 n=29 value=10841
record p=21767 q=21803 N=474585901 n=29 value=10883
record p=21803 q=22643 N=493685329 n=29 value=10901
record p=21839 q=22283 N=486638437 n=29 value=10919
record p=21863 q=22619 N=494519197 n=29 value=10931
record p=22259 q=22343 N=497332837 n=29 value=11129
record p=22283 q=23603 N=525945649 n=29 value=11141
record p=22307 q=23399 N=521961493 n=29 value=11153
record p=22343 q=22619 N=505376317 n=29 value=11171
record p=22367 q=22619 N=505919173 n=29 value=11183
record p=22619 q=22643 N=512162017 n=29 value=11309
record p=22643 q=22739 N=514879177 n=29 value=11321
record p=22679 q=24239 N=549716281 n=30 value=11339
record p=22727 q=23819 N=541334413 n=30 value=11363
record p=22739 q=22787 N=518153593 n=29 value=11369
record p=22787 q=22943 N=522802141 n=29 value=11393
record p=22859 q=23663 N=540912517 n=30 value=11429
record p=22907 q=24203 N=554418121 n=30 value=11453
record p=22943 q=23099 N=529960357 n=29 value=11471
record p=23027 q=23603 N=543506281 n=30 value=11513
record p=23039 q=23099 N=532177861 n=29 value=11519
record p=23063 q=23447 N=540758161 n=30 value=11531
record p=23099 q=23159 N=534949741 n=29 value=11549
record p=23159 q=23279 N=539118361 n=30 value=11579
record p=23279 q=23399 N=544705321 n=30 value=11639
record p=23327 q=23399 N=545828473 n=30 value=11663
record p=23339 q=23879 N=557311981 n=30 value=11669
record p=23399 q=23567 N=551444233 n=30 value=11699
record p=23447 q=23567 N=552575449 n=30 value=11723
record p=23459 q=23567 N=552858253 n=30 value=11729
record p=23567 q=23603 N=556251901 n=30 value=11783
record p=23603 q=23627 N=557668081 n=30 value=11801
record p=23627 q=23663 N=559085701 n=30 value=11813
record p=23663 q=23687 N=560505481 n=30 value=11831
record p=23687 q=24083 N=570454021 n=30 value=11843
record p=23747 q=24023 N=570474181 n=30 value=11873
record p=23819 q=23879 N=568773901 n=30 value=11909
record p=23879 q=24023 N=573645217 n=30 value=11939
record p=24023 q=24083 N=578545909 n=30 value=12011
record p=24083 q=24203 N=582880849 n=30 value=12041
record p=24107 q=27299 N=658096993 n=30 value=12053
record p=24203 q=24239 N=586656517 n=30 value=12101
record p=24239 q=24407 N=591601273 n=30 value=12119
record p=24359 q=24419 N=594822421 n=30 value=12179
record p=24407 q=24527 N=598630489 n=30 value=12203
record p=24419 q=24527 N=598924813 n=30 value=12209
record p=24443 q=27059 N=661403137 n=30 value=12221
record p=24527 q=24659 N=604811293 n=30 value=12263
record p=24623 q=25307 N=623134261 n=30 value=12311
record p=24659 q=25307 N=624045313 n=30 value=12329
record p=24923 q=26003 N=648072769 n=30 value=12461
record p=25127 q=26927 N=676594729 n=30 value=12563
record p=25163 q=25583 N=643745029 n=30 value=12581
record p=25247 q=28559 N=721029073 n=30 value=12623
record p=25307 q=25523 N=645910561 n=30 value=12653
record p=25343 q=25367 N=642875881 n=30 value=12671
record p=25367 q=32603 N=827040301 n=30 value=12683
record p=25463 q=25703 N=654475489 n=30 value=12731
record p=25523 q=27407 N=699508861 n=30 value=12761
record p=25583 q=25643 N=656024869 n=30 value=12791
record p=25643 q=25679 N=658486597 n=30 value=12821
record p=25667 q=25703 N=659718901 n=30 value=12833
record p=25679 q=26903 N=690842137 n=30 value=12839
record p=25703 q=25799 N=663111697 n=30 value=12851
record p=25763 q=28307 N=729273241 n=30 value=12881
record p=25799 q=25847 N=666826753 n=30 value=12899
record p=25847 q=26003 N=672099541 n=30 value=12923
record p=25919 q=26003 N=673971757 n=30 value=12959
record p=26003 q=26099 N=678652297 n=30 value=13001
record p=26099 q=26387 N=688674313 n=30 value=13049
record p=26183 q=51503 N=1348503049 n=31 value=13091
record p=26267 q=26927 N=707291509 n=30 value=13133
record p=26339 q=28439 N=749054821 n=30 value=13169
record p=26387 q=26459 N=698173633 n=30 value=13193
record p=26399 q=26459 N=698491141 n=30 value=13199
record p=26423 q=26723 N=706101829 n=30 value=13211
record p=26459 q=26627 N=704523793 n=30 value=13229
record p=26627 q=26903 N=716346181 n=30 value=13313
record p=26687 q=27107 N=723404509 n=30 value=13343
record p=26723 q=26903 N=718928869 n=30 value=13361
record p=26759 q=27803 N=743980477 n=30 value=13379
record p=26783 q=42683 N=1143178789 n=31 value=13391
record p=26879 q=26927 N=723770833 n=30 value=13439
record p=26903 q=26987 N=726031261 n=30 value=13451
record p=26927 q=27059 N=728617693 n=30 value=13463
record p=26987 q=27059 N=730241233 n=30 value=13493
record p=27059 q=27107 N=733488313 n=30 value=13529
record p=27107 q=27143 N=735765301 n=30 value=13553
record p=27143 q=27179 N=737719597 n=30 value=13571
record p=27179 q=27239 N=740328781 n=30 value=13589
record p=27239 q=27299 N=743597461 n=30 value=13619
record p=27299 q=27407 N=748183693 n=30 value=13649
record p=27407 q=27527 N=754432489 n=30 value=13703
record p=27479 q=44963 N=1235538277 n=31 value=13739
record p=27527 q=27767 N=764342209 n=30 value=13763
record p=27647 q=27767 N=767674249 n=30 value=13823
record p=27767 q=27803 N=772005901 n=30 value=13883
record p=27779 q=44543 N=1237359997 n=31 value=13889
record p=27803 q=27827 N=773674081 n=30 value=13901
record p=27827 q=27947 N=777681169 n=30 value=13913
record p=27947 q=28283 N=790425001 n=30 value=13973
record p=27983 q=28019 N=784055677 n=30 value=13991
record p=28019 q=28163 N=789099097 n=30 value=14009
record p=28163 q=28307 N=797210041 n=30 value=14081
record p=28283 q=28307 N=800606881 n=30 value=14141
record p=28307 q=28499 N=806721193 n=30 value=14153
record p=28319 q=28499 N=807063181 n=30 value=14159
record p=28403 q=44819 N=1272994057 n=31 value=14201
record p=28439 q=28499 N=810483061 n=30 value=14219
record p=28499 q=28559 N=813902941 n=30 value=14249
record p=28559 q=28643 N=818015437 n=30 value=14279
record p=28607 q=28643 N=819390301 n=30 value=14303
record p=28619 q=28643 N=819734017 n=30 value=14309
record p=28643 q=28979 N=830045497 n=30 value=14321
record p=28703 q=28859 N=828339877 n=30 value=14351
record p=28859 q=29123 N=840460657 n=30 value=14429
record p=28979 q=29123 N=843955417 n=30 value=14489
record p=29027 q=30347 N=880882369 n=30 value=14513
record p=29063 q=30539 N=887554957 n=30 value=14531
record p=29123 q=29207 N=850595461 n=30 value=14561
record p=29147 q=38867 N=1132856449 n=31 value=14573
record p=29207 q=30203 N=882139021 n=30 value=14603
record p=29243 q=29339 N=857960377 n=30 value=14621
record p=29327 q=33623 N=986061721 n=30 value=14663
record p=29339 q=29399 N=862537261 n=30 value=14669
record p=29363 q=29423 N=863947549 n=30 value=14681
record p=29387 q=47639 N=1399967293 n=31 value=14693
record p=29399 q=29483 N=866770717 n=30 value=14699
record p=29423 q=29867 N=878776741 n=30 value=14711
record p=29483 q=29663 N=874554229 n=30 value=14741
record p=29567 q=29663 N=877045921 n=30 value=14783
record p=29663 q=29879 N=886300777 n=30 value=14831
record p=29759 q=29819 N=887383621 n=30 value=14879
record p=29819 q=30323 N=904201537 n=30 value=14909
record p=29867 q=30203 N=902073001 n=30 value=14933
record p=29879 q=30047 N=897774313 n=30 value=14939
record p=29927 q=32183 N=963140641 n=30 value=14963
record p=30047 q=30347 N=911836309 n=30 value=15023
record p=30119 q=43787 N=1318820653 n=31 value=15059
record p=30203 q=30323 N=915845569 n=30 value=15101
record p=30323 q=30347 N=920212081 n=30 value=15161
record p=30347 q=30467 N=924582049 n=30 value=15173
record p=30467 q=30539 N=930431713 n=30 value=15233
record p=30539 q=30803 N=940692817 n=30 value=15269
record p=30707 q=31847 N=977925829 n=30 value=15353
record p=30803 q=30839 N=949933717 n=30 value=15401
record p=30839 q=31847 N=982129633 n=30 value=15419
record p=30983 q=35879 N=1111639057 n=31 value=15491
record p=31019 q=34703 N=1076452357 n=31 value=15509
record p=31079 q=31247 N=971125513 n=30 value=15539
record p=31139 q=31223 N=972252997 n=30 value=15569
record p=31223 q=31259 N=975999757 n=30 value=15611
record p=31247 q=31607 N=987623929 n=30 value=15623
record p=31259 q=31547 N=986127673 n=30 value=15629
record p=31307 q=41843 N=1309978801 n=31 value=15653
record p=31319 q=47207 N=1478476033 n=31 value=15659
record p=31379 q=32507 N=1020037153 n=30 value=15689
record p=31547 q=31607 N=997106029 n=30 value=15773
record p=31583 q=31607 N=998243881 n=30 value=15791
record p=31607 q=31667 N=1000898869 n=30 value=15803
record p=31643 q=37307 N=1180505401 n=31 value=15821
record p=31667 q=31847 N=1008498949 n=30 value=15833
record p=31727 q=31847 N=1010409769 n=30 value=15863
record p=31799 q=34883 N=1109244517 n=31 value=15899
record p=31847 q=31859 N=1014613573 n=30 value=15923
record p=31859 q=39323 N=1252791457 n=31 value=15929
record p=31883 q=32687 N=1042159621 n=30 value=15941
record p=32003 q=32027 N=1024960081 n=30 value=16001
record p=32027 q=32183 N=1030724941 n=30 value=16013
record p=32063 q=51347 N=1646338861 n=31 value=16031
record p=32099 q=39323 N=1262228977 n=31 value=16049
record p=32183 q=32303 N=1039607449 n=30 value=16091
record p=32303 q=33347 N=1077208141 n=31 value=16151
record p=32363 q=51203 N=1657082689 n=31 value=16181
record p=32507 q=32603 N=1059825721 n=30 value=16253
record p=32603 q=32843 N=1070780329 n=30 value=16301
record p=32687 q=32783 N=1071577921 n=30 value=16343
record p=32783 q=32939 N=1079839237 n=31 value=16391
record p=32843 q=32939 N=1081815577 n=31 value=16421
record p=32939 q=33563 N=1105531657 n=31 value=16469
record p=32987 q=33107 N=1092100609 n=31 value=16493
record p=32999 q=33107 N=1092497893 n=31 value=16499
record p=33023 q=50159 N=1656400657 n=31 value=16511
record p=33107 q=33347 N=1104019129 n=31 value=16553
record p=33119 q=33563 N=1111572997 n=31 value=16559
record p=33179 q=34019 N=1128716401 n=31 value=16589
record p=33203 q=33767 N=1121165701 n=31 value=16601
record p=33347 q=33599 N=1120425853 n=31 value=16673
record p=33359 q=33599 N=1120829041 n=31 value=16679
record p=33479 q=33647 N=1126467913 n=31 value=16739
record p=33503 q=36467 N=1221753901 n=31 value=16751
record p=33563 q=33623 N=1128488749 n=31 value=16781
record p=33599 q=33623 N=1129699177 n=31 value=16799
record p=33623 q=33767 N=1135347841 n=31 value=16811
record p=33647 q=33767 N=1136158249 n=31 value=16823
record p=33767 q=33863 N=1143451921 n=31 value=16883
record p=33827 q=35963 N=1216520401 n=31 value=16913
record p=33863 q=34019 N=1151985397 n=31 value=16931
record p=34019 q=34283 N=1166273377 n=31 value=17009
record p=34127 q=34319 N=1171204513 n=31 value=17063
record p=34283 q=34583 N=1185608989 n=31 value=17141
record p=34319 q=34403 N=1180676557 n=31 value=17159
record p=34367 q=34403 N=1182327901 n=31 value=17183
record p=34403 q=34439 N=1184804917 n=31 value=17201
record p=34439 q=34583 N=1191003937 n=31 value=17219
record p=34487 q=34583 N=1192663921 n=31 value=17243
record p=34499 q=34583 N=1193078917 n=31 value=17249
record p=34583 q=34667 N=1198888861 n=31 value=17291
record p=34607 q=55487 N=1920238609 n=31 value=17303
record p=34667 q=34703 N=1203048901 n=31 value=17333
record p=34703 q=34883 N=1210544749 n=31 value=17351
record p=34739 q=36083 N=1253487337 n=31 value=17369
record p=34883 q=35159 N=1226451397 n=31 value=17441
record p=34919 q=38783 N=1354263577 n=31 value=17459
record p=35027 q=35339 N=1237819153 n=31 value=17513
record p=35159 q=35339 N=1242483901 n=31 value=17579
record p=35279 q=35339 N=1246724581 n=31 value=17639
record p=35327 q=35999 N=1271736673 n=31 value=17663
record p=35339 q=35363 N=1249693057 n=31 value=17669
record p=35363 q=35507 N=1255634041 n=31 value=17681
record p=35423 q=35759 N=1266691057 n=31 value=17711
record p=35447 q=36263 N=1285414561 n=31 value=17723
record p=35507 q=35759 N=1269694813 n=31 value=17753
record p=35543 q=39107 N=1389980101 n=31 value=17771
record p=35747 q=35963 N=1285569361 n=31 value=17873
record p=35759 q=39119 N=1398856321 n=31 value=17879
record p=35879 q=35963 N=1290316477 n=31 value=17939
record p=35963 q=36083 N=1297652929 n=31 value=17981
record p=35999 q=36383 N=1309751617 n=31 value=17999
record p=36083 q=36263 N=1308477829 n=31 value=18041
record p=36263 q=36299 N=1316310637 n=31 value=18131
record p=36299 q=36383 N=1320666517 n=31 value=18149
record p=36383 q=36467 N=1326778861 n=31 value=18191
record p=36467 q=36683 N=1337718961 n=31 value=18233
record p=36479 q=38639 N=1409512081 n=31 value=18239
record p=36563 q=36767 N=1344311821 n=31 value=18281
record p=36587 q=44939 N=1644183193 n=31 value=18293
record p=36599 q=36887 N=1350027313 n=31 value=18299
record p=36683 q=36767 N=1348723861 n=31 value=18341
record p=36767 q=36887 N=1356224329 n=31 value=18383
record p=36887 q=36923 N=1361978701 n=31 value=18443
record p=36899 q=36923 N=1362421777 n=31 value=18449
record p=36923 q=37223 N=1374384829 n=31 value=18461
record p=37019 q=37547 N=1389952393 n=31 value=18509
record p=37139 q=37463 N=1391338357 n=31 value=18569
record p=37223 q=37463 N=1394485249 n=31 value=18611
record p=37307 q=37607 N=1403004349 n=31 value=18653
record p=37379 q=43427 N=1623257833 n=31 value=18689
record p=37463 q=37547 N=1406623261 n=31 value=18731
record p=37547 q=37607 N=1412030029 n=31 value=18773
record p=37607 q=37799 N=1421506993 n=31 value=18803
record p=37619 q=47303 N=1779491557 n=31 value=18809
record p=37643 q=57899 N=2179492057 n=32 value=18821
record p=37799 q=37967 N=1435114633 n=31 value=18899
record p=37847 q=37967 N=1436937049 n=31 value=18923
record p=37907 q=38783 N=1470147181 n=31 value=18953
record p=37967 q=38183 N=1449693961 n=31 value=18983
record p=38183 q=38639 N=1475352937 n=31 value=19091
record p=38219 q=38327 N=1464819613 n=31 value=19109
record p=38303 q=46919 N=1797138457 n=31 value=19151
record p=38327 q=38447 N=1473558169 n=31 value=19163
record p=38447 q=38603 N=1484169541 n=31 value=19223
record p=38567 q=43943 N=1694749681 n=31 value=19283
record p=38603 q=38639 N=1491581317 n=31 value=19301
record p=38639 q=38747 N=1497145333 n=31 value=19319
record p=38699 q=42299 N=1636929001 n=31 value=19349
record p=38723 q=39563 N=1531998049 n=31 value=19361
record p=38747 q=38867 N=1505979649 n=31 value=19373
record p=38783 q=38867 N=1507378861 n=31 value=19391
record p=38867 q=38903 N=1512042901 n=31 value=19433
record p=38903 q=39023 N=1518111769 n=31 value=19451
record p=39023 q=39107 N=1526072461 n=31 value=19511
record p=39107 q=39323 N=1537804561 n=31 value=19553
record p=39119 q=39323 N=1538276437 n=31 value=19559
record p=39227 q=41843 N=1641375361 n=31 value=19613
record p=39239 q=41387 N=1623984493 n=31 value=19619
record p=39323 q=39419 N=1550073337 n=31 value=19661
record p=39359 q=47963 N=1887775717 n=31 value=19679
record p=39419 q=39503 N=1557168757 n=31 value=19709
record p=39443 q=72503 N=2859735829 n=32 value=19721
record p=39503 q=39659 N=1566649477 n=31 value=19751
record p=39563 q=39659 N=1569029017 n=31 value=19781
record p=39623 q=41843 N=1657945189 n=31 value=19811
record p=39659 q=39779 N=1577595361 n=31 value=19829
record p=39719 q=40583 N=1611916177 n=31 value=19859
record p=39779 q=39827 N=1584278233 n=31 value=19889
record p=39827 q=39983 N=1592402941 n=31 value=19913
record p=39839 q=39863 N=1588102057 n=31 value=19919
record p=39863 q=40583 N=1617760129 n=31 value=19931
record p=39983 q=40127 N=1604397841 n=31 value=19991
record p=40127 q=40487 N=1624621849 n=31 value=20063
record p=40163 q=40583 N=1629935029 n=31 value=20081
record p=40283 q=43943 N=1770155869 n=31 value=20141
record p=40343 q=40787 N=1645469941 n=31 value=20171
record p=40427 q=41543 N=1679458861 n=31 value=20213
record p=40487 q=40883 N=1655230021 n=31 value=20243
record p=40499 q=40739 N=1649888761 n=31 value=20249
record p=40583 q=41387 N=1679608621 n=31 value=20291
record p=40739 q=40787 N=1661621593 n=31 value=20369
record p=40763 q=40787 N=1662600481 n=31 value=20381
record p=40787 q=40823 N=1665047701 n=31 value=20393
record p=40823 q=40883 N=1668966709 n=31 value=20411
record p=40847 q=47147 N=1925813509 n=31 value=20423
record p=40883 q=41387 N=1692024721 n=31 value=20441
record p=41039 q=41687 N=1710792793 n=31 value=20519
record p=41183 q=41387 N=1704440821 n=31 value=20591
record p=41243 q=42767 N=1763839381 n=31 value=20621
record p=41387 q=41507 N=1717850209 n=31 value=20693
record p=41507 q=41543 N=1724325301 n=31 value=20753
record p=41519 q=41543 N=1724823817 n=31 value=20759
record p=41543 q=41579 N=1727316397 n=31 value=20771
record p=41579 q=41759 N=1736297461 n=31 value=20789
record p=41627 q=46559 N=1938111493 n=31 value=20813
record p=41687 q=42359 N=1765819633 n=31 value=20843
record p=41759 q=41843 N=1747321837 n=31 value=20879
record p=41843 q=41879 N=1752342997 n=31 value=20921
record p=41879 q=41927 N=1755860833 n=31 value=20939
record p=41927 q=42023 N=1761898321 n=31 value=20963
record p=42023 q=42179 N=1772488117 n=31 value=21011
record p=42083 q=42179 N=1775018857 n=31 value=21041
record p=42179 q=42299 N=1784129521 n=31 value=21089
record p=42227 q=42443 N=1792240561 n=31 value=21113
record p=42299 q=42359 N=1791743341 n=31 value=21149
record p=42359 q=42443 N=1797843037 n=31 value=21179
record p=42443 q=42683 N=1811594569 n=31 value=21221
record p=42467 q=44879 N=1905876493 n=31 value=21233
record p=42683 q=42767 N=1825423861 n=31 value=21341
record p=42719 q=47639 N=2035090441 n=31 value=21359
record p=42767 q=42839 N=1832095513 n=31 value=21383
record p=42839 q=43223 N=1851630097 n=31 value=21419
record p=42863 q=43067 N=1845980821 n=31 value=21431
record p=42899 q=43019 N=1845472081 n=31 value=21449
record p=42923 q=46919 N=2013904237 n=31 value=21461
record p=43019 q=43103 N=1854247957 n=31 value=21509
record p=43067 q=43223 N=1861484941 n=31 value=21533
record p=43103 q=44519 N=1918902457 n=31 value=21551
record p=43223 q=43403 N=1876007869 n=31 value=21611
record p=43283 q=70583 N=3055043989 n=32 value=21641
record p=43319 q=54563 N=2363614597 n=32 value=21659
record p=43403 q=43427 N=1884862081 n=31 value=21701
record p=43427 q=43607 N=1893721189 n=31 value=21713
record p=43487 q=44267 N=1925039029 n=31 value=21743
record p=43607 q=43787 N=1909419709 n=31 value=21803
record p=43787 q=43943 N=1924132141 n=31 value=21893
record p=43943 q=44027 N=1934678461 n=31 value=21971
record p=44027 q=44267 N=1948943209 n=31 value=22013
record p=44123 q=48779 N=2152275817 n=32 value=22061
record p=44159 q=44267 N=1954786453 n=31 value=22079
record p=44207 q=44267 N=1956911269 n=31 value=22103
record p=44267 q=44519 N=1970722573 n=31 value=22133
record p=44279 q=49223 N=2179545217 n=32 value=22139
record p=44483 q=44519 N=1980338677 n=31 value=22241
record p=44519 q=44579 N=1984612501 n=31 value=22259
record p=44543 q=44687 N=1990493041 n=31 value=22271
record p=44579 q=44687 N=1992101773 n=31 value=22289
record p=44687 q=44699 N=1997464213 n=31 value=22343
record p=44699 q=44819 N=2003364481 n=31 value=22349
record p=44819 q=44867 N=2010894073 n=31 value=22409
record p=44867 q=44939 N=2016278113 n=31 value=22433
record p=44879 q=44963 N=2017894477 n=31 value=22439
record p=44939 q=44963 N=2020592257 n=31 value=22469
record p=44963 q=45083 N=2027066929 n=31 value=22481
record p=44987 q=45083 N=2028148921 n=31 value=22493
record p=45083 q=45503 N=2051411749 n=31 value=22541
record p=45119 q=46499 N=2097988381 n=31 value=22559
record p=45503 q=45707 N=2079805621 n=31 value=22751
record p=45587 q=45659 N=2081456833 n=31 value=22793
record p=45659 q=45707 N=2086935913 n=31 value=22829
record p=45707 q=45779 N=2092420753 n=31 value=22853
record p=45779 q=47123 N=2157243817 n=32 value=22889
record p=45863 q=46559 N=2135335417 n=31 value=22931
record p=45887 q=46199 N=2119933513 n=31 value=22943
record p=45959 q=47507 N=2183374213 n=32 value=22979
record p=46187 q=53987 N=2493497569 n=32 value=23093
record p=46199 q=46559 N=2150979241 n=32 value=23099
record p=46307 q=53939 N=2497753273 n=32 value=23153
record p=46499 q=46679 N=2170526821 n=32 value=23249
record p=46559 q=46643 N=2171651437 n=32 value=23279
record p=46643 q=46679 N=2177248597 n=32 value=23321
record p=46679 q=46727 N=2181169633 n=32 value=23339
record p=46703 q=47207 N=2204708521 n=32 value=23351
record p=46727 q=46919 N=2192384113 n=32 value=23363
record p=46919 q=47123 N=2210964037 n=32 value=23459
record p=47087 q=52103 N=2453373961 n=32 value=23543
record p=47123 q=47207 N=2224535461 n=32 value=23561
record p=47147 q=53147 N=2505721609 n=32 value=23573
record p=47207 q=47339 N=2234732173 n=32 value=23603
record p=47303 q=47339 N=2239276717 n=32 value=23651
record p=47339 q=47459 N=2246661601 n=32 value=23669
record p=47387 q=48239 N=2285901493 n=32 value=23693
record p=47459 q=47507 N=2254634713 n=32 value=23729
record p=47507 q=47639 N=2263185973 n=32 value=23753
record p=47543 q=53819 N=2558716717 n=32 value=23771
record p=47639 q=47819 N=2278049341 n=32 value=23819
record p=47807 q=54767 N=2618245969 n=32 value=23903
record p=47819 q=47903 N=2290673557 n=32 value=23909
record p=47843 q=48407 N=2315936101 n=32 value=23921
record p=47903 q=47963 N=2297571589 n=32 value=23951
record p=47939 q=55127 N=2642733253 n=32 value=23969
record p=47963 q=48239 N=2313687157 n=32 value=23981
record p=48023 q=52103 N=2502142369 n=32 value=24011
record p=48179 q=51683 N=2490035257 n=32 value=24089
record p=48239 q=48407 N=2335105273 n=32 value=24119
record p=48299 q=51419 N=2483486281 n=32 value=24149
record p=48383 q=51419 N=2487805477 n=32 value=24191
record p=48407 q=48479 N=2346722953 n=32 value=24203
record p=48479 q=48563 N=2354285677 n=32 value=24239
record p=48527 q=48563 N=2356616701 n=32 value=24263
record p=48539 q=52727 N=2559315853 n=32 value=24269
record p=48563 q=48947 N=2377013161 n=32 value=24281
record p=48647 q=53783 N=2616381601 n=32 value=24323
record p=48767 q=49223 N=2400458041 n=32 value=24383
record p=48779 q=49103 N=2395195237 n=32 value=24389
record p=48947 q=49019 N=2399332993 n=32 value=24473
record p=49019 q=49103 N=2406979957 n=32 value=24509
record p=49103 q=49139 N=2412872317 n=32 value=24551
record p=49139 q=49223 N=2418768997 n=32 value=24569
record p=49199 q=49943 N=2457145657 n=32 value=24599
record p=49223 q=49367 N=2429991841 n=32 value=24611
record p=49307 q=49367 N=2434138669 n=32 value=24653
record p=49367 q=49499 N=2443617133 n=32 value=24683
record p=49499 q=49559 N=2453120941 n=32 value=24749
record p=49523 q=58043 N=2874463489 n=32 value=24761
record p=49559 q=49943 N=2475125137 n=32 value=24779
record p=49667 q=51203 N=2543099401 n=32 value=24833
record p=49727 q=51407 N=2556315889 n=32 value=24863
record p=49739 q=52127 N=2592744853 n=32 value=24869
record p=49787 q=51479 N=2562984973 n=32 value=24893
record p=49823 q=49943 N=2488310089 n=32 value=24911
record p=49919 q=52883 N=2639866477 n=32 value=24959
record p=49943 q=50087 N=2501495041 n=32 value=24971
record p=50087 q=50459 N=2527339933 n=32 value=25043
record p=50123 q=53759 N=2694562357 n=32 value=25061
record p=50147 q=50459 N=2530367473 n=32 value=25073
record p=50159 q=51047 N=2560466473 n=32 value=25079
record p=50207 q=50459 N=2533395013 n=32 value=25103
record p=50363 q=51347 N=2585988961 n=32 value=25181
record p=50423 q=52583 N=2651392609 n=32 value=25211
record p=50459 q=50543 N=2550349237 n=32 value=25229
record p=50543 q=51203 N=2587953229 n=32 value=25271
record p=50627 q=51839 N=2624453053 n=32 value=25313
record p=50723 q=95279 N=4832836717 n=33 value=25361
record p=50867 q=51683 N=2628959161 n=32 value=25433
record p=51047 q=51203 N=2613759541 n=32 value=25523
record p=51203 q=51287 N=2626048261 n=32 value=25601
record p=51263 q=52583 N=2695562329 n=32 value=25631
record p=51287 q=51347 N=2633433589 n=32 value=25643
record p=51347 q=51407 N=2639595229 n=32 value=25673
record p=51383 q=53147 N=2730852301 n=32 value=25691
record p=51407 q=51539 N=2649465373 n=32 value=25703
record p=51419 q=51599 N=2653168981 n=32 value=25709
record p=51503 q=55787 N=2873197861 n=32 value=25751
record p=51539 q=51599 N=2659360861 n=32 value=25769
record p=51599 q=51683 N=2666791117 n=32 value=25799
record p=51659 q=51683 N=2669892097 n=32 value=25829
record p=51683 q=51827 N=2678574841 n=32 value=25841
record p=51719 q=53003 N=2741262157 n=32 value=25859
record p=51767 q=52103 N=2697216001 n=32 value=25883
record p=51803 q=51827 N=2684794081 n=32 value=25901
record p=51827 q=52379 N=2714646433 n=32 value=25913
record p=51839 q=52127 N=2702211553 n=32 value=25919
record p=52103 q=52379 N=2729103037 n=32 value=26051
record p=52127 q=52379 N=2730360133 n=32 value=26063
record p=52163 q=62507 N=3260552641 n=32 value=26081
record p=52223 q=52379 N=2735388517 n=32 value=26111
record p=52259 q=53003 N=2769883777 n=32 value=26129
record p=52379 q=52883 N=2769958657 n=32 value=26189
record p=52583 q=53267 N=2800938661 n=32 value=26291
record p=52667 q=53003 N=2791509001 n=32 value=26333
record p=52727 q=53507 N=2821263589 n=32 value=26363
record p=52859 q=85439 N=4516220101 n=33 value=26429
record p=52883 q=52919 N=2798515477 n=32 value=26441
record p=52919 q=52967 N=2802960673 n=32 value=26459
record p=52967 q=53003 N=2807409901 n=32 value=26483
record p=53003 q=53147 N=2816950441 n=32 value=26501
record p=53087 q=69263 N=3676964881 n=32 value=26543
record p=53147 q=53267 N=2830981249 n=32 value=26573
record p=53267 q=53699 N=2860384633 n=32 value=26633
record p=53279 q=54323 N=2894275117 n=32 value=26639
record p=53507 q=53699 N=2873272393 n=32 value=26753
record p=53639 q=56003 N=3003944917 n=32 value=26819
record p=53699 q=53783 N=2888093317 n=32 value=26849
record p=53759 q=53783 N=2891320297 n=32 value=26879
record p=53783 q=53927 N=2900355841 n=32 value=26891
record p=53819 q=53927 N=2902297213 n=32 value=26909
record p=53927 q=54059 N=2915239693 n=32 value=26963
record p=53939 q=53987 N=2912004793 n=32 value=26969
record p=53987 q=54059 N=2918483233 n=32 value=26993
record p=54059 q=54443 N=2943134137 n=32 value=27029
record p=54287 q=54323 N=2949032701 n=32 value=27143
record p=54323 q=54443 N=2957507089 n=32 value=27161
record p=54347 q=55163 N=2997943561 n=32 value=27173
record p=54443 q=54563 N=2970573409 n=32 value=27221
record p=54539 q=84467 N=4606745713 n=33 value=27269
record p=54563 q=54647 N=2981704261 n=32 value=27281
record p=54623 q=55163 N=3013168549 n=32 value=27311
record p=54647 q=55787 N=3048592189 n=32 value=27323
record p=54767 q=54779 N=3000081493 n=32 value=27383
record p=54779 q=55103 N=3018487237 n=32 value=27389
record p=54959 q=54983 N=3021810697 n=32 value=27479
record p=54983 q=55079 N=3028408657 n=32 value=27491
record p=55079 q=55127 N=3036340033 n=32 value=27539
record p=55103 q=55127 N=3037663081 n=32 value=27551
record p=55127 q=55163 N=3040970701 n=32 value=27563
record p=55163 q=55487 N=3060829381 n=32 value=27581
record p=55439 q=55619 N=3083461741 n=32 value=27719
record p=55487 q=55547 N=3082136389 n=32 value=27743
record p=55547 q=55619 N=3089468593 n=32 value=27773
record p=55619 q=55787 N=3102817153 n=32 value=27809
record p=55667 q=69467 N=3867019489 n=32 value=27833
record p=55787 q=55967 N=3122231029 n=32 value=27893
record p=55799 q=57899 N=3230706301 n=32 value=27899
record p=55823 q=58907 N=3288365461 n=32 value=27911
record p=55967 q=56039 N=3136334713 n=32 value=27983
record p=56003 q=56039 N=3138352117 n=32 value=28001
record p=56039 q=56807 N=3183407473 n=32 value=28019
record p=56087 q=56207 N=3152482009 n=32 value=28043
record p=56099 q=98807 N=5542973893 n=33 value=28049
record p=56123 q=72959 N=4094677957 n=32 value=28061
record p=56207 q=56807 N=3192951049 n=32 value=28103
record p=56543 q=56999 N=3222894457 n=32 value=28271
record p=56663 q=56999 N=3229734337 n=32 value=28331
record p=56747 q=56999 N=3234522253 n=32 value=28373
record p=56783 q=57119 N=3243388177 n=32 value=28391
record p=56807 q=56843 N=3229080301 n=32 value=28403
record p=56843 q=57059 N=3243404737 n=32 value=28421
record p=56963 q=57587 N=3280328281 n=32 value=28481
record p=56999 q=57119 N=3255725881 n=32 value=28499
record p=57047 q=57143 N=3259836721 n=32 value=28523
record p=57059 q=57143 N=3260522437 n=32 value=28529
record p=57107 q=76463 N=4366572541 n=33 value=28553
record p=57119 q=57143 N=3263951017 n=32 value=28559
record p=57143 q=57287 N=3273551041 n=32 value=28571
record p=57179 q=83459 N=4772102161 n=33 value=28589
record p=57203 q=57467 N=3287284801 n=32 value=28601
record p=57287 q=57347 N=3285237589 n=32 value=28643
record p=57347 q=57467 N=3295560049 n=32 value=28673
record p=57383 q=60647 N=3480106801 n=32 value=28691
record p=57467 q=57719 N=3316937773 n=32 value=28733
record p=57503 q=57587 N=3311425261 n=32 value=28751
record p=57527 q=91139 N=5242953253 n=33 value=28763
record p=57587 q=57719 N=3323864053 n=32 value=28793
record p=57719 q=57803 N=3336331357 n=32 value=28859
record p=57803 q=57899 N=3346735897 n=32 value=28901
record p=57839 q=61583 N=3561899137 n=32 value=28919
record p=57899 q=57923 N=3353683777 n=32 value=28949
record p=57923 q=58043 N=3362024689 n=32 value=28961
record p=58043 q=58067 N=3370382881 n=32 value=29021
record p=58067 q=58403 N=3391287001 n=32 value=29033
record p=58379 q=64319 N=3754878901 n=32 value=29189
record p=58403 q=58427 N=3412312081 n=32 value=29201
record p=58427 q=58727 N=3431242429 n=32 value=29213
record p=58439 q=58727 N=3431947153 n=32 value=29219
record p=58679 q=58727 N=3446041633 n=32 value=29339
record p=58727 q=58907 N=3459431389 n=32 value=29363
record p=58763 q=79943 N=4697690509 n=33 value=29381
record p=58907 q=58967 N=3473569069 n=32 value=29453
record p=58943 q=65447 N=3857642521 n=32 value=29471
record p=58967 q=59063 N=3482767921 n=32 value=29483
record p=58979 q=59063 N=3483476677 n=32 value=29489
record p=59063 q=59447 N=3511118161 n=32 value=29531
record p=59159 q=63719 N=3769552321 n=32 value=29579
record p=59183 q=59447 N=3518251801 n=32 value=29591
record p=59219 q=59747 N=3538157593 n=32 value=29609
record p=59243 q=60443 N=3580824649 n=32 value=29621
record p=59387 q=59447 N=3530378989 n=32 value=29693
record p=59399 q=61487 N=3652266313 n=32 value=29699
record p=59447 q=59747 N=3551779909 n=32 value=29723
record p=59567 q=70139 N=4177969813 n=32 value=29783
record p=59627 q=86627 N=5165308129 n=33 value=29813
record p=59663 q=60107 N=3586163941 n=32 value=29831
record p=59699 q=60167 N=3591909733 n=32 value=29849
record p=59723 q=63587 N=3797606401 n=32 value=29861
record p=59747 q=60107 N=3591212929 n=32 value=29873
record p=59999 q=60539 N=3632279461 n=32 value=29999
record p=60083 q=69827 N=4195415641 n=32 value=30041
record p=60107 q=60539 N=3638817673 n=32 value=30053
record p=60167 q=60539 N=3642450013 n=32 value=30083
record p=60443 q=60539 N=3659158777 n=32 value=30221
record p=60527 q=60539 N=3664244053 n=32 value=30263
record p=60539 q=60647 N=3671508733 n=32 value=30269
record p=60623 q=62039 N=3760990297 n=32 value=30311
record p=60647 q=60779 N=3686064013 n=32 value=30323
record p=60659 q=63299 N=3839654041 n=32 value=30329
record p=60779 q=60899 N=3701380321 n=32 value=30389
record p=60899 q=60923 N=3710149777 n=32 value=30449
record p=60923 q=61343 N=3737199589 n=32 value=30461
record p=61007 q=88007 N=5369043049 n=33 value=30503
record p=61043 q=61463 N=3751885909 n=32 value=30521
record p=61283 q=61463 N=3766637029 n=32 value=30641
record p=61343 q=61379 N=3765171997 n=32 value=30671
record p=61379 q=61463 N=3772537477 n=32 value=30689
record p=61403 q=65687 N=4033378861 n=32 value=30701
record p=61463 q=61547 N=3782863261 n=32 value=30731
record p=61487 q=61547 N=3784340389 n=32 value=30743
record p=61547 q=61703 N=3797634541 n=32 value=30773
record p=61559 q=75707 N=4660447213 n=33 value=30779
record p=61583 q=62303 N=3836805649 n=32 value=30791
record p=61643 q=87383 N=5386550269 n=33 value=30821
record p=61667 q=62039 N=3825759013 n=32 value=30833
record p=61703 q=61967 N=3823549801 n=32 value=30851
record p=61967 q=62039 N=3844370713 n=32 value=30983
record p=62003 q=62603 N=3881573809 n=32 value=31001
record p=62039 q=62303 N=3865215817 n=32 value=31019
record p=62099 q=62303 N=3868953997 n=32 value=31049
record p=62207 q=62639 N=3896584273 n=32 value=31103
record p=62219 q=62927 N=3915255013 n=32 value=31109
record p=62303 q=62507 N=3894373621 n=32 value=31151
record p=62327 q=70667 N=4404462109 n=33 value=31163
record p=62423 q=62627 N=3909365221 n=32 value=31211
record p=62507 q=62603 N=3913125721 n=32 value=31253
record p=62603 q=62627 N=3920638081 n=32 value=31301
record p=62627 q=62939 N=3941680753 n=32 value=31313
record p=62639 q=62927 N=3941684353 n=32 value=31319
record p=62687 q=74507 N=4670620309 n=33 value=31343
record p=62723 q=74219 N=4655238337 n=33 value=31361
record p=62903 q=87719 N=5517788257 n=33 value=31451
record p=62927 q=62939 N=3960562453 n=32 value=31463
record p=62939 q=63299 N=3983975761 n=32 value=31469
record p=63059 q=63599 N=4010489341 n=32 value=31529
record p=63179 q=63347 N=4002200113 n=32 value=31589
record p=63299 q=63443 N=4015878457 n=32 value=31649
record p=63347 q=63443 N=4018923721 n=32 value=31673
record p=63419 q=63527 N=4028818813 n=32 value=31709
record p=63443 q=63587 N=4034150041 n=32 value=31721
record p=63467 q=65579 N=4162102393 n=32 value=31733
record p=63527 q=63587 N=4039491349 n=32 value=31763
record p=63587 q=63719 N=4051700053 n=32 value=31793
record p=63599 q=63719 N=4052464681 n=32 value=31799
record p=63647 q=67547 N=4299163909 n=33 value=31823
record p=63659 q=86627 N=5514588193 n=33 value=31829
record p=63719 q=63863 N=4069286497 n=32 value=31859
record p=63803 q=65543 N=4181840029 n=32 value=31901
record p=63839 q=63863 N=4076950057 n=32 value=31919
record p=63863 q=64007 N=4087679041 n=32 value=31931
record p=64007 q=64019 N=4097664133 n=32 value=32003
record p=64019 q=64067 N=4101505273 n=32 value=32009
record p=64067 q=64223 N=4114574941 n=32 value=32033
record p=64187 q=64283 N=4126132921 n=32 value=32093
record p=64223 q=64283 N=4128447109 n=32 value=32111
record p=64283 q=64679 N=4157760157 n=32 value=32141
record p=64319 q=64679 N=4160088601 n=32 value=32159
record p=64403 q=65147 N=4195662241 n=32 value=32201
record p=64439 q=67547 N=4352661133 n=33 value=32219
record p=64679 q=65063 N=4208209777 n=32 value=32339
record p=64763 q=65063 N=4213675069 n=32 value=32381
record p=64919 q=67979 N=4413128701 n=33 value=32459
record p=65027 q=91283 N=5935859641 n=33 value=32513
record p=65063 q=65123 N=4237097749 n=32 value=32531
record p=65099 q=66923 N=4356620377 n=33 value=32549
record p=65123 q=65147 N=4242568081 n=32 value=32561
record p=65147 q=65267 N=4251949249 n=32 value=32573
record p=65183 q=68903 N=4491304249 n=33 value=32591
record p=65267 q=65327 N=4263697309 n=32 value=32633
record p=65327 q=65543 N=4281727561 n=32 value=32663
record p=65447 q=65543 N=4289592721 n=32 value=32723
record p=65519 q=79979 N=5240144101 n=33 value=32759
TOP20
p=65519 q=79979 N=5240144101 n=33 d=2 sp=32759(17*41*47) sq=39989(39989) residuals=K:(32759,39989),R:(32759,39989),C:(32759,39989),KR:(32759,39989),KC:(32759,39989),RC:(32759,39989),KRC:(32759,39989) hits=p{17:K[]R[]C[],41:K[]R[]C[],47:K[]R[]C[]};q{39989:K[]R[]C[]}
p=65519 q=115343 N=7557158017 n=33 d=2 sp=32759(17*41*47) sq=57671(101*571) residuals=K:(32759,57671),R:(32759,57671),C:(32759,57671),KR:(32759,57671),KC:(32759,57671),RC:(32759,57671),KRC:(32759,57671) hits=p{17:K[]R[]C[],41:K[]R[]C[],47:K[]R[]C[]};q{101:K[]R[]C[],571:K[]R[]C[]}
p=65519 q=116423 N=7627918537 n=33 d=2 sp=32759(17*41*47) sq=58211(58211) residuals=K:(32759,58211),R:(32759,58211),C:(32759,58211),KR:(32759,58211),KC:(32759,58211),RC:(32759,58211),KRC:(32759,58211) hits=p{17:K[]R[]C[],41:K[]R[]C[],47:K[]R[]C[]};q{58211:K[]R[]C[]}
p=65519 q=117959 N=7728555721 n=33 d=2 sp=32759(17*41*47) sq=58979(58979) residuals=K:(32759,58979),R:(32759,58979),C:(32759,58979),KR:(32759,58979),KC:(32759,58979),RC:(32759,58979),KRC:(32759,58979) hits=p{17:K[]R[]C[],41:K[]R[]C[],47:K[]R[]C[]};q{58979:K[]R[]C[]}
p=65447 q=65543 N=4289592721 n=32 d=2 sp=32723(43*761) sq=32771(32771) residuals=K:(32723,32771),R:(32723,32771),C:(32723,32771),KR:(32723,32771),KC:(32723,32771),RC:(32723,32771),KRC:(32723,32771) hits=p{43:K[]R[]C[],761:K[]R[]C[]};q{32771:K[]R[]C[]}
p=65447 q=66923 N=4379909581 n=33 d=2 sp=32723(43*761) sq=33461(33461) residuals=K:(32723,33461),R:(32723,33461),C:(32723,33461),KR:(32723,33461),KC:(32723,33461),RC:(32723,33461),KRC:(32723,33461) hits=p{43:K[]R[]C[],761:K[]R[]C[]};q{33461:K[]R[]C[]}
p=65447 q=66959 N=4382265673 n=33 d=2 sp=32723(43*761) sq=33479(33479) residuals=K:(32723,33479),R:(32723,33479),C:(32723,33479),KR:(32723,33479),KC:(32723,33479),RC:(32723,33479),KRC:(32723,33479) hits=p{43:K[]R[]C[],761:K[]R[]C[]};q{33479:K[]R[]C[]}
p=65447 q=67883 N=4442738701 n=33 d=2 sp=32723(43*761) sq=33941(33941) residuals=K:(32723,33941),R:(32723,33941),C:(32723,33941),KR:(32723,33941),KC:(32723,33941),RC:(32723,33941),KRC:(32723,33941) hits=p{43:K[]R[]C[],761:K[]R[]C[]};q{33941:K[]R[]C[]}
p=65447 q=67979 N=4449021613 n=33 d=2 sp=32723(43*761) sq=33989(41*829) residuals=K:(32723,33989),R:(32723,33989),C:(32723,33989),KR:(32723,33989),KC:(32723,33989),RC:(32723,33989),KRC:(32723,33989) hits=p{43:K[]R[]C[],761:K[]R[]C[]};q{41:K[]R[]C[],829:K[]R[]C[]}
p=65447 q=68483 N=4482006901 n=33 d=2 sp=32723(43*761) sq=34241(97*353) residuals=K:(32723,34241),R:(32723,34241),C:(32723,34241),KR:(32723,34241),KC:(32723,34241),RC:(32723,34241),KRC:(32723,34241) hits=p{43:K[]R[]C[],761:K[]R[]C[]};q{97:K[]R[]C[],353:K[]R[]C[]}
p=65447 q=68639 N=4492216633 n=33 d=2 sp=32723(43*761) sq=34319(34319) residuals=K:(32723,34319),R:(32723,34319),C:(32723,34319),KR:(32723,34319),KC:(32723,34319),RC:(32723,34319),KRC:(32723,34319) hits=p{43:K[]R[]C[],761:K[]R[]C[]};q{34319:K[]R[]C[]}
p=65447 q=68879 N=4507923913 n=33 d=2 sp=32723(43*761) sq=34439(34439) residuals=K:(32723,34439),R:(32723,34439),C:(32723,34439),KR:(32723,34439),KC:(32723,34439),RC:(32723,34439),KRC:(32723,34439) hits=p{43:K[]R[]C[],761:K[]R[]C[]};q{34439:K[]R[]C[]}
p=65447 q=69143 N=4525201921 n=33 d=2 sp=32723(43*761) sq=34571(181*191) residuals=K:(32723,34571),R:(32723,34571),C:(32723,34571),KR:(32723,34571),KC:(32723,34571),RC:(32723,34571),KRC:(32723,34571) hits=p{43:K[]R[]C[],761:K[]R[]C[]};q{181:K[]R[]C[],191:K[]R[]C[]}
p=65447 q=69383 N=4540909201 n=33 d=2 sp=32723(43*761) sq=34691(113*307) residuals=K:(32723,34691),R:(32723,34691),C:(32723,34691),KR:(32723,34691),KC:(32723,34691),RC:(32723,34691),KRC:(32723,34691) hits=p{43:K[]R[]C[],761:K[]R[]C[]};q{113:K[]R[]C[],307:K[]R[]C[]}
p=65447 q=69767 N=4566040849 n=33 d=2 sp=32723(43*761) sq=34883(34883) residuals=K:(32723,34883),R:(32723,34883),C:(32723,34883),KR:(32723,34883),KC:(32723,34883),RC:(32723,34883),KRC:(32723,34883) hits=p{43:K[]R[]C[],761:K[]R[]C[]};q{34883:K[]R[]C[]}
p=65447 q=69827 N=4569967669 n=33 d=2 sp=32723(43*761) sq=34913(34913) residuals=K:(32723,34913),R:(32723,34913),C:(32723,34913),KR:(32723,34913),KC:(32723,34913),RC:(32723,34913),KRC:(32723,34913) hits=p{43:K[]R[]C[],761:K[]R[]C[]};q{34913:K[]R[]C[]}
p=65447 q=70139 N=4590387133 n=33 d=2 sp=32723(43*761) sq=35069(35069) residuals=K:(32723,35069),R:(32723,35069),C:(32723,35069),KR:(32723,35069),KC:(32723,35069),RC:(32723,35069),KRC:(32723,35069) hits=p{43:K[]R[]C[],761:K[]R[]C[]};q{35069:K[]R[]C[]}
p=65447 q=70163 N=4591957861 n=33 d=2 sp=32723(43*761) sq=35081(35081) residuals=K:(32723,35081),R:(32723,35081),C:(32723,35081),KR:(32723,35081),KC:(32723,35081),RC:(32723,35081),KRC:(32723,35081) hits=p{43:K[]R[]C[],761:K[]R[]C[]};q{35081:K[]R[]C[]}
p=65447 q=70199 N=4594313953 n=33 d=2 sp=32723(43*761) sq=35099(35099) residuals=K:(32723,35099),R:(32723,35099),C:(32723,35099),KR:(32723,35099),KC:(32723,35099),RC:(32723,35099),KRC:(32723,35099) hits=p{43:K[]R[]C[],761:K[]R[]C[]};q{35099:K[]R[]C[]}
p=65447 q=70583 N=4619445601 n=33 d=2 sp=32723(43*761) sq=35291(35291) residuals=K:(32723,35291),R:(32723,35291),C:(32723,35291),KR:(32723,35291),KC:(32723,35291),RC:(32723,35291),KRC:(32723,35291) hits=p{43:K[]R[]C[],761:K[]R[]C[]};q{35291:K[]R[]C[]}
ELAPSED_SECONDS 41.091
