PREREG_SHA256 0ae27d2388282828ca10150d13abe5213a81d718f1a7d28d9eb899579dd5f412
DOMAIN zero
TOTAL 34463
BY_N 8:1 11:1 12:2 13:1 14:1 15:3 16:3 17:4 18:6 19:9 20:11 21:10 22:11 23:24 24:20 25:45 26:36 27:69 28:67 29:110 30:115 31:174 32:194 33:352 34:330 35:627 36:572 37:1157 38:1098 39:1955 40:1938 41:3739 42:3378 43:6795 44:6317 45:5288
INCIDENCE_MASK 0:85913 1:5962 2:4068 3:3088 4:5530 5:5479 6:9609 7:41921
FIRST_K 0:105120 1:5260 5:1 7:1 9:8 10:3 11:18 12:14 13:38 14:23 15:93 16:73 17:329 18:256 19:905 20:880 21:3304 22:2888 23:7395 24:3970 25:4319 26:3660 27:3140 28:2840 29:2432 30:2229 31:2100 32:1876 33:1621 34:1447 35:1250 36:1129 37:980 38:778 39:585 40:387 41:163 42:50 43:5
FIRST_R 0:102884 7:1 8:3 10:4 11:11 12:23 13:20 14:54 15:79 16:207 17:86 18:486 19:884 20:1564 21:1628 22:5116 23:5246 24:6554 25:4207 26:4116 27:3664 28:3180 29:2855 30:2466 31:2269 32:2011 33:1748 34:1649 35:1480 36:1357 37:1204 38:1131 39:936 40:784 41:694 42:534 43:360 44:75
FIRST_C 0:99031 5:2 7:1 9:15 10:6 11:21 12:7 13:73 14:5 15:117 16:111 17:563 18:28 19:1580 20:485 21:6058 22:2982 23:10044 24:3419 25:8702 26:1542 27:4522 28:2468 29:2791 30:1847 31:2296 32:1445 33:1672 34:1267 35:1313 36:1151 37:1095 38:900 39:889 40:794 41:724 42:584 43:536 44:296 45:188
MENU K MAX 2096765 COUNTS one=593 le_n=1338 le_n2=7942 le_n3=25410
MAX_BY_N 8:1 11:7 12:13 13:11 14:1 15:25 16:49 17:73 18:29 19:221 20:323 21:641 22:749 23:1013 24:1733 25:1821 26:3329 27:5249 28:6521 29:8093 30:13589 31:17939 32:28271 33:42233 34:60383 35:88079 36:116969 37:177323 38:259613 39:368843 40:465875 41:715961 42:1017983 43:1461749 44:2086349 45:2096765
RECORDS 1258
record p=11 q=19 N=209 n=8 value=1
record p=29 q=53 N=1537 n=11 value=7
record p=47 q=79 N=3713 n=12 value=13
record p=151 q=167 N=25217 n=15 value=25
record p=173 q=293 N=50689 n=16 value=43
record p=197 q=269 N=52993 n=16 value=49
record p=263 q=439 N=115457 n=17 value=73
record p=443 q=883 N=391169 n=19 value=221
record p=647 q=823 N=532481 n=20 value=323
record p=827 q=1523 N=1259521 n=21 value=413
record p=887 q=1607 N=1425409 n=21 value=443
record p=1283 q=1451 N=1861633 n=21 value=641
record p=1487 q=2351 N=3495937 n=22 value=743
record p=1499 q=1619 N=2426881 n=22 value=749
record p=1811 q=2843 N=5148673 n=23 value=905
record p=2027 q=2243 N=4546561 n=23 value=1013
record p=3467 q=4643 N=16097281 n=24 value=1733
record p=3643 q=6899 N=25133057 n=25 value=1821
record p=4799 q=7487 N=35930113 n=26 value=2399
record p=5279 q=10079 N=53207041 n=26 value=2639
record p=5519 q=10607 N=58540033 n=26 value=2759
record p=5927 q=10391 N=61587457 n=26 value=2963
record p=6047 q=9311 N=56303617 n=26 value=3023
record p=6491 q=11987 N=77807617 n=27 value=3245
record p=6659 q=8363 N=55689217 n=26 value=3329
record p=7643 q=13907 N=106291201 n=27 value=3821
record p=7703 q=14759 N=113688577 n=27 value=3851
record p=8111 q=14159 N=114843649 n=27 value=4055
record p=9871 q=14447 N=142606337 n=28 value=4935
record p=10499 q=10667 N=111992833 n=27 value=5249
record p=11927 q=12583 N=150077441 n=28 value=5963
record p=13043 q=13883 N=181075969 n=28 value=6521
record p=16007 q=26423 N=422952961 n=29 value=8003
record p=16187 q=16883 N=273285121 n=29 value=8093
record p=19583 q=29567 N=579010561 n=30 value=9791
record p=19763 q=30203 N=596901889 n=30 value=9881
record p=22079 q=39359 N=869007361 n=30 value=11039
record p=22619 q=38867 N=879132673 n=30 value=11309
record p=22859 q=26723 N=610861057 n=30 value=11429
record p=23603 q=32507 N=767262721 n=30 value=11801
record p=23687 q=43319 N=1026097153 n=30 value=11843
record p=24407 q=31847 N=777289729 n=30 value=12203
record p=24767 q=36671 N=908230657 n=30 value=12383
record p=27179 q=33923 N=921993217 n=30 value=13589
record p=29879 q=43271 N=1292894209 n=31 value=14939
record p=31079 q=37463 N=1164312577 n=31 value=15539
record p=31259 q=53267 N=1665073153 n=31 value=15629
record p=35027 q=69467 N=2433220609 n=32 value=17513
record p=35879 q=41879 N=1502576641 n=31 value=17939
record p=41579 q=64067 N=2663841793 n=32 value=20789
record p=44207 q=76367 N=3375955969 n=32 value=22103
record p=45139 q=70619 N=3187671041 n=32 value=22569
record p=47207 q=58199 N=2747400193 n=32 value=23603
record p=47639 q=73127 N=3483697153 n=32 value=23819
record p=48299 q=89603 N=4327735297 n=33 value=24149
record p=49103 q=59183 N=2906062849 n=32 value=24551
record p=55103 q=104639 N=5765922817 n=33 value=27551
record p=56543 q=57119 N=3229679617 n=32 value=28271
record p=58907 q=99347 N=5852233729 n=33 value=29453
record p=59863 q=72167 N=4320133121 n=33 value=29931
record p=61967 q=113903 N=7058227201 n=33 value=30983
record p=62171 q=112979 N=7024017409 n=33 value=31085
record p=63587 q=84299 N=5360320513 n=33 value=31793
record p=65951 q=121439 N=8009023489 n=33 value=32975
record p=66239 q=93503 N=6193545217 n=33 value=33119
record p=67979 q=87587 N=5954076673 n=33 value=33989
record p=68099 q=94379 N=6427115521 n=33 value=34049
record p=70163 q=100379 N=7042891777 n=33 value=35081
record p=71963 q=104723 N=7536181249 n=33 value=35981
record p=71999 q=87743 N=6317408257 n=33 value=35999
record p=72383 q=87359 N=6323306497 n=33 value=36191
record p=75743 q=87071 N=6595018753 n=33 value=37871
record p=77447 q=145207 N=11245846529 n=34 value=38723
record p=79103 q=117503 N=9294839809 n=34 value=39551
record p=79427 q=149099 N=11842486273 n=34 value=39713
record p=80603 q=143699 N=11582570497 n=34 value=40301
record p=82727 q=130199 N=10770972673 n=34 value=41363
record p=84263 q=104087 N=8770682881 n=34 value=42131
record p=84467 q=96059 N=8113815553 n=33 value=42233
record p=85199 q=145967 N=12436242433 n=34 value=42599
record p=91199 q=166847 N=15216279553 n=34 value=45599
record p=91499 q=106307 N=9726984193 n=34 value=45749
record p=91691 q=141443 N=12969050113 n=34 value=45845
record p=92363 q=113891 N=10519314433 n=34 value=46181
record p=94583 q=178247 N=16859136001 n=34 value=47291
record p=96323 q=169067 N=16285040641 n=34 value=48161
record p=97967 q=170063 N=16660561921 n=34 value=48983
record p=101719 q=110183 N=11207704577 n=34 value=50859
record p=101747 q=155579 N=15829696513 n=34 value=50873
record p=103919 q=145679 N=15138816001 n=34 value=51959
record p=104999 q=144791 N=15202910209 n=34 value=52499
record p=108503 q=211943 N=22996451329 n=35 value=54251
record p=110807 q=148199 N=16421486593 n=34 value=55403
record p=111467 q=123203 N=13733068801 n=34 value=55733
record p=111863 q=216263 N=24191827969 n=35 value=55931
record p=113159 q=168887 N=19111084033 n=35 value=56579
record p=113567 q=172127 N=19547947009 n=35 value=56783
record p=115163 q=152147 N=17521704961 n=35 value=57581
record p=115763 q=186107 N=21544304641 n=35 value=57881
record p=117731 q=119243 N=14038597633 n=34 value=58865
record p=119699 q=213659 N=25574768641 n=35 value=59849
record p=120767 q=137279 N=16578772993 n=34 value=60383
record p=121439 q=197023 N=23926276097 n=35 value=60719
record p=121883 q=171539 N=20907687937 n=35 value=60941
record p=123239 q=174679 N=21527265281 n=35 value=61619
record p=123923 q=230939 N=28618653697 n=35 value=61961
record p=124703 q=185567 N=23140761601 n=35 value=62351
record p=127979 q=171203 N=21910388737 n=35 value=63989
record p=128483 q=194507 N=24990842881 n=35 value=64241
record p=130127 q=236207 N=30736908289 n=35 value=65063
record p=130223 q=186959 N=24346361857 n=35 value=65111
record p=130619 q=142067 N=18556649473 n=35 value=65309
record p=132527 q=160079 N=21214789633 n=35 value=66263
record p=132947 q=251099 N=33382858753 n=35 value=66473
record p=133403 q=141587 N=18888130561 n=35 value=66701
record p=134807 q=151847 N=20470038529 n=35 value=67403
record p=136163 q=248267 N=33804779521 n=35 value=68081
record p=141707 q=210467 N=29824647169 n=35 value=70853
record p=143567 q=185903 N=26689536001 n=35 value=71783
record p=151799 q=225479 N=34227486721 n=35 value=75899
record p=152219 q=279443 N=42536534017 n=36 value=76109
record p=153107 q=189467 N=29008723969 n=35 value=76553
record p=155663 q=167663 N=26098925569 n=35 value=77831
record p=158303 q=160159 N=25353650177 n=35 value=79151
record p=158843 q=299699 N=47605088257 n=36 value=79421
record p=159227 q=234803 N=37386977281 n=36 value=79613
record p=159683 q=293099 N=46802927617 n=36 value=79841
record p=163127 q=247943 N=40446197761 n=36 value=81563
record p=164999 q=196919 N=32491438081 n=35 value=82499
record p=170123 q=200483 N=34106769409 n=35 value=85061
record p=172427 q=327203 N=56418631681 n=36 value=86213
record p=173039 q=322319 N=55773757441 n=36 value=86519
record p=174467 q=175403 N=30602035201 n=35 value=87233
record p=175979 q=329027 N=57901842433 n=36 value=87989
record p=176159 q=183263 N=32283426817 n=35 value=88079
record p=185051 q=186707 N=34550317057 n=36 value=92525
record p=188687 q=257519 N=48590487553 n=36 value=94343
record p=191747 q=320939 N=61539090433 n=36 value=95873
record p=193811 q=204059 N=39548878849 n=36 value=96905
record p=193847 q=315527 N=61163962369 n=36 value=96923
record p=196519 q=374807 N=73656696833 n=37 value=98259
record p=201827 q=265547 N=53594554369 n=36 value=100913
record p=203843 q=331883 N=67652026369 n=36 value=101921
record p=207947 q=277859 N=57779945473 n=36 value=103973
record p=211283 q=357083 N=75445567489 n=37 value=105641
record p=212579 q=340811 N=72449261569 n=37 value=106289
record p=215123 q=408539 N=87886135297 n=37 value=107561
record p=215687 q=219959 N=47442296833 n=36 value=107843
record p=216023 q=251879 N=54411657217 n=36 value=108011
record p=216947 q=224699 N=48747773953 n=36 value=108473
record p=217319 q=312023 N=67808526337 n=36 value=108659
record p=218279 q=332567 N=72592392193 n=37 value=109139
record p=221807 q=408719 N=90656735233 n=37 value=110903
record p=222059 q=307523 N=68288249857 n=36 value=111029
record p=222587 q=438707 N=97650475009 n=37 value=111293
record p=225263 q=368399 N=82986663937 n=37 value=112631
record p=227567 q=439823 N=100089200641 n=37 value=113783
record p=228299 q=414179 N=94556651521 n=37 value=114149
record p=230003 q=389819 N=89659539457 n=37 value=115001
record p=233423 q=464687 N=108468633601 n=37 value=116711
record p=233939 q=257627 N=60269002753 n=36 value=116969
record p=240503 q=302663 N=72791359489 n=37 value=120251
record p=243119 q=442703 N=107629510657 n=37 value=121559
record p=243479 q=454823 N=110739849217 n=37 value=121739
record p=246131 q=478139 N=117684830209 n=37 value=123065
record p=247067 q=396563 N=97977630721 n=37 value=123533
record p=248783 q=351023 N=87328555009 n=37 value=124391
record p=250199 q=371303 N=92899639297 n=37 value=125099
record p=250787 q=325643 N=81667031041 n=37 value=125393
record p=251387 q=388403 N=97639464961 n=37 value=125693
record p=255083 q=501827 N=128007536641 n=37 value=127541
record p=255467 q=400067 N=102203916289 n=37 value=127733
record p=259379 q=331259 N=85921628161 n=37 value=129689
record p=260483 q=384299 N=100103356417 n=37 value=130241
record p=261323 q=362723 N=94787862529 n=37 value=130661
record p=261707 q=285539 N=74727555073 n=37 value=130853
record p=263519 q=366239 N=96510935041 n=37 value=131759
record p=266587 q=374483 N=99832299521 n=37 value=133293
record p=267479 q=532199 N=142352056321 n=38 value=133739
record p=271703 q=300647 N=81686691841 n=37 value=135851
record p=273719 q=333959 N=91410923521 n=37 value=136859
record p=274943 q=511487 N=140629770241 n=38 value=137471
record p=276359 q=515639 N=142501478401 n=38 value=138179
record p=277847 q=392807 N=109140246529 n=37 value=138923
record p=278879 q=547487 N=152682627073 n=38 value=139439
record p=281159 q=409463 N=115124207617 n=37 value=140579
record p=281627 q=306707 N=86376972289 n=37 value=140813
record p=283007 q=355967 N=100741152769 n=37 value=141503
record p=285767 q=429431 N=122717208577 n=37 value=142883
record p=286163 q=328283 N=93942448129 n=37 value=143081
record p=287867 q=514739 N=148176371713 n=38 value=143933
record p=291287 q=397799 N=115873677313 n=37 value=145643
record p=298427 q=339827 N=101413552129 n=37 value=149213
record p=298723 q=468683 N=140006391809 n=38 value=149361
record p=305483 q=432227 N=132038000641 n=37 value=152741
record p=312407 q=419687 N=131113156609 n=37 value=156203
record p=313931 q=405347 N=127250989057 n=37 value=156965
record p=319679 q=429887 N=137425846273 n=37 value=159839
record p=320687 q=586319 N=188024881153 n=38 value=160343
record p=333923 q=403787 N=134833766401 n=37 value=166961
record p=335207 q=372311 N=124801253377 n=37 value=167603
record p=335507 q=569243 N=190985011201 n=38 value=167753
record p=347003 q=449459 N=155963621377 n=38 value=173501
record p=348527 q=601487 N=209634459649 n=38 value=174263
record p=349379 q=588779 N=205707018241 n=38 value=174689
record p=350459 q=455219 N=159535595521 n=38 value=175229
record p=351599 q=696719 N=244965703681 n=38 value=175799
record p=351803 q=510707 N=179668254721 n=38 value=175901
record p=354647 q=365159 N=129502543873 n=37 value=177323
record p=378179 q=520043 N=196669341697 n=38 value=189089
record p=380363 q=454627 N=172923289601 n=38 value=190181
record p=380447 q=667103 N=253797335041 n=38 value=190223
record p=381047 q=592199 N=225655652353 n=38 value=190523
record p=388859 q=453683 N=176418717697 n=38 value=194429
record p=391999 q=488639 N=191545999361 n=38 value=195999
record p=395027 q=580379 N=229265375233 n=38 value=197513
record p=398339 q=538283 N=214419111937 n=38 value=199169
record p=398459 q=699059 N=278546350081 n=39 value=199229
record p=398759 q=606743 N=241944231937 n=38 value=199379
record p=404267 q=473987 N=191617302529 n=38 value=202133
record p=405719 q=639719 N=259546152961 n=38 value=202859
record p=411683 q=567179 N=233497952257 n=38 value=205841
record p=418007 q=824039 N=344454070273 n=39 value=209003
record p=418043 q=830003 N=346976944129 n=39 value=209021
record p=419423 q=751007 N=314989608961 n=39 value=209711
record p=422243 q=432203 N=182494691329 n=38 value=211121
record p=423179 q=700067 N=296253652993 n=39 value=211589
record p=424247 q=822407 N=348903702529 n=39 value=212123
record p=430007 q=687623 N=295682703361 n=39 value=215003
record p=435143 q=667127 N=290295644161 n=39 value=217571
record p=438143 q=594047 N=260277534721 n=38 value=219071
record p=441011 q=558203 N=246173663233 n=38 value=220505
record p=442319 q=649007 N=287068127233 n=39 value=221159
record p=445619 q=836219 N=372635074561 n=39 value=222809
record p=445883 q=585587 N=261103288321 n=38 value=222941
record p=446003 q=580859 N=259064856577 n=38 value=223001
record p=447779 q=524939 N=235056660481 n=38 value=223889
record p=448667 q=609683 N=273544642561 n=38 value=224333
record p=448859 q=896723 N=402502189057 n=39 value=224429
record p=454199 q=665479 N=302259896321 n=39 value=227099
record p=456647 q=498167 N=227486466049 n=38 value=228323
record p=465419 q=860579 N=400529817601 n=39 value=232709
record p=468359 q=888887 N=416318226433 n=39 value=234179
record p=470627 q=574283 N=270273085441 n=38 value=235313
record p=471299 q=901547 N=424898199553 n=39 value=235649
record p=479387 q=529811 N=253984505857 n=38 value=239693
record p=482507 q=731363 N=352887767041 n=39 value=241253
record p=483643 q=577523 N=279314956289 n=39 value=241821
record p=486671 q=647663 N=315198799873 n=39 value=243335
record p=489799 q=811127 N=397289193473 n=39 value=244899
record p=494639 q=867023 N=428863389697 n=39 value=247319
record p=498227 q=848123 N=422557777921 n=39 value=249113
record p=499559 q=527447 N=263490895873 n=38 value=249779
record p=504767 q=932927 N=470910763009 n=39 value=252383
record p=505607 q=919223 N=464765583361 n=39 value=252803
record p=508919 q=912839 N=464561111041 n=39 value=254459
record p=513203 q=719483 N=369240834049 n=39 value=256601
record p=517079 q=835559 N=432050012161 n=39 value=258539
record p=519227 q=527603 N=273945722881 n=38 value=259613
record p=522827 q=884579 N=462481784833 n=39 value=261413
record p=533447 q=568823 N=303436922881 n=39 value=266723
record p=536243 q=536699 N=287801081857 n=39 value=268121
record p=537743 q=682607 N=367067136001 n=39 value=268871
record p=538763 q=814883 N=439028809729 n=39 value=269381
record p=540347 q=743027 N=401492410369 n=39 value=270173
record p=542999 q=622247 N=337879498753 n=39 value=271499
record p=544007 q=757943 N=412326297601 n=39 value=272003
record p=545579 q=775043 N=422847184897 n=39 value=272789
record p=547139 q=719723 N=393788522497 n=39 value=273569
record p=548363 q=703907 N=385996554241 n=39 value=274181
record p=551099 q=892019 N=491590778881 n=39 value=275549
record p=552887 q=957959 N=529643077633 n=39 value=276443
record p=555683 q=592139 N=329041575937 n=39 value=277841
record p=556763 q=871763 N=485365383169 n=39 value=278381
record p=557087 q=981983 N=547049963521 n=39 value=278543
record p=557927 q=714839 N=398827978753 n=39 value=278963
record p=559523 q=717323 N=401358716929 n=39 value=279761
record p=559667 q=884987 N=495298019329 n=39 value=279833
record p=559859 q=695867 N=389587402753 n=39 value=279929
record p=563183 q=620303 N=349344104449 n=39 value=281591
record p=567899 q=1078739 N=612614799361 n=40 value=283949
record p=568187 q=818099 N=464833216513 n=39 value=284093
record p=568907 q=666467 N=379157741569 n=39 value=284453
record p=575987 q=587579 N=338437865473 n=39 value=287993
record p=579083 q=820643 N=475220410369 n=39 value=289541
record p=580487 q=653879 N=379568259073 n=39 value=290243
record p=585023 q=754367 N=441322045441 n=39 value=292511
record p=592727 q=594023 N=352093470721 n=39 value=296363
record p=593399 q=902087 N=535297523713 n=39 value=296699
record p=593519 q=921743 N=547071983617 n=39 value=296759
record p=597803 q=1091459 N=652477464577 n=40 value=298901
record p=601379 q=813707 N=489346301953 n=39 value=300689
record p=602759 q=1110839 N=669568204801 n=40 value=301379
record p=607967 q=783647 N=476431515649 n=39 value=303983
record p=609803 q=937379 N=571616526337 n=40 value=304901
record p=610619 q=614387 N=375156375553 n=39 value=305309
record p=610787 q=818123 N=499698892801 n=39 value=305393
record p=616439 q=756167 N=466130829313 n=39 value=308219
record p=616523 q=1122659 N=692145094657 n=40 value=308261
record p=617447 q=686039 N=423592722433 n=39 value=308723
record p=621239 q=951047 N=590827487233 n=40 value=310619
record p=622607 q=880367 N=548122656769 n=39 value=311303
record p=629819 q=711923 N=448382631937 n=39 value=314909
record p=631619 q=819563 N=517651562497 n=39 value=315809
record p=632447 q=792959 N=501504540673 n=39 value=316223
record p=635567 q=713807 N=453672173569 n=39 value=317783
record p=637727 q=655583 N=418082979841 n=39 value=318863
record p=640247 q=670919 N=429553876993 n=39 value=320123
record p=642779 q=1277267 N=821000404993 n=40 value=321389
record p=650627 q=952619 N=619799642113 n=40 value=325313
record p=658079 q=954719 N=628280524801 n=40 value=329039
record p=665207 q=1020743 N=679005388801 n=40 value=332603
record p=666683 q=773363 N=515587964929 n=39 value=333341
record p=667727 q=976559 N=652074811393 n=40 value=333863
record p=668567 q=1276967 N=853737996289 n=40 value=334283
record p=669107 q=754043 N=504535449601 n=39 value=334553
record p=670379 q=782339 N=524463636481 n=39 value=335189
record p=682967 q=964583 N=658778357761 n=40 value=341483
record p=688067 q=846059 N=582145277953 n=40 value=344033
record p=688979 q=702683 N=484133830657 n=39 value=344489
record p=689279 q=1129343 N=778432413697 n=40 value=344639
record p=693167 q=828239 N=574107942913 n=40 value=346583
record p=694319 q=1158863 N=804620599297 n=40 value=347159
record p=694327 q=1088903 N=756054753281 n=40 value=347163
record p=700079 q=747599 N=523378360321 n=39 value=350039
record p=700363 q=1080803 N=756954431489 n=40 value=350181
record p=704303 q=1370063 N=964939481089 n=40 value=352151
record p=706943 q=718463 N=507912388609 n=39 value=353471
record p=714719 q=1020959 N=729698795521 n=40 value=357359
record p=720779 q=995363 N=717436747777 n=40 value=360389
record p=722027 q=1017923 N=734967889921 n=40 value=361013
record p=722159 q=829967 N=599368138753 n=40 value=361079
record p=724079 q=1036943 N=750828650497 n=40 value=362039
record p=724847 q=1257359 N=911392899073 n=40 value=362423
record p=726107 q=785363 N=570257571841 n=40 value=363053
record p=726779 q=754739 N=548528455681 n=39 value=363389
record p=728627 q=1379579 N=1005198508033 n=40 value=364313
record p=731483 q=1105619 N=808741502977 n=40 value=365741
record p=737687 q=740903 N=546554511361 n=39 value=368843
record p=738923 q=1455683 N=1075637649409 n=40 value=369461
record p=740123 q=923411 N=683437719553 n=40 value=370061
record p=743159 q=1329863 N=988299657217 n=40 value=371579
record p=747107 q=936779 N=699874148353 n=40 value=373553
record p=749807 q=900623 N=675293429761 n=40 value=374903
record p=753839 q=1037903 N=782411759617 n=40 value=376919
record p=754907 q=1103699 N=833190100993 n=40 value=377453
record p=755759 q=1490639 N=1126563840001 n=41 value=377879
record p=759719 q=761879 N=578813952001 n=40 value=379859
record p=761459 q=865979 N=659407503361 n=40 value=380729
record p=766583 q=1165127 N=893166551041 n=40 value=383291
record p=770183 q=1115447 N=859098316801 n=40 value=385091
record p=776507 q=890867 N=691764461569 n=40 value=388253
record p=787067 q=887987 N=698905264129 n=40 value=393533
record p=793139 q=1339643 N=1062523109377 n=40 value=396569
record p=793787 q=1558643 N=1237230551041 n=41 value=396893
record p=795299 q=1483019 N=1179443527681 n=41 value=397649
record p=798887 q=1472279 N=1176184553473 n=41 value=399443
record p=811607 q=1026407 N=833039106049 n=40 value=405803
record p=811619 q=1388363 N=1126821789697 n=41 value=405809
record p=814043 q=890963 N=725282193409 n=40 value=407021
record p=814127 q=1333967 N=1086018551809 n=40 value=407063
record p=815159 q=935303 N=762420658177 n=40 value=407579
record p=816779 q=1556771 N=1271537860609 n=41 value=408389
record p=817679 q=1127663 N=922066354177 n=40 value=408839
record p=821039 q=1056719 N=867607511041 n=40 value=410519
record p=825467 q=1279667 N=1056322879489 n=40 value=412733
record p=830891 q=1107203 N=919965007873 n=40 value=415445
record p=836063 q=1587743 N=1327453175809 n=41 value=418031
record p=836183 q=1395047 N=1166514585601 n=41 value=418091
record p=837923 q=1289867 N=1080809226241 n=40 value=418961
record p=839723 q=880259 N=739173728257 n=40 value=419861
record p=840767 q=1383359 N=1163082596353 n=41 value=420383
record p=841091 q=1106219 N=930430844929 n=40 value=420545
record p=841307 q=1075667 N=904966176769 n=40 value=420653
record p=842747 q=1308467 N=1102706638849 n=41 value=421373
record p=845879 q=1002887 N=848321052673 n=40 value=422939
record p=849419 q=1533347 N=1302454075393 n=41 value=424709
record p=851507 q=1453307 N=1237501083649 n=41 value=425753
record p=855467 q=886019 N=757960015873 n=40 value=427733
record p=860747 q=1382243 N=1189761515521 n=41 value=430373
record p=867431 q=1056599 N=916526727169 n=40 value=433715
record p=870127 q=1353743 N=1177928335361 n=41 value=435063
record p=870491 q=960467 N=836077879297 n=40 value=435245
record p=871463 q=1270679 N=1107349733377 n=41 value=435731
record p=871679 q=1684223 N=1468101820417 n=41 value=435839
record p=876947 q=1434779 N=1258225139713 n=41 value=438473
record p=880219 q=922067 N=811620892673 n=40 value=440109
record p=882083 q=1009163 N=890165526529 n=40 value=441041
record p=885503 q=1670399 N=1479143325697 n=41 value=442751
record p=886583 q=1367687 N=1212568043521 n=41 value=443291
record p=886979 q=1009643 N=895532138497 n=40 value=443489
record p=902039 q=1633319 N=1473317437441 n=41 value=451019
record p=903479 q=932999 N=842945003521 n=40 value=451739
record p=904823 q=1076039 N=973624836097 n=40 value=452411
record p=910139 q=1113587 N=1013518958593 n=40 value=455069
record p=924383 q=1843487 N=1704088043521 n=41 value=462191
record p=927779 q=1034123 N=959437602817 n=40 value=463889
record p=931751 q=983063 N=915969933313 n=40 value=465875
record p=932039 q=1509623 N=1407027511297 n=41 value=466019
record p=932567 q=1661159 N=1549142065153 n=41 value=466283
record p=934919 q=1436087 N=1342625021953 n=41 value=467459
record p=937667 q=1462763 N=1371584593921 n=41 value=468833
record p=939119 q=1411727 N=1325779648513 n=41 value=469559
record p=945983 q=1376447 N=1302095462401 n=41 value=472991
record p=949643 q=1393187 N=1323030282241 n=41 value=474821
record p=953507 q=1214219 N=1157766316033 n=41 value=476753
record p=954923 q=1809539 N=1727970410497 n=41 value=477461
record p=956843 q=1546499 N=1479756742657 n=41 value=478421
record p=956903 q=1796567 N=1719140352001 n=41 value=478451
record p=958739 q=1724699 N=1653536194561 n=41 value=479369
record p=965639 q=1307063 N=1262151008257 n=41 value=482819
record p=970967 q=1254119 N=1217708163073 n=41 value=485483
record p=972047 q=1931759 N=1877760540673 n=41 value=486023
record p=974147 q=1939307 N=1889170096129 n=41 value=487073
record p=975071 q=1891103 N=1843959693313 n=41 value=487535
record p=977927 q=1884599 N=1843000246273 n=41 value=488963
record p=994907 q=1462739 N=1455289270273 n=41 value=497453
record p=997247 q=1607807 N=1603380707329 n=41 value=498623
record p=997727 q=1794719 N=1790639603713 n=41 value=498863
record p=1005647 q=1621679 N=1630836621313 n=41 value=502823
record p=1008263 q=1295159 N=1305860898817 n=41 value=504131
record p=1011107 q=1125899 N=1138404360193 n=41 value=505553
record p=1011719 q=1113527 N=1126576422913 n=41 value=505859
record p=1012523 q=1291139 N=1307307933697 n=41 value=506261
record p=1017719 q=1147463 N=1167794896897 n=41 value=508859
record p=1021067 q=1389347 N=1418616373249 n=41 value=510533
record p=1023167 q=1692479 N=1731688660993 n=41 value=511583
record p=1025279 q=1530623 N=1569315618817 n=41 value=512639
record p=1025807 q=1337327 N=1371839397889 n=41 value=512903
record p=1028003 q=1440779 N=1481125134337 n=41 value=514001
record p=1028999 q=1286711 N=1324024332289 n=41 value=514499
record p=1032287 q=1219487 N=1258860576769 n=41 value=516143
record p=1034003 q=1907483 N=1972343144449 n=41 value=517001
record p=1034387 q=1873307 N=1937724407809 n=41 value=517193
record p=1037963 q=1138979 N=1182218059777 n=41 value=518981
record p=1039007 q=1360223 N=1413281218561 n=41 value=519503
record p=1039667 q=2057723 N=2139346698241 n=41 value=519833
record p=1057367 q=1567079 N=1656977620993 n=41 value=528683
record p=1057907 q=1908923 N=2019463004161 n=41 value=528953
record p=1059743 q=1978463 N=2096662315009 n=41 value=529871
record p=1063967 q=1064927 N=1133047185409 n=41 value=531983
record p=1070039 q=1265639 N=1354283089921 n=41 value=535019
record p=1077023 q=1985759 N=2138708115457 n=41 value=538511
record p=1077299 q=2099963 N=2262288039937 n=42 value=538649
record p=1077743 q=1236239 N=1332347928577 n=41 value=538871
record p=1079867 q=1724147 N=1861849448449 n=41 value=539933
record p=1079987 q=1885307 N=2036107051009 n=41 value=539993
record p=1084067 q=1145099 N=1241364037633 n=41 value=542033
record p=1084627 q=2075483 N=2251124899841 n=42 value=542313
record p=1089359 q=1906607 N=2076979494913 n=41 value=544679
record p=1091639 q=1543559 N=1685009203201 n=41 value=545819
record p=1093283 q=1602827 N=1752343511041 n=41 value=546641
record p=1093307 q=1664627 N=1819948351489 n=41 value=546653
record p=1104731 q=1826003 N=2017242120193 n=41 value=552365
record p=1104899 q=1158827 N=1280386793473 n=41 value=552449
record p=1104959 q=1905599 N=2105608765441 n=41 value=552479
record p=1112747 q=1519619 N=1690951483393 n=41 value=556373
record p=1115267 q=1206827 N=1345934327809 n=41 value=557633
record p=1117799 q=1322327 N=1478095798273 n=41 value=558899
record p=1119659 q=1654019 N=1851937259521 n=41 value=559829
record p=1119863 q=1286983 N=1441244643329 n=41 value=559931
record p=1121387 q=1355843 N=1520424714241 n=41 value=560693
record p=1122923 q=1538627 N=1727759646721 n=41 value=561461
record p=1123427 q=1211723 N=1361282334721 n=41 value=561713
record p=1124027 q=1191539 N=1339322007553 n=41 value=562013
record p=1128899 q=1474283 N=1664316604417 n=41 value=564449
record p=1129127 q=1363223 N=1539251896321 n=41 value=564563
record p=1134059 q=1929923 N=2188646547457 n=41 value=567029
record p=1138667 q=2085059 N=2374187876353 n=42 value=569333
record p=1138703 q=1150703 N=1310308958209 n=41 value=569351
record p=1141139 q=1252507 N=1429284585473 n=41 value=570569
record p=1143803 q=1548083 N=1770701979649 n=41 value=571901
record p=1144379 q=1831667 N=2096121249793 n=41 value=572189
record p=1147379 q=1244987 N=1428471939073 n=41 value=573689
record p=1149983 q=1765343 N=2030114439169 n=41 value=574991
record p=1154819 q=2048939 N=2366153687041 n=42 value=577409
record p=1163843 q=1251947 N=1457069752321 n=41 value=581921
record p=1166807 q=1340903 N=1564575006721 n=41 value=583403
record p=1167059 q=1554779 N=1814518824961 n=41 value=583529
record p=1167599 q=1269263 N=1481990209537 n=41 value=583799
record p=1168859 q=1580627 N=1847530094593 n=41 value=584429
record p=1171979 q=1972643 N=2311896170497 n=42 value=585989
record p=1174319 q=2177999 N=2557665607681 n=42 value=587159
record p=1190699 q=1260419 N=1500779642881 n=41 value=595349
record p=1192559 q=2190479 N=2612275445761 n=42 value=596279
record p=1196123 q=2158547 N=2581887713281 n=42 value=598061
record p=1200359 q=1688279 N=2026540892161 n=41 value=600179
record p=1200839 q=1756919 N=2109776855041 n=41 value=600419
record p=1202963 q=1943323 N=2337745666049 n=42 value=601481
record p=1203863 q=1245479 N=1499386085377 n=41 value=601931
record p=1207079 q=1463447 N=1766496141313 n=41 value=603539
record p=1207439 q=2175599 N=2626903080961 n=42 value=603719
record p=1210631 q=1418423 N=1717186854913 n=41 value=605315
record p=1214867 q=2030747 N=2467087515649 n=42 value=607433
record p=1219859 q=1684763 N=2055173308417 n=41 value=609929
record p=1221863 q=1715927 N=2096627712001 n=41 value=610931
record p=1227323 q=1969907 N=2417712168961 n=42 value=613661
record p=1230071 q=1653959 N=2034487001089 n=41 value=615035
record p=1230107 q=1772819 N=2180757061633 n=41 value=615053
record p=1233539 q=1936427 N=2388658225153 n=42 value=616769
record p=1235243 q=1252739 N=1547437080577 n=41 value=617621
record p=1244627 q=1532507 N=1907399589889 n=41 value=622313
record p=1248503 q=1537223 N=1919227527169 n=41 value=624251
record p=1249043 q=2429723 N=3034828505089 n=42 value=624521
record p=1250003 q=2037083 N=2546359861249 n=42 value=625001
record p=1250147 q=1508939 N=1886395564033 n=41 value=625073
record p=1251743 q=2212447 N=2769415045121 n=42 value=625871
record p=1254767 q=1956239 N=2454624141313 n=42 value=627383
record p=1259243 q=2277827 N=2868337704961 n=42 value=629621
record p=1263659 q=1783427 N=2253643579393 n=42 value=631829
record p=1263947 q=2029667 N=2565391515649 n=42 value=631973
record p=1264643 q=1490603 N=1885080649729 n=41 value=632321
record p=1271903 q=2159519 N=2746698694657 n=42 value=635951
record p=1272443 q=1434803 N=1825705033729 n=41 value=636221
record p=1278583 q=1767239 N=2259561742337 n=42 value=639291
record p=1279871 q=1325183 N=1696063291393 n=41 value=639935
record p=1280759 q=2119367 N=2714398359553 n=42 value=640379
record p=1281167 q=1839727 N=2356997521409 n=42 value=640583
record p=1281803 q=1524899 N=1954620112897 n=41 value=640901
record p=1282163 q=2200763 N=2821736890369 n=42 value=641081
record p=1284047 q=1969967 N=2529530216449 n=42 value=642023
record p=1285247 q=2106239 N=2707037356033 n=42 value=642623
record p=1286807 q=2489639 N=3203684892673 n=42 value=643403
record p=1291163 q=1604243 N=2071339204609 n=41 value=645581
record p=1302227 q=2107739 N=2744754634753 n=42 value=651113
record p=1310627 q=1846283 N=2419788349441 n=42 value=655313
record p=1317083 q=2237267 N=2946666332161 n=42 value=658541
record p=1319963 q=1381907 N=1824066109441 n=41 value=659981
record p=1320623 q=1896527 N=2504597176321 n=42 value=660311
record p=1321319 q=2089559 N=2760974008321 n=42 value=660659
record p=1322159 q=2533967 N=3350307274753 n=42 value=661079
record p=1323503 q=2563343 N=3392592150529 n=42 value=661751
record p=1325063 q=1684919 N=2232623824897 n=42 value=662531
record p=1326623 q=2080223 N=2759671676929 n=42 value=663311
record p=1328927 q=1340639 N=1781611364353 n=41 value=664463
record p=1334363 q=2192339 N=2925376045057 n=42 value=667181
record p=1343183 q=2476079 N=3325827219457 n=42 value=671591
record p=1344647 q=1376567 N=1850996686849 n=41 value=672323
record p=1346483 q=1514363 N=2039064035329 n=41 value=673241
record p=1347587 q=1481387 N=1996297863169 n=41 value=673793
record p=1354247 q=2663351 N=3606835101697 n=42 value=677123
record p=1356611 q=1962347 N=2662141526017 n=42 value=678305
record p=1361903 q=1787663 N=2434623602689 n=42 value=680951
record p=1368527 q=2524463 N=3454795776001 n=42 value=684263
record p=1368911 q=1725359 N=2361862914049 n=42 value=684455
record p=1370819 q=2332139 N=3196940451841 n=42 value=685409
record p=1370987 q=2550083 N=3496130641921 n=42 value=685493
record p=1378439 q=1391927 N=1918686461953 n=41 value=689219
record p=1381487 q=2542223 N=3512048025601 n=42 value=690743
record p=1383287 q=1715783 N=2373420318721 n=42 value=691643
record p=1387367 q=1556567 N=2159529689089 n=41 value=693683
record p=1388963 q=2591243 N=3599140651009 n=42 value=694481
record p=1398263 q=1571783 N=2197766012929 n=41 value=699131
record p=1398407 q=2330423 N=3258879836161 n=42 value=699203
record p=1400387 q=1531499 N=2144691290113 n=41 value=700193
record p=1401083 q=1419827 N=1989295472641 n=41 value=700541
record p=1407647 q=2564447 N=3609836126209 n=42 value=703823
record p=1414703 q=1667279 N=2358704603137 n=42 value=707351
record p=1416587 q=1909283 N=2704665477121 n=42 value=708293
record p=1417463 q=1515719 N=2148475600897 n=41 value=708731
record p=1422647 q=1446023 N=2057180282881 n=41 value=711323
record p=1431923 q=1504187 N=2153879961601 n=41 value=715961
record p=1434827 q=1990883 N=2856572682241 n=42 value=717413
record p=1436147 q=2676539 N=3843903455233 n=42 value=718073
record p=1437323 q=2656547 N=3818316103681 n=42 value=718661
record p=1440983 q=1619687 N=2333941432321 n=42 value=720491
record p=1444043 q=2104547 N=3039056363521 n=42 value=722021
record p=1449683 q=1567067 N=2271750389761 n=42 value=724841
record p=1450739 q=2803259 N=4066797158401 n=42 value=725369
record p=1452299 q=2251427 N=3269745180673 n=42 value=726149
record p=1460099 q=1605419 N=2344070676481 n=42 value=730049
record p=1461407 q=1822559 N=2663500480513 n=42 value=730703
record p=1462679 q=2178599 N=3186591006721 n=42 value=731339
record p=1462883 q=2801483 N=4098241855489 n=42 value=731441
record p=1480067 q=2433323 N=3601481072641 n=42 value=740033
record p=1482407 q=1648919 N=2444369068033 n=42 value=741203
record p=1489667 q=1836971 N=2736475078657 n=42 value=744833
record p=1492103 q=2015543 N=3007397756929 n=42 value=746051
record p=1503863 q=2787143 N=4191481233409 n=42 value=751931
record p=1512527 q=2589359 N=3916475400193 n=42 value=756263
record p=1513427 q=1988699 N=3009750761473 n=42 value=756713
record p=1513619 q=1688987 N=2556482813953 n=42 value=756809
record p=1518563 q=2847179 N=4323620683777 n=42 value=759281
record p=1520747 q=1693763 N=2575785000961 n=42 value=760373
record p=1521623 q=2141159 N=3258036781057 n=42 value=760811
record p=1527803 q=1532723 N=2341698797569 n=42 value=763901
record p=1529267 q=2843003 N=4347710668801 n=42 value=764633
record p=1529327 q=1865999 N=2853722652673 n=42 value=764663
record p=1535663 q=2009167 N=3085403422721 n=42 value=767831
record p=1543103 q=2253887 N=3477979791361 n=42 value=771551
record p=1544483 q=2303627 N=3557912739841 n=42 value=772241
record p=1549943 q=1708871 N=2648652644353 n=42 value=774971
record p=1554863 q=2178383 N=3387087126529 n=42 value=777431
record p=1555223 q=2829479 N=4400470818817 n=43 value=777611
record p=1555259 q=2188787 N=3404130680833 n=42 value=777629
record p=1559879 q=3001463 N=4681919102977 n=43 value=779939
record p=1566479 q=2369519 N=3711801753601 n=42 value=783239
record p=1574219 q=2972771 N=4679792590849 n=43 value=787109
record p=1579883 q=2242883 N=3543492722689 n=42 value=789941
record p=1584203 q=2833763 N=4489255845889 n=43 value=792101
record p=1585127 q=1930199 N=3059610550273 n=42 value=792563
record p=1590119 q=2041943 N=3246932361217 n=42 value=795059
record p=1590467 q=2198507 N=3496652832769 n=42 value=795233
record p=1592807 q=2389463 N=3805953392641 n=42 value=796403
record p=1593323 q=2711747 N=4320688865281 n=42 value=796661
record p=1597703 q=2309303 N=3689580331009 n=42 value=798851
record p=1599839 q=1979039 N=3166143774721 n=42 value=799919
record p=1617563 q=2131859 N=3448416239617 n=42 value=808781
record p=1621979 q=2958419 N=4798493491201 n=43 value=810989
record p=1623827 q=2890523 N=4693709291521 n=43 value=811913
record p=1625747 q=2129819 N=3462546849793 n=42 value=812873
record p=1626143 q=2272223 N=3694959525889 n=42 value=813071
record p=1629647 q=2951471 N=4809855860737 n=43 value=814823
record p=1636043 q=2637539 N=4315127218177 n=42 value=818021
record p=1637639 q=1826999 N=2991964815361 n=42 value=818819
record p=1639091 q=2063483 N=3382236413953 n=42 value=819545
record p=1650647 q=3290087 N=5430772236289 n=43 value=825323
record p=1651943 q=2268887 N=3748071997441 n=42 value=825971
record p=1654547 q=2515739 N=4162408415233 n=42 value=827273
record p=1654739 q=1994843 N=3300944510977 n=42 value=827369
record p=1662527 q=3117503 N=5182932910081 n=43 value=831263
record p=1666043 q=2156339 N=3592553496577 n=42 value=833021
record p=1668743 q=2453303 N=4093932208129 n=42 value=834371
record p=1669103 q=1873679 N=3127363239937 n=42 value=834551
record p=1674587 q=2349779 N=3934909366273 n=42 value=837293
record p=1678751 q=3030623 N=5087661391873 n=43 value=839375
record p=1680983 q=2663783 N=4477773938689 n=43 value=840491
record p=1683299 q=2968139 N=4996265410561 n=43 value=841649
record p=1691507 q=2682299 N=4537127534593 n=43 value=845753
record p=1691939 q=3335819 N=5644002263041 n=43 value=845969
record p=1692071 q=2213399 N=3745228259329 n=42 value=846035
record p=1693187 q=2229419 N=3774823268353 n=42 value=846593
record p=1696979 q=3150683 N=5346642886657 n=43 value=848489
record p=1699319 q=1762247 N=2994619809793 n=42 value=849659
record p=1700603 q=1722419 N=2929150918657 n=42 value=850301
record p=1709327 q=2767343 N=4730294108161 n=43 value=854663
record p=1712519 q=2741303 N=4694533472257 n=43 value=856259
record p=1714547 q=2302907 N=3948442288129 n=42 value=857273
record p=1718447 q=1842767 N=3166697422849 n=42 value=859223
record p=1719947 q=2472227 N=4252099411969 n=42 value=859973
record p=1720787 q=3194459 N=5496983519233 n=43 value=860393
record p=1724483 q=2129003 N=3671429480449 n=42 value=862241
record p=1736303 q=3317903 N=5760884932609 n=43 value=868151
record p=1738379 q=1913123 N=3325732847617 n=42 value=869189
record p=1738943 q=2942783 N=5117331898369 n=43 value=869471
record p=1743359 q=2188799 N=3815862435841 n=42 value=871679
record p=1747727 q=3466223 N=6058011525121 n=43 value=873863
record p=1759463 q=2407127 N=4235250892801 n=42 value=879731
record p=1769627 q=1893779 N=3351282450433 n=42 value=884813
record p=1777379 q=1906379 N=3388358000641 n=42 value=888689
record p=1778807 q=2487623 N=4425001205761 n=43 value=889403
record p=1779299 q=1870667 N=3328475922433 n=42 value=889649
record p=1780379 q=2337683 N=4161961721857 n=42 value=890189
record p=1782647 q=1807943 N=3222924165121 n=42 value=891323
record p=1782959 q=1876559 N=3345827758081 n=42 value=891479
record p=1799279 q=2910863 N=5237454667777 n=43 value=899639
record p=1812359 q=3501623 N=6346197958657 n=43 value=906179
record p=1815467 q=3256067 N=5911282188289 n=43 value=907733
record p=1822463 q=2306303 N=4203151884289 n=42 value=911231
record p=1830047 q=3026783 N=5539155148801 n=43 value=915023
record p=1833023 q=2357183 N=4320770654209 n=42 value=916511
record p=1834439 q=3453943 N=6336047742977 n=43 value=917219
record p=1839347 q=1935419 N=3559907131393 n=42 value=919673
record p=1840043 q=3034883 N=5584315219969 n=43 value=920021
record p=1847687 q=2802743 N=5178591805441 n=43 value=923843
record p=1847999 q=2637119 N=4873393274881 n=43 value=923999
record p=1848467 q=2165147 N=4002202779649 n=42 value=924233
record p=1850159 q=2681807 N=4961769357313 n=43 value=925079
record p=1851559 q=3499799 N=6480084336641 n=43 value=925779
record p=1856159 q=3295583 N=6117126045697 n=43 value=928079
record p=1856363 q=3686723 N=6843896168449 n=43 value=928181
record p=1856747 q=2208707 N=4101010096129 n=42 value=928373
record p=1857347 q=2125163 N=3947165122561 n=42 value=928673
record p=1858643 q=3557339 N=6611823230977 n=43 value=929321
record p=1870859 q=2662307 N=4980801011713 n=43 value=935429
record p=1875959 q=3264967 N=6124944228353 n=43 value=937979
record p=1878839 q=2292359 N=4306973491201 n=42 value=939419
record p=1880843 q=3014819 N=5670401212417 n=43 value=940421
record p=1886447 q=3106319 N=5859906158593 n=43 value=943223
record p=1889999 q=2519087 N=4761071910913 n=43 value=944999
record p=1890107 q=2222579 N=4200912125953 n=42 value=945053
record p=1896263 q=2886263 N=5473113735169 n=43 value=948131
record p=1897079 q=2393927 N=4541468639233 n=43 value=948539
record p=1898447 q=3714863 N=7052470517761 n=43 value=949223
record p=1899167 q=2072927 N=3936834551809 n=42 value=949583
record p=1909319 q=2221943 N=4242397986817 n=42 value=954659
record p=1909487 q=3427343 N=6544466903041 n=43 value=954743
record p=1913939 q=3354587 N=6420474888193 n=43 value=956969
record p=1914239 q=3443327 N=6591350833153 n=43 value=957119
record p=1918067 q=2425019 N=4651348918273 n=43 value=959033
record p=1918283 q=3021923 N=5796903518209 n=43 value=959141
record p=1918439 q=2358743 N=4525104562177 n=43 value=959219
record p=1929527 q=2561159 N=4941825441793 n=43 value=964763
record p=1935827 q=2930267 N=5672489975809 n=43 value=967913
record p=1937603 q=3252203 N=6301478289409 n=43 value=968801
record p=1940903 q=2701847 N=5244022947841 n=43 value=970451
record p=1941403 q=2535059 N=4921571147777 n=43 value=970701
record p=1942859 q=3325027 N=6460058632193 n=43 value=971429
record p=1950227 q=2250779 N=4389529976833 n=42 value=975113
record p=1950527 q=2337983 N=4560298967041 n=43 value=975263
record p=1953167 q=2929007 N=5720839815169 n=43 value=976583
record p=1954679 q=2815559 N=5503514050561 n=43 value=977339
record p=1956359 q=2651063 N=5186430959617 n=43 value=978179
record p=1962839 q=3057767 N=6001904320513 n=43 value=981419
record p=1963187 q=3791483 N=7443390136321 n=43 value=981593
record p=1963679 q=3384671 N=6646407364609 n=43 value=981839
record p=1966967 q=3786311 N=7447548788737 n=43 value=983483
record p=1968563 q=2084219 N=4102916407297 n=42 value=984281
record p=1968767 q=3388799 N=6671755640833 n=43 value=984383
record p=1972823 q=3502439 N=6909692215297 n=43 value=986411
record p=1973047 q=2919047 N=5759416926209 n=43 value=986523
record p=1973579 q=2131043 N=4205781712897 n=42 value=986789
record p=1976243 q=3858299 N=7624936390657 n=43 value=988121
record p=1977023 q=3294527 N=6513355653121 n=43 value=988511
record p=1982447 q=3723023 N=7380695777281 n=43 value=991223
record p=1983383 q=2124839 N=4214369550337 n=42 value=991691
record p=1990823 q=3229463 N=6429289218049 n=43 value=995411
record p=1990907 q=2402867 N=4783884730369 n=43 value=995453
record p=1994327 q=3431783 N=6844097495041 n=43 value=997163
record p=1994387 q=3923867 N=7825709334529 n=43 value=997193
record p=1995827 q=2729723 N=5448054865921 n=43 value=997913
record p=1998119 q=3351191 N=6696078409729 n=43 value=999059
record p=2000423 q=2918807 N=5838848655361 n=43 value=1000211
record p=2002307 q=2550059 N=5106000986113 n=43 value=1001153
record p=2003819 q=2359619 N=4728249384961 n=43 value=1001909
record p=2005519 q=2823407 N=5662396383233 n=43 value=1002759
record p=2005799 q=3613847 N=7248650698753 n=43 value=1002899
record p=2005943 q=2109959 N=4232457486337 n=42 value=1002971
record p=2006483 q=2933339 N=5885694836737 n=43 value=1003241
record p=2012663 q=2923463 N=5883945811969 n=43 value=1006331
record p=2016407 q=3210023 N=6472712847361 n=43 value=1008203
record p=2023283 q=2252219 N=4556876414977 n=43 value=1011641
record p=2028443 q=2833043 N=5746666242049 n=43 value=1014221
record p=2029003 q=2787299 N=5655438032897 n=43 value=1014501
record p=2029403 q=2646227 N=5370261012481 n=43 value=1014701
record p=2030411 q=2700899 N=5483935039489 n=43 value=1015205
record p=2035967 q=2092799 N=4260869701633 n=42 value=1017983
record p=2050547 q=3045179 N=6244282662913 n=43 value=1025273
record p=2053811 q=3491963 N=7171832020993 n=43 value=1026905
record p=2056979 q=3268379 N=6722986967041 n=43 value=1028489
record p=2062223 q=2475887 N=5105831116801 n=43 value=1031111
record p=2063279 q=3193679 N=6589450813441 n=43 value=1031639
record p=2063687 q=3087479 N=6371590275073 n=43 value=1031843
record p=2072363 q=3549059 N=7354938556417 n=43 value=1036181
record p=2078339 q=3328043 N=6916801560577 n=43 value=1039169
record p=2080763 q=4027187 N=8379621703681 n=43 value=1040381
record p=2089643 q=2164739 N=4523531698177 n=43 value=1044821
record p=2096687 q=3147983 N=6600335032321 n=43 value=1048343
record p=2100719 q=2277647 N=4784696328193 n=43 value=1050359
record p=2103911 q=3826007 N=8049578213377 n=43 value=1051955
record p=2106227 q=3717563 N=7830031564801 n=43 value=1053113
record p=2106983 q=4166999 N=8779796054017 n=43 value=1053491
record p=2111303 q=2769527 N=5847310663681 n=43 value=1055651
record p=2112323 q=3713387 N=7843872768001 n=43 value=1056161
record p=2117903 q=4226543 N=8951408099329 n=44 value=1058951
record p=2119487 q=3086527 N=6541853851649 n=43 value=1059743
record p=2120747 q=2720387 N=5769252569089 n=43 value=1060373
record p=2125463 q=2486567 N=5285106155521 n=43 value=1062731
record p=2130503 q=3180407 N=6775866654721 n=43 value=1065251
record p=2137979 q=3303347 N=7062486515713 n=43 value=1068989
record p=2140763 q=2651603 N=5676453593089 n=43 value=1070381
record p=2146139 q=2185427 N=4690230116353 n=43 value=1073069
record p=2146439 q=2884919 N=6192302653441 n=43 value=1073219
record p=2150543 q=2510447 N=5398824222721 n=43 value=1075271
record p=2155103 q=3930527 N=8470690529281 n=43 value=1077551
record p=2159819 q=2543843 N=5494240444417 n=43 value=1079909
record p=2162747 q=4315379 N=9333072986113 n=44 value=1081373
record p=2162879 q=3305279 N=7148918538241 n=43 value=1081439
record p=2164619 q=3336227 N=7221660352513 n=43 value=1082309
record p=2167643 q=4252883 N=9218732064769 n=44 value=1083821
record p=2168303 q=2799887 N=6071003381761 n=43 value=1084151
record p=2176331 q=3058787 N=6656932970497 n=43 value=1088165
record p=2177243 q=3146579 N=6850867101697 n=43 value=1088621
record p=2177507 q=3920843 N=8537663078401 n=43 value=1088753
record p=2180027 q=3606899 N=7863137206273 n=43 value=1090013
record p=2183543 q=2807879 N=6131124535297 n=43 value=1091771
record p=2185343 q=2516863 N=5500208939009 n=43 value=1092671
record p=2187587 q=2372459 N=5189960466433 n=43 value=1093793
record p=2187863 q=2795879 N=6117000216577 n=43 value=1093931
record p=2189879 q=2386823 N=5226853564417 n=43 value=1094939
record p=2189939 q=2509499 N=5495649730561 n=43 value=1094969
record p=2190047 q=2937119 N=6432428654593 n=43 value=1095023
record p=2190107 q=2815763 N=6166822256641 n=43 value=1095053
record p=2198783 q=3502847 N=7702000435201 n=43 value=1099391
record p=2211983 q=2580079 N=5707090886657 n=43 value=1105991
record p=2213423 q=2834639 N=6274255159297 n=43 value=1106711
record p=2229527 q=3113639 N=6941942218753 n=43 value=1114763
record p=2232827 q=3297587 N=7362941288449 n=43 value=1116413
record p=2233247 q=2771039 N=6188414533633 n=43 value=1116623
record p=2234927 q=3108047 N=6946258157569 n=43 value=1117463
record p=2242763 q=3566819 N=7999529680897 n=43 value=1121381
record p=2247143 q=3455447 N=7764883537921 n=43 value=1123571
record p=2253023 q=3758879 N=8468840841217 n=43 value=1126511
record p=2254223 q=2431343 N=5480789311489 n=43 value=1127111
record p=2256623 q=3964943 N=8947381567489 n=44 value=1128311
record p=2257247 q=4074143 N=9196347064321 n=44 value=1128623
record p=2258483 q=4027643 N=9096363245569 n=44 value=1129241
record p=2261219 q=3327179 N=7523480371201 n=43 value=1130609
record p=2264699 q=2433203 N=5510472400897 n=43 value=1132349
record p=2271439 q=2711087 N=6158068744193 n=43 value=1135719
record p=2271923 q=3544187 N=8052119961601 n=43 value=1135961
record p=2272547 q=3074699 N=6987397988353 n=43 value=1136273
record p=2274599 q=3369623 N=7664541106177 n=43 value=1137299
record p=2275667 q=3797723 N=8642352906241 n=43 value=1137833
record p=2278139 q=3209267 N=7311156314113 n=43 value=1139069
record p=2279807 q=2291327 N=5223783333889 n=43 value=1139903
record p=2283563 q=4138627 N=9450815488001 n=44 value=1141781
record p=2288207 q=3140783 N=7186761646081 n=43 value=1144103
record p=2292947 q=3586907 N=8224587644929 n=43 value=1146473
record p=2294807 q=4092839 N=9392275587073 n=44 value=1147403
record p=2302043 q=2428883 N=5591393107969 n=43 value=1151021
record p=2304059 q=2453747 N=5653577859073 n=43 value=1152029
record p=2305463 q=2375687 N=5477058478081 n=43 value=1152731
record p=2315063 q=4510343 N=10441728196609 n=44 value=1157531
record p=2316179 q=2514587 N=5824233603073 n=43 value=1158089
record p=2320247 q=3383879 N=7851435098113 n=43 value=1160123
record p=2322227 q=3810299 N=8848379215873 n=44 value=1161113
record p=2333099 q=3840259 N=8959704432641 n=44 value=1166549
record p=2333207 q=2702759 N=6306096218113 n=43 value=1166603
record p=2335079 q=4516439 N=10546241863681 n=44 value=1167539
record p=2336903 q=2399543 N=5607499235329 n=43 value=1168451
record p=2347523 q=4253867 N=9986050621441 n=44 value=1173761
record p=2347907 q=3691307 N=8666845544449 n=43 value=1173953
record p=2350763 q=2960387 N=6959168225281 n=43 value=1175381
record p=2352227 q=3521867 N=8284230647809 n=43 value=1176113
record p=2377007 q=3088847 N=7342210940929 n=43 value=1188503
record p=2380223 q=2399807 N=5712075816961 n=43 value=1190111
record p=2380787 q=3243323 N=7721661235201 n=43 value=1190393
record p=2381147 q=2872019 N=6838699425793 n=43 value=1190573
record p=2384567 q=2628359 N=6267498135553 n=43 value=1192283
record p=2387003 q=2591987 N=6187080744961 n=43 value=1193501
record p=2387183 q=3686927 N=8801369456641 n=44 value=1193591
record p=2387207 q=2453687 N=5857458782209 n=43 value=1193603
record p=2390123 q=2913347 N=6963257671681 n=43 value=1195061
record p=2390243 q=2657483 N=6352030138369 n=43 value=1195121
record p=2395103 q=3076127 N=7367641006081 n=43 value=1197551
record p=2395583 q=4350527 N=10422048522241 n=44 value=1197791
record p=2401019 q=4462643 N=10714890633217 n=44 value=1200509
record p=2402663 q=2581079 N=6201463013377 n=43 value=1201331
record p=2407883 q=2916323 N=7022164574209 n=43 value=1203941
record p=2408723 q=4796699 N=11553919205377 n=44 value=1204361
record p=2414507 q=2583299 N=6237393518593 n=43 value=1207253
record p=2416487 q=4115543 N=9945156157441 n=44 value=1208243
record p=2416607 q=4430879 N=10707693207553 n=44 value=1208303
record p=2417243 q=2719187 N=6572935741441 n=43 value=1208621
record p=2429579 q=2966819 N=7208121139201 n=43 value=1214789
record p=2431763 q=3729179 N=9068479512577 n=44 value=1215881
record p=2432447 q=2740799 N=6666848305153 n=43 value=1216223
record p=2434739 q=3405947 N=8292591992833 n=43 value=1217369
record p=2435519 q=3130943 N=7625471164417 n=43 value=1217759
record p=2436059 q=3594323 N=8755982893057 n=43 value=1218029
record p=2437847 q=4579559 N=11164264169473 n=44 value=1218923
record p=2439719 q=4101527 N=10006573350913 n=44 value=1219859
record p=2440499 q=4785659 N=11679396003841 n=44 value=1220249
record p=2443619 q=3571787 N=8728086577153 n=43 value=1221809
record p=2445887 q=2727359 N=6670811922433 n=43 value=1222943
record p=2466851 q=2763659 N=6817534967809 n=43 value=1233425
record p=2477159 q=3575639 N=8857426329601 n=44 value=1238579
record p=2479847 q=2546903 N=6315929763841 n=43 value=1239923
record p=2480579 q=3071723 N=7619651567617 n=43 value=1240289
record p=2505227 q=2949539 N=7389264740353 n=43 value=1252613
record p=2510927 q=3065519 N=7697294426113 n=43 value=1255463
record p=2526299 q=4441043 N=11219402489857 n=44 value=1263149
record p=2535887 q=3323183 N=8427216568321 n=43 value=1267943
record p=2537219 q=5041067 N=12790290972673 n=44 value=1268609
record p=2540423 q=3117623 N=7920081174529 n=43 value=1270211
record p=2543459 q=2697803 N=6861751320577 n=43 value=1271729
record p=2553659 q=3328499 N=8499851427841 n=43 value=1276829
record p=2560343 q=3566183 N=9130651680769 n=44 value=1280171
record p=2566787 q=3011627 N=7730205032449 n=43 value=1283393
record p=2568023 q=3091559 N=7939194617857 n=43 value=1284011
record p=2572523 q=3237827 N=8329384427521 n=43 value=1286261
record p=2573003 q=2659043 N=6841725616129 n=43 value=1286501
record p=2574203 q=2719667 N=7000974950401 n=43 value=1287101
record p=2577347 q=2864363 N=7382457384961 n=43 value=1288673
record p=2577683 q=2735387 N=7050960568321 n=43 value=1288841
record p=2582627 q=5134667 N=13260929630209 n=44 value=1291313
record p=2582903 q=2900039 N=7490519433217 n=43 value=1291451
record p=2589563 q=2876339 N=7448461049857 n=43 value=1294781
record p=2594939 q=4228787 N=10973444308993 n=44 value=1297469
record p=2598983 q=3375479 N=8772812537857 n=43 value=1299491
record p=2599907 q=4125131 N=10724956962817 n=44 value=1299953
record p=2600867 q=3013643 N=7838084628481 n=43 value=1300433
record p=2607743 q=2749823 N=7170831679489 n=43 value=1303871
record p=2612123 q=4461203 N=11653210963969 n=44 value=1306061
record p=2612243 q=4869659 N=12720732635137 n=44 value=1306121
record p=2613839 q=2618543 N=6844449816577 n=43 value=1306919
record p=2617379 q=2637707 N=6903878909953 n=43 value=1308689
record p=2619179 q=3346307 N=8764577021953 n=43 value=1309589
record p=2620259 q=4808267 N=12598904881153 n=44 value=1310129
record p=2626367 q=3235007 N=8496315629569 n=43 value=1313183
record p=2630819 q=2731787 N=7186837143553 n=43 value=1315409
record p=2652983 q=5253767 N=13938154536961 n=44 value=1326491
record p=2653319 q=3115319 N=8265935093761 n=43 value=1326659
record p=2655623 q=3026999 N=8038568165377 n=43 value=1327811
record p=2658323 q=2734619 N=7269500583937 n=43 value=1329161
record p=2664059 q=3360947 N=8953761103873 n=44 value=1332029
record p=2665427 q=3269723 N=8715207966721 n=43 value=1332713
record p=2670923 q=3129443 N=8358501285889 n=43 value=1335461
record p=2677343 q=3801503 N=10177927446529 n=44 value=1338671
record p=2681423 q=2747567 N=7367389347841 n=43 value=1340711
record p=2682503 q=2914103 N=7817090039809 n=43 value=1341251
record p=2686667 q=3012323 N=8093108797441 n=43 value=1343333
record p=2694323 q=2814587 N=7583406489601 n=43 value=1347161
record p=2695607 q=5278727 N=14229373452289 n=44 value=1347803
record p=2699339 q=3217763 N=8685833158657 n=43 value=1349669
record p=2699867 q=2928083 N=7905434664961 n=43 value=1349933
record p=2704127 q=2997503 N=8105628794881 n=43 value=1352063
record p=2711783 q=2732759 N=7410649399297 n=43 value=1355891
record p=2715983 q=3868079 N=10505636806657 n=44 value=1357991
record p=2726327 q=3773447 N=10287650439169 n=44 value=1363163
record p=2728907 q=4254179 N=11609258852353 n=44 value=1364453
record p=2737979 q=3635699 N=9954467512321 n=44 value=1368989
record p=2743079 q=3662999 N=10047895633921 n=44 value=1371539
record p=2748059 q=2967443 N=8154708443137 n=43 value=1374029
record p=2748227 q=4035947 N=11091698515969 n=44 value=1374113
record p=2762759 q=3196343 N=8830725390337 n=44 value=1381379
record p=2766227 q=4337819 N=11999392038913 n=44 value=1383113
record p=2774867 q=3015899 N=8368718610433 n=43 value=1387433
record p=2776979 q=4757147 N=13210497318913 n=44 value=1388489
record p=2783687 q=3110903 N=8659780239361 n=43 value=1391843
record p=2788979 q=5228219 N=14581392998401 n=44 value=1394489
record p=2790923 q=4507043 N=12578809970689 n=44 value=1395461
record p=2793587 q=3736763 N=10438972538881 n=44 value=1396793
record p=2794163 q=4643963 N=12975989587969 n=44 value=1397081
record p=2795267 q=2915243 N=8148882554881 n=43 value=1397633
record p=2798539 q=4413923 N=12352535658497 n=44 value=1399269
record p=2801087 q=5517887 N=15456081543169 n=44 value=1400543
record p=2801339 q=5559923 N=15575229136897 n=44 value=1400669
record p=2804759 q=3877799 N=10876291645441 n=44 value=1402379
record p=2817887 q=4398239 N=12393740500993 n=44 value=1408943
record p=2819723 q=4763939 N=13432988368897 n=44 value=1409861
record p=2820179 q=5274587 N=14875279491073 n=44 value=1410089
record p=2820899 q=5536907 N=15619055419393 n=44 value=1410449
record p=2821451 q=3150947 N=8890242564097 n=44 value=1410725
record p=2822987 q=4611683 N=13018721157121 n=44 value=1411493
record p=2830187 q=3179843 N=8999550320641 n=44 value=1415093
record p=2837279 q=5533919 N=15701272166401 n=44 value=1418639
record p=2839547 q=4374323 N=12421095751681 n=44 value=1419773
record p=2850383 q=3070127 N=8751037808641 n=43 value=1425191
record p=2850623 q=4190399 N=11945247768577 n=44 value=1425311
record p=2851727 q=3160943 N=9014146498561 n=44 value=1425863
record p=2851799 q=4399079 N=12545289093121 n=44 value=1425899
record p=2854751 q=3574943 N=10205572104193 n=44 value=1427375
record p=2855807 q=3681407 N=10513387880449 n=44 value=1427903
record p=2858543 q=4745423 N=13564995698689 n=44 value=1429271
record p=2858699 q=3036899 N=8681580134401 n=43 value=1429349
record p=2860643 q=3148619 N=9007074902017 n=44 value=1430321
record p=2860883 q=4797659 N=13725541072897 n=44 value=1430441
record p=2862947 q=4934219 N=14126407483393 n=44 value=1431473
record p=2863703 q=5069159 N=14516565835777 n=44 value=1431851
record p=2866463 q=5209823 N=14933764866049 n=44 value=1433231
record p=2872379 q=5498099 N=15792624107521 n=44 value=1436189
record p=2874251 q=5403683 N=15531541266433 n=44 value=1437125
record p=2879843 q=3479627 N=10020779458561 n=44 value=1439921
record p=2886383 q=3826703 N=11045330485249 n=44 value=1443191
record p=2889839 q=5260943 N=15203278258177 n=44 value=1444919
record p=2890739 q=5436731 N=15716170334209 n=44 value=1445369
record p=2894447 q=4617359 N=13364700905473 n=44 value=1447223
record p=2899139 q=3888107 N=11272162639873 n=44 value=1449569
record p=2899907 q=3746027 N=10863129919489 n=44 value=1449953
record p=2902787 q=3078059 N=8934949650433 n=44 value=1451393
record p=2913083 q=5500403 N=16023130472449 n=44 value=1456541
record p=2913359 q=3547823 N=10336082067457 n=44 value=1456679
record p=2915699 q=5697467 N=16612098834433 n=44 value=1457849
record p=2919479 q=3991943 N=11654393757697 n=44 value=1459739
record p=2919599 q=4868687 N=14214613696513 n=44 value=1459799
record p=2920427 q=3350723 N=9785541918721 n=44 value=1460213
record p=2921423 q=4166447 N=12171954094081 n=44 value=1460711
record p=2923499 q=2929859 N=8565439856641 n=43 value=1461749
record p=2936807 q=3068887 N=9012728823809 n=44 value=1468403
record p=2944379 q=4450739 N=13104662446081 n=44 value=1472189
record p=2960039 q=4840727 N=14328740708353 n=44 value=1480019
record p=2975963 q=5788499 N=17226358849537 n=44 value=1487981
record p=2977883 q=5390291 N=16051655933953 n=44 value=1488941
record p=2978699 q=3284003 N=9782056452097 n=44 value=1489349
record p=2983523 q=4008779 N=11960284348417 n=44 value=1491761
record p=2986979 q=5261771 N=15716799479809 n=44 value=1493489
record p=2990831 q=5491727 N=16424827355137 n=44 value=1495415
record p=2997719 q=5211623 N=15622981287937 n=44 value=1498859
record p=3002459 q=5955539 N=17881261670401 n=45 value=1501229
record p=3018539 q=4470659 N=13494858547201 n=44 value=1509269
record p=3020399 q=5376143 N=16238096941057 n=44 value=1510199
record p=3020783 q=6027023 N=18206328619009 n=45 value=1510391
record p=3023963 q=3304403 N=9992392409089 n=44 value=1511981
record p=3024767 q=5871743 N=17760654458881 n=45 value=1512383
record p=3025487 q=3976367 N=12030446665729 n=44 value=1512743
record p=3026423 q=5940167 N=17977458032641 n=45 value=1513211
record p=3029867 q=4921667 N=14911996428289 n=44 value=1514933
record p=3035939 q=3110027 N=9441852260353 n=44 value=1517969
record p=3039851 q=3160643 N=9607883784193 n=44 value=1519925
record p=3043787 q=6040547 N=18386138431489 n=45 value=1521893
record p=3051947 q=4710659 N=14376681603073 n=44 value=1525973
record p=3054299 q=5624147 N=17177826557953 n=44 value=1527149
record p=3054707 q=4679867 N=14295622483969 n=44 value=1527353
record p=3067223 q=5271143 N=16167771045889 n=44 value=1533611
record p=3069047 q=3753287 N=11519014207489 n=44 value=1534523
record p=3083303 q=4563863 N=14071772479489 n=44 value=1541651
record p=3087923 q=5311739 N=16402241028097 n=44 value=1543961
record p=3088607 q=6069023 N=18744826920961 n=45 value=1544303
record p=3092723 q=5204027 N=16094613995521 n=44 value=1546361
record p=3096047 q=4821263 N=14926856847361 n=44 value=1548023
record p=3096323 q=4629419 N=14334176526337 n=44 value=1548161
record p=3096623 q=5637839 N=17458261917697 n=44 value=1548311
record p=3101999 q=5116367 N=15870965317633 n=44 value=1550999
record p=3124967 q=3376343 N=10550960455681 n=44 value=1562483
record p=3138539 q=4926659 N=15462511411201 n=44 value=1569269
record p=3138767 q=3580463 N=11238239109121 n=44 value=1569383
record p=3146687 q=4582463 N=14419576750081 n=44 value=1573343
record p=3158339 q=5235563 N=16535682809857 n=44 value=1579169
record p=3159323 q=3677459 N=11618280800257 n=44 value=1579661
record p=3164003 q=3895883 N=12326585499649 n=44 value=1582001
record p=3172847 q=4842767 N=15365358747649 n=44 value=1586423
record p=3175763 q=6264539 N=19894691168257 n=45 value=1587881
record p=3183179 q=4859747 N=15469444595713 n=44 value=1591589
record p=3184283 q=4349843 N=13851131117569 n=44 value=1592141
record p=3186203 q=6360083 N=20264515534849 n=45 value=1593101
record p=3188723 q=4671803 N=14897085677569 n=44 value=1594361
record p=3194683 q=4047347 N=12929990656001 n=44 value=1597341
record p=3207119 q=3782447 N=12130757640193 n=44 value=1603559
record p=3211499 q=3778499 N=12134645760001 n=44 value=1605749
record p=3223919 q=4803983 N=15487652069377 n=44 value=1611959
record p=3257363 q=6436379 N=20965622808577 n=45 value=1628681
record p=3259667 q=5739803 N=18709846425601 n=45 value=1629833
record p=3260639 q=4324127 N=14099417137153 n=44 value=1630319
record p=3264743 q=4342487 N=14177104035841 n=44 value=1632371
record p=3265247 q=4614431 N=15067256979457 n=44 value=1632623
record p=3271459 q=3447947 N=11279817244673 n=44 value=1635729
record p=3273899 q=4875779 N=15962807992321 n=44 value=1636949
record p=3274079 q=4433567 N=14515848609793 n=44 value=1637039
record p=3278699 q=6221123 N=20397189758977 n=45 value=1639349
record p=3280703 q=5333183 N=17496589467649 n=44 value=1640351
record p=3286139 q=3414707 N=11221201846273 n=44 value=1643069
record p=3287467 q=5736707 N=18859234951169 n=45 value=1643733
record p=3296999 q=3597527 N=11861042921473 n=44 value=1648499
record p=3298259 q=3570779 N=11777353973761 n=44 value=1649129
record p=3302603 q=4055267 N=13392936960001 n=44 value=1651301
record p=3305999 q=5520623 N=18251174117377 n=45 value=1652999
record p=3308939 q=5325347 N=17621248376833 n=45 value=1654469
record p=3313139 q=4117307 N=13641210396673 n=44 value=1656569
record p=3324983 q=6142343 N=20423186055169 n=45 value=1662491
record p=3326363 q=5749907 N=19126277898241 n=45 value=1663181
record p=3326507 q=5631107 N=18731916853249 n=45 value=1663253
record p=3328427 q=5368067 N=17867219140609 n=45 value=1664213
record p=3336779 q=6229859 N=20787662684161 n=45 value=1668389
record p=3338651 q=4459667 N=14889271689217 n=44 value=1669325
record p=3342299 q=4777043 N=15966306041857 n=44 value=1671149
record p=3342371 q=6139787 N=20521446014977 n=45 value=1671185
record p=3342959 q=5938319 N=19851556945921 n=45 value=1671479
record p=3344267 q=5302307 N=17732330323969 n=45 value=1672133
record p=3349103 q=6128783 N=20525925531649 n=45 value=1674551
record p=3349439 q=5166143 N=17303680843777 n=44 value=1674719
record p=3367907 q=4782539 N=16107146575873 n=44 value=1683953
record p=3368507 q=6587123 N=22188769935361 n=45 value=1684253
record p=3377963 q=3595139 N=12144246521857 n=44 value=1688981
record p=3379127 q=4029959 N=13617743265793 n=44 value=1689563
record p=3382307 q=3666827 N=12402334629889 n=44 value=1691153
record p=3385883 q=6627347 N=22439421542401 n=45 value=1692941
record p=3393623 q=6136679 N=20825574998017 n=45 value=1696811
record p=3394043 q=6019379 N=20430031159297 n=45 value=1697021
record p=3394403 q=3935819 N=13359755821057 n=44 value=1697201
record p=3401759 q=6394847 N=21753728335873 n=45 value=1700879
record p=3402383 q=4453487 N=15152468459521 n=44 value=1701191
record p=3403199 q=6488639 N=22082129756161 n=45 value=1701599
record p=3411839 q=3911807 N=13346455683073 n=44 value=1705919
record p=3414227 q=6029147 N=20584876474369 n=45 value=1707113
record p=3424307 q=6339323 N=21707788124161 n=45 value=1712153
record p=3425579 q=5919107 N=20276368637953 n=45 value=1712789
record p=3425843 q=6300923 N=21585972953089 n=45 value=1712921
record p=3433007 q=4859087 N=16681279684609 n=44 value=1716503
record p=3435347 q=6361307 N=21853296918529 n=45 value=1717673
record p=3438803 q=3841883 N=13211478786049 n=44 value=1719401
record p=3441059 q=5945867 N=20460079153153 n=45 value=1720529
record p=3452567 q=3518759 N=12148751204353 n=44 value=1726283
record p=3463259 q=3971027 N=13752694996993 n=44 value=1731629
record p=3471263 q=6448223 N=22383477915649 n=45 value=1735631
record p=3474623 q=4746047 N=16490724065281 n=44 value=1737311
record p=3476843 q=5420867 N=18847503482881 n=45 value=1738421
record p=3481007 q=5658959 N=19698875891713 n=45 value=1740503
record p=3495707 q=4926227 N=17220646207489 n=44 value=1747853
record p=3496343 q=4372007 N=15286036070401 n=44 value=1748171
record p=3498119 q=3499319 N=12241034280961 n=44 value=1749059
record p=3498359 q=6015047 N=21042793807873 n=45 value=1749179
record p=3508523 q=5959043 N=20907439423489 n=45 value=1754261
record p=3512231 q=4300823 N=15105483866113 n=44 value=1756115
record p=3522647 q=5712743 N=20123976990721 n=45 value=1761323
record p=3524099 q=4822187 N=16993864384513 n=44 value=1762049
record p=3524699 q=5384147 N=18977497546753 n=45 value=1762349
record p=3534467 q=3690539 N=13044088307713 n=44 value=1767233
record p=3540203 q=4359107 N=15432123678721 n=44 value=1770101
record p=3543503 q=4674863 N=16565391065089 n=44 value=1771751
record p=3548639 q=5756447 N=20427552325633 n=45 value=1774319
record p=3550259 q=4763387 N=16911257567233 n=44 value=1775129
record p=3552047 q=5895119 N=20939739758593 n=45 value=1776023
record p=3552203 q=3922403 N=13933171703809 n=44 value=1776101
record p=3552707 q=3695339 N=13128456732673 n=44 value=1776353
record p=3554891 q=6036323 N=21458470305793 n=45 value=1777445
record p=3559019 q=6745667 N=24007957020673 n=45 value=1779509
record p=3559487 q=6135743 N=21840097443841 n=45 value=1779743
record p=3564923 q=5747123 N=20488050966529 n=45 value=1782461
record p=3569939 q=4471067 N=15961436454913 n=44 value=1784969
record p=3570383 q=5655599 N=20192654524417 n=45 value=1785191
record p=3574127 q=6223247 N=22242675130369 n=45 value=1787063
record p=3579803 q=6663827 N=23855187886081 n=45 value=1789901
record p=3580763 q=5297363 N=18968601427969 n=45 value=1790381
record p=3582263 q=4938887 N=17692392161281 n=45 value=1791131
record p=3587687 q=4947287 N=17749317255169 n=45 value=1793843
record p=3590759 q=5288279 N=18988935413761 n=45 value=1795379
record p=3591767 q=5373287 N=19299594928129 n=45 value=1795883
record p=3593063 q=4167767 N=14975049400321 n=44 value=1796531
record p=3594299 q=4604147 N=16548680957953 n=44 value=1797149
record p=3604127 q=5283167 N=19041204830209 n=45 value=1802063
record p=3614747 q=6582803 N=23795167395841 n=45 value=1807373
record p=3615967 q=6262559 N=22645206679553 n=45 value=1807983
record p=3626087 q=5277527 N=19136772046849 n=45 value=1813043
record p=3632963 q=3937643 N=14305311326209 n=44 value=1816481
record p=3633347 q=4112363 N=14941641768961 n=44 value=1816673
record p=3633983 q=5373119 N=19525823102977 n=45 value=1816991
record p=3635987 q=6653723 N=24192850329601 n=45 value=1817993
record p=3636539 q=5133299 N=18667442012161 n=45 value=1818269
record p=3640163 q=5656139 N=20589267910657 n=45 value=1820081
record p=3643799 q=6583847 N=23990215114753 n=45 value=1821899
record p=3645563 q=6766259 N=24666823458817 n=45 value=1822781
record p=3656483 q=5094539 N=18628095246337 n=45 value=1828241
record p=3664679 q=3724439 N=13648873390081 n=44 value=1832339
record p=3669647 q=5070959 N=18608629481473 n=45 value=1834823
record p=3670319 q=5825999 N=21383274823681 n=45 value=1835159
record p=3677123 q=5450987 N=20043949670401 n=45 value=1838561
record p=3682859 q=5569667 N=20512298237953 n=45 value=1841429
record p=3683651 q=3997547 N=14725568004097 n=44 value=1841825
record p=3689519 q=5536463 N=20426885431297 n=45 value=1844759
record p=3695183 q=4682927 N=17304272240641 n=44 value=1847591
record p=3700283 q=7140083 N=26420327743489 n=45 value=1850141
record p=3700847 q=5236367 N=19378993102849 n=45 value=1850423
record p=3707063 q=3886343 N=14406918340609 n=44 value=1853531
record p=3709031 q=5047127 N=18719950503937 n=45 value=1854515
record p=3714587 q=4357139 N=16184971886593 n=44 value=1857293
record p=3725663 q=6931103 N=25822953996289 n=45 value=1862831
record p=3730583 q=3756839 N=14015199707137 n=44 value=1865291
record p=3730919 q=6936023 N=25877739995137 n=45 value=1865459
record p=3739103 q=5172767 N=19341508608001 n=45 value=1869551
record p=3739199 q=5759423 N=21535628722177 n=45 value=1869599
record p=3744263 q=6466487 N=24212228014081 n=45 value=1872131
record p=3754103 q=5968199 N=22405233770497 n=45 value=1877051
record p=3755783 q=7401143 N=27797087059969 n=45 value=1877891
record p=3761159 q=5294519 N=19913527787521 n=45 value=1880579
record p=3763043 q=6516299 N=24521113337857 n=45 value=1881521
record p=3773387 q=6650339 N=25094302728193 n=45 value=1886693
record p=3774359 q=5396519 N=20368400056321 n=45 value=1887179
record p=3779327 q=5068031 N=19153746395137 n=45 value=1889663
record p=3783047 q=5684279 N=21503894618113 n=45 value=1891523
record p=3792443 q=7293683 N=27660877037569 n=45 value=1896221
record p=3797819 q=6974963 N=26489647005697 n=45 value=1898909
record p=3798407 q=6406199 N=24333351124993 n=45 value=1899203
record p=3811763 q=6335867 N=24150823403521 n=45 value=1905881
record p=3814667 q=6352547 N=24232851406849 n=45 value=1907333
record p=3815363 q=5828843 N=22239151915009 n=45 value=1907681
record p=3819899 q=3943859 N=15065143050241 n=44 value=1909949
record p=3820319 q=4550879 N=17385809510401 n=44 value=1910159
record p=3821723 q=6624659 N=25317611667457 n=45 value=1910861
record p=3830327 q=5366663 N=20556074188801 n=45 value=1915163
record p=3836387 q=6095819 N=23385920765953 n=45 value=1918193
record p=3853583 q=5931503 N=22857539125249 n=45 value=1926791
record p=3859067 q=7056563 N=27231749406721 n=45 value=1929533
record p=3859139 q=5987819 N=23107825827841 n=45 value=1929569
record p=3867371 q=5150147 N=19917529153537 n=45 value=1933685
record p=3873743 q=4983599 N=19305181741057 n=45 value=1936871
record p=3878003 q=4544699 N=17624356356097 n=45 value=1939001
record p=3878207 q=5325503 N=20653403013121 n=45 value=1939103
record p=3878423 q=6220199 N=24124562866177 n=45 value=1939211
record p=3882587 q=4964819 N=19276341706753 n=45 value=1941293
record p=3885767 q=7624439 N=29626793459713 n=45 value=1942883
record p=3886787 q=6377963 N=24789783674881 n=45 value=1943393
record p=3890759 q=4516727 N=17573496225793 n=44 value=1945379
record p=3893243 q=5212979 N=20295394000897 n=45 value=1946621
record p=3899243 q=4568387 N=17813251031041 n=45 value=1949621
record p=3899339 q=7679459 N=29944813977601 n=45 value=1949669
record p=3911939 q=6635947 N=25959419871233 n=45 value=1955969
record p=3913103 q=4311407 N=16870979665921 n=44 value=1956551
record p=3915683 q=7498763 N=29362778800129 n=45 value=1957841
record p=3915707 q=5188979 N=20318521393153 n=45 value=1957853
record p=3916667 q=5088179 N=19928702779393 n=45 value=1958333
record p=3919247 q=7254383 N=28431718809601 n=45 value=1959623
record p=3922463 q=6365663 N=24969077587969 n=45 value=1961231
record p=3927647 q=4713887 N=18514484133889 n=45 value=1963823
record p=3930887 q=6980279 N=27438687977473 n=45 value=1965443
record p=3936839 q=4716407 N=18567735017473 n=45 value=1968419
record p=3944483 q=5635979 N=22231023353857 n=45 value=1972241
record p=3950327 q=6183623 N=24427332894721 n=45 value=1975163
record p=3950603 q=5374883 N=21234028904449 n=45 value=1975301
record p=3954707 q=7680539 N=30374281347073 n=45 value=1977353
record p=3959303 q=5563319 N=22026865606657 n=45 value=1979651
record p=3967487 q=6256127 N=24821102542849 n=45 value=1983743
record p=3970199 q=7351079 N=29185246494721 n=45 value=1985099
record p=3971063 q=7821767 N=31060729528321 n=45 value=1985531
record p=3971879 q=7939223 N=31533633110017 n=45 value=1985939
record p=3972119 q=5659559 N=22480441835521 n=45 value=1986059
record p=3977243 q=7842323 N=31190824255489 n=45 value=1988621
record p=3978167 q=6134279 N=24403186286593 n=45 value=1989083
record p=3979427 q=7846667 N=31225238519809 n=45 value=1989713
record p=3983999 q=7665023 N=30537443966977 n=45 value=1991999
record p=3989519 q=7737071 N=30867191758849 n=45 value=1994759
record p=3992699 q=7475891 N=29848982519809 n=45 value=1996349
record p=3995507 q=5637563 N=22524922429441 n=45 value=1997753
record p=3997979 q=7631123 N=30509069500417 n=45 value=1998989
record p=4001147 q=5163443 N=20659694469121 n=45 value=2000573
record p=4003667 q=6898907 N=27620926291969 n=45 value=2001833
record p=4011467 q=6965219 N=27940746166273 n=45 value=2005733
record p=4013183 q=5669759 N=22753780432897 n=45 value=2006591
record p=4013783 q=5805287 N=23301162270721 n=45 value=2006891
record p=4022483 q=5371739 N=21607728807937 n=45 value=2011241
record p=4024739 q=4526603 N=18218395631617 n=45 value=2012369
record p=4025507 q=6989579 N=28136599191553 n=45 value=2012753
record p=4031219 q=4351547 N=17542038945793 n=44 value=2015609
record p=4032947 q=7097723 N=28624740679681 n=45 value=2016473
record p=4037543 q=6380567 N=25761813626881 n=45 value=2018771
record p=4038803 q=5799323 N=23422323130369 n=45 value=2019401
record p=4040459 q=5401763 N=21825601929217 n=45 value=2020229
record p=4043087 q=4113839 N=16632608980993 n=44 value=2021543
record p=4044779 q=6600899 N=26699177656321 n=45 value=2022389
record p=4045103 q=5647823 N=22846025760769 n=45 value=2022551
record p=4045127 q=6955127 N=28134372016129 n=45 value=2022563
record p=4048103 q=7147223 N=28932694867969 n=45 value=2024051
record p=4053059 q=5452907 N=22100953792513 n=45 value=2026529
record p=4053779 q=4073243 N=16512026935297 n=44 value=2026889
record p=4059227 q=5095379 N=20683300012033 n=45 value=2029613
record p=4060139 q=4496579 N=18256735764481 n=45 value=2030069
record p=4060487 q=6497399 N=26382604173313 n=45 value=2030243
record p=4070867 q=7946843 N=32350540922881 n=45 value=2035433
record p=4082759 q=6659447 N=27188917174273 n=45 value=2041379
record p=4084079 q=6303119 N=25742435942401 n=45 value=2042039
record p=4105763 q=6961547 N=28582462095361 n=45 value=2052881
record p=4112027 q=4454291 N=18316164857857 n=45 value=2056013
record p=4116527 q=4224719 N=17391169830913 n=44 value=2058263
record p=4123907 q=8185259 N=33755246886913 n=45 value=2061953
record p=4123943 q=8106647 N=33431350149121 n=45 value=2061971
record p=4124327 q=7067927 N=29150442160129 n=45 value=2062163
record p=4131539 q=6675803 N=27581340450817 n=45 value=2065769
record p=4132067 q=6199499 N=25616745234433 n=45 value=2066033
record p=4136303 q=6349199 N=26262210871297 n=45 value=2068151
record p=4136339 q=4294811 N=17764794236929 n=45 value=2068169
record p=4137047 q=5491559 N=22718837686273 n=45 value=2068523
record p=4138847 q=4256927 N=17618769543169 n=45 value=2069423
record p=4145567 q=5479007 N=22713590611969 n=45 value=2072783
record p=4151879 q=7745399 N=32157959454721 n=45 value=2075939
record p=4153223 q=6567479 N=27276204834817 n=45 value=2076611
record p=4153979 q=7548083 N=31354578272257 n=45 value=2076989
record p=4159523 q=6354827 N=26433049067521 n=45 value=2079761
record p=4161539 q=4663979 N=19409330503681 n=45 value=2080769
record p=4164299 q=7604963 N=31669339815937 n=45 value=2082149
record p=4172699 q=4178579 N=17435952414721 n=44 value=2086349
record p=4173467 q=4294547 N=17923150184449 n=45 value=2086733
record p=4174259 q=5137787 N=21446453624833 n=45 value=2087129
record p=4177703 q=5226647 N=21835378851841 n=45 value=2088851
record p=4183031 q=4906439 N=20523786436609 n=45 value=2091515
record p=4186823 q=5258999 N=22018497970177 n=45 value=2093411
record p=4190987 q=4243619 N=17784952061953 n=45 value=2095493
record p=4193531 q=4894259 N=20524226838529 n=45 value=2096765
TOP20
p=4193531 q=4894259 N=20524226838529 n=45 d=2 sp=2096765(5*11*67*569) sq=2447129(101*24229) residuals=K:(2096765,2447129),R:(38123,2447129),C:(38123,2447129),KR:(38123,2447129),KC:(38123,2447129),RC:(38123,2447129),KRC:(38123,2447129) hits=p{5:K[]R[23,24]C[24,28,32,36,40],11:K[]R[30,31,40,41]C[25,26,31,36,41],67:K[]R[]C[],569:K[]R[]C[]};q{101:K[]R[]C[],24229:K[]R[]C[]}
p=4190987 q=4243619 N=17784952061953 n=45 d=2 sp=2095493(2095493) sq=2121809(2121809) residuals=K:(2095493,2121809),R:(2095493,2121809),C:(2095493,2121809),KR:(2095493,2121809),KC:(2095493,2121809),RC:(2095493,2121809),KRC:(2095493,2121809) hits=p{2095493:K[]R[]C[]};q{2121809:K[]R[]C[]}
p=4186823 q=5258999 N=22018497970177 n=45 d=2 sp=2093411(2093411) sq=2629499(2629499) residuals=K:(2093411,2629499),R:(2093411,2629499),C:(2093411,2629499),KR:(2093411,2629499),KC:(2093411,2629499),RC:(2093411,2629499),KRC:(2093411,2629499) hits=p{2093411:K[]R[]C[]};q{2629499:K[]R[]C[]}
p=4183031 q=4906439 N=20523786436609 n=45 d=2 sp=2091515(5*418303) sq=2453219(17*144307) residuals=K:(2091515,2453219),R:(2091515,2453219),C:(418303,144307),KR:(2091515,2453219),KC:(418303,144307),RC:(418303,144307),KRC:(418303,144307) hits=p{5:K[]R[]C[25,32,36,40],418303:K[]R[]C[]};q{17:K[]R[]C[25],144307:K[]R[]C[]}
p=4177703 q=5226647 N=21835378851841 n=45 d=2 sp=2088851(881*2371) sq=2613323(2613323) residuals=K:(2088851,2613323),R:(2088851,2613323),C:(2088851,2613323),KR:(2088851,2613323),KC:(2088851,2613323),RC:(2088851,2613323),KRC:(2088851,2613323) hits=p{881:K[]R[]C[],2371:K[]R[]C[]};q{2613323:K[]R[]C[]}
p=4174259 q=5137787 N=21446453624833 n=45 d=2 sp=2087129(11^2*47*367) sq=2568893(23*61*1831) residuals=K:(2087129,2568893),R:(2087129,111691),C:(2087129,111691),KR:(2087129,111691),KC:(2087129,111691),RC:(2087129,111691),KRC:(2087129,111691) hits=p{11:K[]R[]C[],47:K[]R[]C[],367:K[]R[]C[]};q{23:K[]R[33,34,35,36,37,38,39]C[23,34,35,36,37,38,39],61:K[]R[]C[],1831:K[]R[]C[]}
p=4173467 q=4294547 N=17923150184449 n=45 d=2 sp=2086733(11*17*11159) sq=2147273(2147273) residuals=K:(2086733,2147273),R:(122749,2147273),C:(122749,2147273),KR:(122749,2147273),KC:(122749,2147273),RC:(122749,2147273),KRC:(122749,2147273) hits=p{11:K[]R[]C[],17:K[]R[33,34]C[25,26,27,28,34],11159:K[]R[]C[]};q{2147273:K[]R[]C[]}
p=4172699 q=4178579 N=17435952414721 n=44 d=2 sp=2086349(2086349) sq=2089289(571*3659) residuals=K:(2086349,2089289),R:(2086349,2089289),C:(2086349,2089289),KR:(2086349,2089289),KC:(2086349,2089289),RC:(2086349,2089289),KRC:(2086349,2089289) hits=p{2086349:K[]R[]C[]};q{571:K[]R[]C[],3659:K[]R[]C[]}
p=4164299 q=7604963 N=31669339815937 n=45 d=2 sp=2082149(1433*1453) sq=3802481(3802481) residuals=K:(2082149,3802481),R:(2082149,3802481),C:(2082149,3802481),KR:(2082149,3802481),KC:(2082149,3802481),RC:(2082149,3802481),KRC:(2082149,3802481) hits=p{1433:K[]R[]C[],1453:K[]R[]C[]};q{3802481:K[]R[]C[]}
p=4161539 q=4663979 N=19409330503681 n=45 d=2 sp=2080769(37*56237) sq=2331989(11*101*2099) residuals=K:(2080769,2331989),R:(2080769,211999),C:(2080769,211999),KR:(2080769,211999),KC:(2080769,211999),RC:(2080769,211999),KRC:(2080769,211999) hits=p{37:K[]R[]C[],56237:K[]R[]C[]};q{11:K[]R[35,36,37]C[36,37],101:K[]R[]C[],2099:K[]R[]C[]}
p=4159523 q=6354827 N=26433049067521 n=45 d=2 sp=2079761(2079761) sq=3177413(127^2*197) residuals=K:(2079761,3177413),R:(2079761,3177413),C:(2079761,3177413),KR:(2079761,3177413),KC:(2079761,3177413),RC:(2079761,3177413),KRC:(2079761,3177413) hits=p{2079761:K[]R[]C[]};q{127:K[]R[]C[],197:K[]R[]C[]}
p=4153979 q=7548083 N=31354578272257 n=45 d=2 sp=2076989(61*79*431) sq=3774041(479*7879) residuals=K:(2076989,3774041),R:(2076989,3774041),C:(2076989,3774041),KR:(2076989,3774041),KC:(2076989,3774041),RC:(2076989,3774041),KRC:(2076989,3774041) hits=p{61:K[]R[]C[],79:K[]R[]C[],431:K[]R[]C[]};q{479:K[]R[]C[],7879:K[]R[]C[]}
p=4153223 q=6567479 N=27276204834817 n=45 d=2 sp=2076611(2076611) sq=3283739(811*4049) residuals=K:(2076611,3283739),R:(2076611,3283739),C:(2076611,3283739),KR:(2076611,3283739),KC:(2076611,3283739),RC:(2076611,3283739),KRC:(2076611,3283739) hits=p{2076611:K[]R[]C[]};q{811:K[]R[]C[],4049:K[]R[]C[]}
p=4151879 q=7745399 N=32157959454721 n=45 d=2 sp=2075939(557*3727) sq=3872699(1013*3823) residuals=K:(2075939,3872699),R:(2075939,3872699),C:(2075939,3872699),KR:(2075939,3872699),KC:(2075939,3872699),RC:(2075939,3872699),KRC:(2075939,3872699) hits=p{557:K[]R[]C[],3727:K[]R[]C[]};q{1013:K[]R[]C[],3823:K[]R[]C[]}
p=4145567 q=5479007 N=22713590611969 n=45 d=2 sp=2072783(23*90121) sq=2739503(13*210731) residuals=K:(2072783,2739503),R:(2072783,2739503),C:(2072783,210731),KR:(2072783,2739503),KC:(2072783,210731),RC:(2072783,210731),KRC:(2072783,210731) hits=p{23:K[]R[]C[],90121:K[]R[]C[]};q{13:K[]R[]C[30,31],210731:K[]R[]C[]}
p=4138847 q=4256927 N=17618769543169 n=45 d=2 sp=2069423(19*108917) sq=2128463(2128463) residuals=K:(2069423,2128463),R:(2069423,2128463),C:(2069423,2128463),KR:(2069423,2128463),KC:(2069423,2128463),RC:(2069423,2128463),KRC:(2069423,2128463) hits=p{19:K[]R[]C[],108917:K[]R[]C[]};q{2128463:K[]R[]C[]}
p=4137047 q=5491559 N=22718837686273 n=45 d=2 sp=2068523(349*5927) sq=2745779(97*28307) residuals=K:(2068523,2745779),R:(2068523,2745779),C:(2068523,2745779),KR:(2068523,2745779),KC:(2068523,2745779),RC:(2068523,2745779),KRC:(2068523,2745779) hits=p{349:K[]R[]C[],5927:K[]R[]C[]};q{97:K[]R[]C[],28307:K[]R[]C[]}
p=4136339 q=4294811 N=17764794236929 n=45 d=2 sp=2068169(17*19^2*337) sq=2147405(5*13*33037) residuals=K:(2068169,2147405),R:(121657,429481),C:(337,33037),KR:(121657,429481),KC:(337,33037),RC:(337,33037),KRC:(337,33037) hits=p{17:K[]R[38,39,40,41,42,43,44]C[39,40,41,42,43,44],19:K[]R[]C[29,30,38],337:K[]R[]C[]};q{5:K[]R[23,24,25,26,27,28]C[24,25,26,27,28,36],13:K[]R[]C[36],33037:K[]R[]C[]}
p=4136303 q=6349199 N=26262210871297 n=45 d=2 sp=2068151(2068151) sq=3174599(3174599) residuals=K:(2068151,3174599),R:(2068151,3174599),C:(2068151,3174599),KR:(2068151,3174599),KC:(2068151,3174599),RC:(2068151,3174599),KRC:(2068151,3174599) hits=p{2068151:K[]R[]C[]};q{3174599:K[]R[]C[]}
p=4132067 q=6199499 N=25616745234433 n=45 d=2 sp=2066033(2066033) sq=3099749(37*83777) residuals=K:(2066033,3099749),R:(2066033,3099749),C:(2066033,3099749),KR:(2066033,3099749),KC:(2066033,3099749),RC:(2066033,3099749),KRC:(2066033,3099749) hits=p{2066033:K[]R[]C[]};q{37:K[]R[]C[],83777:K[]R[]C[]}
MENU R MAX 2095493 COUNTS one=805 le_n=1590 le_n2=8763 le_n3=25861
MAX_BY_N 8:1 11:7 12:13 13:33 14:1 15:25 16:49 17:131 18:179 19:115 20:137 21:663 22:193 23:1013 24:1733 25:2471 26:2759 27:5249 28:6521 29:11241 30:12731 31:19373 32:28271 33:42233 34:60383 35:88079 36:116969 37:177323 38:259613 39:368843 40:503621 41:715961 42:1017983 43:1461749 44:2086349 45:2095493
RECORDS 1153
record p=11 q=19 N=209 n=8 value=1
record p=29 q=53 N=1537 n=11 value=7
record p=47 q=79 N=3713 n=12 value=13
record p=67 q=107 N=7169 n=13 value=33
record p=173 q=293 N=50689 n=16 value=43
record p=197 q=269 N=52993 n=16 value=49
record p=263 q=439 N=115457 n=17 value=131
record p=359 q=599 N=215041 n=18 value=179
record p=887 q=1607 N=1425409 n=21 value=443
record p=1327 q=1487 N=1973249 n=21 value=663
record p=2027 q=2243 N=4546561 n=23 value=1013
record p=3467 q=4643 N=16097281 n=24 value=1733
record p=4019 q=6011 N=24158209 n=25 value=2009
record p=4547 q=5867 N=26677249 n=25 value=2273
record p=4799 q=7487 N=35930113 n=26 value=2399
record p=4943 q=5039 N=24907777 n=25 value=2471
record p=5519 q=10607 N=58540033 n=26 value=2759
record p=7643 q=13907 N=106291201 n=27 value=3821
record p=7703 q=14759 N=113688577 n=27 value=3851
record p=8059 q=10163 N=81903617 n=27 value=4029
record p=10499 q=10667 N=111992833 n=27 value=5249
record p=13043 q=13883 N=181075969 n=28 value=6521
record p=16007 q=26423 N=422952961 n=29 value=8003
record p=19319 q=32327 N=624525313 n=30 value=9659
record p=19583 q=29567 N=579010561 n=30 value=9791
record p=22483 q=22619 N=508542977 n=29 value=11241
record p=22619 q=38867 N=879132673 n=30 value=11309
record p=23099 q=28403 N=656080897 n=30 value=11549
record p=23603 q=32507 N=767262721 n=30 value=11801
record p=23687 q=43319 N=1026097153 n=30 value=11843
record p=24407 q=31847 N=777289729 n=30 value=12203
record p=25463 q=26183 N=666697729 n=30 value=12731
record p=28547 q=38699 N=1104740353 n=31 value=14273
record p=31079 q=37463 N=1164312577 n=31 value=15539
record p=31259 q=53267 N=1665073153 n=31 value=15629
record p=31319 q=37223 N=1165787137 n=31 value=15659
record p=31643 q=62099 N=1964998657 n=31 value=15821
record p=34439 q=57143 N=1967947777 n=31 value=17219
record p=34499 q=55787 N=1924595713 n=31 value=17249
record p=35027 q=69467 N=2433220609 n=32 value=17513
record p=35879 q=41879 N=1502576641 n=31 value=17939
record p=38747 q=49363 N=1912668161 n=31 value=19373
record p=40151 q=71399 N=2866741249 n=32 value=20075
record p=41579 q=64067 N=2663841793 n=32 value=20789
record p=44207 q=76367 N=3375955969 n=32 value=22103
record p=47639 q=73127 N=3483697153 n=32 value=23819
record p=48299 q=89603 N=4327735297 n=33 value=24149
record p=49103 q=59183 N=2906062849 n=32 value=24551
record p=55103 q=104639 N=5765922817 n=33 value=27551
record p=56543 q=57119 N=3229679617 n=32 value=28271
record p=61967 q=113903 N=7058227201 n=33 value=30983
record p=62459 q=73523 N=4592173057 n=33 value=31229
record p=63587 q=84299 N=5360320513 n=33 value=31793
record p=66191 q=121967 N=8073117697 n=33 value=33095
record p=66239 q=93503 N=6193545217 n=33 value=33119
record p=67079 q=100279 N=6726615041 n=33 value=33539
record p=67979 q=87587 N=5954076673 n=33 value=33989
record p=68099 q=94379 N=6427115521 n=33 value=34049
record p=68711 q=85847 N=5898633217 n=33 value=34355
record p=70163 q=100379 N=7042891777 n=33 value=35081
record p=70667 q=120739 N=8532262913 n=33 value=35333
record p=70867 q=90971 N=6446841857 n=33 value=35433
record p=71147 q=92867 N=6607208449 n=33 value=35573
record p=71999 q=87743 N=6317408257 n=33 value=35999
record p=74027 q=103811 N=7684816897 n=33 value=37013
record p=76463 q=93263 N=7131168769 n=33 value=38231
record p=78803 q=105563 N=8318681089 n=33 value=39401
record p=80603 q=143699 N=11582570497 n=34 value=40301
record p=82727 q=130199 N=10770972673 n=34 value=41363
record p=84263 q=104087 N=8770682881 n=34 value=42131
record p=84467 q=96059 N=8113815553 n=33 value=42233
record p=91199 q=166847 N=15216279553 n=34 value=45599
record p=101747 q=155579 N=15829696513 n=34 value=50873
record p=102367 q=191519 N=19605225473 n=35 value=51183
record p=103919 q=145679 N=15138816001 n=34 value=51959
record p=108503 q=211943 N=22996451329 n=35 value=54251
record p=110807 q=148199 N=16421486593 n=34 value=55403
record p=111467 q=123203 N=13733068801 n=34 value=55733
record p=111863 q=216263 N=24191827969 n=35 value=55931
record p=113159 q=168887 N=19111084033 n=35 value=56579
record p=113567 q=172127 N=19547947009 n=35 value=56783
record p=115163 q=152147 N=17521704961 n=35 value=57581
record p=115763 q=186107 N=21544304641 n=35 value=57881
record p=119699 q=213659 N=25574768641 n=35 value=59849
record p=120623 q=184271 N=22227320833 n=35 value=60311
record p=120767 q=137279 N=16578772993 n=34 value=60383
record p=121763 q=208907 N=25437143041 n=35 value=60881
record p=121883 q=171539 N=20907687937 n=35 value=60941
record p=123923 q=230939 N=28618653697 n=35 value=61961
record p=127979 q=171203 N=21910388737 n=35 value=63989
record p=130127 q=236207 N=30736908289 n=35 value=65063
record p=130223 q=186959 N=24346361857 n=35 value=65111
record p=130619 q=142067 N=18556649473 n=35 value=65309
record p=132019 q=156539 N=20666122241 n=35 value=66009
record p=133403 q=141587 N=18888130561 n=35 value=66701
record p=134291 q=192923 N=25907822593 n=35 value=67145
record p=140411 q=268979 N=37767610369 n=36 value=70205
record p=140939 q=168227 N=23709745153 n=35 value=70469
record p=141707 q=210467 N=29824647169 n=35 value=70853
record p=143567 q=185903 N=26689536001 n=35 value=71783
record p=146063 q=238703 N=34865676289 n=36 value=73031
record p=154247 q=215863 N=33296220161 n=35 value=77123
record p=158699 q=287939 N=45695631361 n=36 value=79349
record p=158843 q=299699 N=47605088257 n=36 value=79421
record p=163127 q=247943 N=40446197761 n=36 value=81563
record p=164999 q=196919 N=32491438081 n=35 value=82499
record p=170123 q=200483 N=34106769409 n=35 value=85061
record p=172427 q=327203 N=56418631681 n=36 value=86213
record p=173039 q=322319 N=55773757441 n=36 value=86519
record p=174467 q=175403 N=30602035201 n=35 value=87233
record p=175979 q=329027 N=57901842433 n=36 value=87989
record p=176159 q=183263 N=32283426817 n=35 value=88079
record p=184727 q=310823 N=57417400321 n=36 value=92363
record p=188687 q=257519 N=48590487553 n=36 value=94343
record p=193847 q=315527 N=61163962369 n=36 value=96923
record p=203843 q=331883 N=67652026369 n=36 value=101921
record p=210347 q=400643 N=84274053121 n=37 value=105173
record p=211283 q=357083 N=75445567489 n=37 value=105641
record p=213599 q=367007 N=78392328193 n=37 value=106799
record p=215687 q=219959 N=47442296833 n=36 value=107843
record p=216023 q=251879 N=54411657217 n=36 value=108011
record p=216947 q=224699 N=48747773953 n=36 value=108473
record p=217319 q=312023 N=67808526337 n=36 value=108659
record p=218279 q=332567 N=72592392193 n=37 value=109139
record p=222059 q=307523 N=68288249857 n=36 value=111029
record p=227567 q=439823 N=100089200641 n=37 value=113783
record p=230003 q=389819 N=89659539457 n=37 value=115001
record p=233423 q=464687 N=108468633601 n=37 value=116711
record p=233939 q=257627 N=60269002753 n=36 value=116969
record p=234791 q=297623 N=69879201793 n=37 value=117395
record p=235043 q=313739 N=73742155777 n=37 value=117521
record p=240503 q=302663 N=72791359489 n=37 value=120251
record p=240587 q=303587 N=73039085569 n=37 value=120293
record p=246803 q=435739 N=107541692417 n=37 value=123401
record p=250199 q=371303 N=92899639297 n=37 value=125099
record p=255467 q=400067 N=102203916289 n=37 value=127733
record p=258299 q=301619 N=77907886081 n=37 value=129149
record p=258607 q=300239 N=77643907073 n=37 value=129303
record p=259379 q=331259 N=85921628161 n=37 value=129689
record p=260483 q=384299 N=100103356417 n=37 value=130241
record p=261323 q=362723 N=94787862529 n=37 value=130661
record p=261467 q=518867 N=135666597889 n=37 value=130733
record p=263519 q=366239 N=96510935041 n=37 value=131759
record p=271703 q=300647 N=81686691841 n=37 value=135851
record p=273719 q=333959 N=91410923521 n=37 value=136859
record p=274187 q=369827 N=101401755649 n=37 value=137093
record p=274943 q=511487 N=140629770241 n=38 value=137471
record p=276187 q=447827 N=123683995649 n=37 value=138093
record p=276359 q=515639 N=142501478401 n=38 value=138179
record p=277847 q=392807 N=109140246529 n=37 value=138923
record p=278879 q=547487 N=152682627073 n=38 value=139439
record p=280547 q=472523 N=132564910081 n=37 value=140273
record p=281627 q=306707 N=86376972289 n=37 value=140813
record p=287867 q=514739 N=148176371713 n=38 value=143933
record p=291287 q=397799 N=115873677313 n=37 value=145643
record p=298427 q=339827 N=101413552129 n=37 value=149213
record p=303299 q=462827 N=140374966273 n=38 value=151649
record p=305483 q=432227 N=132038000641 n=37 value=152741
record p=311303 q=437687 N=136253276161 n=37 value=155651
record p=312407 q=419687 N=131113156609 n=37 value=156203
record p=316859 q=370547 N=117411151873 n=37 value=158429
record p=319327 q=343199 N=109592707073 n=37 value=159663
record p=319679 q=429887 N=137425846273 n=37 value=159839
record p=320687 q=586319 N=188024881153 n=38 value=160343
record p=333923 q=403787 N=134833766401 n=37 value=166961
record p=335507 q=569243 N=190985011201 n=38 value=167753
record p=335579 q=503123 N=168837513217 n=38 value=167789
record p=344599 q=398759 N=137411952641 n=37 value=172299
record p=345227 q=394019 N=136025997313 n=37 value=172613
record p=347003 q=449459 N=155963621377 n=38 value=173501
record p=348527 q=601487 N=209634459649 n=38 value=174263
record p=350039 q=492647 N=172445663233 n=38 value=175019
record p=350459 q=455219 N=159535595521 n=38 value=175229
record p=354647 q=365159 N=129502543873 n=37 value=177323
record p=359663 q=602639 N=216746950657 n=38 value=179831
record p=375899 q=594899 N=223621939201 n=38 value=187949
record p=378179 q=520043 N=196669341697 n=38 value=189089
record p=381047 q=592199 N=225655652353 n=38 value=190523
record p=388859 q=453683 N=176418717697 n=38 value=194429
record p=395027 q=580379 N=229265375233 n=38 value=197513
record p=396479 q=746303 N=295893467137 n=39 value=198239
record p=398339 q=538283 N=214419111937 n=38 value=199169
record p=398459 q=699059 N=278546350081 n=39 value=199229
record p=398759 q=606743 N=241944231937 n=38 value=199379
record p=404267 q=473987 N=191617302529 n=38 value=202133
record p=405719 q=639719 N=259546152961 n=38 value=202859
record p=413867 q=731651 N=302806204417 n=39 value=206933
record p=418043 q=830003 N=346976944129 n=39 value=209021
record p=422243 q=432203 N=182494691329 n=38 value=211121
record p=430007 q=687623 N=295682703361 n=39 value=215003
record p=430259 q=433787 N=186640760833 n=38 value=215129
record p=435143 q=667127 N=290295644161 n=39 value=217571
record p=437243 q=632627 N=276611727361 n=39 value=218621
record p=438143 q=594047 N=260277534721 n=38 value=219071
record p=442319 q=649007 N=287068127233 n=39 value=221159
record p=445619 q=836219 N=372635074561 n=39 value=222809
record p=445883 q=585587 N=261103288321 n=38 value=222941
record p=446003 q=580859 N=259064856577 n=38 value=223001
record p=447263 q=452831 N=202534551553 n=38 value=223631
record p=447779 q=524939 N=235056660481 n=38 value=223889
record p=448859 q=896723 N=402502189057 n=39 value=224429
record p=450803 q=473147 N=213296087041 n=38 value=225401
record p=456167 q=478679 N=218357563393 n=38 value=228083
record p=465419 q=860579 N=400529817601 n=39 value=232709
record p=470627 q=574283 N=270273085441 n=38 value=235313
record p=471299 q=901547 N=424898199553 n=39 value=235649
record p=473219 q=841259 N=398099742721 n=39 value=236609
record p=482507 q=731363 N=352887767041 n=39 value=241253
record p=498227 q=848123 N=422557777921 n=39 value=249113
record p=499559 q=527447 N=263490895873 n=38 value=249779
record p=505607 q=919223 N=464765583361 n=39 value=252803
record p=508919 q=912839 N=464561111041 n=39 value=254459
record p=510803 q=831707 N=424838430721 n=39 value=255401
record p=513203 q=719483 N=369240834049 n=39 value=256601
record p=513419 q=993827 N=510249664513 n=39 value=256709
record p=517079 q=835559 N=432050012161 n=39 value=258539
record p=519227 q=527603 N=273945722881 n=38 value=259613
record p=528419 q=597899 N=315941191681 n=39 value=264209
record p=533447 q=568823 N=303436922881 n=39 value=266723
record p=537743 q=682607 N=367067136001 n=39 value=268871
record p=540347 q=743027 N=401492410369 n=39 value=270173
record p=542999 q=622247 N=337879498753 n=39 value=271499
record p=544007 q=757943 N=412326297601 n=39 value=272003
record p=546599 q=895127 N=489275523073 n=39 value=273299
record p=547139 q=719723 N=393788522497 n=39 value=273569
record p=548567 q=1012967 N=555680268289 n=40 value=274283
record p=551099 q=892019 N=491590778881 n=39 value=275549
record p=552887 q=957959 N=529643077633 n=39 value=276443
record p=554123 q=873251 N=483888463873 n=39 value=277061
record p=555683 q=592139 N=329041575937 n=39 value=277841
record p=556763 q=871763 N=485365383169 n=39 value=278381
record p=557087 q=981983 N=547049963521 n=39 value=278543
record p=557927 q=714839 N=398827978753 n=39 value=278963
record p=559523 q=717323 N=401358716929 n=39 value=279761
record p=563183 q=620303 N=349344104449 n=39 value=281591
record p=568187 q=818099 N=464833216513 n=39 value=284093
record p=568907 q=666467 N=379157741569 n=39 value=284453
record p=575987 q=587579 N=338437865473 n=39 value=287993
record p=579023 q=659759 N=382015635457 n=39 value=289511
record p=580487 q=653879 N=379568259073 n=39 value=290243
record p=585023 q=754367 N=441322045441 n=39 value=292511
record p=585119 q=716383 N=419169304577 n=39 value=292559
record p=585899 q=756227 N=443072643073 n=39 value=292949
record p=588191 q=778847 N=458110795777 n=39 value=294095
record p=593519 q=921743 N=547071983617 n=39 value=296759
record p=595379 q=1024379 N=609893744641 n=40 value=297689
record p=597803 q=1091459 N=652477464577 n=40 value=298901
record p=601379 q=813707 N=489346301953 n=39 value=300689
record p=607967 q=783647 N=476431515649 n=39 value=303983
record p=608843 q=896867 N=546051194881 n=39 value=304421
record p=609803 q=937379 N=571616526337 n=40 value=304901
record p=610619 q=614387 N=375156375553 n=39 value=305309
record p=610787 q=818123 N=499698892801 n=39 value=305393
record p=616439 q=756167 N=466130829313 n=39 value=308219
record p=617447 q=686039 N=423592722433 n=39 value=308723
record p=619067 q=956147 N=591919054849 n=40 value=309533
record p=621239 q=951047 N=590827487233 n=40 value=310619
record p=622607 q=880367 N=548122656769 n=39 value=311303
record p=629819 q=711923 N=448382631937 n=39 value=314909
record p=632447 q=792959 N=501504540673 n=39 value=316223
record p=633359 q=918767 N=581909348353 n=40 value=316679
record p=635567 q=713807 N=453672173569 n=39 value=317783
record p=636359 q=883703 N=562352357377 n=40 value=318179
record p=637727 q=655583 N=418082979841 n=39 value=318863
record p=640247 q=670919 N=429553876993 n=39 value=320123
record p=642779 q=1277267 N=821000404993 n=40 value=321389
record p=647111 q=799223 N=517185994753 n=39 value=323555
record p=650627 q=952619 N=619799642113 n=40 value=325313
record p=651503 q=998927 N=650803937281 n=40 value=325751
record p=657299 q=732827 N=481686454273 n=39 value=328649
record p=658079 q=954719 N=628280524801 n=40 value=329039
record p=660887 q=1161767 N=767796707329 n=40 value=330443
record p=666683 q=773363 N=515587964929 n=39 value=333341
record p=668567 q=1276967 N=853737996289 n=40 value=334283
record p=670379 q=782339 N=524463636481 n=39 value=335189
record p=674123 q=1046627 N=705555333121 n=40 value=337061
record p=682967 q=964583 N=658778357761 n=40 value=341483
record p=689279 q=1129343 N=778432413697 n=40 value=344639
record p=693167 q=828239 N=574107942913 n=40 value=346583
record p=694319 q=1158863 N=804620599297 n=40 value=347159
record p=695447 q=697127 N=484814880769 n=39 value=347723
record p=700079 q=747599 N=523378360321 n=39 value=350039
record p=704303 q=1370063 N=964939481089 n=40 value=352151
record p=706943 q=718463 N=507912388609 n=39 value=353471
record p=708287 q=1024319 N=725511831553 n=40 value=354143
record p=714719 q=1020959 N=729698795521 n=40 value=357359
record p=720779 q=995363 N=717436747777 n=40 value=360389
record p=722027 q=1017923 N=734967889921 n=40 value=361013
record p=722159 q=829967 N=599368138753 n=40 value=361079
record p=726107 q=785363 N=570257571841 n=40 value=363053
record p=728627 q=1379579 N=1005198508033 n=40 value=364313
record p=737687 q=740903 N=546554511361 n=39 value=368843
record p=737927 q=1172279 N=865056325633 n=40 value=368963
record p=738923 q=1455683 N=1075637649409 n=40 value=369461
record p=739379 q=1110779 N=821286666241 n=40 value=369689
record p=743159 q=1329863 N=988299657217 n=40 value=371579
record p=747107 q=936779 N=699874148353 n=40 value=373553
record p=749807 q=900623 N=675293429761 n=40 value=374903
record p=751139 q=780683 N=586401447937 n=40 value=375569
record p=751199 q=1205663 N=905692839937 n=40 value=375599
record p=754907 q=1103699 N=833190100993 n=40 value=377453
record p=755759 q=1490639 N=1126563840001 n=41 value=377879
record p=759719 q=761879 N=578813952001 n=40 value=379859
record p=761459 q=865979 N=659407503361 n=40 value=380729
record p=764399 q=1484047 N=1134404042753 n=41 value=382199
record p=766583 q=1165127 N=893166551041 n=40 value=383291
record p=770183 q=1115447 N=859098316801 n=40 value=385091
record p=774047 q=887903 N=687278653441 n=40 value=387023
record p=776507 q=890867 N=691764461569 n=40 value=388253
record p=777863 q=1476407 N=1148442378241 n=41 value=388931
record p=790967 q=1088519 N=860982607873 n=40 value=395483
record p=793139 q=1339643 N=1062523109377 n=40 value=396569
record p=806483 q=861659 N=694913335297 n=40 value=403241
record p=811619 q=1388363 N=1126821789697 n=41 value=405809
record p=814127 q=1333967 N=1086018551809 n=40 value=407063
record p=815159 q=935303 N=762420658177 n=40 value=407579
record p=817679 q=1127663 N=922066354177 n=40 value=408839
record p=836063 q=1587743 N=1327453175809 n=41 value=418031
record p=836183 q=1395047 N=1166514585601 n=41 value=418091
record p=837923 q=1289867 N=1080809226241 n=40 value=418961
record p=839723 q=880259 N=739173728257 n=40 value=419861
record p=842747 q=1308467 N=1102706638849 n=41 value=421373
record p=843587 q=927083 N=782075166721 n=40 value=421793
record p=847787 q=955139 N=809754427393 n=40 value=423893
record p=857687 q=1324391 N=1135912943617 n=41 value=428843
record p=859031 q=988199 N=848893575169 n=40 value=429515
record p=860747 q=1382243 N=1189761515521 n=41 value=430373
record p=862259 q=1184507 N=1021351821313 n=40 value=431129
record p=865343 q=1358783 N=1175813357569 n=41 value=432671
record p=869807 q=995663 N=866034647041 n=40 value=434903
record p=871463 q=1270679 N=1107349733377 n=41 value=435731
record p=871679 q=1684223 N=1468101820417 n=41 value=435839
record p=875447 q=881159 N=771408003073 n=40 value=437723
record p=876947 q=1434779 N=1258225139713 n=41 value=438473
record p=885503 q=1670399 N=1479143325697 n=41 value=442751
record p=886583 q=1367687 N=1212568043521 n=41 value=443291
record p=886979 q=1009643 N=895532138497 n=40 value=443489
record p=887867 q=1142003 N=1013946777601 n=40 value=443933
record p=895283 q=1473019 N=1318768869377 n=41 value=447641
record p=902039 q=1633319 N=1473317437441 n=41 value=451019
record p=903479 q=932999 N=842945003521 n=40 value=451739
record p=904823 q=1076039 N=973624836097 n=40 value=452411
record p=910139 q=1113587 N=1013518958593 n=40 value=455069
record p=915683 q=1772747 N=1623274291201 n=41 value=457841
record p=916319 q=1777823 N=1629052993537 n=41 value=458159
record p=923963 q=1136627 N=1050201292801 n=40 value=461981
record p=924383 q=1843487 N=1704088043521 n=41 value=462191
record p=927779 q=1034123 N=959437602817 n=40 value=463889
record p=932039 q=1509623 N=1407027511297 n=41 value=466019
record p=932567 q=1661159 N=1549142065153 n=41 value=466283
record p=934919 q=1436087 N=1342625021953 n=41 value=467459
record p=935639 q=1314023 N=1229451165697 n=41 value=467819
record p=939119 q=1411727 N=1325779648513 n=41 value=469559
record p=942779 q=1151603 N=1085707124737 n=40 value=471389
record p=944543 q=1208927 N=1141883535361 n=41 value=472271
record p=953507 q=1214219 N=1157766316033 n=41 value=476753
record p=954923 q=1809539 N=1727970410497 n=41 value=477461
record p=956843 q=1546499 N=1479756742657 n=41 value=478421
record p=956903 q=1796567 N=1719140352001 n=41 value=478451
record p=959363 q=1049387 N=1006743060481 n=40 value=479681
record p=967847 q=1745687 N=1689557925889 n=41 value=483923
record p=970967 q=1254119 N=1217708163073 n=41 value=485483
record p=972047 q=1931759 N=1877760540673 n=41 value=486023
record p=974147 q=1939307 N=1889170096129 n=41 value=487073
record p=977927 q=1884599 N=1843000246273 n=41 value=488963
record p=985571 q=1868747 N=1841782849537 n=41 value=492785
record p=993983 q=1131839 N=1125028724737 n=41 value=496991
record p=997247 q=1607807 N=1603380707329 n=41 value=498623
record p=997727 q=1794719 N=1790639603713 n=41 value=498863
record p=1005647 q=1621679 N=1630836621313 n=41 value=502823
record p=1007243 q=1022243 N=1029647106049 n=40 value=503621
record p=1008263 q=1295159 N=1305860898817 n=41 value=504131
record p=1011107 q=1125899 N=1138404360193 n=41 value=505553
record p=1011719 q=1113527 N=1126576422913 n=41 value=505859
record p=1015127 q=1228391 N=1246972870657 n=41 value=507563
record p=1015367 q=1493879 N=1516835438593 n=41 value=507683
record p=1023167 q=1692479 N=1731688660993 n=41 value=511583
record p=1025279 q=1530623 N=1569315618817 n=41 value=512639
record p=1025807 q=1337327 N=1371839397889 n=41 value=512903
record p=1027931 q=1632467 N=1678063435777 n=41 value=513965
record p=1032287 q=1219487 N=1258860576769 n=41 value=516143
record p=1034003 q=1907483 N=1972343144449 n=41 value=517001
record p=1034387 q=1873307 N=1937724407809 n=41 value=517193
record p=1035571 q=1111547 N=1151085838337 n=41 value=517785
record p=1037963 q=1138979 N=1182218059777 n=41 value=518981
record p=1038707 q=1897403 N=1970845777921 n=41 value=519353
record p=1039007 q=1360223 N=1413281218561 n=41 value=519503
record p=1042211 q=1343627 N=1400342839297 n=41 value=521105
record p=1047119 q=1629359 N=1706132766721 n=41 value=523559
record p=1055543 q=1739399 N=1836010438657 n=41 value=527771
record p=1055947 q=1861859 N=1966024425473 n=41 value=527973
record p=1057663 q=1285247 N=1359358197761 n=41 value=528831
record p=1058543 q=1951759 N=2066020827137 n=41 value=529271
record p=1059743 q=1978463 N=2096662315009 n=41 value=529871
record p=1063967 q=1064927 N=1133047185409 n=41 value=531983
record p=1070039 q=1265639 N=1354283089921 n=41 value=535019
record p=1073879 q=1421543 N=1526565175297 n=41 value=536939
record p=1077023 q=1985759 N=2138708115457 n=41 value=538511
record p=1077299 q=2099963 N=2262288039937 n=42 value=538649
record p=1077743 q=1236239 N=1332347928577 n=41 value=538871
record p=1079867 q=1724147 N=1861849448449 n=41 value=539933
record p=1079987 q=1885307 N=2036107051009 n=41 value=539993
record p=1084067 q=1145099 N=1241364037633 n=41 value=542033
record p=1084547 q=1385003 N=1502100848641 n=41 value=542273
record p=1084859 q=1126259 N=1221832212481 n=41 value=542429
record p=1093223 q=1740119 N=1902338113537 n=41 value=546611
record p=1093307 q=1664627 N=1819948351489 n=41 value=546653
record p=1103639 q=1560743 N=1722496843777 n=41 value=551819
record p=1104899 q=1158827 N=1280386793473 n=41 value=552449
record p=1105787 q=1583027 N=1750490677249 n=41 value=552893
record p=1112747 q=1519619 N=1690951483393 n=41 value=556373
record p=1115267 q=1206827 N=1345934327809 n=41 value=557633
record p=1117799 q=1322327 N=1478095798273 n=41 value=558899
record p=1118123 q=1667843 N=1864853618689 n=41 value=559061
record p=1119659 q=1654019 N=1851937259521 n=41 value=559829
record p=1122923 q=1538627 N=1727759646721 n=41 value=561461
record p=1123427 q=1211723 N=1361282334721 n=41 value=561713
record p=1128899 q=1474283 N=1664316604417 n=41 value=564449
record p=1134059 q=1929923 N=2188646547457 n=41 value=567029
record p=1135103 q=1748479 N=1984703758337 n=41 value=567551
record p=1138667 q=2085059 N=2374187876353 n=42 value=569333
record p=1138703 q=1150703 N=1310308958209 n=41 value=569351
record p=1144379 q=1831667 N=2096121249793 n=41 value=572189
record p=1147379 q=1244987 N=1428471939073 n=41 value=573689
record p=1150547 q=1697243 N=1952757841921 n=41 value=575273
record p=1154123 q=1723747 N=1989416058881 n=41 value=577061
record p=1163843 q=1251947 N=1457069752321 n=41 value=581921
record p=1167059 q=1554779 N=1814518824961 n=41 value=583529
record p=1167599 q=1269263 N=1481990209537 n=41 value=583799
record p=1168859 q=1580627 N=1847530094593 n=41 value=584429
record p=1174319 q=2177999 N=2557665607681 n=42 value=587159
record p=1190699 q=1260419 N=1500779642881 n=41 value=595349
record p=1192559 q=2190479 N=2612275445761 n=42 value=596279
record p=1200359 q=1688279 N=2026540892161 n=41 value=600179
record p=1200839 q=1756919 N=2109776855041 n=41 value=600419
record p=1204967 q=1806551 N=2176834338817 n=41 value=602483
record p=1207079 q=1463447 N=1766496141313 n=41 value=603539
record p=1207439 q=2175599 N=2626903080961 n=42 value=603719
record p=1209563 q=2123603 N=2568631615489 n=42 value=604781
record p=1209779 q=1393019 N=1685245132801 n=41 value=604889
record p=1211027 q=1684379 N=2039828447233 n=41 value=605513
record p=1214819 q=1261643 N=1532667887617 n=41 value=607409
record p=1214867 q=2030747 N=2467087515649 n=42 value=607433
record p=1219859 q=1684763 N=2055173308417 n=41 value=609929
record p=1221863 q=1715927 N=2096627712001 n=41 value=610931
record p=1227323 q=1969907 N=2417712168961 n=42 value=613661
record p=1230107 q=1772819 N=2180757061633 n=41 value=615053
record p=1233539 q=1936427 N=2388658225153 n=42 value=616769
record p=1234367 q=1579583 N=1949785128961 n=41 value=617183
record p=1244627 q=1532507 N=1907399589889 n=41 value=622313
record p=1247699 q=1259099 N=1570976563201 n=41 value=623849
record p=1248503 q=1537223 N=1919227527169 n=41 value=624251
record p=1249043 q=2429723 N=3034828505089 n=42 value=624521
record p=1254767 q=1956239 N=2454624141313 n=42 value=627383
record p=1259243 q=2277827 N=2868337704961 n=42 value=629621
record p=1262939 q=2319059 N=2928830054401 n=42 value=631469
record p=1263947 q=2029667 N=2565391515649 n=42 value=631973
record p=1264643 q=1490603 N=1885080649729 n=41 value=632321
record p=1267999 q=1630943 N=2068034093057 n=41 value=633999
record p=1271903 q=2159519 N=2746698694657 n=42 value=635951
record p=1272443 q=1434803 N=1825705033729 n=41 value=636221
record p=1280759 q=2119367 N=2714398359553 n=42 value=640379
record p=1281803 q=1524899 N=1954620112897 n=41 value=640901
record p=1283903 q=1824959 N=2343070334977 n=42 value=641951
record p=1284047 q=1969967 N=2529530216449 n=42 value=642023
record p=1284623 q=1447151 N=1859043459073 n=41 value=642311
record p=1285247 q=2106239 N=2707037356033 n=42 value=642623
record p=1286807 q=2489639 N=3203684892673 n=42 value=643403
record p=1288247 q=1346951 N=1735205584897 n=41 value=644123
record p=1291163 q=1604243 N=2071339204609 n=41 value=645581
record p=1302227 q=2107739 N=2744754634753 n=42 value=651113
record p=1310627 q=1846283 N=2419788349441 n=42 value=655313
record p=1311623 q=1987127 N=2606361477121 n=42 value=655811
record p=1312567 q=1465991 N=1924211408897 n=41 value=656283
record p=1317299 q=1588603 N=2092665143297 n=41 value=658649
record p=1320623 q=1896527 N=2504597176321 n=42 value=660311
record p=1321319 q=2089559 N=2760974008321 n=42 value=660659
record p=1323503 q=2563343 N=3392592150529 n=42 value=661751
record p=1325063 q=1684919 N=2232623824897 n=42 value=662531
record p=1328927 q=1340639 N=1781611364353 n=41 value=664463
record p=1334363 q=2192339 N=2925376045057 n=42 value=667181
record p=1344647 q=1376567 N=1850996686849 n=41 value=672323
record p=1346483 q=1514363 N=2039064035329 n=41 value=673241
record p=1347587 q=1481387 N=1996297863169 n=41 value=673793
record p=1353239 q=1372583 N=1857432846337 n=41 value=676619
record p=1361903 q=1787663 N=2434623602689 n=42 value=680951
record p=1370819 q=2332139 N=3196940451841 n=42 value=685409
record p=1370987 q=2550083 N=3496130641921 n=42 value=685493
record p=1381487 q=2542223 N=3512048025601 n=42 value=690743
record p=1388963 q=2591243 N=3599140651009 n=42 value=694481
record p=1396547 q=2438507 N=3405489635329 n=42 value=698273
record p=1398407 q=2330423 N=3258879836161 n=42 value=699203
record p=1401083 q=1419827 N=1989295472641 n=41 value=700541
record p=1414703 q=1667279 N=2358704603137 n=42 value=707351
record p=1416587 q=1909283 N=2704665477121 n=42 value=708293
record p=1422647 q=1446023 N=2057180282881 n=41 value=711323
record p=1431923 q=1504187 N=2153879961601 n=41 value=715961
record p=1434827 q=1990883 N=2856572682241 n=42 value=717413
record p=1436147 q=2676539 N=3843903455233 n=42 value=718073
record p=1440983 q=1619687 N=2333941432321 n=42 value=720491
record p=1449683 q=1567067 N=2271750389761 n=42 value=724841
record p=1450739 q=2803259 N=4066797158401 n=42 value=725369
record p=1452299 q=2251427 N=3269745180673 n=42 value=726149
record p=1453343 q=2690783 N=3910630637569 n=42 value=726671
record p=1460099 q=1605419 N=2344070676481 n=42 value=730049
record p=1461407 q=1822559 N=2663500480513 n=42 value=730703
record p=1462883 q=2801483 N=4098241855489 n=42 value=731441
record p=1476659 q=1553147 N=2293468495873 n=42 value=738329
record p=1482407 q=1648919 N=2444369068033 n=42 value=741203
record p=1490459 q=1960979 N=2922758799361 n=42 value=745229
record p=1492103 q=2015543 N=3007397756929 n=42 value=746051
record p=1494887 q=2481239 N=3709171924993 n=42 value=747443
record p=1503863 q=2787143 N=4191481233409 n=42 value=751931
record p=1513427 q=1988699 N=3009750761473 n=42 value=756713
record p=1518563 q=2847179 N=4323620683777 n=42 value=759281
record p=1521623 q=2141159 N=3258036781057 n=42 value=760811
record p=1524767 q=2570207 N=3918966816769 n=42 value=762383
record p=1527803 q=1532723 N=2341698797569 n=42 value=763901
record p=1529267 q=2843003 N=4347710668801 n=42 value=764633
record p=1529327 q=1865999 N=2853722652673 n=42 value=764663
record p=1544483 q=2303627 N=3557912739841 n=42 value=772241
record p=1554863 q=2178383 N=3387087126529 n=42 value=777431
record p=1555223 q=2829479 N=4400470818817 n=43 value=777611
record p=1555259 q=2188787 N=3404130680833 n=42 value=777629
record p=1559879 q=3001463 N=4681919102977 n=43 value=779939
record p=1566479 q=2369519 N=3711801753601 n=42 value=783239
record p=1579883 q=2242883 N=3543492722689 n=42 value=789941
record p=1584203 q=2833763 N=4489255845889 n=43 value=792101
record p=1585127 q=1930199 N=3059610550273 n=42 value=792563
record p=1587283 q=2804699 N=4451851042817 n=43 value=793641
record p=1590467 q=2198507 N=3496652832769 n=42 value=795233
record p=1592807 q=2389463 N=3805953392641 n=42 value=796403
record p=1597703 q=2309303 N=3689580331009 n=42 value=798851
record p=1621979 q=2958419 N=4798493491201 n=43 value=810989
record p=1623827 q=2890523 N=4693709291521 n=43 value=811913
record p=1625747 q=2129819 N=3462546849793 n=42 value=812873
record p=1636043 q=2637539 N=4315127218177 n=42 value=818021
record p=1637639 q=1826999 N=2991964815361 n=42 value=818819
record p=1643003 q=2314547 N=3802807664641 n=42 value=821501
record p=1651943 q=2268887 N=3748071997441 n=42 value=825971
record p=1654343 q=3214199 N=5317387616257 n=43 value=827171
record p=1654547 q=2515739 N=4162408415233 n=42 value=827273
record p=1654739 q=1994843 N=3300944510977 n=42 value=827369
record p=1656107 q=2969987 N=4918616260609 n=43 value=828053
record p=1662527 q=3117503 N=5182932910081 n=43 value=831263
record p=1664291 q=2749067 N=4575247466497 n=43 value=832145
record p=1668743 q=2453303 N=4093932208129 n=42 value=834371
record p=1669103 q=1873679 N=3127363239937 n=42 value=834551
record p=1680983 q=2663783 N=4477773938689 n=43 value=840491
record p=1683299 q=2968139 N=4996265410561 n=43 value=841649
record p=1688327 q=2767543 N=4672517570561 n=43 value=844163
record p=1689923 q=3214187 N=5431728537601 n=43 value=844961
record p=1691507 q=2682299 N=4537127534593 n=43 value=845753
record p=1691939 q=3335819 N=5644002263041 n=43 value=845969
record p=1696979 q=3150683 N=5346642886657 n=43 value=848489
record p=1699319 q=1762247 N=2994619809793 n=42 value=849659
record p=1700603 q=1722419 N=2929150918657 n=42 value=850301
record p=1709327 q=2767343 N=4730294108161 n=43 value=854663
record p=1712519 q=2741303 N=4694533472257 n=43 value=856259
record p=1714547 q=2302907 N=3948442288129 n=42 value=857273
record p=1719947 q=2472227 N=4252099411969 n=42 value=859973
record p=1720787 q=3194459 N=5496983519233 n=43 value=860393
record p=1724483 q=2129003 N=3671429480449 n=42 value=862241
record p=1724683 q=2552483 N=4402224037889 n=43 value=862341
record p=1732979 q=2628539 N=4555202887681 n=43 value=866489
record p=1738379 q=1913123 N=3325732847617 n=42 value=869189
record p=1738943 q=2942783 N=5117331898369 n=43 value=869471
record p=1743359 q=2188799 N=3815862435841 n=42 value=871679
record p=1747727 q=3466223 N=6058011525121 n=43 value=873863
record p=1749959 q=2694647 N=4715521769473 n=43 value=874979
record p=1757363 q=3432059 N=6031373500417 n=43 value=878681
record p=1759463 q=2407127 N=4235250892801 n=42 value=879731
record p=1769627 q=1893779 N=3351282450433 n=42 value=884813
record p=1777379 q=1906379 N=3388358000641 n=42 value=888689
record p=1778807 q=2487623 N=4425001205761 n=43 value=889403
record p=1780379 q=2337683 N=4161961721857 n=42 value=890189
record p=1782647 q=1807943 N=3222924165121 n=42 value=891323
record p=1782959 q=1876559 N=3345827758081 n=42 value=891479
record p=1801907 q=1925243 N=3469108838401 n=42 value=900953
record p=1811519 q=1985471 N=3596718440449 n=42 value=905759
record p=1812359 q=3501623 N=6346197958657 n=43 value=906179
record p=1816007 q=2849783 N=5175225876481 n=43 value=908003
record p=1822703 q=1916687 N=3493551144961 n=42 value=911351
record p=1833023 q=2357183 N=4320770654209 n=42 value=916511
record p=1836839 q=2554007 N=4691299663873 n=43 value=918419
record p=1839347 q=1935419 N=3559907131393 n=42 value=919673
record p=1840043 q=3034883 N=5584315219969 n=43 value=920021
record p=1847999 q=2637119 N=4873393274881 n=43 value=923999
record p=1848467 q=2165147 N=4002202779649 n=42 value=924233
record p=1850159 q=2681807 N=4961769357313 n=43 value=925079
record p=1855187 q=3225947 N=5984734937089 n=43 value=927593
record p=1856159 q=3295583 N=6117126045697 n=43 value=928079
record p=1856747 q=2208707 N=4101010096129 n=42 value=928373
record p=1858163 q=2939579 N=5462216933377 n=43 value=929081
record p=1858643 q=3557339 N=6611823230977 n=43 value=929321
record p=1860059 q=2536019 N=4717144965121 n=43 value=930029
record p=1886447 q=3106319 N=5859906158593 n=43 value=943223
record p=1886543 q=3714479 N=7007524356097 n=43 value=943271
record p=1890107 q=2222579 N=4200912125953 n=42 value=945053
record p=1896263 q=2886263 N=5473113735169 n=43 value=948131
record p=1897079 q=2393927 N=4541468639233 n=43 value=948539
record p=1899167 q=2072927 N=3936834551809 n=42 value=949583
record p=1909283 q=3513739 N=6708722139137 n=43 value=954641
record p=1909319 q=2221943 N=4242397986817 n=42 value=954659
record p=1909487 q=3427343 N=6544466903041 n=43 value=954743
record p=1914239 q=3443327 N=6591350833153 n=43 value=957119
record p=1918067 q=2425019 N=4651348918273 n=43 value=959033
record p=1929527 q=2561159 N=4941825441793 n=43 value=964763
record p=1931339 q=2658659 N=5134771814401 n=43 value=965669
record p=1935827 q=2930267 N=5672489975809 n=43 value=967913
record p=1941827 q=3797867 N=7374800683009 n=43 value=970913
record p=1941983 q=2054687 N=3990167224321 n=42 value=970991
record p=1950527 q=2337983 N=4560298967041 n=43 value=975263
record p=1953167 q=2929007 N=5720839815169 n=43 value=976583
record p=1956359 q=2651063 N=5186430959617 n=43 value=978179
record p=1962839 q=3057767 N=6001904320513 n=43 value=981419
record p=1968563 q=2084219 N=4102916407297 n=42 value=984281
record p=1972823 q=3502439 N=6909692215297 n=43 value=986411
record p=1976243 q=3858299 N=7624936390657 n=43 value=988121
record p=1977023 q=3294527 N=6513355653121 n=43 value=988511
record p=1980983 q=3185543 N=6310506528769 n=43 value=990491
record p=1982447 q=3723023 N=7380695777281 n=43 value=991223
record p=1986071 q=3000743 N=5959688650753 n=43 value=993035
record p=1990823 q=3229463 N=6429289218049 n=43 value=995411
record p=1990907 q=2402867 N=4783884730369 n=43 value=995453
record p=1991963 q=3566867 N=7105067089921 n=43 value=995981
record p=1992139 q=2332643 N=4646949093377 n=43 value=996069
record p=1994327 q=3431783 N=6844097495041 n=43 value=997163
record p=1995827 q=2729723 N=5448054865921 n=43 value=997913
record p=2003819 q=2359619 N=4728249384961 n=43 value=1001909
record p=2005799 q=3613847 N=7248650698753 n=43 value=1002899
record p=2005943 q=2109959 N=4232457486337 n=42 value=1002971
record p=2006483 q=2933339 N=5885694836737 n=43 value=1003241
record p=2008147 q=2310107 N=4639034441729 n=43 value=1004073
record p=2012663 q=2923463 N=5883945811969 n=43 value=1006331
record p=2022359 q=2705383 N=5471255658497 n=43 value=1011179
record p=2023283 q=2252219 N=4556876414977 n=43 value=1011641
record p=2035967 q=2092799 N=4260869701633 n=42 value=1017983
record p=2041703 q=3408983 N=6960130818049 n=43 value=1020851
record p=2050547 q=3045179 N=6244282662913 n=43 value=1025273
record p=2063279 q=3193679 N=6589450813441 n=43 value=1031639
record p=2063687 q=3087479 N=6371590275073 n=43 value=1031843
record p=2064299 q=2589443 N=5345384595457 n=43 value=1032149
record p=2065043 q=3533723 N=7297289945089 n=43 value=1032521
record p=2072363 q=3549059 N=7354938556417 n=43 value=1036181
record p=2074487 q=2843207 N=5898195959809 n=43 value=1037243
record p=2078339 q=3328043 N=6916801560577 n=43 value=1039169
record p=2080763 q=4027187 N=8379621703681 n=43 value=1040381
record p=2085983 q=2328479 N=4857167609857 n=43 value=1042991
record p=2089643 q=2164739 N=4523531698177 n=43 value=1044821
record p=2096687 q=3147983 N=6600335032321 n=43 value=1048343
record p=2098883 q=2120171 N=4449990868993 n=43 value=1049441
record p=2107223 q=3257447 N=6864167239681 n=43 value=1053611
record p=2111303 q=2769527 N=5847310663681 n=43 value=1055651
record p=2112323 q=3713387 N=7843872768001 n=43 value=1056161
record p=2117903 q=4226543 N=8951408099329 n=44 value=1058951
record p=2120747 q=2720387 N=5769252569089 n=43 value=1060373
record p=2125463 q=2486567 N=5285106155521 n=43 value=1062731
record p=2130503 q=3180407 N=6775866654721 n=43 value=1065251
record p=2135027 q=3095867 N=6609759633409 n=43 value=1067513
record p=2137979 q=3303347 N=7062486515713 n=43 value=1068989
record p=2140763 q=2651603 N=5676453593089 n=43 value=1070381
record p=2146139 q=2185427 N=4690230116353 n=43 value=1073069
record p=2146439 q=2884919 N=6192302653441 n=43 value=1073219
record p=2150543 q=2510447 N=5398824222721 n=43 value=1075271
record p=2155103 q=3930527 N=8470690529281 n=43 value=1077551
record p=2159819 q=2543843 N=5494240444417 n=43 value=1079909
record p=2162807 q=2939207 N=6356937474049 n=43 value=1081403
record p=2164619 q=3336227 N=7221660352513 n=43 value=1082309
record p=2167643 q=4252883 N=9218732064769 n=44 value=1083821
record p=2173387 q=4043747 N=8788627161089 n=43 value=1086693
record p=2175023 q=3806927 N=8280153784321 n=43 value=1087511
record p=2177243 q=3146579 N=6850867101697 n=43 value=1088621
record p=2177507 q=3920843 N=8537663078401 n=43 value=1088753
record p=2180027 q=3606899 N=7863137206273 n=43 value=1090013
record p=2183543 q=2807879 N=6131124535297 n=43 value=1091771
record p=2187707 q=4275059 N=9352576499713 n=44 value=1093853
record p=2187863 q=2795879 N=6117000216577 n=43 value=1093931
record p=2189879 q=2386823 N=5226853564417 n=43 value=1094939
record p=2189939 q=2509499 N=5495649730561 n=43 value=1094969
record p=2190047 q=2937119 N=6432428654593 n=43 value=1095023
record p=2198783 q=3502847 N=7702000435201 n=43 value=1099391
record p=2210963 q=3719579 N=8223851544577 n=43 value=1105481
record p=2213423 q=2834639 N=6274255159297 n=43 value=1106711
record p=2214479 q=2428079 N=5376929955841 n=43 value=1107239
record p=2222723 q=3748907 N=8332781813761 n=43 value=1111361
record p=2223911 q=3838103 N=8535599480833 n=43 value=1111955
record p=2229371 q=2702003 N=6023767130113 n=43 value=1114685
record p=2232827 q=3297587 N=7362941288449 n=43 value=1116413
record p=2233247 q=2771039 N=6188414533633 n=43 value=1116623
record p=2242763 q=3566819 N=7999529680897 n=43 value=1121381
record p=2244623 q=2404079 N=5396251017217 n=43 value=1122311
record p=2253023 q=3758879 N=8468840841217 n=43 value=1126511
record p=2254223 q=2431343 N=5480789311489 n=43 value=1127111
record p=2256623 q=3964943 N=8947381567489 n=44 value=1128311
record p=2257247 q=4074143 N=9196347064321 n=44 value=1128623
record p=2257559 q=4468007 N=10086789414913 n=44 value=1128779
record p=2258483 q=4027643 N=9096363245569 n=44 value=1129241
record p=2261219 q=3327179 N=7523480371201 n=43 value=1130609
record p=2264699 q=2433203 N=5510472400897 n=43 value=1132349
record p=2271923 q=3544187 N=8052119961601 n=43 value=1135961
record p=2272199 q=4433399 N=10073564774401 n=44 value=1136099
record p=2272547 q=3074699 N=6987397988353 n=43 value=1136273
record p=2273599 q=3129023 N=7114143563777 n=43 value=1136799
record p=2274599 q=3369623 N=7664541106177 n=43 value=1137299
record p=2276579 q=2648267 N=6028989038593 n=43 value=1138289
record p=2279807 q=2291327 N=5223783333889 n=43 value=1139903
record p=2288207 q=3140783 N=7186761646081 n=43 value=1144103
record p=2301503 q=2478527 N=5704337326081 n=43 value=1150751
record p=2302043 q=2428883 N=5591393107969 n=43 value=1151021
record p=2304059 q=2453747 N=5653577859073 n=43 value=1152029
record p=2305463 q=2375687 N=5477058478081 n=43 value=1152731
record p=2316179 q=2514587 N=5824233603073 n=43 value=1158089
record p=2320247 q=3383879 N=7851435098113 n=43 value=1160123
record p=2322227 q=3810299 N=8848379215873 n=44 value=1161113
record p=2329883 q=4261139 N=9927955316737 n=44 value=1164941
record p=2333207 q=2702759 N=6306096218113 n=43 value=1166603
record p=2335079 q=4516439 N=10546241863681 n=44 value=1167539
record p=2336287 q=3560927 N=8319347458049 n=43 value=1168143
record p=2336903 q=2399543 N=5607499235329 n=43 value=1168451
record p=2346347 q=3012419 N=7068180283393 n=43 value=1173173
record p=2347523 q=4253867 N=9986050621441 n=44 value=1173761
record p=2352227 q=3521867 N=8284230647809 n=43 value=1176113
record p=2371991 q=3235367 N=7674261405697 n=43 value=1185995
record p=2375327 q=3366239 N=7995918385153 n=43 value=1187663
record p=2377007 q=3088847 N=7342210940929 n=43 value=1188503
record p=2377163 q=3586019 N=8524551684097 n=43 value=1188581
record p=2380787 q=3243323 N=7721661235201 n=43 value=1190393
record p=2381147 q=2872019 N=6838699425793 n=43 value=1190573
record p=2382203 q=3120563 N=7433814540289 n=43 value=1191101
record p=2384567 q=2628359 N=6267498135553 n=43 value=1192283
record p=2385947 q=3486227 N=8317952851969 n=43 value=1192973
record p=2387003 q=2591987 N=6187080744961 n=43 value=1193501
record p=2390243 q=2657483 N=6352030138369 n=43 value=1195121
record p=2395103 q=3076127 N=7367641006081 n=43 value=1197551
record p=2402663 q=2581079 N=6201463013377 n=43 value=1201331
record p=2403119 q=2522063 N=6060817514497 n=43 value=1201559
record p=2407883 q=2916323 N=7022164574209 n=43 value=1203941
record p=2408723 q=4796699 N=11553919205377 n=44 value=1204361
record p=2414507 q=2583299 N=6237393518593 n=43 value=1207253
record p=2421407 q=4303199 N=10419796180993 n=44 value=1210703
record p=2423567 q=3183599 N=7715665477633 n=43 value=1211783
record p=2429579 q=2966819 N=7208121139201 n=43 value=1214789
record p=2431763 q=3729179 N=9068479512577 n=44 value=1215881
record p=2434739 q=3405947 N=8292591992833 n=43 value=1217369
record p=2435519 q=3130943 N=7625471164417 n=43 value=1217759
record p=2437847 q=4579559 N=11164264169473 n=44 value=1218923
record p=2438567 q=3678743 N=8970861281281 n=44 value=1219283
record p=2440499 q=4785659 N=11679396003841 n=44 value=1220249
record p=2445887 q=2727359 N=6670811922433 n=43 value=1222943
record p=2448227 q=3604043 N=8823515381761 n=44 value=1224113
record p=2453531 q=4254227 N=10437877825537 n=44 value=1226765
record p=2459411 q=4021019 N=9889338359809 n=44 value=1229705
record p=2469899 q=2579363 N=6370766094337 n=43 value=1234949
record p=2477159 q=3575639 N=8857426329601 n=44 value=1238579
record p=2479847 q=2546903 N=6315929763841 n=43 value=1239923
record p=2480579 q=3071723 N=7619651567617 n=43 value=1240289
record p=2481503 q=3260063 N=8089856114689 n=43 value=1240751
record p=2484623 q=2692463 N=6689755496449 n=43 value=1242311
record p=2484863 q=2872703 N=7138273394689 n=43 value=1242431
record p=2494607 q=3739247 N=9327951740929 n=44 value=1247303
record p=2499859 q=2845979 N=7114546216961 n=43 value=1249929
record p=2505227 q=2949539 N=7389264740353 n=43 value=1252613
record p=2507963 q=2842739 N=7129484230657 n=43 value=1253981
record p=2516603 q=3115187 N=7839688949761 n=43 value=1258301
record p=2518163 q=3117467 N=7850290053121 n=43 value=1259081
record p=2526299 q=4441043 N=11219402489857 n=44 value=1263149
record p=2535887 q=3323183 N=8427216568321 n=43 value=1267943
record p=2537219 q=5041067 N=12790290972673 n=44 value=1268609
record p=2540423 q=3117623 N=7920081174529 n=43 value=1270211
record p=2543459 q=2697803 N=6861751320577 n=43 value=1271729
record p=2555027 q=4555163 N=11638564454401 n=44 value=1277513
record p=2556839 q=3240983 N=8286671732737 n=43 value=1278419
record p=2560343 q=3566183 N=9130651680769 n=44 value=1280171
record p=2566787 q=3011627 N=7730205032449 n=43 value=1283393
record p=2568023 q=3091559 N=7939194617857 n=43 value=1284011
record p=2572523 q=3237827 N=8329384427521 n=43 value=1286261
record p=2573003 q=2659043 N=6841725616129 n=43 value=1286501
record p=2574059 q=4600259 N=11841338081281 n=44 value=1287029
record p=2574203 q=2719667 N=7000974950401 n=43 value=1287101
record p=2574323 q=4303163 N=11077731483649 n=44 value=1287161
record p=2576699 q=4939763 N=12728282382337 n=44 value=1288349
record p=2577283 q=3199787 N=8246756638721 n=43 value=1288641
record p=2577683 q=2735387 N=7050960568321 n=43 value=1288841
record p=2582627 q=5134667 N=13260929630209 n=44 value=1291313
record p=2589563 q=2876339 N=7448461049857 n=43 value=1294781
record p=2594939 q=4228787 N=10973444308993 n=44 value=1297469
record p=2598983 q=3375479 N=8772812537857 n=43 value=1299491
record p=2600867 q=3013643 N=7838084628481 n=43 value=1300433
record p=2605439 q=3538559 N=9219499622401 n=44 value=1302719
record p=2607743 q=2749823 N=7170831679489 n=43 value=1303871
record p=2612123 q=4461203 N=11653210963969 n=44 value=1306061
record p=2612243 q=4869659 N=12720732635137 n=44 value=1306121
record p=2613839 q=2618543 N=6844449816577 n=43 value=1306919
record p=2617379 q=2637707 N=6903878909953 n=43 value=1308689
record p=2619179 q=3346307 N=8764577021953 n=43 value=1309589
record p=2620259 q=4808267 N=12598904881153 n=44 value=1310129
record p=2626367 q=3235007 N=8496315629569 n=43 value=1313183
record p=2639711 q=4183199 N=11042436415489 n=44 value=1319855
record p=2645723 q=3304787 N=8743550976001 n=43 value=1322861
record p=2653319 q=3115319 N=8265935093761 n=43 value=1326659
record p=2655623 q=3026999 N=8038568165377 n=43 value=1327811
record p=2665427 q=3269723 N=8715207966721 n=43 value=1332713
record p=2670923 q=3129443 N=8358501285889 n=43 value=1335461
record p=2681423 q=2747567 N=7367389347841 n=43 value=1340711
record p=2682503 q=2914103 N=7817090039809 n=43 value=1341251
record p=2689571 q=2946443 N=7924667645953 n=43 value=1344785
record p=2694323 q=2814587 N=7583406489601 n=43 value=1347161
record p=2699339 q=3217763 N=8685833158657 n=43 value=1349669
record p=2700323 q=2825099 N=7628679806977 n=43 value=1350161
record p=2704127 q=2997503 N=8105628794881 n=43 value=1352063
record p=2715983 q=3868079 N=10505636806657 n=44 value=1357991
record p=2724563 q=2921819 N=7960679940097 n=43 value=1362281
record p=2726327 q=3773447 N=10287650439169 n=44 value=1363163
record p=2728907 q=4254179 N=11609258852353 n=44 value=1364453
record p=2729183 q=3872543 N=10568878522369 n=44 value=1364591
record p=2743079 q=3662999 N=10047895633921 n=44 value=1371539
record p=2748059 q=2967443 N=8154708443137 n=43 value=1374029
record p=2762759 q=3196343 N=8830725390337 n=44 value=1381379
record p=2766227 q=4337819 N=11999392038913 n=44 value=1383113
record p=2770667 q=2830787 N=7843168124929 n=43 value=1385333
record p=2783687 q=3110903 N=8659780239361 n=43 value=1391843
record p=2787479 q=5338919 N=14882124595201 n=44 value=1393739
record p=2788979 q=5228219 N=14581392998401 n=44 value=1394489
record p=2790923 q=4507043 N=12578809970689 n=44 value=1395461
record p=2793587 q=3736763 N=10438972538881 n=44 value=1396793
record p=2795267 q=2915243 N=8148882554881 n=43 value=1397633
record p=2801339 q=5559923 N=15575229136897 n=44 value=1400669
record p=2818103 q=3454343 N=9734694371329 n=44 value=1409051
record p=2820179 q=5274587 N=14875279491073 n=44 value=1410089
record p=2820899 q=5536907 N=15619055419393 n=44 value=1410449
record p=2830187 q=3179843 N=8999550320641 n=44 value=1415093
record p=2833247 q=3006623 N=8518505594881 n=43 value=1416623
record p=2839547 q=4374323 N=12421095751681 n=44 value=1419773
record p=2850383 q=3070127 N=8751037808641 n=43 value=1425191
record p=2850623 q=4190399 N=11945247768577 n=44 value=1425311
record p=2851799 q=4399079 N=12545289093121 n=44 value=1425899
record p=2855807 q=3681407 N=10513387880449 n=44 value=1427903
record p=2858543 q=4745423 N=13564995698689 n=44 value=1429271
record p=2858699 q=3036899 N=8681580134401 n=43 value=1429349
record p=2860883 q=4797659 N=13725541072897 n=44 value=1430441
record p=2862947 q=4934219 N=14126407483393 n=44 value=1431473
record p=2863703 q=5069159 N=14516565835777 n=44 value=1431851
record p=2864027 q=3177107 N=9099320229889 n=44 value=1432013
record p=2868707 q=3254219 N=9335400824833 n=44 value=1434353
record p=2884163 q=3857003 N=11124225343489 n=44 value=1442081
record p=2886383 q=3826703 N=11045330485249 n=44 value=1443191
record p=2894447 q=4617359 N=13364700905473 n=44 value=1447223
record p=2899139 q=3888107 N=11272162639873 n=44 value=1449569
record p=2899907 q=3746027 N=10863129919489 n=44 value=1449953
record p=2901719 q=5639399 N=16363951226881 n=44 value=1450859
record p=2902787 q=3078059 N=8934949650433 n=44 value=1451393
record p=2903063 q=5352359 N=15538235375617 n=44 value=1451531
record p=2913083 q=5500403 N=16023130472449 n=44 value=1456541
record p=2919479 q=3991943 N=11654393757697 n=44 value=1459739
record p=2920427 q=3350723 N=9785541918721 n=44 value=1460213
record p=2921423 q=4166447 N=12171954094081 n=44 value=1460711
record p=2923499 q=2929859 N=8565439856641 n=43 value=1461749
record p=2930723 q=4044683 N=11853845495809 n=44 value=1465361
record p=2943947 q=5857763 N=17244943810561 n=44 value=1471973
record p=2944379 q=4450739 N=13104662446081 n=44 value=1472189
record p=2960039 q=4840727 N=14328740708353 n=44 value=1480019
record p=2965331 q=3366107 N=9981621436417 n=44 value=1482665
record p=2972939 q=4097699 N=12182209167361 n=44 value=1486469
record p=2978699 q=3284003 N=9782056452097 n=44 value=1489349
record p=2983523 q=4008779 N=11960284348417 n=44 value=1491761
record p=3002459 q=5955539 N=17881261670401 n=45 value=1501229
record p=3002507 q=4200227 N=12611210969089 n=44 value=1501253
record p=3018539 q=4470659 N=13494858547201 n=44 value=1509269
record p=3019967 q=3627839 N=10955954061313 n=44 value=1509983
record p=3020399 q=5376143 N=16238096941057 n=44 value=1510199
record p=3020783 q=6027023 N=18206328619009 n=45 value=1510391
record p=3021983 q=4194143 N=12674628845569 n=44 value=1510991
record p=3024767 q=5871743 N=17760654458881 n=45 value=1512383
record p=3025307 q=5903507 N=17859921051649 n=45 value=1512653
record p=3025487 q=3976367 N=12030446665729 n=44 value=1512743
record p=3035939 q=3110027 N=9441852260353 n=44 value=1517969
record p=3039419 q=5039219 N=15316297973761 n=44 value=1519709
record p=3043787 q=6040547 N=18386138431489 n=45 value=1521893
record p=3051947 q=4710659 N=14376681603073 n=44 value=1525973
record p=3054707 q=4679867 N=14295622483969 n=44 value=1527353
record p=3067739 q=4507859 N=13828934860801 n=44 value=1533869
record p=3069047 q=3753287 N=11519014207489 n=44 value=1534523
record p=3083303 q=4563863 N=14071772479489 n=44 value=1541651
record p=3087923 q=5311739 N=16402241028097 n=44 value=1543961
record p=3088607 q=6069023 N=18744826920961 n=45 value=1544303
record p=3089587 q=6040187 N=18661683232769 n=45 value=1544793
record p=3092723 q=5204027 N=16094613995521 n=44 value=1546361
record p=3096047 q=4821263 N=14926856847361 n=44 value=1548023
record p=3096323 q=4629419 N=14334176526337 n=44 value=1548161
record p=3096491 q=5882627 N=18215501561857 n=45 value=1548245
record p=3096623 q=5637839 N=17458261917697 n=44 value=1548311
record p=3101999 q=5116367 N=15870965317633 n=44 value=1550999
record p=3110999 q=3470183 N=10795735842817 n=44 value=1555499
record p=3138767 q=3580463 N=11238239109121 n=44 value=1569383
record p=3147707 q=4433267 N=13954625568769 n=44 value=1573853
record p=3155687 q=5213399 N=16451855450113 n=44 value=1577843
record p=3158339 q=5235563 N=16535682809857 n=44 value=1579169
record p=3159323 q=3677459 N=11618280800257 n=44 value=1579661
record p=3164003 q=3895883 N=12326585499649 n=44 value=1582001
record p=3172847 q=4842767 N=15365358747649 n=44 value=1586423
record p=3175763 q=6264539 N=19894691168257 n=45 value=1587881
record p=3183179 q=4859747 N=15469444595713 n=44 value=1591589
record p=3188723 q=4671803 N=14897085677569 n=44 value=1594361
record p=3188819 q=3922907 N=12509440376833 n=44 value=1594409
record p=3197399 q=6240743 N=19954145427457 n=45 value=1598699
record p=3211331 q=3886187 N=12479832784897 n=44 value=1605665
record p=3211499 q=3778499 N=12134645760001 n=44 value=1605749
record p=3213851 q=5816339 N=18692846911489 n=45 value=1606925
record p=3223919 q=4803983 N=15487652069377 n=44 value=1611959
record p=3259667 q=5739803 N=18709846425601 n=45 value=1629833
record p=3260519 q=5593943 N=18239157436417 n=45 value=1630259
record p=3260639 q=4324127 N=14099417137153 n=44 value=1630319
record p=3263243 q=3549347 N=11582381752321 n=44 value=1631621
record p=3273899 q=4875779 N=15962807992321 n=44 value=1636949
record p=3278699 q=6221123 N=20397189758977 n=45 value=1639349
record p=3280703 q=5333183 N=17496589467649 n=44 value=1640351
record p=3286139 q=3414707 N=11221201846273 n=44 value=1643069
record p=3294143 q=6532159 N=21517865844737 n=45 value=1647071
record p=3296999 q=3597527 N=11861042921473 n=44 value=1648499
record p=3298259 q=3570779 N=11777353973761 n=44 value=1649129
record p=3302603 q=4055267 N=13392936960001 n=44 value=1651301
record p=3305999 q=5520623 N=18251174117377 n=45 value=1652999
record p=3308939 q=5325347 N=17621248376833 n=45 value=1654469
record p=3313139 q=4117307 N=13641210396673 n=44 value=1656569
record p=3324407 q=3528647 N=11730658787329 n=44 value=1662203
record p=3324983 q=6142343 N=20423186055169 n=45 value=1662491
record p=3326363 q=5749907 N=19126277898241 n=45 value=1663181
record p=3328427 q=5368067 N=17867219140609 n=45 value=1664213
record p=3336779 q=6229859 N=20787662684161 n=45 value=1668389
record p=3342299 q=4777043 N=15966306041857 n=44 value=1671149
record p=3342959 q=5938319 N=19851556945921 n=45 value=1671479
record p=3344267 q=5302307 N=17732330323969 n=45 value=1672133
record p=3349103 q=6128783 N=20525925531649 n=45 value=1674551
record p=3349439 q=5166143 N=17303680843777 n=44 value=1674719
record p=3355127 q=4382663 N=14704390963201 n=44 value=1677563
record p=3359843 q=4283723 N=14392636735489 n=44 value=1679921
record p=3363167 q=4541087 N=15272433942529 n=44 value=1681583
record p=3367907 q=4782539 N=16107146575873 n=44 value=1683953
record p=3379127 q=4029959 N=13617743265793 n=44 value=1689563
record p=3393623 q=6136679 N=20825574998017 n=45 value=1696811
record p=3394043 q=6019379 N=20430031159297 n=45 value=1697021
record p=3401759 q=6394847 N=21753728335873 n=45 value=1700879
record p=3405359 q=3608783 N=12289201668097 n=44 value=1702679
record p=3411839 q=3911807 N=13346455683073 n=44 value=1705919
record p=3414227 q=6029147 N=20584876474369 n=45 value=1707113
record p=3418787 q=4905227 N=16769926299649 n=44 value=1709393
record p=3421499 q=3726323 N=12749610418177 n=44 value=1710749
record p=3434279 q=6854807 N=23541319729153 n=45 value=1717139
record p=3434759 q=5289143 N=18166931521537 n=45 value=1717379
record p=3441059 q=5945867 N=20460079153153 n=45 value=1720529
record p=3442487 q=5103239 N=17567833915393 n=44 value=1721243
record p=3446567 q=3500183 N=12063615221761 n=44 value=1723283
record p=3452567 q=3518759 N=12148751204353 n=44 value=1726283
record p=3452987 q=6465779 N=22326250831873 n=45 value=1726493
record p=3463259 q=3971027 N=13752694996993 n=44 value=1731629
record p=3463367 q=4090103 N=14165527756801 n=44 value=1731683
record p=3468107 q=4703843 N=16313430835201 n=44 value=1734053
record p=3472967 q=6900599 N=23965552607233 n=45 value=1736483
record p=3474623 q=4746047 N=16490724065281 n=44 value=1737311
record p=3475883 q=4040963 N=14045914595329 n=44 value=1737941
record p=3481007 q=5658959 N=19698875891713 n=45 value=1740503
record p=3496343 q=4372007 N=15286036070401 n=44 value=1748171
record p=3498119 q=3499319 N=12241034280961 n=44 value=1749059
record p=3498359 q=6015047 N=21042793807873 n=45 value=1749179
record p=3498863 q=3890063 N=13610797498369 n=44 value=1749431
record p=3506339 q=5321483 N=18658923380737 n=45 value=1753169
record p=3508523 q=5959043 N=20907439423489 n=45 value=1754261
record p=3524099 q=4822187 N=16993864384513 n=44 value=1762049
record p=3524699 q=5384147 N=18977497546753 n=45 value=1762349
record p=3529607 q=5569079 N=19656660221953 n=45 value=1764803
record p=3533903 q=5876399 N=20766624055297 n=45 value=1766951
record p=3534467 q=3690539 N=13044088307713 n=44 value=1767233
record p=3539267 q=3969899 N=14050532524033 n=44 value=1769633
record p=3540203 q=4359107 N=15432123678721 n=44 value=1770101
record p=3541259 q=3898019 N=13803894865921 n=44 value=1770629
record p=3548639 q=5756447 N=20427552325633 n=45 value=1774319
record p=3549683 q=6461243 N=22935364435969 n=45 value=1774841
record p=3550259 q=4763387 N=16911257567233 n=44 value=1775129
record p=3552047 q=5895119 N=20939739758593 n=45 value=1776023
record p=3552203 q=3922403 N=13933171703809 n=44 value=1776101
record p=3552707 q=3695339 N=13128456732673 n=44 value=1776353
record p=3554051 q=3704747 N=13166859780097 n=44 value=1777025
record p=3561827 q=5107787 N=18193053646849 n=45 value=1780913
record p=3564923 q=5747123 N=20488050966529 n=45 value=1782461
record p=3567587 q=3821003 N=13631760629761 n=44 value=1783793
record p=3569939 q=4471067 N=15961436454913 n=44 value=1784969
record p=3570227 q=4264187 N=15224115560449 n=44 value=1785113
record p=3574127 q=6223247 N=22242675130369 n=45 value=1787063
record p=3577031 q=5893367 N=21080756453377 n=45 value=1788515
record p=3582263 q=4938887 N=17692392161281 n=45 value=1791131
record p=3587687 q=4947287 N=17749317255169 n=45 value=1793843
record p=3590759 q=5288279 N=18988935413761 n=45 value=1795379
record p=3591767 q=5373287 N=19299594928129 n=45 value=1795883
record p=3594299 q=4604147 N=16548680957953 n=44 value=1797149
record p=3614747 q=6582803 N=23795167395841 n=45 value=1807373
record p=3624431 q=5472527 N=19834796507137 n=45 value=1812215
record p=3626087 q=5277527 N=19136772046849 n=45 value=1813043
record p=3633347 q=4112363 N=14941641768961 n=44 value=1816673
record p=3634343 q=6746903 N=24520559689729 n=45 value=1817171
record p=3635987 q=6653723 N=24192850329601 n=45 value=1817993
record p=3636119 q=4895783 N=17801649586177 n=45 value=1818059
record p=3636539 q=5133299 N=18667442012161 n=45 value=1818269
record p=3643799 q=6583847 N=23990215114753 n=45 value=1821899
record p=3645563 q=6766259 N=24666823458817 n=45 value=1822781
record p=3648539 q=6966803 N=25418652450817 n=45 value=1824269
record p=3655499 q=5180003 N=18935495786497 n=45 value=1827749
record p=3656483 q=5094539 N=18628095246337 n=45 value=1828241
record p=3658547 q=5005307 N=18312150908929 n=45 value=1829273
record p=3664679 q=3724439 N=13648873390081 n=44 value=1832339
record p=3667043 q=6434123 N=23594205708289 n=45 value=1833521
record p=3669647 q=5070959 N=18608629481473 n=45 value=1834823
record p=3675443 q=5369339 N=19734699442177 n=45 value=1837721
record p=3682859 q=5569667 N=20512298237953 n=45 value=1841429
record p=3683027 q=5698907 N=20989228351489 n=45 value=1841513
record p=3691559 q=5233559 N=19319991828481 n=45 value=1845779
record p=3695183 q=4682927 N=17304272240641 n=44 value=1847591
record p=3700283 q=7140083 N=26420327743489 n=45 value=1850141
record p=3700847 q=5236367 N=19378993102849 n=45 value=1850423
record p=3701063 q=5464183 N=20223285526529 n=45 value=1850531
record p=3701627 q=4991923 N=18478236958721 n=45 value=1850813
record p=3702887 q=4365143 N=16163631267841 n=44 value=1851443
record p=3707063 q=3886343 N=14406918340609 n=44 value=1853531
record p=3708443 q=6575123 N=24383468863489 n=45 value=1854221
record p=3714259 q=7113563 N=26421615394817 n=45 value=1857129
record p=3714587 q=4357139 N=16184971886593 n=44 value=1857293
record p=3725147 q=3899603 N=14526594416641 n=44 value=1862573
record p=3725663 q=6931103 N=25822953996289 n=45 value=1862831
record p=3739019 q=6959651 N=26022267322369 n=45 value=1869509
record p=3739103 q=5172767 N=19341508608001 n=45 value=1869551
record p=3739199 q=5759423 N=21535628722177 n=45 value=1869599
record p=3739259 q=4890803 N=18287979134977 n=45 value=1869629
record p=3744263 q=6466487 N=24212228014081 n=45 value=1872131
record p=3745607 q=5657207 N=21189674139649 n=45 value=1872803
record p=3754103 q=5968199 N=22405233770497 n=45 value=1877051
record p=3755783 q=7401143 N=27797087059969 n=45 value=1877891
record p=3758723 q=7423019 N=27901072244737 n=45 value=1879361
record p=3761159 q=5294519 N=19913527787521 n=45 value=1880579
record p=3761203 q=4732667 N=17800521318401 n=45 value=1880601
record p=3763043 q=6516299 N=24521113337857 n=45 value=1881521
record p=3768503 q=7167239 N=27009761673217 n=45 value=1884251
record p=3773387 q=6650339 N=25094302728193 n=45 value=1886693
record p=3783047 q=5684279 N=21503894618113 n=45 value=1891523
record p=3787247 q=5014799 N=18992282468353 n=45 value=1893623
record p=3797819 q=6974963 N=26489647005697 n=45 value=1898909
record p=3798407 q=6406199 N=24333351124993 n=45 value=1899203
record p=3814667 q=6352547 N=24232851406849 n=45 value=1907333
record p=3815363 q=5828843 N=22239151915009 n=45 value=1907681
record p=3819899 q=3943859 N=15065143050241 n=44 value=1909949
record p=3820319 q=4550879 N=17385809510401 n=44 value=1910159
record p=3821723 q=6624659 N=25317611667457 n=45 value=1910861
record p=3832267 q=5628899 N=21571443884033 n=45 value=1916133
record p=3836387 q=6095819 N=23385920765953 n=45 value=1918193
record p=3844619 q=7410083 N=28488945893377 n=45 value=1922309
record p=3849479 q=5120183 N=19710036934657 n=45 value=1924739
record p=3853583 q=5931503 N=22857539125249 n=45 value=1926791
record p=3857747 q=6909659 N=26655716278273 n=45 value=1928873
record p=3858143 q=5791007 N=22342533120001 n=45 value=1929071
record p=3859139 q=5987819 N=23107825827841 n=45 value=1929569
record p=3864587 q=6935459 N=26802684690433 n=45 value=1932293
record p=3873743 q=4983599 N=19305181741057 n=45 value=1936871
record p=3878003 q=4544699 N=17624356356097 n=45 value=1939001
record p=3882587 q=4964819 N=19276341706753 n=45 value=1941293
record p=3885767 q=7624439 N=29626793459713 n=45 value=1942883
record p=3886643 q=4218107 N=16394276044801 n=44 value=1943321
record p=3886787 q=6377963 N=24789783674881 n=45 value=1943393
record p=3890543 q=7119247 N=27697736581121 n=45 value=1945271
record p=3890759 q=4516727 N=17573496225793 n=44 value=1945379
record p=3893243 q=5212979 N=20295394000897 n=45 value=1946621
record p=3899243 q=4568387 N=17813251031041 n=45 value=1949621
record p=3899339 q=7679459 N=29944813977601 n=45 value=1949669
record p=3909083 q=4836947 N=18908027289601 n=45 value=1954541
record p=3910031 q=5985647 N=23404065325057 n=45 value=1955015
record p=3914459 q=6533459 N=25574957383681 n=45 value=1957229
record p=3916667 q=5088179 N=19928702779393 n=45 value=1958333
record p=3919247 q=7254383 N=28431718809601 n=45 value=1959623
record p=3924023 q=5887367 N=23102163517441 n=45 value=1962011
record p=3930887 q=6980279 N=27438687977473 n=45 value=1965443
record p=3944483 q=5635979 N=22231023353857 n=45 value=1972241
record p=3950327 q=6183623 N=24427332894721 n=45 value=1975163
record p=3950603 q=5374883 N=21234028904449 n=45 value=1975301
record p=3956999 q=6241463 N=24697462849537 n=45 value=1978499
record p=3957683 q=7013243 N=27756192595969 n=45 value=1978841
record p=3967487 q=6256127 N=24821102542849 n=45 value=1983743
record p=3968603 q=6943187 N=27554752757761 n=45 value=1984301
record p=3971879 q=7939223 N=31533633110017 n=45 value=1985939
record p=3972119 q=5659559 N=22480441835521 n=45 value=1986059
record p=3973847 q=7172327 N=28501730131969 n=45 value=1986923
record p=3977243 q=7842323 N=31190824255489 n=45 value=1988621
record p=3978167 q=6134279 N=24403186286593 n=45 value=1989083
record p=3979427 q=7846667 N=31225238519809 n=45 value=1989713
record p=3983999 q=7665023 N=30537443966977 n=45 value=1991999
record p=3997979 q=7631123 N=30509069500417 n=45 value=1998989
record p=4001147 q=5163443 N=20659694469121 n=45 value=2000573
record p=4005959 q=7375223 N=29544840953857 n=45 value=2002979
record p=4006103 q=7459559 N=29883761688577 n=45 value=2003051
record p=4006319 q=6608207 N=26474585260033 n=45 value=2003159
record p=4009007 q=6003407 N=24067700686849 n=45 value=2004503
record p=4013783 q=5805287 N=23301162270721 n=45 value=2006891
record p=4014743 q=5659943 N=22723216539649 n=45 value=2007371
record p=4017443 q=5851787 N=23509220720641 n=45 value=2008721
record p=4021079 q=4833383 N=19435414880257 n=45 value=2010539
record p=4022483 q=5371739 N=21607728807937 n=45 value=2011241
record p=4025507 q=6989579 N=28136599191553 n=45 value=2012753
record p=4031219 q=4351547 N=17542038945793 n=44 value=2015609
record p=4032947 q=7097723 N=28624740679681 n=45 value=2016473
record p=4033307 q=4314899 N=17403312340993 n=44 value=2016653
record p=4037543 q=6380567 N=25761813626881 n=45 value=2018771
record p=4038767 q=5226127 N=21107109265409 n=45 value=2019383
record p=4038803 q=5799323 N=23422323130369 n=45 value=2019401
record p=4043087 q=4113839 N=16632608980993 n=44 value=2021543
record p=4044779 q=6600899 N=26699177656321 n=45 value=2022389
record p=4045103 q=5647823 N=22846025760769 n=45 value=2022551
record p=4045127 q=6955127 N=28134372016129 n=45 value=2022563
record p=4047539 q=4766843 N=19293982949377 n=45 value=2023769
record p=4048103 q=7147223 N=28932694867969 n=45 value=2024051
record p=4053059 q=5452907 N=22100953792513 n=45 value=2026529
record p=4053779 q=4073243 N=16512026935297 n=44 value=2026889
record p=4055399 q=6728279 N=27285855928321 n=45 value=2027699
record p=4057799 q=6272759 N=25453595197441 n=45 value=2028899
record p=4060139 q=4496579 N=18256735764481 n=45 value=2030069
record p=4060487 q=6497399 N=26382604173313 n=45 value=2030243
record p=4070867 q=7946843 N=32350540922881 n=45 value=2035433
record p=4084079 q=6303119 N=25742435942401 n=45 value=2042039
record p=4090127 q=6776303 N=27715939860481 n=45 value=2045063
record p=4105763 q=6961547 N=28582462095361 n=45 value=2052881
record p=4110179 q=4227659 N=17376435240961 n=44 value=2055089
record p=4115351 q=5792807 N=23839434080257 n=45 value=2057675
record p=4116527 q=4224719 N=17391169830913 n=44 value=2058263
record p=4118759 q=6339287 N=26109995384833 n=45 value=2059379
record p=4123907 q=8185259 N=33755246886913 n=45 value=2061953
record p=4123943 q=8106647 N=33431350149121 n=45 value=2061971
record p=4124327 q=7067927 N=29150442160129 n=45 value=2062163
record p=4132067 q=6199499 N=25616745234433 n=45 value=2066033
record p=4136303 q=6349199 N=26262210871297 n=45 value=2068151
record p=4137047 q=5491559 N=22718837686273 n=45 value=2068523
record p=4138847 q=4256927 N=17618769543169 n=45 value=2069423
record p=4142519 q=6731783 N=27886538981377 n=45 value=2071259
record p=4145567 q=5479007 N=22713590611969 n=45 value=2072783
record p=4151879 q=7745399 N=32157959454721 n=45 value=2075939
record p=4153223 q=6567479 N=27276204834817 n=45 value=2076611
record p=4153979 q=7548083 N=31354578272257 n=45 value=2076989
record p=4159367 q=6856247 N=28517647515649 n=45 value=2079683
record p=4159523 q=6354827 N=26433049067521 n=45 value=2079761
record p=4163903 q=7792319 N=32446460461057 n=45 value=2081951
record p=4164299 q=7604963 N=31669339815937 n=45 value=2082149
record p=4172699 q=4178579 N=17435952414721 n=44 value=2086349
record p=4174991 q=4909679 N=20497865637889 n=45 value=2087495
record p=4177703 q=5226647 N=21835378851841 n=45 value=2088851
record p=4183031 q=4906439 N=20523786436609 n=45 value=2091515
record p=4186823 q=5258999 N=22018497970177 n=45 value=2093411
record p=4189723 q=4799507 N=20108604866561 n=45 value=2094861
record p=4190987 q=4243619 N=17784952061953 n=45 value=2095493
TOP20
p=4190987 q=4243619 N=17784952061953 n=45 d=2 sp=2095493(2095493) sq=2121809(2121809) residuals=K:(2095493,2121809),R:(2095493,2121809),C:(2095493,2121809),KR:(2095493,2121809),KC:(2095493,2121809),RC:(2095493,2121809),KRC:(2095493,2121809) hits=p{2095493:K[]R[]C[]};q{2121809:K[]R[]C[]}
p=4189723 q=4799507 N=20108604866561 n=45 d=2 sp=2094861(3*698287) sq=2399753(2399753) residuals=K:(698287,2399753),R:(2094861,2399753),C:(698287,2399753),KR:(698287,2399753),KC:(698287,2399753),RC:(698287,2399753),KRC:(698287,2399753) hits=p{3:K[23,24,25,27,28,29,31,33,34,35,39,40,41]R[]C[23,26,27,30,31,32,33,36,39,42,45],698287:K[]R[]C[]};q{2399753:K[]R[]C[]}
p=4186823 q=5258999 N=22018497970177 n=45 d=2 sp=2093411(2093411) sq=2629499(2629499) residuals=K:(2093411,2629499),R:(2093411,2629499),C:(2093411,2629499),KR:(2093411,2629499),KC:(2093411,2629499),RC:(2093411,2629499),KRC:(2093411,2629499) hits=p{2093411:K[]R[]C[]};q{2629499:K[]R[]C[]}
p=4183031 q=4906439 N=20523786436609 n=45 d=2 sp=2091515(5*418303) sq=2453219(17*144307) residuals=K:(2091515,2453219),R:(2091515,2453219),C:(418303,144307),KR:(2091515,2453219),KC:(418303,144307),RC:(418303,144307),KRC:(418303,144307) hits=p{5:K[]R[]C[25,32,36,40],418303:K[]R[]C[]};q{17:K[]R[]C[25],144307:K[]R[]C[]}
p=4177703 q=5226647 N=21835378851841 n=45 d=2 sp=2088851(881*2371) sq=2613323(2613323) residuals=K:(2088851,2613323),R:(2088851,2613323),C:(2088851,2613323),KR:(2088851,2613323),KC:(2088851,2613323),RC:(2088851,2613323),KRC:(2088851,2613323) hits=p{881:K[]R[]C[],2371:K[]R[]C[]};q{2613323:K[]R[]C[]}
p=4174991 q=4909679 N=20497865637889 n=45 d=2 sp=2087495(5*89*4691) sq=2454839(37*66347) residuals=K:(417499,66347),R:(2087495,2454839),C:(417499,2454839),KR:(417499,66347),KC:(417499,66347),RC:(417499,2454839),KRC:(417499,66347) hits=p{5:K[28,29,30,31]R[]C[40],89:K[]R[]C[],4691:K[]R[]C[]};q{37:K[38,39]R[]C[],66347:K[]R[]C[]}
p=4172699 q=4178579 N=17435952414721 n=44 d=2 sp=2086349(2086349) sq=2089289(571*3659) residuals=K:(2086349,2089289),R:(2086349,2089289),C:(2086349,2089289),KR:(2086349,2089289),KC:(2086349,2089289),RC:(2086349,2089289),KRC:(2086349,2089289) hits=p{2086349:K[]R[]C[]};q{571:K[]R[]C[],3659:K[]R[]C[]}
p=4164299 q=7604963 N=31669339815937 n=45 d=2 sp=2082149(1433*1453) sq=3802481(3802481) residuals=K:(2082149,3802481),R:(2082149,3802481),C:(2082149,3802481),KR:(2082149,3802481),KC:(2082149,3802481),RC:(2082149,3802481),KRC:(2082149,3802481) hits=p{1433:K[]R[]C[],1453:K[]R[]C[]};q{3802481:K[]R[]C[]}
p=4163903 q=7792319 N=32446460461057 n=45 d=2 sp=2081951(967*2153) sq=3896159(19*47*4363) residuals=K:(2081951,82897),R:(2081951,3896159),C:(2081951,205061),KR:(2081951,82897),KC:(2081951,4363),RC:(2081951,205061),KRC:(2081951,4363) hits=p{967:K[]R[]C[],2153:K[]R[]C[]};q{19:K[]R[]C[32],47:K[26]R[]C[],4363:K[]R[]C[]}
p=4159523 q=6354827 N=26433049067521 n=45 d=2 sp=2079761(2079761) sq=3177413(127^2*197) residuals=K:(2079761,3177413),R:(2079761,3177413),C:(2079761,3177413),KR:(2079761,3177413),KC:(2079761,3177413),RC:(2079761,3177413),KRC:(2079761,3177413) hits=p{2079761:K[]R[]C[]};q{127:K[]R[]C[],197:K[]R[]C[]}
p=4159367 q=6856247 N=28517647515649 n=45 d=2 sp=2079683(19*23*4759) sq=3428123(257*13339) residuals=K:(90421,3428123),R:(2079683,3428123),C:(90421,3428123),KR:(90421,3428123),KC:(90421,3428123),RC:(90421,3428123),KRC:(90421,3428123) hits=p{19:K[]R[]C[],23:K[36,37]R[]C[23,38,39,40,41],4759:K[]R[]C[]};q{257:K[]R[]C[],13339:K[]R[]C[]}
p=4153979 q=7548083 N=31354578272257 n=45 d=2 sp=2076989(61*79*431) sq=3774041(479*7879) residuals=K:(2076989,3774041),R:(2076989,3774041),C:(2076989,3774041),KR:(2076989,3774041),KC:(2076989,3774041),RC:(2076989,3774041),KRC:(2076989,3774041) hits=p{61:K[]R[]C[],79:K[]R[]C[],431:K[]R[]C[]};q{479:K[]R[]C[],7879:K[]R[]C[]}
p=4153223 q=6567479 N=27276204834817 n=45 d=2 sp=2076611(2076611) sq=3283739(811*4049) residuals=K:(2076611,3283739),R:(2076611,3283739),C:(2076611,3283739),KR:(2076611,3283739),KC:(2076611,3283739),RC:(2076611,3283739),KRC:(2076611,3283739) hits=p{2076611:K[]R[]C[]};q{811:K[]R[]C[],4049:K[]R[]C[]}
p=4151879 q=7745399 N=32157959454721 n=45 d=2 sp=2075939(557*3727) sq=3872699(1013*3823) residuals=K:(2075939,3872699),R:(2075939,3872699),C:(2075939,3872699),KR:(2075939,3872699),KC:(2075939,3872699),RC:(2075939,3872699),KRC:(2075939,3872699) hits=p{557:K[]R[]C[],3727:K[]R[]C[]};q{1013:K[]R[]C[],3823:K[]R[]C[]}
p=4145567 q=5479007 N=22713590611969 n=45 d=2 sp=2072783(23*90121) sq=2739503(13*210731) residuals=K:(2072783,2739503),R:(2072783,2739503),C:(2072783,210731),KR:(2072783,2739503),KC:(2072783,210731),RC:(2072783,210731),KRC:(2072783,210731) hits=p{23:K[]R[]C[],90121:K[]R[]C[]};q{13:K[]R[]C[30,31],210731:K[]R[]C[]}
p=4142519 q=6731783 N=27886538981377 n=45 d=2 sp=2071259(2071259) sq=3365891(59*89*641) residuals=K:(2071259,37819),R:(2071259,3365891),C:(2071259,641),KR:(2071259,37819),KC:(2071259,641),RC:(2071259,641),KRC:(2071259,641) hits=p{2071259:K[]R[]C[]};q{59:K[]R[]C[35,36,37],89:K[26]R[]C[23],641:K[]R[]C[]}
p=4138847 q=4256927 N=17618769543169 n=45 d=2 sp=2069423(19*108917) sq=2128463(2128463) residuals=K:(2069423,2128463),R:(2069423,2128463),C:(2069423,2128463),KR:(2069423,2128463),KC:(2069423,2128463),RC:(2069423,2128463),KRC:(2069423,2128463) hits=p{19:K[]R[]C[],108917:K[]R[]C[]};q{2128463:K[]R[]C[]}
p=4137047 q=5491559 N=22718837686273 n=45 d=2 sp=2068523(349*5927) sq=2745779(97*28307) residuals=K:(2068523,2745779),R:(2068523,2745779),C:(2068523,2745779),KR:(2068523,2745779),KC:(2068523,2745779),RC:(2068523,2745779),KRC:(2068523,2745779) hits=p{349:K[]R[]C[],5927:K[]R[]C[]};q{97:K[]R[]C[],28307:K[]R[]C[]}
p=4136303 q=6349199 N=26262210871297 n=45 d=2 sp=2068151(2068151) sq=3174599(3174599) residuals=K:(2068151,3174599),R:(2068151,3174599),C:(2068151,3174599),KR:(2068151,3174599),KC:(2068151,3174599),RC:(2068151,3174599),KRC:(2068151,3174599) hits=p{2068151:K[]R[]C[]};q{3174599:K[]R[]C[]}
p=4132067 q=6199499 N=25616745234433 n=45 d=2 sp=2066033(2066033) sq=3099749(37*83777) residuals=K:(2066033,3099749),R:(2066033,3099749),C:(2066033,3099749),KR:(2066033,3099749),KC:(2066033,3099749),RC:(2066033,3099749),KRC:(2066033,3099749) hits=p{2066033:K[]R[]C[]};q{37:K[]R[]C[],83777:K[]R[]C[]}
MENU C MAX 2095493 COUNTS one=942 le_n=1849 le_n2=9592 le_n3=26732
MAX_BY_N 8:1 11:1 12:13 13:1 14:1 15:25 16:49 17:73 18:13 19:71 20:199 21:73 22:347 23:403 24:1733 25:1093 26:3329 27:4601 28:3541 29:8969 30:14681 31:17939 32:24551 33:42233 34:60383 35:88079 36:116969 37:177323 38:259613 39:368843 40:471389 41:715961 42:1027595 43:1461749 44:2086349 45:2095493
RECORDS 999
record p=11 q=19 N=209 n=8 value=1
record p=47 q=79 N=3713 n=12 value=13
record p=151 q=167 N=25217 n=15 value=25
record p=197 q=269 N=52993 n=16 value=49
record p=263 q=439 N=115457 n=17 value=73
record p=647 q=823 N=532481 n=20 value=137
record p=797 q=821 N=654337 n=20 value=199
record p=1613 q=2693 N=4343809 n=23 value=403
record p=2767 q=3119 N=8630273 n=24 value=461
record p=2803 q=3643 N=10211329 n=24 value=467
record p=3463 q=6199 N=21467137 n=25 value=577
record p=3467 q=4643 N=16097281 n=24 value=1733
record p=5927 q=10391 N=61587457 n=26 value=2963
record p=6659 q=8363 N=55689217 n=26 value=3329
record p=7643 q=13907 N=106291201 n=27 value=3821
record p=7703 q=14759 N=113688577 n=27 value=3851
record p=8111 q=14159 N=114843649 n=27 value=4055
record p=8783 q=13487 N=118456321 n=27 value=4391
record p=9203 q=11579 N=106561537 n=27 value=4601
record p=15263 q=24671 N=376553473 n=29 value=7631
record p=17939 q=29723 N=533200897 n=29 value=8969
record p=19583 q=29567 N=579010561 n=30 value=9791
record p=19763 q=30203 N=596901889 n=30 value=9881
record p=22619 q=38867 N=879132673 n=30 value=11309
record p=23603 q=32507 N=767262721 n=30 value=11801
record p=23687 q=43319 N=1026097153 n=30 value=11843
record p=24407 q=31847 N=777289729 n=30 value=12203
record p=25463 q=26183 N=666697729 n=30 value=12731
record p=29363 q=35963 N=1055981569 n=30 value=14681
record p=31079 q=37463 N=1164312577 n=31 value=15539
record p=31259 q=53267 N=1665073153 n=31 value=15629
record p=34439 q=57143 N=1967947777 n=31 value=17219
record p=34499 q=55787 N=1924595713 n=31 value=17249
record p=35027 q=69467 N=2433220609 n=32 value=17513
record p=35879 q=41879 N=1502576641 n=31 value=17939
record p=41579 q=64067 N=2663841793 n=32 value=20789
record p=44207 q=76367 N=3375955969 n=32 value=22103
record p=47639 q=73127 N=3483697153 n=32 value=23819
record p=49103 q=59183 N=2906062849 n=32 value=24551
record p=55103 q=104639 N=5765922817 n=33 value=27551
record p=58907 q=99347 N=5852233729 n=33 value=29453
record p=61967 q=113903 N=7058227201 n=33 value=30983
record p=63587 q=84299 N=5360320513 n=33 value=31793
record p=65951 q=121439 N=8009023489 n=33 value=32975
record p=66239 q=93503 N=6193545217 n=33 value=33119
record p=67979 q=87587 N=5954076673 n=33 value=33989
record p=68099 q=94379 N=6427115521 n=33 value=34049
record p=70163 q=100379 N=7042891777 n=33 value=35081
record p=71147 q=92867 N=6607208449 n=33 value=35573
record p=71963 q=104723 N=7536181249 n=33 value=35981
record p=72383 q=87359 N=6323306497 n=33 value=36191
record p=73847 q=112967 N=8342274049 n=33 value=36923
record p=76103 q=110711 N=8425439233 n=33 value=38051
record p=79427 q=149099 N=11842486273 n=34 value=39713
record p=80603 q=143699 N=11582570497 n=34 value=40301
record p=82727 q=130199 N=10770972673 n=34 value=41363
record p=84263 q=104087 N=8770682881 n=34 value=42131
record p=84467 q=96059 N=8113815553 n=33 value=42233
record p=91199 q=166847 N=15216279553 n=34 value=45599
record p=94583 q=178247 N=16859136001 n=34 value=47291
record p=101747 q=155579 N=15829696513 n=34 value=50873
record p=105407 q=152639 N=16089219073 n=34 value=52703
record p=106019 q=197003 N=20886061057 n=35 value=53009
record p=107603 q=147419 N=15862726657 n=34 value=53801
record p=108503 q=211943 N=22996451329 n=35 value=54251
record p=108947 q=187547 N=20432683009 n=35 value=54473
record p=111467 q=123203 N=13733068801 n=34 value=55733
record p=111863 q=216263 N=24191827969 n=35 value=55931
record p=113159 q=168887 N=19111084033 n=35 value=56579
record p=113567 q=172127 N=19547947009 n=35 value=56783
record p=115763 q=186107 N=21544304641 n=35 value=57881
record p=118043 q=181523 N=21427519489 n=35 value=59021
record p=120767 q=137279 N=16578772993 n=34 value=60383
record p=121763 q=208907 N=25437143041 n=35 value=60881
record p=121883 q=171539 N=20907687937 n=35 value=60941
record p=123923 q=230939 N=28618653697 n=35 value=61961
record p=125339 q=152723 N=19142148097 n=35 value=62669
record p=128483 q=194507 N=24990842881 n=35 value=64241
record p=130223 q=186959 N=24346361857 n=35 value=65111
record p=130619 q=142067 N=18556649473 n=35 value=65309
record p=132527 q=160079 N=21214789633 n=35 value=66263
record p=133403 q=141587 N=18888130561 n=35 value=66701
record p=136163 q=248267 N=33804779521 n=35 value=68081
record p=137303 q=152423 N=20928135169 n=35 value=68651
record p=141707 q=210467 N=29824647169 n=35 value=70853
record p=143567 q=185903 N=26689536001 n=35 value=71783
record p=145283 q=266027 N=38649200641 n=36 value=72641
record p=153107 q=189467 N=29008723969 n=35 value=76553
record p=163127 q=247943 N=40446197761 n=36 value=81563
record p=164999 q=196919 N=32491438081 n=35 value=82499
record p=170123 q=200483 N=34106769409 n=35 value=85061
record p=172427 q=327203 N=56418631681 n=36 value=86213
record p=173039 q=322319 N=55773757441 n=36 value=86519
record p=175979 q=329027 N=57901842433 n=36 value=87989
record p=176159 q=183263 N=32283426817 n=35 value=88079
record p=184727 q=310823 N=57417400321 n=36 value=92363
record p=188687 q=257519 N=48590487553 n=36 value=94343
record p=193847 q=315527 N=61163962369 n=36 value=96923
record p=203843 q=331883 N=67652026369 n=36 value=101921
record p=207479 q=249671 N=51801489409 n=36 value=103739
record p=210347 q=400643 N=84274053121 n=37 value=105173
record p=212123 q=280979 N=59602108417 n=36 value=106061
record p=215687 q=219959 N=47442296833 n=36 value=107843
record p=216947 q=224699 N=48747773953 n=36 value=108473
record p=217319 q=312023 N=67808526337 n=36 value=108659
record p=218279 q=332567 N=72592392193 n=37 value=109139
record p=221807 q=408719 N=90656735233 n=37 value=110903
record p=222059 q=307523 N=68288249857 n=36 value=111029
record p=227567 q=439823 N=100089200641 n=37 value=113783
record p=233939 q=257627 N=60269002753 n=36 value=116969
record p=235043 q=313739 N=73742155777 n=37 value=117521
record p=239147 q=387203 N=92598435841 n=37 value=119573
record p=240587 q=303587 N=73039085569 n=37 value=120293
record p=250199 q=371303 N=92899639297 n=37 value=125099
record p=250787 q=325643 N=81667031041 n=37 value=125393
record p=255467 q=400067 N=102203916289 n=37 value=127733
record p=258299 q=301619 N=77907886081 n=37 value=129149
record p=259907 q=380267 N=98834055169 n=37 value=129953
record p=260483 q=384299 N=100103356417 n=37 value=130241
record p=261323 q=362723 N=94787862529 n=37 value=130661
record p=261467 q=518867 N=135666597889 n=37 value=130733
record p=263519 q=366239 N=96510935041 n=37 value=131759
record p=271703 q=300647 N=81686691841 n=37 value=135851
record p=273719 q=333959 N=91410923521 n=37 value=136859
record p=274943 q=511487 N=140629770241 n=38 value=137471
record p=275147 q=533219 N=146713608193 n=38 value=137573
record p=276359 q=515639 N=142501478401 n=38 value=138179
record p=278879 q=547487 N=152682627073 n=38 value=139439
record p=279779 q=467147 N=130697920513 n=37 value=139889
record p=281627 q=306707 N=86376972289 n=37 value=140813
record p=286163 q=328283 N=93942448129 n=37 value=143081
record p=287867 q=514739 N=148176371713 n=38 value=143933
record p=291287 q=397799 N=115873677313 n=37 value=145643
record p=297191 q=527063 N=156638380033 n=38 value=148595
record p=298427 q=339827 N=101413552129 n=37 value=149213
record p=311303 q=437687 N=136253276161 n=37 value=155651
record p=312407 q=419687 N=131113156609 n=37 value=156203
record p=316859 q=370547 N=117411151873 n=37 value=158429
record p=319679 q=429887 N=137425846273 n=37 value=159839
record p=321983 q=525887 N=169326673921 n=38 value=160991
record p=333923 q=403787 N=134833766401 n=37 value=166961
record p=335507 q=569243 N=190985011201 n=38 value=167753
record p=335579 q=503123 N=168837513217 n=38 value=167789
record p=345227 q=394019 N=136025997313 n=37 value=172613
record p=347003 q=449459 N=155963621377 n=38 value=173501
record p=348527 q=601487 N=209634459649 n=38 value=174263
record p=349379 q=588779 N=205707018241 n=38 value=174689
record p=350459 q=455219 N=159535595521 n=38 value=175229
record p=354647 q=365159 N=129502543873 n=37 value=177323
record p=359663 q=602639 N=216746950657 n=38 value=179831
record p=364127 q=413087 N=150416130049 n=38 value=182063
record p=375647 q=745631 N=280094048257 n=39 value=187823
record p=379439 q=638159 N=242142412801 n=38 value=189719
record p=381047 q=592199 N=225655652353 n=38 value=190523
record p=385859 q=672107 N=259338534913 n=38 value=192929
record p=395027 q=580379 N=229265375233 n=38 value=197513
record p=396479 q=746303 N=295893467137 n=39 value=198239
record p=398339 q=538283 N=214419111937 n=38 value=199169
record p=398459 q=699059 N=278546350081 n=39 value=199229
record p=398591 q=584447 N=232955314177 n=38 value=199295
record p=398759 q=606743 N=241944231937 n=38 value=199379
record p=404267 q=473987 N=191617302529 n=38 value=202133
record p=405719 q=639719 N=259546152961 n=38 value=202859
record p=411683 q=567179 N=233497952257 n=38 value=205841
record p=418043 q=830003 N=346976944129 n=39 value=209021
record p=422243 q=432203 N=182494691329 n=38 value=211121
record p=430007 q=687623 N=295682703361 n=39 value=215003
record p=430259 q=433787 N=186640760833 n=38 value=215129
record p=435143 q=667127 N=290295644161 n=39 value=217571
record p=438143 q=594047 N=260277534721 n=38 value=219071
record p=442319 q=649007 N=287068127233 n=39 value=221159
record p=445619 q=836219 N=372635074561 n=39 value=222809
record p=445883 q=585587 N=261103288321 n=38 value=222941
record p=446003 q=580859 N=259064856577 n=38 value=223001
record p=447779 q=524939 N=235056660481 n=38 value=223889
record p=448667 q=609683 N=273544642561 n=38 value=224333
record p=448859 q=896723 N=402502189057 n=39 value=224429
record p=453227 q=488003 N=221176135681 n=38 value=226613
record p=456167 q=478679 N=218357563393 n=38 value=228083
record p=456647 q=498167 N=227486466049 n=38 value=228323
record p=465419 q=860579 N=400529817601 n=39 value=232709
record p=479387 q=529811 N=253984505857 n=38 value=239693
record p=481199 q=941903 N=453242781697 n=39 value=240599
record p=482507 q=731363 N=352887767041 n=39 value=241253
record p=483827 q=532283 N=257532887041 n=38 value=241913
record p=499559 q=527447 N=263490895873 n=38 value=249779
record p=505607 q=919223 N=464765583361 n=39 value=252803
record p=508919 q=912839 N=464561111041 n=39 value=254459
record p=511151 q=985679 N=503830806529 n=39 value=255575
record p=513203 q=719483 N=369240834049 n=39 value=256601
record p=513419 q=993827 N=510249664513 n=39 value=256709
record p=519083 q=767747 N=398524416001 n=39 value=259541
record p=519227 q=527603 N=273945722881 n=38 value=259613
record p=533447 q=568823 N=303436922881 n=39 value=266723
record p=537743 q=682607 N=367067136001 n=39 value=268871
record p=540347 q=743027 N=401492410369 n=39 value=270173
record p=542999 q=622247 N=337879498753 n=39 value=271499
record p=544007 q=757943 N=412326297601 n=39 value=272003
record p=545579 q=775043 N=422847184897 n=39 value=272789
record p=547139 q=719723 N=393788522497 n=39 value=273569
record p=548567 q=1012967 N=555680268289 n=40 value=274283
record p=549323 q=965603 N=530427936769 n=39 value=274661
record p=551099 q=892019 N=491590778881 n=39 value=275549
record p=552887 q=957959 N=529643077633 n=39 value=276443
record p=555683 q=592139 N=329041575937 n=39 value=277841
record p=556811 q=971939 N=541186326529 n=39 value=278405
record p=557087 q=981983 N=547049963521 n=39 value=278543
record p=557927 q=714839 N=398827978753 n=39 value=278963
record p=559523 q=717323 N=401358716929 n=39 value=279761
record p=563183 q=620303 N=349344104449 n=39 value=281591
record p=568187 q=818099 N=464833216513 n=39 value=284093
record p=568907 q=666467 N=379157741569 n=39 value=284453
record p=575987 q=587579 N=338437865473 n=39 value=287993
record p=579023 q=659759 N=382015635457 n=39 value=289511
record p=580487 q=653879 N=379568259073 n=39 value=290243
record p=585023 q=754367 N=441322045441 n=39 value=292511
record p=585899 q=756227 N=443072643073 n=39 value=292949
record p=593519 q=921743 N=547071983617 n=39 value=296759
record p=595379 q=1024379 N=609893744641 n=40 value=297689
record p=597803 q=1091459 N=652477464577 n=40 value=298901
record p=601379 q=813707 N=489346301953 n=39 value=300689
record p=607967 q=783647 N=476431515649 n=39 value=303983
record p=608843 q=896867 N=546051194881 n=39 value=304421
record p=610619 q=614387 N=375156375553 n=39 value=305309
record p=616439 q=756167 N=466130829313 n=39 value=308219
record p=617447 q=686039 N=423592722433 n=39 value=308723
record p=621239 q=951047 N=590827487233 n=40 value=310619
record p=622607 q=880367 N=548122656769 n=39 value=311303
record p=632447 q=792959 N=501504540673 n=39 value=316223
record p=635567 q=713807 N=453672173569 n=39 value=317783
record p=637727 q=655583 N=418082979841 n=39 value=318863
record p=640247 q=670919 N=429553876993 n=39 value=320123
record p=642779 q=1277267 N=821000404993 n=40 value=321389
record p=650627 q=952619 N=619799642113 n=40 value=325313
record p=651503 q=998927 N=650803937281 n=40 value=325751
record p=652943 q=813167 N=530951700481 n=39 value=326471
record p=658079 q=954719 N=628280524801 n=40 value=329039
record p=660887 q=1161767 N=767796707329 n=40 value=330443
record p=666431 q=1262783 N=841557737473 n=40 value=333215
record p=666683 q=773363 N=515587964929 n=39 value=333341
record p=669107 q=754043 N=504535449601 n=39 value=334553
record p=670379 q=782339 N=524463636481 n=39 value=335189
record p=688979 q=702683 N=484133830657 n=39 value=344489
record p=689279 q=1129343 N=778432413697 n=40 value=344639
record p=693167 q=828239 N=574107942913 n=40 value=346583
record p=694319 q=1158863 N=804620599297 n=40 value=347159
record p=695447 q=697127 N=484814880769 n=39 value=347723
record p=700079 q=747599 N=523378360321 n=39 value=350039
record p=704303 q=1370063 N=964939481089 n=40 value=352151
record p=706679 q=1151303 N=813601652737 n=40 value=353339
record p=706943 q=718463 N=507912388609 n=39 value=353471
record p=714719 q=1020959 N=729698795521 n=40 value=357359
record p=720779 q=995363 N=717436747777 n=40 value=360389
record p=720887 q=1143239 N=824146132993 n=40 value=360443
record p=722027 q=1017923 N=734967889921 n=40 value=361013
record p=722159 q=829967 N=599368138753 n=40 value=361079
record p=726107 q=785363 N=570257571841 n=40 value=363053
record p=726779 q=754739 N=548528455681 n=39 value=363389
record p=728627 q=1379579 N=1005198508033 n=40 value=364313
record p=730091 q=1436867 N=1049043664897 n=40 value=365045
record p=731483 q=1105619 N=808741502977 n=40 value=365741
record p=737687 q=740903 N=546554511361 n=39 value=368843
record p=739379 q=1110779 N=821286666241 n=40 value=369689
record p=743159 q=1329863 N=988299657217 n=40 value=371579
record p=747107 q=936779 N=699874148353 n=40 value=373553
record p=749807 q=900623 N=675293429761 n=40 value=374903
record p=750719 q=1067903 N=801695072257 n=40 value=375359
record p=751139 q=780683 N=586401447937 n=40 value=375569
record p=754907 q=1103699 N=833190100993 n=40 value=377453
record p=755759 q=1490639 N=1126563840001 n=41 value=377879
record p=759719 q=761879 N=578813952001 n=40 value=379859
record p=761459 q=865979 N=659407503361 n=40 value=380729
record p=766583 q=1165127 N=893166551041 n=40 value=383291
record p=770183 q=1115447 N=859098316801 n=40 value=385091
record p=776507 q=890867 N=691764461569 n=40 value=388253
record p=777863 q=1476407 N=1148442378241 n=41 value=388931
record p=785963 q=970883 N=763078115329 n=40 value=392981
record p=788999 q=1262519 N=996126228481 n=40 value=394499
record p=793139 q=1339643 N=1062523109377 n=40 value=396569
record p=806483 q=861659 N=694913335297 n=40 value=403241
record p=811619 q=1388363 N=1126821789697 n=41 value=405809
record p=814043 q=890963 N=725282193409 n=40 value=407021
record p=814127 q=1333967 N=1086018551809 n=40 value=407063
record p=815159 q=935303 N=762420658177 n=40 value=407579
record p=817679 q=1127663 N=922066354177 n=40 value=408839
record p=825467 q=1279667 N=1056322879489 n=40 value=412733
record p=836183 q=1395047 N=1166514585601 n=41 value=418091
record p=837923 q=1289867 N=1080809226241 n=40 value=418961
record p=842747 q=1308467 N=1102706638849 n=41 value=421373
record p=845879 q=1002887 N=848321052673 n=40 value=422939
record p=847787 q=955139 N=809754427393 n=40 value=423893
record p=865343 q=1358783 N=1175813357569 n=41 value=432671
record p=869807 q=995663 N=866034647041 n=40 value=434903
record p=871463 q=1270679 N=1107349733377 n=41 value=435731
record p=871679 q=1684223 N=1468101820417 n=41 value=435839
record p=875447 q=881159 N=771408003073 n=40 value=437723
record p=886583 q=1367687 N=1212568043521 n=41 value=443291
record p=886979 q=1009643 N=895532138497 n=40 value=443489
record p=904823 q=1076039 N=973624836097 n=40 value=452411
record p=915683 q=1772747 N=1623274291201 n=41 value=457841
record p=923963 q=1136627 N=1050201292801 n=40 value=461981
record p=924383 q=1843487 N=1704088043521 n=41 value=462191
record p=927779 q=1034123 N=959437602817 n=40 value=463889
record p=932039 q=1509623 N=1407027511297 n=41 value=466019
record p=932567 q=1661159 N=1549142065153 n=41 value=466283
record p=934919 q=1436087 N=1342625021953 n=41 value=467459
record p=935639 q=1314023 N=1229451165697 n=41 value=467819
record p=939119 q=1411727 N=1325779648513 n=41 value=469559
record p=942779 q=1151603 N=1085707124737 n=40 value=471389
record p=945983 q=1376447 N=1302095462401 n=41 value=472991
record p=953507 q=1214219 N=1157766316033 n=41 value=476753
record p=954923 q=1809539 N=1727970410497 n=41 value=477461
record p=956843 q=1546499 N=1479756742657 n=41 value=478421
record p=956903 q=1796567 N=1719140352001 n=41 value=478451
record p=958667 q=1361123 N=1304863703041 n=41 value=479333
record p=970967 q=1254119 N=1217708163073 n=41 value=485483
record p=972047 q=1931759 N=1877760540673 n=41 value=486023
record p=974147 q=1939307 N=1889170096129 n=41 value=487073
record p=977927 q=1884599 N=1843000246273 n=41 value=488963
record p=997247 q=1607807 N=1603380707329 n=41 value=498623
record p=997727 q=1794719 N=1790639603713 n=41 value=498863
record p=1005647 q=1621679 N=1630836621313 n=41 value=502823
record p=1008263 q=1295159 N=1305860898817 n=41 value=504131
record p=1011107 q=1125899 N=1138404360193 n=41 value=505553
record p=1011719 q=1113527 N=1126576422913 n=41 value=505859
record p=1017719 q=1147463 N=1167794896897 n=41 value=508859
record p=1023167 q=1692479 N=1731688660993 n=41 value=511583
record p=1025807 q=1337327 N=1371839397889 n=41 value=512903
record p=1028003 q=1440779 N=1481125134337 n=41 value=514001
record p=1032287 q=1219487 N=1258860576769 n=41 value=516143
record p=1034003 q=1907483 N=1972343144449 n=41 value=517001
record p=1034387 q=1873307 N=1937724407809 n=41 value=517193
record p=1037963 q=1138979 N=1182218059777 n=41 value=518981
record p=1038707 q=1897403 N=1970845777921 n=41 value=519353
record p=1039799 q=1478663 N=1537512308737 n=41 value=519899
record p=1057907 q=1908923 N=2019463004161 n=41 value=528953
record p=1059743 q=1978463 N=2096662315009 n=41 value=529871
record p=1063967 q=1064927 N=1133047185409 n=41 value=531983
record p=1077023 q=1985759 N=2138708115457 n=41 value=538511
record p=1077299 q=2099963 N=2262288039937 n=42 value=538649
record p=1077743 q=1236239 N=1332347928577 n=41 value=538871
record p=1079867 q=1724147 N=1861849448449 n=41 value=539933
record p=1079987 q=1885307 N=2036107051009 n=41 value=539993
record p=1084067 q=1145099 N=1241364037633 n=41 value=542033
record p=1084547 q=1385003 N=1502100848641 n=41 value=542273
record p=1087679 q=2021183 N=2198398304257 n=41 value=543839
record p=1089359 q=1906607 N=2076979494913 n=41 value=544679
record p=1100543 q=1455359 N=1601685159937 n=41 value=550271
record p=1105787 q=1583027 N=1750490677249 n=41 value=552893
record p=1112747 q=1519619 N=1690951483393 n=41 value=556373
record p=1115267 q=1206827 N=1345934327809 n=41 value=557633
record p=1117799 q=1322327 N=1478095798273 n=41 value=558899
record p=1122227 q=1615739 N=1813225930753 n=41 value=561113
record p=1122923 q=1538627 N=1727759646721 n=41 value=561461
record p=1123427 q=1211723 N=1361282334721 n=41 value=561713
record p=1124027 q=1191539 N=1339322007553 n=41 value=562013
record p=1126319 q=1279823 N=1441488961537 n=41 value=563159
record p=1128899 q=1474283 N=1664316604417 n=41 value=564449
record p=1133963 q=2093603 N=2374068338689 n=42 value=566981
record p=1134047 q=1486367 N=1685610037249 n=41 value=567023
record p=1134059 q=1929923 N=2188646547457 n=41 value=567029
record p=1138451 q=1262363 N=1437138419713 n=41 value=569225
record p=1138667 q=2085059 N=2374187876353 n=42 value=569333
record p=1145843 q=1873211 N=2146405711873 n=41 value=572921
record p=1147379 q=1244987 N=1428471939073 n=41 value=573689
record p=1160519 q=2319479 N=2691799449601 n=42 value=580259
record p=1162859 q=1572419 N=1828501585921 n=41 value=581429
record p=1163843 q=1251947 N=1457069752321 n=41 value=581921
record p=1166807 q=1340903 N=1564575006721 n=41 value=583403
record p=1167059 q=1554779 N=1814518824961 n=41 value=583529
record p=1167599 q=1269263 N=1481990209537 n=41 value=583799
record p=1174319 q=2177999 N=2557665607681 n=42 value=587159
record p=1190699 q=1260419 N=1500779642881 n=41 value=595349
record p=1192559 q=2190479 N=2612275445761 n=42 value=596279
record p=1200359 q=1688279 N=2026540892161 n=41 value=600179
record p=1200839 q=1756919 N=2109776855041 n=41 value=600419
record p=1207079 q=1463447 N=1766496141313 n=41 value=603539
record p=1207439 q=2175599 N=2626903080961 n=42 value=603719
record p=1209563 q=2123603 N=2568631615489 n=42 value=604781
record p=1211027 q=1684379 N=2039828447233 n=41 value=605513
record p=1214867 q=2030747 N=2467087515649 n=42 value=607433
record p=1219859 q=1684763 N=2055173308417 n=41 value=609929
record p=1221863 q=1715927 N=2096627712001 n=41 value=610931
record p=1227323 q=1969907 N=2417712168961 n=42 value=613661
record p=1230107 q=1772819 N=2180757061633 n=41 value=615053
record p=1233539 q=1936427 N=2388658225153 n=42 value=616769
record p=1234367 q=1579583 N=1949785128961 n=41 value=617183
record p=1244627 q=1532507 N=1907399589889 n=41 value=622313
record p=1248503 q=1537223 N=1919227527169 n=41 value=624251
record p=1249043 q=2429723 N=3034828505089 n=42 value=624521
record p=1250003 q=2037083 N=2546359861249 n=42 value=625001
record p=1254767 q=1956239 N=2454624141313 n=42 value=627383
record p=1259243 q=2277827 N=2868337704961 n=42 value=629621
record p=1261079 q=1563047 N=1971125747713 n=41 value=630539
record p=1263947 q=2029667 N=2565391515649 n=42 value=631973
record p=1264643 q=1490603 N=1885080649729 n=41 value=632321
record p=1271903 q=2159519 N=2746698694657 n=42 value=635951
record p=1272443 q=1434803 N=1825705033729 n=41 value=636221
record p=1280759 q=2119367 N=2714398359553 n=42 value=640379
record p=1281803 q=1524899 N=1954620112897 n=41 value=640901
record p=1284047 q=1969967 N=2529530216449 n=42 value=642023
record p=1285247 q=2106239 N=2707037356033 n=42 value=642623
record p=1286807 q=2489639 N=3203684892673 n=42 value=643403
record p=1291163 q=1604243 N=2071339204609 n=41 value=645581
record p=1310627 q=1846283 N=2419788349441 n=42 value=655313
record p=1320623 q=1896527 N=2504597176321 n=42 value=660311
record p=1321319 q=2089559 N=2760974008321 n=42 value=660659
record p=1323503 q=2563343 N=3392592150529 n=42 value=661751
record p=1325063 q=1684919 N=2232623824897 n=42 value=662531
record p=1334363 q=2192339 N=2925376045057 n=42 value=667181
record p=1344647 q=1376567 N=1850996686849 n=41 value=672323
record p=1346483 q=1514363 N=2039064035329 n=41 value=673241
record p=1347587 q=1481387 N=1996297863169 n=41 value=673793
record p=1353239 q=1372583 N=1857432846337 n=41 value=676619
record p=1361903 q=1787663 N=2434623602689 n=42 value=680951
record p=1367423 q=2417279 N=3305442902017 n=42 value=683711
record p=1370819 q=2332139 N=3196940451841 n=42 value=685409
record p=1370987 q=2550083 N=3496130641921 n=42 value=685493
record p=1378439 q=1391927 N=1918686461953 n=41 value=689219
record p=1381487 q=2542223 N=3512048025601 n=42 value=690743
record p=1381967 q=1982639 N=2739941670913 n=42 value=690983
record p=1398263 q=1571783 N=2197766012929 n=41 value=699131
record p=1398407 q=2330423 N=3258879836161 n=42 value=699203
record p=1400387 q=1531499 N=2144691290113 n=41 value=700193
record p=1401083 q=1419827 N=1989295472641 n=41 value=700541
record p=1412171 q=2809187 N=3967052414977 n=42 value=706085
record p=1416587 q=1909283 N=2704665477121 n=42 value=708293
record p=1417463 q=1515719 N=2148475600897 n=41 value=708731
record p=1422647 q=1446023 N=2057180282881 n=41 value=711323
record p=1431923 q=1504187 N=2153879961601 n=41 value=715961
record p=1434827 q=1990883 N=2856572682241 n=42 value=717413
record p=1436147 q=2676539 N=3843903455233 n=42 value=718073
record p=1440983 q=1619687 N=2333941432321 n=42 value=720491
record p=1450739 q=2803259 N=4066797158401 n=42 value=725369
record p=1452299 q=2251427 N=3269745180673 n=42 value=726149
record p=1460099 q=1605419 N=2344070676481 n=42 value=730049
record p=1461407 q=1822559 N=2663500480513 n=42 value=730703
record p=1462883 q=2801483 N=4098241855489 n=42 value=731441
record p=1471307 q=2621027 N=3856335372289 n=42 value=735653
record p=1473503 q=1638431 N=2414232993793 n=42 value=736751
record p=1481003 q=2186627 N=3238401146881 n=42 value=740501
record p=1482407 q=1648919 N=2444369068033 n=42 value=741203
record p=1490459 q=1960979 N=2922758799361 n=42 value=745229
record p=1494887 q=2481239 N=3709171924993 n=42 value=747443
record p=1496783 q=2912303 N=4359085621249 n=42 value=748391
record p=1503863 q=2787143 N=4191481233409 n=42 value=751931
record p=1518563 q=2847179 N=4323620683777 n=42 value=759281
record p=1521623 q=2141159 N=3258036781057 n=42 value=760811
record p=1524767 q=2570207 N=3918966816769 n=42 value=762383
record p=1527803 q=1532723 N=2341698797569 n=42 value=763901
record p=1529267 q=2843003 N=4347710668801 n=42 value=764633
record p=1529327 q=1865999 N=2853722652673 n=42 value=764663
record p=1535123 q=2527643 N=3880242905089 n=42 value=767561
record p=1539347 q=1561883 N=2404279910401 n=42 value=769673
record p=1541003 q=2853923 N=4397903904769 n=42 value=770501
record p=1544483 q=2303627 N=3557912739841 n=42 value=772241
record p=1554863 q=2178383 N=3387087126529 n=42 value=777431
record p=1555223 q=2829479 N=4400470818817 n=43 value=777611
record p=1559879 q=3001463 N=4681919102977 n=43 value=779939
record p=1566479 q=2369519 N=3711801753601 n=42 value=783239
record p=1574627 q=2059979 N=3243698552833 n=42 value=787313
record p=1579883 q=2242883 N=3543492722689 n=42 value=789941
record p=1584203 q=2833763 N=4489255845889 n=43 value=792101
record p=1585127 q=1930199 N=3059610550273 n=42 value=792563
record p=1590467 q=2198507 N=3496652832769 n=42 value=795233
record p=1592807 q=2389463 N=3805953392641 n=42 value=796403
record p=1597703 q=2309303 N=3689580331009 n=42 value=798851
record p=1621979 q=2958419 N=4798493491201 n=43 value=810989
record p=1623827 q=2890523 N=4693709291521 n=43 value=811913
record p=1625747 q=2129819 N=3462546849793 n=42 value=812873
record p=1628987 q=2311667 N=3765675491329 n=42 value=814493
record p=1636043 q=2637539 N=4315127218177 n=42 value=818021
record p=1637639 q=1826999 N=2991964815361 n=42 value=818819
record p=1651943 q=2268887 N=3748071997441 n=42 value=825971
record p=1654547 q=2515739 N=4162408415233 n=42 value=827273
record p=1654739 q=1994843 N=3300944510977 n=42 value=827369
record p=1662527 q=3117503 N=5182932910081 n=43 value=831263
record p=1669103 q=1873679 N=3127363239937 n=42 value=834551
record p=1691507 q=2682299 N=4537127534593 n=43 value=845753
record p=1691939 q=3335819 N=5644002263041 n=43 value=845969
record p=1693187 q=2229419 N=3774823268353 n=42 value=846593
record p=1696979 q=3150683 N=5346642886657 n=43 value=848489
record p=1699319 q=1762247 N=2994619809793 n=42 value=849659
record p=1700603 q=1722419 N=2929150918657 n=42 value=850301
record p=1709327 q=2767343 N=4730294108161 n=43 value=854663
record p=1712519 q=2741303 N=4694533472257 n=43 value=856259
record p=1719947 q=2472227 N=4252099411969 n=42 value=859973
record p=1720787 q=3194459 N=5496983519233 n=43 value=860393
record p=1724483 q=2129003 N=3671429480449 n=42 value=862241
record p=1738943 q=2942783 N=5117331898369 n=43 value=869471
record p=1743359 q=2188799 N=3815862435841 n=42 value=871679
record p=1747727 q=3466223 N=6058011525121 n=43 value=873863
record p=1759463 q=2407127 N=4235250892801 n=42 value=879731
record p=1769627 q=1893779 N=3351282450433 n=42 value=884813
record p=1777379 q=1906379 N=3388358000641 n=42 value=888689
record p=1778807 q=2487623 N=4425001205761 n=43 value=889403
record p=1780379 q=2337683 N=4161961721857 n=42 value=890189
record p=1782647 q=1807943 N=3222924165121 n=42 value=891323
record p=1782959 q=1876559 N=3345827758081 n=42 value=891479
record p=1812359 q=3501623 N=6346197958657 n=43 value=906179
record p=1822187 q=2028227 N=3695808872449 n=42 value=911093
record p=1824707 q=2904299 N=5299494715393 n=43 value=912353
record p=1833023 q=2357183 N=4320770654209 n=42 value=916511
record p=1836839 q=2554007 N=4691299663873 n=43 value=918419
record p=1839347 q=1935419 N=3559907131393 n=42 value=919673
record p=1840043 q=3034883 N=5584315219969 n=43 value=920021
record p=1848467 q=2165147 N=4002202779649 n=42 value=924233
record p=1850159 q=2681807 N=4961769357313 n=43 value=925079
record p=1855187 q=3225947 N=5984734937089 n=43 value=927593
record p=1856159 q=3295583 N=6117126045697 n=43 value=928079
record p=1856747 q=2208707 N=4101010096129 n=42 value=928373
record p=1857719 q=3278087 N=6089764503553 n=43 value=928859
record p=1858643 q=3557339 N=6611823230977 n=43 value=929321
record p=1860059 q=2536019 N=4717144965121 n=43 value=930029
record p=1886447 q=3106319 N=5859906158593 n=43 value=943223
record p=1890107 q=2222579 N=4200912125953 n=42 value=945053
record p=1893887 q=2038271 N=3860254949377 n=42 value=946943
record p=1896263 q=2886263 N=5473113735169 n=43 value=948131
record p=1897079 q=2393927 N=4541468639233 n=43 value=948539
record p=1899167 q=2072927 N=3936834551809 n=42 value=949583
record p=1909487 q=3427343 N=6544466903041 n=43 value=954743
record p=1914239 q=3443327 N=6591350833153 n=43 value=957119
record p=1918067 q=2425019 N=4651348918273 n=43 value=959033
record p=1926299 q=2744723 N=5287157170177 n=43 value=963149
record p=1929527 q=2561159 N=4941825441793 n=43 value=964763
record p=1931339 q=2658659 N=5134771814401 n=43 value=965669
record p=1935707 q=3636947 N=7040063766529 n=43 value=967853
record p=1935827 q=2930267 N=5672489975809 n=43 value=967913
record p=1941827 q=3797867 N=7374800683009 n=43 value=970913
record p=1945943 q=3787367 N=7370000302081 n=43 value=972971
record p=1948883 q=2751323 N=5362006622209 n=43 value=974441
record p=1950227 q=2250779 N=4389529976833 n=42 value=975113
record p=1950527 q=2337983 N=4560298967041 n=43 value=975263
record p=1953167 q=2929007 N=5720839815169 n=43 value=976583
record p=1956359 q=2651063 N=5186430959617 n=43 value=978179
record p=1962839 q=3057767 N=6001904320513 n=43 value=981419
record p=1970867 q=3206267 N=6319125823489 n=43 value=985433
record p=1972823 q=3502439 N=6909692215297 n=43 value=986411
record p=1976243 q=3858299 N=7624936390657 n=43 value=988121
record p=1977023 q=3294527 N=6513355653121 n=43 value=988511
record p=1980983 q=3185543 N=6310506528769 n=43 value=990491
record p=1982447 q=3723023 N=7380695777281 n=43 value=991223
record p=1987247 q=3294287 N=6546561957889 n=43 value=993623
record p=1990823 q=3229463 N=6429289218049 n=43 value=995411
record p=1990907 q=2402867 N=4783884730369 n=43 value=995453
record p=1994327 q=3431783 N=6844097495041 n=43 value=997163
record p=1995683 q=3889163 N=7761536483329 n=43 value=997841
record p=2000423 q=2918807 N=5838848655361 n=43 value=1000211
record p=2002223 q=3267023 N=6541308592129 n=43 value=1001111
record p=2003819 q=2359619 N=4728249384961 n=43 value=1001909
record p=2005799 q=3613847 N=7248650698753 n=43 value=1002899
record p=2005943 q=2109959 N=4232457486337 n=42 value=1002971
record p=2006483 q=2933339 N=5885694836737 n=43 value=1003241
record p=2012663 q=2923463 N=5883945811969 n=43 value=1006331
record p=2023283 q=2252219 N=4556876414977 n=43 value=1011641
record p=2035967 q=2092799 N=4260869701633 n=42 value=1017983
record p=2041703 q=3408983 N=6960130818049 n=43 value=1020851
record p=2050547 q=3045179 N=6244282662913 n=43 value=1025273
record p=2052431 q=3745199 N=7686762528769 n=43 value=1026215
record p=2055191 q=2071463 N=4257252114433 n=42 value=1027595
record p=2060963 q=2478347 N=5107781468161 n=43 value=1030481
record p=2064299 q=2589443 N=5345384595457 n=43 value=1032149
record p=2072363 q=3549059 N=7354938556417 n=43 value=1036181
record p=2074487 q=2843207 N=5898195959809 n=43 value=1037243
record p=2078339 q=3328043 N=6916801560577 n=43 value=1039169
record p=2080763 q=4027187 N=8379621703681 n=43 value=1040381
record p=2089643 q=2164739 N=4523531698177 n=43 value=1044821
record p=2096687 q=3147983 N=6600335032321 n=43 value=1048343
record p=2106227 q=3717563 N=7830031564801 n=43 value=1053113
record p=2111303 q=2769527 N=5847310663681 n=43 value=1055651
record p=2112323 q=3713387 N=7843872768001 n=43 value=1056161
record p=2117903 q=4226543 N=8951408099329 n=44 value=1058951
record p=2120747 q=2720387 N=5769252569089 n=43 value=1060373
record p=2120843 q=3681059 N=7806948212737 n=43 value=1060421
record p=2125463 q=2486567 N=5285106155521 n=43 value=1062731
record p=2130503 q=3180407 N=6775866654721 n=43 value=1065251
record p=2133683 q=3068027 N=6546197053441 n=43 value=1066841
record p=2135027 q=3095867 N=6609759633409 n=43 value=1067513
record p=2135279 q=3742223 N=7990690185217 n=43 value=1067639
record p=2137979 q=3303347 N=7062486515713 n=43 value=1068989
record p=2146139 q=2185427 N=4690230116353 n=43 value=1073069
record p=2150543 q=2510447 N=5398824222721 n=43 value=1075271
record p=2159819 q=2543843 N=5494240444417 n=43 value=1079909
record p=2162807 q=2939207 N=6356937474049 n=43 value=1081403
record p=2164619 q=3336227 N=7221660352513 n=43 value=1082309
record p=2167643 q=4252883 N=9218732064769 n=44 value=1083821
record p=2168303 q=2799887 N=6071003381761 n=43 value=1084151
record p=2175023 q=3806927 N=8280153784321 n=43 value=1087511
record p=2177243 q=3146579 N=6850867101697 n=43 value=1088621
record p=2177507 q=3920843 N=8537663078401 n=43 value=1088753
record p=2180027 q=3606899 N=7863137206273 n=43 value=1090013
record p=2183543 q=2807879 N=6131124535297 n=43 value=1091771
record p=2187863 q=2795879 N=6117000216577 n=43 value=1093931
record p=2189939 q=2509499 N=5495649730561 n=43 value=1094969
record p=2190047 q=2937119 N=6432428654593 n=43 value=1095023
record p=2194667 q=3099587 N=6802561302529 n=43 value=1097333
record p=2198783 q=3502847 N=7702000435201 n=43 value=1099391
record p=2213423 q=2834639 N=6274255159297 n=43 value=1106711
record p=2222687 q=3469727 N=7712117096449 n=43 value=1111343
record p=2223731 q=3630779 N=8073875816449 n=43 value=1111865
record p=2230727 q=3860471 N=8611656892417 n=43 value=1115363
record p=2232827 q=3297587 N=7362941288449 n=43 value=1116413
record p=2242763 q=3566819 N=7999529680897 n=43 value=1121381
record p=2244623 q=2404079 N=5396251017217 n=43 value=1122311
record p=2247143 q=3455447 N=7764883537921 n=43 value=1123571
record p=2253023 q=3758879 N=8468840841217 n=43 value=1126511
record p=2254223 q=2431343 N=5480789311489 n=43 value=1127111
record p=2256623 q=3964943 N=8947381567489 n=44 value=1128311
record p=2257247 q=4074143 N=9196347064321 n=44 value=1128623
record p=2257559 q=4468007 N=10086789414913 n=44 value=1128779
record p=2258483 q=4027643 N=9096363245569 n=44 value=1129241
record p=2261219 q=3327179 N=7523480371201 n=43 value=1130609
record p=2264699 q=2433203 N=5510472400897 n=43 value=1132349
record p=2271923 q=3544187 N=8052119961601 n=43 value=1135961
record p=2272199 q=4433399 N=10073564774401 n=44 value=1136099
record p=2272547 q=3074699 N=6987397988353 n=43 value=1136273
record p=2274599 q=3369623 N=7664541106177 n=43 value=1137299
record p=2275667 q=3797723 N=8642352906241 n=43 value=1137833
record p=2288207 q=3140783 N=7186761646081 n=43 value=1144103
record p=2291567 q=2639759 N=6049184612353 n=43 value=1145783
record p=2292947 q=3586907 N=8224587644929 n=43 value=1146473
record p=2295107 q=2928491 N=6721200193537 n=43 value=1147553
record p=2302043 q=2428883 N=5591393107969 n=43 value=1151021
record p=2304059 q=2453747 N=5653577859073 n=43 value=1152029
record p=2305463 q=2375687 N=5477058478081 n=43 value=1152731
record p=2308907 q=3779459 N=8726419341313 n=43 value=1154453
record p=2316179 q=2514587 N=5824233603073 n=43 value=1158089
record p=2320247 q=3383879 N=7851435098113 n=43 value=1160123
record p=2321003 q=2552387 N=5924097884161 n=43 value=1160501
record p=2329883 q=4261139 N=9927955316737 n=44 value=1164941
record p=2333207 q=2702759 N=6306096218113 n=43 value=1166603
record p=2335079 q=4516439 N=10546241863681 n=44 value=1167539
record p=2336903 q=2399543 N=5607499235329 n=43 value=1168451
record p=2346347 q=3012419 N=7068180283393 n=43 value=1173173
record p=2347523 q=4253867 N=9986050621441 n=44 value=1173761
record p=2351603 q=2596667 N=6106329907201 n=43 value=1175801
record p=2352227 q=3521867 N=8284230647809 n=43 value=1176113
record p=2361407 q=3401663 N=8032710819841 n=43 value=1180703
record p=2375327 q=3366239 N=7995918385153 n=43 value=1187663
record p=2377007 q=3088847 N=7342210940929 n=43 value=1188503
record p=2377163 q=3586019 N=8524551684097 n=43 value=1188581
record p=2380787 q=3243323 N=7721661235201 n=43 value=1190393
record p=2381147 q=2872019 N=6838699425793 n=43 value=1190573
record p=2384567 q=2628359 N=6267498135553 n=43 value=1192283
record p=2387003 q=2591987 N=6187080744961 n=43 value=1193501
record p=2390243 q=2657483 N=6352030138369 n=43 value=1195121
record p=2395103 q=3076127 N=7367641006081 n=43 value=1197551
record p=2397587 q=2543771 N=6098912280577 n=43 value=1198793
record p=2402663 q=2581079 N=6201463013377 n=43 value=1201331
record p=2403119 q=2522063 N=6060817514497 n=43 value=1201559
record p=2407883 q=2916323 N=7022164574209 n=43 value=1203941
record p=2408723 q=4796699 N=11553919205377 n=44 value=1204361
record p=2414507 q=2583299 N=6237393518593 n=43 value=1207253
record p=2416607 q=4430879 N=10707693207553 n=44 value=1208303
record p=2429579 q=2966819 N=7208121139201 n=43 value=1214789
record p=2431763 q=3729179 N=9068479512577 n=44 value=1215881
record p=2432447 q=2740799 N=6666848305153 n=43 value=1216223
record p=2434739 q=3405947 N=8292591992833 n=43 value=1217369
record p=2435519 q=3130943 N=7625471164417 n=43 value=1217759
record p=2436059 q=3594323 N=8755982893057 n=43 value=1218029
record p=2437847 q=4579559 N=11164264169473 n=44 value=1218923
record p=2440499 q=4785659 N=11679396003841 n=44 value=1220249
record p=2443619 q=3571787 N=8728086577153 n=43 value=1221809
record p=2445887 q=2727359 N=6670811922433 n=43 value=1222943
record p=2477159 q=3575639 N=8857426329601 n=44 value=1238579
record p=2480579 q=3071723 N=7619651567617 n=43 value=1240289
record p=2484863 q=2872703 N=7138273394689 n=43 value=1242431
record p=2526299 q=4441043 N=11219402489857 n=44 value=1263149
record p=2535887 q=3323183 N=8427216568321 n=43 value=1267943
record p=2537219 q=5041067 N=12790290972673 n=44 value=1268609
record p=2540423 q=3117623 N=7920081174529 n=43 value=1270211
record p=2543459 q=2697803 N=6861751320577 n=43 value=1271729
record p=2555027 q=4555163 N=11638564454401 n=44 value=1277513
record p=2560343 q=3566183 N=9130651680769 n=44 value=1280171
record p=2568023 q=3091559 N=7939194617857 n=43 value=1284011
record p=2573003 q=2659043 N=6841725616129 n=43 value=1286501
record p=2574203 q=2719667 N=7000974950401 n=43 value=1287101
record p=2576663 q=4388519 N=11307734532097 n=44 value=1288331
record p=2576699 q=4939763 N=12728282382337 n=44 value=1288349
record p=2577683 q=2735387 N=7050960568321 n=43 value=1288841
record p=2582627 q=5134667 N=13260929630209 n=44 value=1291313
record p=2589563 q=2876339 N=7448461049857 n=43 value=1294781
record p=2594939 q=4228787 N=10973444308993 n=44 value=1297469
record p=2598983 q=3375479 N=8772812537857 n=43 value=1299491
record p=2600867 q=3013643 N=7838084628481 n=43 value=1300433
record p=2604647 q=2784599 N=7252897431553 n=43 value=1302323
record p=2605439 q=3538559 N=9219499622401 n=44 value=1302719
record p=2607743 q=2749823 N=7170831679489 n=43 value=1303871
record p=2612123 q=4461203 N=11653210963969 n=44 value=1306061
record p=2612243 q=4869659 N=12720732635137 n=44 value=1306121
record p=2613839 q=2618543 N=6844449816577 n=43 value=1306919
record p=2617379 q=2637707 N=6903878909953 n=43 value=1308689
record p=2620259 q=4808267 N=12598904881153 n=44 value=1310129
record p=2626367 q=3235007 N=8496315629569 n=43 value=1313183
record p=2645723 q=3304787 N=8743550976001 n=43 value=1322861
record p=2653583 q=4981103 N=13217770242049 n=44 value=1326791
record p=2655623 q=3026999 N=8038568165377 n=43 value=1327811
record p=2665427 q=3269723 N=8715207966721 n=43 value=1332713
record p=2670923 q=3129443 N=8358501285889 n=43 value=1335461
record p=2677343 q=3801503 N=10177927446529 n=44 value=1338671
record p=2681423 q=2747567 N=7367389347841 n=43 value=1340711
record p=2682503 q=2914103 N=7817090039809 n=43 value=1341251
record p=2686667 q=3012323 N=8093108797441 n=43 value=1343333
record p=2691659 q=2991971 N=8053365669889 n=43 value=1345829
record p=2694323 q=2814587 N=7583406489601 n=43 value=1347161
record p=2695607 q=5278727 N=14229373452289 n=44 value=1347803
record p=2700323 q=2825099 N=7628679806977 n=43 value=1350161
record p=2704127 q=2997503 N=8105628794881 n=43 value=1352063
record p=2712719 q=2833007 N=7685151916033 n=43 value=1356359
record p=2715983 q=3868079 N=10505636806657 n=44 value=1357991
record p=2724563 q=2921819 N=7960679940097 n=43 value=1362281
record p=2728907 q=4254179 N=11609258852353 n=44 value=1364453
record p=2729183 q=3872543 N=10568878522369 n=44 value=1364591
record p=2748059 q=2967443 N=8154708443137 n=43 value=1374029
record p=2762759 q=3196343 N=8830725390337 n=44 value=1381379
record p=2767019 q=3146243 N=8705714159617 n=43 value=1383509
record p=2771579 q=2884787 N=7995415068673 n=43 value=1385789
record p=2774867 q=3015899 N=8368718610433 n=43 value=1387433
record p=2776979 q=4757147 N=13210497318913 n=44 value=1388489
record p=2783687 q=3110903 N=8659780239361 n=43 value=1391843
record p=2787479 q=5338919 N=14882124595201 n=44 value=1393739
record p=2788979 q=5228219 N=14581392998401 n=44 value=1394489
record p=2790923 q=4507043 N=12578809970689 n=44 value=1395461
record p=2793587 q=3736763 N=10438972538881 n=44 value=1396793
record p=2801339 q=5559923 N=15575229136897 n=44 value=1400669
record p=2820179 q=5274587 N=14875279491073 n=44 value=1410089
record p=2820899 q=5536907 N=15619055419393 n=44 value=1410449
record p=2822447 q=3134927 N=8848165306369 n=44 value=1411223
record p=2830187 q=3179843 N=8999550320641 n=44 value=1415093
record p=2839547 q=4374323 N=12421095751681 n=44 value=1419773
record p=2850383 q=3070127 N=8751037808641 n=43 value=1425191
record p=2851799 q=4399079 N=12545289093121 n=44 value=1425899
record p=2855807 q=3681407 N=10513387880449 n=44 value=1427903
record p=2858699 q=3036899 N=8681580134401 n=43 value=1429349
record p=2860883 q=4797659 N=13725541072897 n=44 value=1430441
record p=2862947 q=4934219 N=14126407483393 n=44 value=1431473
record p=2863703 q=5069159 N=14516565835777 n=44 value=1431851
record p=2884163 q=3857003 N=11124225343489 n=44 value=1442081
record p=2889839 q=5260943 N=15203278258177 n=44 value=1444919
record p=2894447 q=4617359 N=13364700905473 n=44 value=1447223
record p=2899907 q=3746027 N=10863129919489 n=44 value=1449953
record p=2902787 q=3078059 N=8934949650433 n=44 value=1451393
record p=2903063 q=5352359 N=15538235375617 n=44 value=1451531
record p=2913083 q=5500403 N=16023130472449 n=44 value=1456541
record p=2915699 q=5697467 N=16612098834433 n=44 value=1457849
record p=2919479 q=3991943 N=11654393757697 n=44 value=1459739
record p=2920427 q=3350723 N=9785541918721 n=44 value=1460213
record p=2923499 q=2929859 N=8565439856641 n=43 value=1461749
record p=2944379 q=4450739 N=13104662446081 n=44 value=1472189
record p=2972939 q=4097699 N=12182209167361 n=44 value=1486469
record p=2978699 q=3284003 N=9782056452097 n=44 value=1489349
record p=2982587 q=5599859 N=16702066655233 n=44 value=1491293
record p=2983523 q=4008779 N=11960284348417 n=44 value=1491761
record p=2993687 q=5532071 N=16561289035777 n=44 value=1496843
record p=3002459 q=5955539 N=17881261670401 n=45 value=1501229
record p=3015911 q=5820119 N=17552960913409 n=44 value=1507955
record p=3017159 q=3074039 N=9274864435201 n=44 value=1508579
record p=3018539 q=4470659 N=13494858547201 n=44 value=1509269
record p=3019967 q=3627839 N=10955954061313 n=44 value=1509983
record p=3020399 q=5376143 N=16238096941057 n=44 value=1510199
record p=3020783 q=6027023 N=18206328619009 n=45 value=1510391
record p=3024767 q=5871743 N=17760654458881 n=45 value=1512383
record p=3025487 q=3976367 N=12030446665729 n=44 value=1512743
record p=3026423 q=5940167 N=17977458032641 n=45 value=1513211
record p=3029867 q=4921667 N=14911996428289 n=44 value=1514933
record p=3035939 q=3110027 N=9441852260353 n=44 value=1517969
record p=3043787 q=6040547 N=18386138431489 n=45 value=1521893
record p=3051947 q=4710659 N=14376681603073 n=44 value=1525973
record p=3067739 q=4507859 N=13828934860801 n=44 value=1533869
record p=3069047 q=3753287 N=11519014207489 n=44 value=1534523
record p=3083303 q=4563863 N=14071772479489 n=44 value=1541651
record p=3087923 q=5311739 N=16402241028097 n=44 value=1543961
record p=3088607 q=6069023 N=18744826920961 n=45 value=1544303
record p=3090743 q=3857543 N=11922674024449 n=44 value=1545371
record p=3096047 q=4821263 N=14926856847361 n=44 value=1548023
record p=3096323 q=4629419 N=14334176526337 n=44 value=1548161
record p=3100067 q=3165707 N=9813903802369 n=44 value=1550033
record p=3101999 q=5116367 N=15870965317633 n=44 value=1550999
record p=3116303 q=5095919 N=15880427667457 n=44 value=1558151
record p=3138767 q=3580463 N=11238239109121 n=44 value=1569383
record p=3147707 q=4433267 N=13954625568769 n=44 value=1573853
record p=3151979 q=5493827 N=17316427333633 n=44 value=1575989
record p=3155687 q=5213399 N=16451855450113 n=44 value=1577843
record p=3158339 q=5235563 N=16535682809857 n=44 value=1579169
record p=3159323 q=3677459 N=11618280800257 n=44 value=1579661
record p=3164003 q=3895883 N=12326585499649 n=44 value=1582001
record p=3172847 q=4842767 N=15365358747649 n=44 value=1586423
record p=3183179 q=4859747 N=15469444595713 n=44 value=1591589
record p=3186203 q=6360083 N=20264515534849 n=45 value=1593101
record p=3188723 q=4671803 N=14897085677569 n=44 value=1594361
record p=3193667 q=4991339 N=15940674650113 n=44 value=1596833
record p=3194483 q=6100667 N=19488477020161 n=45 value=1597241
record p=3197399 q=6240743 N=19954145427457 n=45 value=1598699
record p=3207119 q=3782447 N=12130757640193 n=44 value=1603559
record p=3211151 q=5455727 N=17519163211777 n=44 value=1605575
record p=3223859 q=4076027 N=13140536328193 n=44 value=1611929
record p=3223919 q=4803983 N=15487652069377 n=44 value=1611959
record p=3250427 q=4239923 N=13781560197121 n=44 value=1625213
record p=3259667 q=5739803 N=18709846425601 n=45 value=1629833
record p=3260639 q=4324127 N=14099417137153 n=44 value=1630319
record p=3263243 q=3549347 N=11582381752321 n=44 value=1631621
record p=3264743 q=4342487 N=14177104035841 n=44 value=1632371
record p=3273899 q=4875779 N=15962807992321 n=44 value=1636949
record p=3274079 q=4433567 N=14515848609793 n=44 value=1637039
record p=3278699 q=6221123 N=20397189758977 n=45 value=1639349
record p=3280703 q=5333183 N=17496589467649 n=44 value=1640351
record p=3286139 q=3414707 N=11221201846273 n=44 value=1643069
record p=3296999 q=3597527 N=11861042921473 n=44 value=1648499
record p=3298259 q=3570779 N=11777353973761 n=44 value=1649129
record p=3302603 q=4055267 N=13392936960001 n=44 value=1651301
record p=3305999 q=5520623 N=18251174117377 n=45 value=1652999
record p=3308939 q=5325347 N=17621248376833 n=45 value=1654469
record p=3313139 q=4117307 N=13641210396673 n=44 value=1656569
record p=3324407 q=3528647 N=11730658787329 n=44 value=1662203
record p=3324983 q=6142343 N=20423186055169 n=45 value=1662491
record p=3335567 q=4495727 N=14995798622209 n=44 value=1667783
record p=3336779 q=6229859 N=20787662684161 n=45 value=1668389
record p=3342299 q=4777043 N=15966306041857 n=44 value=1671149
record p=3342959 q=5938319 N=19851556945921 n=45 value=1671479
record p=3343127 q=6055079 N=20242898092033 n=45 value=1671563
record p=3344267 q=5302307 N=17732330323969 n=45 value=1672133
record p=3349439 q=5166143 N=17303680843777 n=44 value=1674719
record p=3355127 q=4382663 N=14704390963201 n=44 value=1677563
record p=3359843 q=4283723 N=14392636735489 n=44 value=1679921
record p=3363023 q=5223983 N=17568374980609 n=44 value=1681511
record p=3367907 q=4782539 N=16107146575873 n=44 value=1683953
record p=3379127 q=4029959 N=13617743265793 n=44 value=1689563
record p=3393623 q=6136679 N=20825574998017 n=45 value=1696811
record p=3394043 q=6019379 N=20430031159297 n=45 value=1697021
record p=3405359 q=3608783 N=12289201668097 n=44 value=1702679
record p=3411839 q=3911807 N=13346455683073 n=44 value=1705919
record p=3414227 q=6029147 N=20584876474369 n=45 value=1707113
record p=3418787 q=4905227 N=16769926299649 n=44 value=1709393
record p=3421499 q=3726323 N=12749610418177 n=44 value=1710749
record p=3424307 q=6339323 N=21707788124161 n=45 value=1712153
record p=3424679 q=4216343 N=14439621328897 n=44 value=1712339
record p=3425579 q=5919107 N=20276368637953 n=45 value=1712789
record p=3433007 q=4859087 N=16681279684609 n=44 value=1716503
record p=3434759 q=5289143 N=18166931521537 n=45 value=1717379
record p=3435347 q=6361307 N=21853296918529 n=45 value=1717673
record p=3441059 q=5945867 N=20460079153153 n=45 value=1720529
record p=3446567 q=3500183 N=12063615221761 n=44 value=1723283
record p=3460559 q=3873071 N=13402990706689 n=44 value=1730279
record p=3463259 q=3971027 N=13752694996993 n=44 value=1731629
record p=3463367 q=4090103 N=14165527756801 n=44 value=1731683
record p=3474623 q=4746047 N=16490724065281 n=44 value=1737311
record p=3481007 q=5658959 N=19698875891713 n=45 value=1740503
record p=3484967 q=6386327 N=22256138846209 n=45 value=1742483
record p=3493319 q=5399543 N=18862326153217 n=45 value=1746659
record p=3496343 q=4372007 N=15286036070401 n=44 value=1748171
record p=3498119 q=3499319 N=12241034280961 n=44 value=1749059
record p=3498359 q=6015047 N=21042793807873 n=45 value=1749179
record p=3508523 q=5959043 N=20907439423489 n=45 value=1754261
record p=3517883 q=5181299 N=18227203670017 n=45 value=1758941
record p=3524699 q=5384147 N=18977497546753 n=45 value=1762349
record p=3528587 q=6002723 N=21181130342401 n=45 value=1764293
record p=3529607 q=5569079 N=19656660221953 n=45 value=1764803
record p=3539267 q=3969899 N=14050532524033 n=44 value=1769633
record p=3541259 q=3898019 N=13803894865921 n=44 value=1770629
record p=3548639 q=5756447 N=20427552325633 n=45 value=1774319
record p=3550259 q=4763387 N=16911257567233 n=44 value=1775129
record p=3552047 q=5895119 N=20939739758593 n=45 value=1776023
record p=3552203 q=3922403 N=13933171703809 n=44 value=1776101
record p=3552707 q=3695339 N=13128456732673 n=44 value=1776353
record p=3554891 q=6036323 N=21458470305793 n=45 value=1777445
record p=3561827 q=5107787 N=18193053646849 n=45 value=1780913
record p=3569939 q=4471067 N=15961436454913 n=44 value=1784969
record p=3570227 q=4264187 N=15224115560449 n=44 value=1785113
record p=3574127 q=6223247 N=22242675130369 n=45 value=1787063
record p=3582263 q=4938887 N=17692392161281 n=45 value=1791131
record p=3586199 q=4736807 N=16987132526593 n=44 value=1793099
record p=3587687 q=4947287 N=17749317255169 n=45 value=1793843
record p=3590759 q=5288279 N=18988935413761 n=45 value=1795379
record p=3591767 q=5373287 N=19299594928129 n=45 value=1795883
record p=3594299 q=4604147 N=16548680957953 n=44 value=1797149
record p=3604127 q=5283167 N=19041204830209 n=45 value=1802063
record p=3614747 q=6582803 N=23795167395841 n=45 value=1807373
record p=3626087 q=5277527 N=19136772046849 n=45 value=1813043
record p=3633347 q=4112363 N=14941641768961 n=44 value=1816673
record p=3634343 q=6746903 N=24520559689729 n=45 value=1817171
record p=3635987 q=6653723 N=24192850329601 n=45 value=1817993
record p=3636119 q=4895783 N=17801649586177 n=45 value=1818059
record p=3643139 q=4918187 N=17917638868993 n=45 value=1821569
record p=3645563 q=6766259 N=24666823458817 n=45 value=1822781
record p=3648539 q=6966803 N=25418652450817 n=45 value=1824269
record p=3656483 q=5094539 N=18628095246337 n=45 value=1828241
record p=3664679 q=3724439 N=13648873390081 n=44 value=1832339
record p=3667043 q=6434123 N=23594205708289 n=45 value=1833521
record p=3669647 q=5070959 N=18608629481473 n=45 value=1834823
record p=3677579 q=6726179 N=24736054640641 n=45 value=1838789
record p=3682859 q=5569667 N=20512298237953 n=45 value=1841429
record p=3683027 q=5698907 N=20989228351489 n=45 value=1841513
record p=3695183 q=4682927 N=17304272240641 n=44 value=1847591
record p=3700523 q=6197123 N=22932596195329 n=45 value=1850261
record p=3700847 q=5236367 N=19378993102849 n=45 value=1850423
record p=3702887 q=4365143 N=16163631267841 n=44 value=1851443
record p=3707063 q=3886343 N=14406918340609 n=44 value=1853531
record p=3708443 q=6575123 N=24383468863489 n=45 value=1854221
record p=3714587 q=4357139 N=16184971886593 n=44 value=1857293
record p=3716747 q=6914339 N=25698848735233 n=45 value=1858373
record p=3725663 q=6931103 N=25822953996289 n=45 value=1862831
record p=3735443 q=4388507 N=16393017753601 n=44 value=1867721
record p=3739103 q=5172767 N=19341508608001 n=45 value=1869551
record p=3739199 q=5759423 N=21535628722177 n=45 value=1869599
record p=3745607 q=5657207 N=21189674139649 n=45 value=1872803
record p=3754103 q=5968199 N=22405233770497 n=45 value=1877051
record p=3761159 q=5294519 N=19913527787521 n=45 value=1880579
record p=3763043 q=6516299 N=24521113337857 n=45 value=1881521
record p=3768503 q=7167239 N=27009761673217 n=45 value=1884251
record p=3783047 q=5684279 N=21503894618113 n=45 value=1891523
record p=3797819 q=6974963 N=26489647005697 n=45 value=1898909
record p=3798407 q=6406199 N=24333351124993 n=45 value=1899203
record p=3814667 q=6352547 N=24232851406849 n=45 value=1907333
record p=3815363 q=5828843 N=22239151915009 n=45 value=1907681
record p=3819899 q=3943859 N=15065143050241 n=44 value=1909949
record p=3820319 q=4550879 N=17385809510401 n=44 value=1910159
record p=3821723 q=6624659 N=25317611667457 n=45 value=1910861
record p=3836387 q=6095819 N=23385920765953 n=45 value=1918193
record p=3849479 q=5120183 N=19710036934657 n=45 value=1924739
record p=3853583 q=5931503 N=22857539125249 n=45 value=1926791
record p=3859139 q=5987819 N=23107825827841 n=45 value=1929569
record p=3868031 q=4635263 N=17929340977153 n=45 value=1934015
record p=3878003 q=4544699 N=17624356356097 n=45 value=1939001
record p=3882587 q=4964819 N=19276341706753 n=45 value=1941293
record p=3886307 q=4479179 N=17407464701953 n=44 value=1943153
record p=3886787 q=6377963 N=24789783674881 n=45 value=1943393
record p=3890759 q=4516727 N=17573496225793 n=44 value=1945379
record p=3893243 q=5212979 N=20295394000897 n=45 value=1946621
record p=3899243 q=4568387 N=17813251031041 n=45 value=1949621
record p=3899339 q=7679459 N=29944813977601 n=45 value=1949669
record p=3915683 q=7498763 N=29362778800129 n=45 value=1957841
record p=3915707 q=5188979 N=20318521393153 n=45 value=1957853
record p=3917063 q=6723767 N=26337418936321 n=45 value=1958531
record p=3919247 q=7254383 N=28431718809601 n=45 value=1959623
record p=3924023 q=5887367 N=23102163517441 n=45 value=1962011
record p=3927647 q=4713887 N=18514484133889 n=45 value=1963823
record p=3930887 q=6980279 N=27438687977473 n=45 value=1965443
record p=3936899 q=5131307 N=20201437396993 n=45 value=1968449
record p=3944183 q=4125383 N=16271265497089 n=44 value=1972091
record p=3944483 q=5635979 N=22231023353857 n=45 value=1972241
record p=3950327 q=6183623 N=24427332894721 n=45 value=1975163
record p=3950603 q=5374883 N=21234028904449 n=45 value=1975301
record p=3956999 q=6241463 N=24697462849537 n=45 value=1978499
record p=3957683 q=7013243 N=27756192595969 n=45 value=1978841
record p=3967487 q=6256127 N=24821102542849 n=45 value=1983743
record p=3970199 q=7351079 N=29185246494721 n=45 value=1985099
record p=3971879 q=7939223 N=31533633110017 n=45 value=1985939
record p=3972119 q=5659559 N=22480441835521 n=45 value=1986059
record p=3977243 q=7842323 N=31190824255489 n=45 value=1988621
record p=3978167 q=6134279 N=24403186286593 n=45 value=1989083
record p=3981479 q=7137047 N=28416002752513 n=45 value=1990739
record p=3983999 q=7665023 N=30537443966977 n=45 value=1991999
record p=4001147 q=5163443 N=20659694469121 n=45 value=2000573
record p=4006103 q=7459559 N=29883761688577 n=45 value=2003051
record p=4012499 q=6850139 N=27486175887361 n=45 value=2006249
record p=4013183 q=5669759 N=22753780432897 n=45 value=2006591
record p=4013783 q=5805287 N=23301162270721 n=45 value=2006891
record p=4015283 q=5966459 N=23957021392897 n=45 value=2007641
record p=4022483 q=5371739 N=21607728807937 n=45 value=2011241
record p=4025507 q=6989579 N=28136599191553 n=45 value=2012753
record p=4031219 q=4351547 N=17542038945793 n=44 value=2015609
record p=4032947 q=7097723 N=28624740679681 n=45 value=2016473
record p=4037543 q=6380567 N=25761813626881 n=45 value=2018771
record p=4038803 q=5799323 N=23422323130369 n=45 value=2019401
record p=4041599 q=4068479 N=16443160657921 n=44 value=2020799
record p=4044779 q=6600899 N=26699177656321 n=45 value=2022389
record p=4045127 q=6955127 N=28134372016129 n=45 value=2022563
record p=4047539 q=4766843 N=19293982949377 n=45 value=2023769
record p=4048103 q=7147223 N=28932694867969 n=45 value=2024051
record p=4053059 q=5452907 N=22100953792513 n=45 value=2026529
record p=4053779 q=4073243 N=16512026935297 n=44 value=2026889
record p=4057799 q=6272759 N=25453595197441 n=45 value=2028899
record p=4060139 q=4496579 N=18256735764481 n=45 value=2030069
record p=4060487 q=6497399 N=26382604173313 n=45 value=2030243
record p=4070867 q=7946843 N=32350540922881 n=45 value=2035433
record p=4084079 q=6303119 N=25742435942401 n=45 value=2042039
record p=4102907 q=7036979 N=28872070397953 n=45 value=2051453
record p=4110179 q=4227659 N=17376435240961 n=44 value=2055089
record p=4116527 q=4224719 N=17391169830913 n=44 value=2058263
record p=4123907 q=8185259 N=33755246886913 n=45 value=2061953
record p=4123943 q=8106647 N=33431350149121 n=45 value=2061971
record p=4124327 q=7067927 N=29150442160129 n=45 value=2062163
record p=4132067 q=6199499 N=25616745234433 n=45 value=2066033
record p=4136303 q=6349199 N=26262210871297 n=45 value=2068151
record p=4137047 q=5491559 N=22718837686273 n=45 value=2068523
record p=4138847 q=4256927 N=17618769543169 n=45 value=2069423
record p=4140923 q=6117299 N=25331264126977 n=45 value=2070461
record p=4151423 q=4745087 N=19698863308801 n=45 value=2075711
record p=4151879 q=7745399 N=32157959454721 n=45 value=2075939
record p=4153223 q=6567479 N=27276204834817 n=45 value=2076611
record p=4153979 q=7548083 N=31354578272257 n=45 value=2076989
record p=4158779 q=4955123 N=20607261474817 n=45 value=2079389
record p=4159403 q=5753603 N=23931553579009 n=45 value=2079701
record p=4159523 q=6354827 N=26433049067521 n=45 value=2079761
record p=4164299 q=7604963 N=31669339815937 n=45 value=2082149
record p=4172699 q=4178579 N=17435952414721 n=44 value=2086349
record p=4177703 q=5226647 N=21835378851841 n=45 value=2088851
record p=4186823 q=5258999 N=22018497970177 n=45 value=2093411
record p=4190987 q=4243619 N=17784952061953 n=45 value=2095493
TOP20
p=4190987 q=4243619 N=17784952061953 n=45 d=2 sp=2095493(2095493) sq=2121809(2121809) residuals=K:(2095493,2121809),R:(2095493,2121809),C:(2095493,2121809),KR:(2095493,2121809),KC:(2095493,2121809),RC:(2095493,2121809),KRC:(2095493,2121809) hits=p{2095493:K[]R[]C[]};q{2121809:K[]R[]C[]}
p=4186823 q=5258999 N=22018497970177 n=45 d=2 sp=2093411(2093411) sq=2629499(2629499) residuals=K:(2093411,2629499),R:(2093411,2629499),C:(2093411,2629499),KR:(2093411,2629499),KC:(2093411,2629499),RC:(2093411,2629499),KRC:(2093411,2629499) hits=p{2093411:K[]R[]C[]};q{2629499:K[]R[]C[]}
p=4177703 q=5226647 N=21835378851841 n=45 d=2 sp=2088851(881*2371) sq=2613323(2613323) residuals=K:(2088851,2613323),R:(2088851,2613323),C:(2088851,2613323),KR:(2088851,2613323),KC:(2088851,2613323),RC:(2088851,2613323),KRC:(2088851,2613323) hits=p{881:K[]R[]C[],2371:K[]R[]C[]};q{2613323:K[]R[]C[]}
p=4172699 q=4178579 N=17435952414721 n=44 d=2 sp=2086349(2086349) sq=2089289(571*3659) residuals=K:(2086349,2089289),R:(2086349,2089289),C:(2086349,2089289),KR:(2086349,2089289),KC:(2086349,2089289),RC:(2086349,2089289),KRC:(2086349,2089289) hits=p{2086349:K[]R[]C[]};q{571:K[]R[]C[],3659:K[]R[]C[]}
p=4164299 q=7604963 N=31669339815937 n=45 d=2 sp=2082149(1433*1453) sq=3802481(3802481) residuals=K:(2082149,3802481),R:(2082149,3802481),C:(2082149,3802481),KR:(2082149,3802481),KC:(2082149,3802481),RC:(2082149,3802481),KRC:(2082149,3802481) hits=p{1433:K[]R[]C[],1453:K[]R[]C[]};q{3802481:K[]R[]C[]}
p=4159523 q=6354827 N=26433049067521 n=45 d=2 sp=2079761(2079761) sq=3177413(127^2*197) residuals=K:(2079761,3177413),R:(2079761,3177413),C:(2079761,3177413),KR:(2079761,3177413),KC:(2079761,3177413),RC:(2079761,3177413),KRC:(2079761,3177413) hits=p{2079761:K[]R[]C[]};q{127:K[]R[]C[],197:K[]R[]C[]}
p=4159403 q=5753603 N=23931553579009 n=45 d=2 sp=2079701(13*159977) sq=2876801(2876801) residuals=K:(159977,2876801),R:(159977,2876801),C:(2079701,2876801),KR:(159977,2876801),KC:(159977,2876801),RC:(159977,2876801),KRC:(159977,2876801) hits=p{13:K[23]R[32,40]C[],159977:K[]R[]C[]};q{2876801:K[]R[]C[]}
p=4158779 q=4955123 N=20607261474817 n=45 d=2 sp=2079389(13*17*97^2) sq=2477561(2477561) residuals=K:(159953,2477561),R:(159953,2477561),C:(2079389,2477561),KR:(159953,2477561),KC:(159953,2477561),RC:(159953,2477561),KRC:(159953,2477561) hits=p{13:K[36]R[34]C[],17:K[]R[]C[],97:K[]R[]C[]};q{2477561:K[]R[]C[]}
p=4153979 q=7548083 N=31354578272257 n=45 d=2 sp=2076989(61*79*431) sq=3774041(479*7879) residuals=K:(2076989,3774041),R:(2076989,3774041),C:(2076989,3774041),KR:(2076989,3774041),KC:(2076989,3774041),RC:(2076989,3774041),KRC:(2076989,3774041) hits=p{61:K[]R[]C[],79:K[]R[]C[],431:K[]R[]C[]};q{479:K[]R[]C[],7879:K[]R[]C[]}
p=4153223 q=6567479 N=27276204834817 n=45 d=2 sp=2076611(2076611) sq=3283739(811*4049) residuals=K:(2076611,3283739),R:(2076611,3283739),C:(2076611,3283739),KR:(2076611,3283739),KC:(2076611,3283739),RC:(2076611,3283739),KRC:(2076611,3283739) hits=p{2076611:K[]R[]C[]};q{811:K[]R[]C[],4049:K[]R[]C[]}
p=4151879 q=7745399 N=32157959454721 n=45 d=2 sp=2075939(557*3727) sq=3872699(1013*3823) residuals=K:(2075939,3872699),R:(2075939,3872699),C:(2075939,3872699),KR:(2075939,3872699),KC:(2075939,3872699),RC:(2075939,3872699),KRC:(2075939,3872699) hits=p{557:K[]R[]C[],3727:K[]R[]C[]};q{1013:K[]R[]C[],3823:K[]R[]C[]}
p=4151423 q=4745087 N=19698863308801 n=45 d=2 sp=2075711(11*188701) sq=2372543(2372543) residuals=K:(188701,2372543),R:(188701,2372543),C:(2075711,2372543),KR:(188701,2372543),KC:(188701,2372543),RC:(188701,2372543),KRC:(188701,2372543) hits=p{11:K[26,36,37]R[28,40]C[],188701:K[]R[]C[]};q{2372543:K[]R[]C[]}
p=4140923 q=6117299 N=25331264126977 n=45 d=2 sp=2070461(2070461) sq=3058649(11*109*2551) residuals=K:(2070461,278059),R:(2070461,278059),C:(2070461,3058649),KR:(2070461,278059),KC:(2070461,278059),RC:(2070461,278059),KRC:(2070461,278059) hits=p{2070461:K[]R[]C[]};q{11:K[25,26,33,34,35,41]R[31]C[],109:K[]R[]C[],2551:K[]R[]C[]}
p=4138847 q=4256927 N=17618769543169 n=45 d=2 sp=2069423(19*108917) sq=2128463(2128463) residuals=K:(2069423,2128463),R:(2069423,2128463),C:(2069423,2128463),KR:(2069423,2128463),KC:(2069423,2128463),RC:(2069423,2128463),KRC:(2069423,2128463) hits=p{19:K[]R[]C[],108917:K[]R[]C[]};q{2128463:K[]R[]C[]}
p=4137047 q=5491559 N=22718837686273 n=45 d=2 sp=2068523(349*5927) sq=2745779(97*28307) residuals=K:(2068523,2745779),R:(2068523,2745779),C:(2068523,2745779),KR:(2068523,2745779),KC:(2068523,2745779),RC:(2068523,2745779),KRC:(2068523,2745779) hits=p{349:K[]R[]C[],5927:K[]R[]C[]};q{97:K[]R[]C[],28307:K[]R[]C[]}
p=4136303 q=6349199 N=26262210871297 n=45 d=2 sp=2068151(2068151) sq=3174599(3174599) residuals=K:(2068151,3174599),R:(2068151,3174599),C:(2068151,3174599),KR:(2068151,3174599),KC:(2068151,3174599),RC:(2068151,3174599),KRC:(2068151,3174599) hits=p{2068151:K[]R[]C[]};q{3174599:K[]R[]C[]}
p=4132067 q=6199499 N=25616745234433 n=45 d=2 sp=2066033(2066033) sq=3099749(37*83777) residuals=K:(2066033,3099749),R:(2066033,3099749),C:(2066033,3099749),KR:(2066033,3099749),KC:(2066033,3099749),RC:(2066033,3099749),KRC:(2066033,3099749) hits=p{2066033:K[]R[]C[]};q{37:K[]R[]C[],83777:K[]R[]C[]}
p=4124327 q=7067927 N=29150442160129 n=45 d=2 sp=2062163(103*20021) sq=3533963(3533963) residuals=K:(2062163,3533963),R:(2062163,3533963),C:(2062163,3533963),KR:(2062163,3533963),KC:(2062163,3533963),RC:(2062163,3533963),KRC:(2062163,3533963) hits=p{103:K[]R[]C[],20021:K[]R[]C[]};q{3533963:K[]R[]C[]}
p=4123943 q=8106647 N=33431350149121 n=45 d=2 sp=2061971(2061971) sq=4053323(4053323) residuals=K:(2061971,4053323),R:(2061971,4053323),C:(2061971,4053323),KR:(2061971,4053323),KC:(2061971,4053323),RC:(2061971,4053323),KRC:(2061971,4053323) hits=p{2061971:K[]R[]C[]};q{4053323:K[]R[]C[]}
p=4123907 q=8185259 N=33755246886913 n=45 d=2 sp=2061953(109*18917) sq=4092629(4092629) residuals=K:(2061953,4092629),R:(2061953,4092629),C:(2061953,4092629),KR:(2061953,4092629),KC:(2061953,4092629),RC:(2061953,4092629),KRC:(2061953,4092629) hits=p{109:K[]R[]C[],18917:K[]R[]C[]};q{4092629:K[]R[]C[]}
MENU KR MAX 2095493 COUNTS one=1691 le_n=2553 le_n2=11773 le_n3=28154
MAX_BY_N 8:1 11:7 12:13 13:11 14:1 15:25 16:49 17:73 18:23 19:59 20:137 21:443 22:193 23:1013 24:1733 25:1093 26:2759 27:5249 28:6521 29:8003 30:12203 31:17939 32:28271 33:42233 34:60383 35:88079 36:116969 37:177323 38:259613 39:368843 40:463889 41:715961 42:1017983 43:1461749 44:2086349 45:2095493
RECORDS 782
record p=11 q=19 N=209 n=8 value=1
record p=29 q=53 N=1537 n=11 value=7
record p=47 q=79 N=3713 n=12 value=13
record p=151 q=167 N=25217 n=15 value=25
record p=173 q=293 N=50689 n=16 value=43
record p=197 q=269 N=52993 n=16 value=49
record p=263 q=439 N=115457 n=17 value=73
record p=647 q=823 N=532481 n=20 value=137
record p=887 q=1607 N=1425409 n=21 value=443
record p=2027 q=2243 N=4546561 n=23 value=1013
record p=3467 q=4643 N=16097281 n=24 value=1733
record p=4799 q=7487 N=35930113 n=26 value=2399
record p=5519 q=10607 N=58540033 n=26 value=2759
record p=7643 q=13907 N=106291201 n=27 value=3821
record p=7703 q=14759 N=113688577 n=27 value=3851
record p=10499 q=10667 N=111992833 n=27 value=5249
record p=13043 q=13883 N=181075969 n=28 value=6521
record p=16007 q=26423 N=422952961 n=29 value=8003
record p=19583 q=29567 N=579010561 n=30 value=9791
record p=22619 q=38867 N=879132673 n=30 value=11309
record p=23603 q=32507 N=767262721 n=30 value=11801
record p=23687 q=43319 N=1026097153 n=30 value=11843
record p=24407 q=31847 N=777289729 n=30 value=12203
record p=31079 q=37463 N=1164312577 n=31 value=15539
record p=31259 q=53267 N=1665073153 n=31 value=15629
record p=35027 q=69467 N=2433220609 n=32 value=17513
record p=35879 q=41879 N=1502576641 n=31 value=17939
record p=41579 q=64067 N=2663841793 n=32 value=20789
record p=44207 q=76367 N=3375955969 n=32 value=22103
record p=47639 q=73127 N=3483697153 n=32 value=23819
record p=48299 q=89603 N=4327735297 n=33 value=24149
record p=49103 q=59183 N=2906062849 n=32 value=24551
record p=55103 q=104639 N=5765922817 n=33 value=27551
record p=56543 q=57119 N=3229679617 n=32 value=28271
record p=61967 q=113903 N=7058227201 n=33 value=30983
record p=63587 q=84299 N=5360320513 n=33 value=31793
record p=66239 q=93503 N=6193545217 n=33 value=33119
record p=67979 q=87587 N=5954076673 n=33 value=33989
record p=68099 q=94379 N=6427115521 n=33 value=34049
record p=70163 q=100379 N=7042891777 n=33 value=35081
record p=71999 q=87743 N=6317408257 n=33 value=35999
record p=80603 q=143699 N=11582570497 n=34 value=40301
record p=82727 q=130199 N=10770972673 n=34 value=41363
record p=84263 q=104087 N=8770682881 n=34 value=42131
record p=84467 q=96059 N=8113815553 n=33 value=42233
record p=91199 q=166847 N=15216279553 n=34 value=45599
record p=101747 q=155579 N=15829696513 n=34 value=50873
record p=103919 q=145679 N=15138816001 n=34 value=51959
record p=108503 q=211943 N=22996451329 n=35 value=54251
record p=110807 q=148199 N=16421486593 n=34 value=55403
record p=111467 q=123203 N=13733068801 n=34 value=55733
record p=111863 q=216263 N=24191827969 n=35 value=55931
record p=113159 q=168887 N=19111084033 n=35 value=56579
record p=113567 q=172127 N=19547947009 n=35 value=56783
record p=115163 q=152147 N=17521704961 n=35 value=57581
record p=115763 q=186107 N=21544304641 n=35 value=57881
record p=119699 q=213659 N=25574768641 n=35 value=59849
record p=120767 q=137279 N=16578772993 n=34 value=60383
record p=121883 q=171539 N=20907687937 n=35 value=60941
record p=123923 q=230939 N=28618653697 n=35 value=61961
record p=127979 q=171203 N=21910388737 n=35 value=63989
record p=130127 q=236207 N=30736908289 n=35 value=65063
record p=130223 q=186959 N=24346361857 n=35 value=65111
record p=130619 q=142067 N=18556649473 n=35 value=65309
record p=133403 q=141587 N=18888130561 n=35 value=66701
record p=141707 q=210467 N=29824647169 n=35 value=70853
record p=143567 q=185903 N=26689536001 n=35 value=71783
record p=158843 q=299699 N=47605088257 n=36 value=79421
record p=163127 q=247943 N=40446197761 n=36 value=81563
record p=164999 q=196919 N=32491438081 n=35 value=82499
record p=170123 q=200483 N=34106769409 n=35 value=85061
record p=172427 q=327203 N=56418631681 n=36 value=86213
record p=173039 q=322319 N=55773757441 n=36 value=86519
record p=174467 q=175403 N=30602035201 n=35 value=87233
record p=175979 q=329027 N=57901842433 n=36 value=87989
record p=176159 q=183263 N=32283426817 n=35 value=88079
record p=188687 q=257519 N=48590487553 n=36 value=94343
record p=193847 q=315527 N=61163962369 n=36 value=96923
record p=203843 q=331883 N=67652026369 n=36 value=101921
record p=211283 q=357083 N=75445567489 n=37 value=105641
record p=215687 q=219959 N=47442296833 n=36 value=107843
record p=216023 q=251879 N=54411657217 n=36 value=108011
record p=216947 q=224699 N=48747773953 n=36 value=108473
record p=217319 q=312023 N=67808526337 n=36 value=108659
record p=218279 q=332567 N=72592392193 n=37 value=109139
record p=222059 q=307523 N=68288249857 n=36 value=111029
record p=227567 q=439823 N=100089200641 n=37 value=113783
record p=230003 q=389819 N=89659539457 n=37 value=115001
record p=233423 q=464687 N=108468633601 n=37 value=116711
record p=233939 q=257627 N=60269002753 n=36 value=116969
record p=240503 q=302663 N=72791359489 n=37 value=120251
record p=250199 q=371303 N=92899639297 n=37 value=125099
record p=255467 q=400067 N=102203916289 n=37 value=127733
record p=259379 q=331259 N=85921628161 n=37 value=129689
record p=260483 q=384299 N=100103356417 n=37 value=130241
record p=261323 q=362723 N=94787862529 n=37 value=130661
record p=263519 q=366239 N=96510935041 n=37 value=131759
record p=271703 q=300647 N=81686691841 n=37 value=135851
record p=273719 q=333959 N=91410923521 n=37 value=136859
record p=274943 q=511487 N=140629770241 n=38 value=137471
record p=276359 q=515639 N=142501478401 n=38 value=138179
record p=277847 q=392807 N=109140246529 n=37 value=138923
record p=278879 q=547487 N=152682627073 n=38 value=139439
record p=281627 q=306707 N=86376972289 n=37 value=140813
record p=287867 q=514739 N=148176371713 n=38 value=143933
record p=291287 q=397799 N=115873677313 n=37 value=145643
record p=298427 q=339827 N=101413552129 n=37 value=149213
record p=305483 q=432227 N=132038000641 n=37 value=152741
record p=312407 q=419687 N=131113156609 n=37 value=156203
record p=319679 q=429887 N=137425846273 n=37 value=159839
record p=320687 q=586319 N=188024881153 n=38 value=160343
record p=333923 q=403787 N=134833766401 n=37 value=166961
record p=335507 q=569243 N=190985011201 n=38 value=167753
record p=347003 q=449459 N=155963621377 n=38 value=173501
record p=348527 q=601487 N=209634459649 n=38 value=174263
record p=350459 q=455219 N=159535595521 n=38 value=175229
record p=354647 q=365159 N=129502543873 n=37 value=177323
record p=378179 q=520043 N=196669341697 n=38 value=189089
record p=381047 q=592199 N=225655652353 n=38 value=190523
record p=388859 q=453683 N=176418717697 n=38 value=194429
record p=395027 q=580379 N=229265375233 n=38 value=197513
record p=398339 q=538283 N=214419111937 n=38 value=199169
record p=398459 q=699059 N=278546350081 n=39 value=199229
record p=398759 q=606743 N=241944231937 n=38 value=199379
record p=404267 q=473987 N=191617302529 n=38 value=202133
record p=405719 q=639719 N=259546152961 n=38 value=202859
record p=418043 q=830003 N=346976944129 n=39 value=209021
record p=422243 q=432203 N=182494691329 n=38 value=211121
record p=430007 q=687623 N=295682703361 n=39 value=215003
record p=435143 q=667127 N=290295644161 n=39 value=217571
record p=438143 q=594047 N=260277534721 n=38 value=219071
record p=442319 q=649007 N=287068127233 n=39 value=221159
record p=445619 q=836219 N=372635074561 n=39 value=222809
record p=445883 q=585587 N=261103288321 n=38 value=222941
record p=446003 q=580859 N=259064856577 n=38 value=223001
record p=447779 q=524939 N=235056660481 n=38 value=223889
record p=448859 q=896723 N=402502189057 n=39 value=224429
record p=465419 q=860579 N=400529817601 n=39 value=232709
record p=470627 q=574283 N=270273085441 n=38 value=235313
record p=471299 q=901547 N=424898199553 n=39 value=235649
record p=482507 q=731363 N=352887767041 n=39 value=241253
record p=498227 q=848123 N=422557777921 n=39 value=249113
record p=499559 q=527447 N=263490895873 n=38 value=249779
record p=505607 q=919223 N=464765583361 n=39 value=252803
record p=508919 q=912839 N=464561111041 n=39 value=254459
record p=513203 q=719483 N=369240834049 n=39 value=256601
record p=517079 q=835559 N=432050012161 n=39 value=258539
record p=519227 q=527603 N=273945722881 n=38 value=259613
record p=533447 q=568823 N=303436922881 n=39 value=266723
record p=537743 q=682607 N=367067136001 n=39 value=268871
record p=540347 q=743027 N=401492410369 n=39 value=270173
record p=542999 q=622247 N=337879498753 n=39 value=271499
record p=544007 q=757943 N=412326297601 n=39 value=272003
record p=547139 q=719723 N=393788522497 n=39 value=273569
record p=551099 q=892019 N=491590778881 n=39 value=275549
record p=552887 q=957959 N=529643077633 n=39 value=276443
record p=555683 q=592139 N=329041575937 n=39 value=277841
record p=556763 q=871763 N=485365383169 n=39 value=278381
record p=557087 q=981983 N=547049963521 n=39 value=278543
record p=557927 q=714839 N=398827978753 n=39 value=278963
record p=559523 q=717323 N=401358716929 n=39 value=279761
record p=563183 q=620303 N=349344104449 n=39 value=281591
record p=568187 q=818099 N=464833216513 n=39 value=284093
record p=568907 q=666467 N=379157741569 n=39 value=284453
record p=575987 q=587579 N=338437865473 n=39 value=287993
record p=580487 q=653879 N=379568259073 n=39 value=290243
record p=585023 q=754367 N=441322045441 n=39 value=292511
record p=593519 q=921743 N=547071983617 n=39 value=296759
record p=597803 q=1091459 N=652477464577 n=40 value=298901
record p=601379 q=813707 N=489346301953 n=39 value=300689
record p=607967 q=783647 N=476431515649 n=39 value=303983
record p=609803 q=937379 N=571616526337 n=40 value=304901
record p=610619 q=614387 N=375156375553 n=39 value=305309
record p=610787 q=818123 N=499698892801 n=39 value=305393
record p=616439 q=756167 N=466130829313 n=39 value=308219
record p=617447 q=686039 N=423592722433 n=39 value=308723
record p=621239 q=951047 N=590827487233 n=40 value=310619
record p=622607 q=880367 N=548122656769 n=39 value=311303
record p=629819 q=711923 N=448382631937 n=39 value=314909
record p=632447 q=792959 N=501504540673 n=39 value=316223
record p=635567 q=713807 N=453672173569 n=39 value=317783
record p=637727 q=655583 N=418082979841 n=39 value=318863
record p=640247 q=670919 N=429553876993 n=39 value=320123
record p=642779 q=1277267 N=821000404993 n=40 value=321389
record p=650627 q=952619 N=619799642113 n=40 value=325313
record p=658079 q=954719 N=628280524801 n=40 value=329039
record p=666683 q=773363 N=515587964929 n=39 value=333341
record p=668567 q=1276967 N=853737996289 n=40 value=334283
record p=670379 q=782339 N=524463636481 n=39 value=335189
record p=682967 q=964583 N=658778357761 n=40 value=341483
record p=689279 q=1129343 N=778432413697 n=40 value=344639
record p=693167 q=828239 N=574107942913 n=40 value=346583
record p=694319 q=1158863 N=804620599297 n=40 value=347159
record p=700079 q=747599 N=523378360321 n=39 value=350039
record p=704303 q=1370063 N=964939481089 n=40 value=352151
record p=706943 q=718463 N=507912388609 n=39 value=353471
record p=714719 q=1020959 N=729698795521 n=40 value=357359
record p=720779 q=995363 N=717436747777 n=40 value=360389
record p=722027 q=1017923 N=734967889921 n=40 value=361013
record p=722159 q=829967 N=599368138753 n=40 value=361079
record p=726107 q=785363 N=570257571841 n=40 value=363053
record p=728627 q=1379579 N=1005198508033 n=40 value=364313
record p=737687 q=740903 N=546554511361 n=39 value=368843
record p=738923 q=1455683 N=1075637649409 n=40 value=369461
record p=743159 q=1329863 N=988299657217 n=40 value=371579
record p=747107 q=936779 N=699874148353 n=40 value=373553
record p=749807 q=900623 N=675293429761 n=40 value=374903
record p=754907 q=1103699 N=833190100993 n=40 value=377453
record p=755759 q=1490639 N=1126563840001 n=41 value=377879
record p=759719 q=761879 N=578813952001 n=40 value=379859
record p=761459 q=865979 N=659407503361 n=40 value=380729
record p=766583 q=1165127 N=893166551041 n=40 value=383291
record p=770183 q=1115447 N=859098316801 n=40 value=385091
record p=776507 q=890867 N=691764461569 n=40 value=388253
record p=793139 q=1339643 N=1062523109377 n=40 value=396569
record p=811619 q=1388363 N=1126821789697 n=41 value=405809
record p=814127 q=1333967 N=1086018551809 n=40 value=407063
record p=815159 q=935303 N=762420658177 n=40 value=407579
record p=817679 q=1127663 N=922066354177 n=40 value=408839
record p=836063 q=1587743 N=1327453175809 n=41 value=418031
record p=836183 q=1395047 N=1166514585601 n=41 value=418091
record p=837923 q=1289867 N=1080809226241 n=40 value=418961
record p=839723 q=880259 N=739173728257 n=40 value=419861
record p=842747 q=1308467 N=1102706638849 n=41 value=421373
record p=860747 q=1382243 N=1189761515521 n=41 value=430373
record p=871463 q=1270679 N=1107349733377 n=41 value=435731
record p=871679 q=1684223 N=1468101820417 n=41 value=435839
record p=876947 q=1434779 N=1258225139713 n=41 value=438473
record p=885503 q=1670399 N=1479143325697 n=41 value=442751
record p=886583 q=1367687 N=1212568043521 n=41 value=443291
record p=886979 q=1009643 N=895532138497 n=40 value=443489
record p=902039 q=1633319 N=1473317437441 n=41 value=451019
record p=903479 q=932999 N=842945003521 n=40 value=451739
record p=904823 q=1076039 N=973624836097 n=40 value=452411
record p=910139 q=1113587 N=1013518958593 n=40 value=455069
record p=924383 q=1843487 N=1704088043521 n=41 value=462191
record p=927779 q=1034123 N=959437602817 n=40 value=463889
record p=932039 q=1509623 N=1407027511297 n=41 value=466019
record p=932567 q=1661159 N=1549142065153 n=41 value=466283
record p=934919 q=1436087 N=1342625021953 n=41 value=467459
record p=939119 q=1411727 N=1325779648513 n=41 value=469559
record p=953507 q=1214219 N=1157766316033 n=41 value=476753
record p=954923 q=1809539 N=1727970410497 n=41 value=477461
record p=956843 q=1546499 N=1479756742657 n=41 value=478421
record p=956903 q=1796567 N=1719140352001 n=41 value=478451
record p=970967 q=1254119 N=1217708163073 n=41 value=485483
record p=972047 q=1931759 N=1877760540673 n=41 value=486023
record p=974147 q=1939307 N=1889170096129 n=41 value=487073
record p=977927 q=1884599 N=1843000246273 n=41 value=488963
record p=997247 q=1607807 N=1603380707329 n=41 value=498623
record p=997727 q=1794719 N=1790639603713 n=41 value=498863
record p=1005647 q=1621679 N=1630836621313 n=41 value=502823
record p=1008263 q=1295159 N=1305860898817 n=41 value=504131
record p=1011107 q=1125899 N=1138404360193 n=41 value=505553
record p=1011719 q=1113527 N=1126576422913 n=41 value=505859
record p=1023167 q=1692479 N=1731688660993 n=41 value=511583
record p=1025279 q=1530623 N=1569315618817 n=41 value=512639
record p=1025807 q=1337327 N=1371839397889 n=41 value=512903
record p=1032287 q=1219487 N=1258860576769 n=41 value=516143
record p=1034003 q=1907483 N=1972343144449 n=41 value=517001
record p=1034387 q=1873307 N=1937724407809 n=41 value=517193
record p=1037963 q=1138979 N=1182218059777 n=41 value=518981
record p=1039007 q=1360223 N=1413281218561 n=41 value=519503
record p=1059743 q=1978463 N=2096662315009 n=41 value=529871
record p=1063967 q=1064927 N=1133047185409 n=41 value=531983
record p=1070039 q=1265639 N=1354283089921 n=41 value=535019
record p=1077023 q=1985759 N=2138708115457 n=41 value=538511
record p=1077299 q=2099963 N=2262288039937 n=42 value=538649
record p=1077743 q=1236239 N=1332347928577 n=41 value=538871
record p=1079867 q=1724147 N=1861849448449 n=41 value=539933
record p=1079987 q=1885307 N=2036107051009 n=41 value=539993
record p=1084067 q=1145099 N=1241364037633 n=41 value=542033
record p=1093307 q=1664627 N=1819948351489 n=41 value=546653
record p=1104899 q=1158827 N=1280386793473 n=41 value=552449
record p=1112747 q=1519619 N=1690951483393 n=41 value=556373
record p=1115267 q=1206827 N=1345934327809 n=41 value=557633
record p=1117799 q=1322327 N=1478095798273 n=41 value=558899
record p=1119659 q=1654019 N=1851937259521 n=41 value=559829
record p=1122923 q=1538627 N=1727759646721 n=41 value=561461
record p=1123427 q=1211723 N=1361282334721 n=41 value=561713
record p=1128899 q=1474283 N=1664316604417 n=41 value=564449
record p=1134059 q=1929923 N=2188646547457 n=41 value=567029
record p=1138667 q=2085059 N=2374187876353 n=42 value=569333
record p=1138703 q=1150703 N=1310308958209 n=41 value=569351
record p=1144379 q=1831667 N=2096121249793 n=41 value=572189
record p=1147379 q=1244987 N=1428471939073 n=41 value=573689
record p=1163843 q=1251947 N=1457069752321 n=41 value=581921
record p=1167059 q=1554779 N=1814518824961 n=41 value=583529
record p=1167599 q=1269263 N=1481990209537 n=41 value=583799
record p=1168859 q=1580627 N=1847530094593 n=41 value=584429
record p=1174319 q=2177999 N=2557665607681 n=42 value=587159
record p=1190699 q=1260419 N=1500779642881 n=41 value=595349
record p=1192559 q=2190479 N=2612275445761 n=42 value=596279
record p=1200359 q=1688279 N=2026540892161 n=41 value=600179
record p=1200839 q=1756919 N=2109776855041 n=41 value=600419
record p=1207079 q=1463447 N=1766496141313 n=41 value=603539
record p=1207439 q=2175599 N=2626903080961 n=42 value=603719
record p=1214867 q=2030747 N=2467087515649 n=42 value=607433
record p=1219859 q=1684763 N=2055173308417 n=41 value=609929
record p=1221863 q=1715927 N=2096627712001 n=41 value=610931
record p=1227323 q=1969907 N=2417712168961 n=42 value=613661
record p=1230107 q=1772819 N=2180757061633 n=41 value=615053
record p=1233539 q=1936427 N=2388658225153 n=42 value=616769
record p=1244627 q=1532507 N=1907399589889 n=41 value=622313
record p=1248503 q=1537223 N=1919227527169 n=41 value=624251
record p=1249043 q=2429723 N=3034828505089 n=42 value=624521
record p=1254767 q=1956239 N=2454624141313 n=42 value=627383
record p=1259243 q=2277827 N=2868337704961 n=42 value=629621
record p=1263947 q=2029667 N=2565391515649 n=42 value=631973
record p=1264643 q=1490603 N=1885080649729 n=41 value=632321
record p=1271903 q=2159519 N=2746698694657 n=42 value=635951
record p=1272443 q=1434803 N=1825705033729 n=41 value=636221
record p=1280759 q=2119367 N=2714398359553 n=42 value=640379
record p=1281803 q=1524899 N=1954620112897 n=41 value=640901
record p=1284047 q=1969967 N=2529530216449 n=42 value=642023
record p=1285247 q=2106239 N=2707037356033 n=42 value=642623
record p=1286807 q=2489639 N=3203684892673 n=42 value=643403
record p=1291163 q=1604243 N=2071339204609 n=41 value=645581
record p=1302227 q=2107739 N=2744754634753 n=42 value=651113
record p=1310627 q=1846283 N=2419788349441 n=42 value=655313
record p=1320623 q=1896527 N=2504597176321 n=42 value=660311
record p=1321319 q=2089559 N=2760974008321 n=42 value=660659
record p=1323503 q=2563343 N=3392592150529 n=42 value=661751
record p=1325063 q=1684919 N=2232623824897 n=42 value=662531
record p=1328927 q=1340639 N=1781611364353 n=41 value=664463
record p=1334363 q=2192339 N=2925376045057 n=42 value=667181
record p=1344647 q=1376567 N=1850996686849 n=41 value=672323
record p=1346483 q=1514363 N=2039064035329 n=41 value=673241
record p=1347587 q=1481387 N=1996297863169 n=41 value=673793
record p=1361903 q=1787663 N=2434623602689 n=42 value=680951
record p=1370819 q=2332139 N=3196940451841 n=42 value=685409
record p=1370987 q=2550083 N=3496130641921 n=42 value=685493
record p=1381487 q=2542223 N=3512048025601 n=42 value=690743
record p=1388963 q=2591243 N=3599140651009 n=42 value=694481
record p=1398407 q=2330423 N=3258879836161 n=42 value=699203
record p=1401083 q=1419827 N=1989295472641 n=41 value=700541
record p=1414703 q=1667279 N=2358704603137 n=42 value=707351
record p=1416587 q=1909283 N=2704665477121 n=42 value=708293
record p=1422647 q=1446023 N=2057180282881 n=41 value=711323
record p=1431923 q=1504187 N=2153879961601 n=41 value=715961
record p=1434827 q=1990883 N=2856572682241 n=42 value=717413
record p=1436147 q=2676539 N=3843903455233 n=42 value=718073
record p=1440983 q=1619687 N=2333941432321 n=42 value=720491
record p=1449683 q=1567067 N=2271750389761 n=42 value=724841
record p=1450739 q=2803259 N=4066797158401 n=42 value=725369
record p=1452299 q=2251427 N=3269745180673 n=42 value=726149
record p=1460099 q=1605419 N=2344070676481 n=42 value=730049
record p=1461407 q=1822559 N=2663500480513 n=42 value=730703
record p=1462883 q=2801483 N=4098241855489 n=42 value=731441
record p=1482407 q=1648919 N=2444369068033 n=42 value=741203
record p=1492103 q=2015543 N=3007397756929 n=42 value=746051
record p=1503863 q=2787143 N=4191481233409 n=42 value=751931
record p=1513427 q=1988699 N=3009750761473 n=42 value=756713
record p=1518563 q=2847179 N=4323620683777 n=42 value=759281
record p=1521623 q=2141159 N=3258036781057 n=42 value=760811
record p=1527803 q=1532723 N=2341698797569 n=42 value=763901
record p=1529267 q=2843003 N=4347710668801 n=42 value=764633
record p=1529327 q=1865999 N=2853722652673 n=42 value=764663
record p=1544483 q=2303627 N=3557912739841 n=42 value=772241
record p=1554863 q=2178383 N=3387087126529 n=42 value=777431
record p=1555223 q=2829479 N=4400470818817 n=43 value=777611
record p=1555259 q=2188787 N=3404130680833 n=42 value=777629
record p=1559879 q=3001463 N=4681919102977 n=43 value=779939
record p=1566479 q=2369519 N=3711801753601 n=42 value=783239
record p=1579883 q=2242883 N=3543492722689 n=42 value=789941
record p=1584203 q=2833763 N=4489255845889 n=43 value=792101
record p=1585127 q=1930199 N=3059610550273 n=42 value=792563
record p=1590467 q=2198507 N=3496652832769 n=42 value=795233
record p=1592807 q=2389463 N=3805953392641 n=42 value=796403
record p=1597703 q=2309303 N=3689580331009 n=42 value=798851
record p=1621979 q=2958419 N=4798493491201 n=43 value=810989
record p=1623827 q=2890523 N=4693709291521 n=43 value=811913
record p=1625747 q=2129819 N=3462546849793 n=42 value=812873
record p=1636043 q=2637539 N=4315127218177 n=42 value=818021
record p=1637639 q=1826999 N=2991964815361 n=42 value=818819
record p=1651943 q=2268887 N=3748071997441 n=42 value=825971
record p=1654547 q=2515739 N=4162408415233 n=42 value=827273
record p=1654739 q=1994843 N=3300944510977 n=42 value=827369
record p=1662527 q=3117503 N=5182932910081 n=43 value=831263
record p=1668743 q=2453303 N=4093932208129 n=42 value=834371
record p=1669103 q=1873679 N=3127363239937 n=42 value=834551
record p=1680983 q=2663783 N=4477773938689 n=43 value=840491
record p=1683299 q=2968139 N=4996265410561 n=43 value=841649
record p=1691507 q=2682299 N=4537127534593 n=43 value=845753
record p=1691939 q=3335819 N=5644002263041 n=43 value=845969
record p=1696979 q=3150683 N=5346642886657 n=43 value=848489
record p=1699319 q=1762247 N=2994619809793 n=42 value=849659
record p=1700603 q=1722419 N=2929150918657 n=42 value=850301
record p=1709327 q=2767343 N=4730294108161 n=43 value=854663
record p=1712519 q=2741303 N=4694533472257 n=43 value=856259
record p=1714547 q=2302907 N=3948442288129 n=42 value=857273
record p=1719947 q=2472227 N=4252099411969 n=42 value=859973
record p=1720787 q=3194459 N=5496983519233 n=43 value=860393
record p=1724483 q=2129003 N=3671429480449 n=42 value=862241
record p=1738379 q=1913123 N=3325732847617 n=42 value=869189
record p=1738943 q=2942783 N=5117331898369 n=43 value=869471
record p=1743359 q=2188799 N=3815862435841 n=42 value=871679
record p=1747727 q=3466223 N=6058011525121 n=43 value=873863
record p=1759463 q=2407127 N=4235250892801 n=42 value=879731
record p=1769627 q=1893779 N=3351282450433 n=42 value=884813
record p=1777379 q=1906379 N=3388358000641 n=42 value=888689
record p=1778807 q=2487623 N=4425001205761 n=43 value=889403
record p=1780379 q=2337683 N=4161961721857 n=42 value=890189
record p=1782647 q=1807943 N=3222924165121 n=42 value=891323
record p=1782959 q=1876559 N=3345827758081 n=42 value=891479
record p=1812359 q=3501623 N=6346197958657 n=43 value=906179
record p=1833023 q=2357183 N=4320770654209 n=42 value=916511
record p=1839347 q=1935419 N=3559907131393 n=42 value=919673
record p=1840043 q=3034883 N=5584315219969 n=43 value=920021
record p=1847999 q=2637119 N=4873393274881 n=43 value=923999
record p=1848467 q=2165147 N=4002202779649 n=42 value=924233
record p=1850159 q=2681807 N=4961769357313 n=43 value=925079
record p=1856159 q=3295583 N=6117126045697 n=43 value=928079
record p=1856747 q=2208707 N=4101010096129 n=42 value=928373
record p=1858643 q=3557339 N=6611823230977 n=43 value=929321
record p=1886447 q=3106319 N=5859906158593 n=43 value=943223
record p=1890107 q=2222579 N=4200912125953 n=42 value=945053
record p=1896263 q=2886263 N=5473113735169 n=43 value=948131
record p=1897079 q=2393927 N=4541468639233 n=43 value=948539
record p=1899167 q=2072927 N=3936834551809 n=42 value=949583
record p=1909319 q=2221943 N=4242397986817 n=42 value=954659
record p=1909487 q=3427343 N=6544466903041 n=43 value=954743
record p=1914239 q=3443327 N=6591350833153 n=43 value=957119
record p=1918067 q=2425019 N=4651348918273 n=43 value=959033
record p=1929527 q=2561159 N=4941825441793 n=43 value=964763
record p=1935827 q=2930267 N=5672489975809 n=43 value=967913
record p=1950527 q=2337983 N=4560298967041 n=43 value=975263
record p=1953167 q=2929007 N=5720839815169 n=43 value=976583
record p=1956359 q=2651063 N=5186430959617 n=43 value=978179
record p=1962839 q=3057767 N=6001904320513 n=43 value=981419
record p=1968563 q=2084219 N=4102916407297 n=42 value=984281
record p=1972823 q=3502439 N=6909692215297 n=43 value=986411
record p=1976243 q=3858299 N=7624936390657 n=43 value=988121
record p=1977023 q=3294527 N=6513355653121 n=43 value=988511
record p=1982447 q=3723023 N=7380695777281 n=43 value=991223
record p=1990823 q=3229463 N=6429289218049 n=43 value=995411
record p=1990907 q=2402867 N=4783884730369 n=43 value=995453
record p=1994327 q=3431783 N=6844097495041 n=43 value=997163
record p=1995827 q=2729723 N=5448054865921 n=43 value=997913
record p=2003819 q=2359619 N=4728249384961 n=43 value=1001909
record p=2005799 q=3613847 N=7248650698753 n=43 value=1002899
record p=2005943 q=2109959 N=4232457486337 n=42 value=1002971
record p=2006483 q=2933339 N=5885694836737 n=43 value=1003241
record p=2012663 q=2923463 N=5883945811969 n=43 value=1006331
record p=2023283 q=2252219 N=4556876414977 n=43 value=1011641
record p=2035967 q=2092799 N=4260869701633 n=42 value=1017983
record p=2050547 q=3045179 N=6244282662913 n=43 value=1025273
record p=2063279 q=3193679 N=6589450813441 n=43 value=1031639
record p=2063687 q=3087479 N=6371590275073 n=43 value=1031843
record p=2072363 q=3549059 N=7354938556417 n=43 value=1036181
record p=2078339 q=3328043 N=6916801560577 n=43 value=1039169
record p=2080763 q=4027187 N=8379621703681 n=43 value=1040381
record p=2089643 q=2164739 N=4523531698177 n=43 value=1044821
record p=2096687 q=3147983 N=6600335032321 n=43 value=1048343
record p=2111303 q=2769527 N=5847310663681 n=43 value=1055651
record p=2112323 q=3713387 N=7843872768001 n=43 value=1056161
record p=2117903 q=4226543 N=8951408099329 n=44 value=1058951
record p=2120747 q=2720387 N=5769252569089 n=43 value=1060373
record p=2125463 q=2486567 N=5285106155521 n=43 value=1062731
record p=2130503 q=3180407 N=6775866654721 n=43 value=1065251
record p=2137979 q=3303347 N=7062486515713 n=43 value=1068989
record p=2140763 q=2651603 N=5676453593089 n=43 value=1070381
record p=2146139 q=2185427 N=4690230116353 n=43 value=1073069
record p=2146439 q=2884919 N=6192302653441 n=43 value=1073219
record p=2150543 q=2510447 N=5398824222721 n=43 value=1075271
record p=2155103 q=3930527 N=8470690529281 n=43 value=1077551
record p=2159819 q=2543843 N=5494240444417 n=43 value=1079909
record p=2164619 q=3336227 N=7221660352513 n=43 value=1082309
record p=2167643 q=4252883 N=9218732064769 n=44 value=1083821
record p=2177243 q=3146579 N=6850867101697 n=43 value=1088621
record p=2177507 q=3920843 N=8537663078401 n=43 value=1088753
record p=2180027 q=3606899 N=7863137206273 n=43 value=1090013
record p=2183543 q=2807879 N=6131124535297 n=43 value=1091771
record p=2187863 q=2795879 N=6117000216577 n=43 value=1093931
record p=2189879 q=2386823 N=5226853564417 n=43 value=1094939
record p=2189939 q=2509499 N=5495649730561 n=43 value=1094969
record p=2190047 q=2937119 N=6432428654593 n=43 value=1095023
record p=2198783 q=3502847 N=7702000435201 n=43 value=1099391
record p=2213423 q=2834639 N=6274255159297 n=43 value=1106711
record p=2232827 q=3297587 N=7362941288449 n=43 value=1116413
record p=2233247 q=2771039 N=6188414533633 n=43 value=1116623
record p=2242763 q=3566819 N=7999529680897 n=43 value=1121381
record p=2253023 q=3758879 N=8468840841217 n=43 value=1126511
record p=2254223 q=2431343 N=5480789311489 n=43 value=1127111
record p=2256623 q=3964943 N=8947381567489 n=44 value=1128311
record p=2257247 q=4074143 N=9196347064321 n=44 value=1128623
record p=2258483 q=4027643 N=9096363245569 n=44 value=1129241
record p=2261219 q=3327179 N=7523480371201 n=43 value=1130609
record p=2264699 q=2433203 N=5510472400897 n=43 value=1132349
record p=2271923 q=3544187 N=8052119961601 n=43 value=1135961
record p=2272547 q=3074699 N=6987397988353 n=43 value=1136273
record p=2274599 q=3369623 N=7664541106177 n=43 value=1137299
record p=2279807 q=2291327 N=5223783333889 n=43 value=1139903
record p=2288207 q=3140783 N=7186761646081 n=43 value=1144103
record p=2302043 q=2428883 N=5591393107969 n=43 value=1151021
record p=2304059 q=2453747 N=5653577859073 n=43 value=1152029
record p=2305463 q=2375687 N=5477058478081 n=43 value=1152731
record p=2316179 q=2514587 N=5824233603073 n=43 value=1158089
record p=2320247 q=3383879 N=7851435098113 n=43 value=1160123
record p=2322227 q=3810299 N=8848379215873 n=44 value=1161113
record p=2333207 q=2702759 N=6306096218113 n=43 value=1166603
record p=2335079 q=4516439 N=10546241863681 n=44 value=1167539
record p=2336903 q=2399543 N=5607499235329 n=43 value=1168451
record p=2347523 q=4253867 N=9986050621441 n=44 value=1173761
record p=2352227 q=3521867 N=8284230647809 n=43 value=1176113
record p=2377007 q=3088847 N=7342210940929 n=43 value=1188503
record p=2380787 q=3243323 N=7721661235201 n=43 value=1190393
record p=2381147 q=2872019 N=6838699425793 n=43 value=1190573
record p=2384567 q=2628359 N=6267498135553 n=43 value=1192283
record p=2387003 q=2591987 N=6187080744961 n=43 value=1193501
record p=2390243 q=2657483 N=6352030138369 n=43 value=1195121
record p=2395103 q=3076127 N=7367641006081 n=43 value=1197551
record p=2402663 q=2581079 N=6201463013377 n=43 value=1201331
record p=2407883 q=2916323 N=7022164574209 n=43 value=1203941
record p=2408723 q=4796699 N=11553919205377 n=44 value=1204361
record p=2414507 q=2583299 N=6237393518593 n=43 value=1207253
record p=2429579 q=2966819 N=7208121139201 n=43 value=1214789
record p=2431763 q=3729179 N=9068479512577 n=44 value=1215881
record p=2434739 q=3405947 N=8292591992833 n=43 value=1217369
record p=2435519 q=3130943 N=7625471164417 n=43 value=1217759
record p=2437847 q=4579559 N=11164264169473 n=44 value=1218923
record p=2440499 q=4785659 N=11679396003841 n=44 value=1220249
record p=2445887 q=2727359 N=6670811922433 n=43 value=1222943
record p=2477159 q=3575639 N=8857426329601 n=44 value=1238579
record p=2479847 q=2546903 N=6315929763841 n=43 value=1239923
record p=2480579 q=3071723 N=7619651567617 n=43 value=1240289
record p=2505227 q=2949539 N=7389264740353 n=43 value=1252613
record p=2526299 q=4441043 N=11219402489857 n=44 value=1263149
record p=2535887 q=3323183 N=8427216568321 n=43 value=1267943
record p=2537219 q=5041067 N=12790290972673 n=44 value=1268609
record p=2540423 q=3117623 N=7920081174529 n=43 value=1270211
record p=2543459 q=2697803 N=6861751320577 n=43 value=1271729
record p=2560343 q=3566183 N=9130651680769 n=44 value=1280171
record p=2566787 q=3011627 N=7730205032449 n=43 value=1283393
record p=2568023 q=3091559 N=7939194617857 n=43 value=1284011
record p=2572523 q=3237827 N=8329384427521 n=43 value=1286261
record p=2573003 q=2659043 N=6841725616129 n=43 value=1286501
record p=2574203 q=2719667 N=7000974950401 n=43 value=1287101
record p=2577683 q=2735387 N=7050960568321 n=43 value=1288841
record p=2582627 q=5134667 N=13260929630209 n=44 value=1291313
record p=2589563 q=2876339 N=7448461049857 n=43 value=1294781
record p=2594939 q=4228787 N=10973444308993 n=44 value=1297469
record p=2598983 q=3375479 N=8772812537857 n=43 value=1299491
record p=2600867 q=3013643 N=7838084628481 n=43 value=1300433
record p=2607743 q=2749823 N=7170831679489 n=43 value=1303871
record p=2612123 q=4461203 N=11653210963969 n=44 value=1306061
record p=2612243 q=4869659 N=12720732635137 n=44 value=1306121
record p=2613839 q=2618543 N=6844449816577 n=43 value=1306919
record p=2617379 q=2637707 N=6903878909953 n=43 value=1308689
record p=2619179 q=3346307 N=8764577021953 n=43 value=1309589
record p=2620259 q=4808267 N=12598904881153 n=44 value=1310129
record p=2626367 q=3235007 N=8496315629569 n=43 value=1313183
record p=2653319 q=3115319 N=8265935093761 n=43 value=1326659
record p=2655623 q=3026999 N=8038568165377 n=43 value=1327811
record p=2665427 q=3269723 N=8715207966721 n=43 value=1332713
record p=2670923 q=3129443 N=8358501285889 n=43 value=1335461
record p=2681423 q=2747567 N=7367389347841 n=43 value=1340711
record p=2682503 q=2914103 N=7817090039809 n=43 value=1341251
record p=2694323 q=2814587 N=7583406489601 n=43 value=1347161
record p=2699339 q=3217763 N=8685833158657 n=43 value=1349669
record p=2704127 q=2997503 N=8105628794881 n=43 value=1352063
record p=2715983 q=3868079 N=10505636806657 n=44 value=1357991
record p=2726327 q=3773447 N=10287650439169 n=44 value=1363163
record p=2728907 q=4254179 N=11609258852353 n=44 value=1364453
record p=2743079 q=3662999 N=10047895633921 n=44 value=1371539
record p=2748059 q=2967443 N=8154708443137 n=43 value=1374029
record p=2762759 q=3196343 N=8830725390337 n=44 value=1381379
record p=2766227 q=4337819 N=11999392038913 n=44 value=1383113
record p=2783687 q=3110903 N=8659780239361 n=43 value=1391843
record p=2788979 q=5228219 N=14581392998401 n=44 value=1394489
record p=2790923 q=4507043 N=12578809970689 n=44 value=1395461
record p=2793587 q=3736763 N=10438972538881 n=44 value=1396793
record p=2795267 q=2915243 N=8148882554881 n=43 value=1397633
record p=2801339 q=5559923 N=15575229136897 n=44 value=1400669
record p=2820179 q=5274587 N=14875279491073 n=44 value=1410089
record p=2820899 q=5536907 N=15619055419393 n=44 value=1410449
record p=2830187 q=3179843 N=8999550320641 n=44 value=1415093
record p=2839547 q=4374323 N=12421095751681 n=44 value=1419773
record p=2850383 q=3070127 N=8751037808641 n=43 value=1425191
record p=2850623 q=4190399 N=11945247768577 n=44 value=1425311
record p=2851799 q=4399079 N=12545289093121 n=44 value=1425899
record p=2855807 q=3681407 N=10513387880449 n=44 value=1427903
record p=2858543 q=4745423 N=13564995698689 n=44 value=1429271
record p=2858699 q=3036899 N=8681580134401 n=43 value=1429349
record p=2860883 q=4797659 N=13725541072897 n=44 value=1430441
record p=2862947 q=4934219 N=14126407483393 n=44 value=1431473
record p=2863703 q=5069159 N=14516565835777 n=44 value=1431851
record p=2886383 q=3826703 N=11045330485249 n=44 value=1443191
record p=2894447 q=4617359 N=13364700905473 n=44 value=1447223
record p=2899139 q=3888107 N=11272162639873 n=44 value=1449569
record p=2899907 q=3746027 N=10863129919489 n=44 value=1449953
record p=2902787 q=3078059 N=8934949650433 n=44 value=1451393
record p=2913083 q=5500403 N=16023130472449 n=44 value=1456541
record p=2919479 q=3991943 N=11654393757697 n=44 value=1459739
record p=2920427 q=3350723 N=9785541918721 n=44 value=1460213
record p=2921423 q=4166447 N=12171954094081 n=44 value=1460711
record p=2923499 q=2929859 N=8565439856641 n=43 value=1461749
record p=2944379 q=4450739 N=13104662446081 n=44 value=1472189
record p=2960039 q=4840727 N=14328740708353 n=44 value=1480019
record p=2978699 q=3284003 N=9782056452097 n=44 value=1489349
record p=2983523 q=4008779 N=11960284348417 n=44 value=1491761
record p=3002459 q=5955539 N=17881261670401 n=45 value=1501229
record p=3018539 q=4470659 N=13494858547201 n=44 value=1509269
record p=3020399 q=5376143 N=16238096941057 n=44 value=1510199
record p=3020783 q=6027023 N=18206328619009 n=45 value=1510391
record p=3024767 q=5871743 N=17760654458881 n=45 value=1512383
record p=3025487 q=3976367 N=12030446665729 n=44 value=1512743
record p=3035939 q=3110027 N=9441852260353 n=44 value=1517969
record p=3043787 q=6040547 N=18386138431489 n=45 value=1521893
record p=3051947 q=4710659 N=14376681603073 n=44 value=1525973
record p=3054707 q=4679867 N=14295622483969 n=44 value=1527353
record p=3069047 q=3753287 N=11519014207489 n=44 value=1534523
record p=3083303 q=4563863 N=14071772479489 n=44 value=1541651
record p=3087923 q=5311739 N=16402241028097 n=44 value=1543961
record p=3088607 q=6069023 N=18744826920961 n=45 value=1544303
record p=3092723 q=5204027 N=16094613995521 n=44 value=1546361
record p=3096047 q=4821263 N=14926856847361 n=44 value=1548023
record p=3096323 q=4629419 N=14334176526337 n=44 value=1548161
record p=3096623 q=5637839 N=17458261917697 n=44 value=1548311
record p=3101999 q=5116367 N=15870965317633 n=44 value=1550999
record p=3138767 q=3580463 N=11238239109121 n=44 value=1569383
record p=3158339 q=5235563 N=16535682809857 n=44 value=1579169
record p=3159323 q=3677459 N=11618280800257 n=44 value=1579661
record p=3164003 q=3895883 N=12326585499649 n=44 value=1582001
record p=3172847 q=4842767 N=15365358747649 n=44 value=1586423
record p=3175763 q=6264539 N=19894691168257 n=45 value=1587881
record p=3183179 q=4859747 N=15469444595713 n=44 value=1591589
record p=3188723 q=4671803 N=14897085677569 n=44 value=1594361
record p=3211499 q=3778499 N=12134645760001 n=44 value=1605749
record p=3223919 q=4803983 N=15487652069377 n=44 value=1611959
record p=3259667 q=5739803 N=18709846425601 n=45 value=1629833
record p=3260639 q=4324127 N=14099417137153 n=44 value=1630319
record p=3273899 q=4875779 N=15962807992321 n=44 value=1636949
record p=3278699 q=6221123 N=20397189758977 n=45 value=1639349
record p=3280703 q=5333183 N=17496589467649 n=44 value=1640351
record p=3286139 q=3414707 N=11221201846273 n=44 value=1643069
record p=3296999 q=3597527 N=11861042921473 n=44 value=1648499
record p=3298259 q=3570779 N=11777353973761 n=44 value=1649129
record p=3302603 q=4055267 N=13392936960001 n=44 value=1651301
record p=3305999 q=5520623 N=18251174117377 n=45 value=1652999
record p=3308939 q=5325347 N=17621248376833 n=45 value=1654469
record p=3313139 q=4117307 N=13641210396673 n=44 value=1656569
record p=3324983 q=6142343 N=20423186055169 n=45 value=1662491
record p=3326363 q=5749907 N=19126277898241 n=45 value=1663181
record p=3328427 q=5368067 N=17867219140609 n=45 value=1664213
record p=3336779 q=6229859 N=20787662684161 n=45 value=1668389
record p=3342299 q=4777043 N=15966306041857 n=44 value=1671149
record p=3342959 q=5938319 N=19851556945921 n=45 value=1671479
record p=3344267 q=5302307 N=17732330323969 n=45 value=1672133
record p=3349103 q=6128783 N=20525925531649 n=45 value=1674551
record p=3349439 q=5166143 N=17303680843777 n=44 value=1674719
record p=3367907 q=4782539 N=16107146575873 n=44 value=1683953
record p=3379127 q=4029959 N=13617743265793 n=44 value=1689563
record p=3393623 q=6136679 N=20825574998017 n=45 value=1696811
record p=3394043 q=6019379 N=20430031159297 n=45 value=1697021
record p=3401759 q=6394847 N=21753728335873 n=45 value=1700879
record p=3411839 q=3911807 N=13346455683073 n=44 value=1705919
record p=3414227 q=6029147 N=20584876474369 n=45 value=1707113
record p=3441059 q=5945867 N=20460079153153 n=45 value=1720529
record p=3452567 q=3518759 N=12148751204353 n=44 value=1726283
record p=3463259 q=3971027 N=13752694996993 n=44 value=1731629
record p=3474623 q=4746047 N=16490724065281 n=44 value=1737311
record p=3481007 q=5658959 N=19698875891713 n=45 value=1740503
record p=3496343 q=4372007 N=15286036070401 n=44 value=1748171
record p=3498119 q=3499319 N=12241034280961 n=44 value=1749059
record p=3498359 q=6015047 N=21042793807873 n=45 value=1749179
record p=3508523 q=5959043 N=20907439423489 n=45 value=1754261
record p=3524099 q=4822187 N=16993864384513 n=44 value=1762049
record p=3524699 q=5384147 N=18977497546753 n=45 value=1762349
record p=3534467 q=3690539 N=13044088307713 n=44 value=1767233
record p=3540203 q=4359107 N=15432123678721 n=44 value=1770101
record p=3548639 q=5756447 N=20427552325633 n=45 value=1774319
record p=3550259 q=4763387 N=16911257567233 n=44 value=1775129
record p=3552047 q=5895119 N=20939739758593 n=45 value=1776023
record p=3552203 q=3922403 N=13933171703809 n=44 value=1776101
record p=3552707 q=3695339 N=13128456732673 n=44 value=1776353
record p=3564923 q=5747123 N=20488050966529 n=45 value=1782461
record p=3569939 q=4471067 N=15961436454913 n=44 value=1784969
record p=3574127 q=6223247 N=22242675130369 n=45 value=1787063
record p=3582263 q=4938887 N=17692392161281 n=45 value=1791131
record p=3587687 q=4947287 N=17749317255169 n=45 value=1793843
record p=3590759 q=5288279 N=18988935413761 n=45 value=1795379
record p=3591767 q=5373287 N=19299594928129 n=45 value=1795883
record p=3594299 q=4604147 N=16548680957953 n=44 value=1797149
record p=3614747 q=6582803 N=23795167395841 n=45 value=1807373
record p=3626087 q=5277527 N=19136772046849 n=45 value=1813043
record p=3633347 q=4112363 N=14941641768961 n=44 value=1816673
record p=3635987 q=6653723 N=24192850329601 n=45 value=1817993
record p=3636539 q=5133299 N=18667442012161 n=45 value=1818269
record p=3643799 q=6583847 N=23990215114753 n=45 value=1821899
record p=3645563 q=6766259 N=24666823458817 n=45 value=1822781
record p=3656483 q=5094539 N=18628095246337 n=45 value=1828241
record p=3664679 q=3724439 N=13648873390081 n=44 value=1832339
record p=3669647 q=5070959 N=18608629481473 n=45 value=1834823
record p=3682859 q=5569667 N=20512298237953 n=45 value=1841429
record p=3695183 q=4682927 N=17304272240641 n=44 value=1847591
record p=3700283 q=7140083 N=26420327743489 n=45 value=1850141
record p=3700847 q=5236367 N=19378993102849 n=45 value=1850423
record p=3707063 q=3886343 N=14406918340609 n=44 value=1853531
record p=3714587 q=4357139 N=16184971886593 n=44 value=1857293
record p=3725663 q=6931103 N=25822953996289 n=45 value=1862831
record p=3739103 q=5172767 N=19341508608001 n=45 value=1869551
record p=3739199 q=5759423 N=21535628722177 n=45 value=1869599
record p=3744263 q=6466487 N=24212228014081 n=45 value=1872131
record p=3754103 q=5968199 N=22405233770497 n=45 value=1877051
record p=3755783 q=7401143 N=27797087059969 n=45 value=1877891
record p=3761159 q=5294519 N=19913527787521 n=45 value=1880579
record p=3763043 q=6516299 N=24521113337857 n=45 value=1881521
record p=3773387 q=6650339 N=25094302728193 n=45 value=1886693
record p=3783047 q=5684279 N=21503894618113 n=45 value=1891523
record p=3797819 q=6974963 N=26489647005697 n=45 value=1898909
record p=3798407 q=6406199 N=24333351124993 n=45 value=1899203
record p=3814667 q=6352547 N=24232851406849 n=45 value=1907333
record p=3815363 q=5828843 N=22239151915009 n=45 value=1907681
record p=3819899 q=3943859 N=15065143050241 n=44 value=1909949
record p=3820319 q=4550879 N=17385809510401 n=44 value=1910159
record p=3821723 q=6624659 N=25317611667457 n=45 value=1910861
record p=3836387 q=6095819 N=23385920765953 n=45 value=1918193
record p=3853583 q=5931503 N=22857539125249 n=45 value=1926791
record p=3859139 q=5987819 N=23107825827841 n=45 value=1929569
record p=3873743 q=4983599 N=19305181741057 n=45 value=1936871
record p=3878003 q=4544699 N=17624356356097 n=45 value=1939001
record p=3882587 q=4964819 N=19276341706753 n=45 value=1941293
record p=3885767 q=7624439 N=29626793459713 n=45 value=1942883
record p=3886787 q=6377963 N=24789783674881 n=45 value=1943393
record p=3890759 q=4516727 N=17573496225793 n=44 value=1945379
record p=3893243 q=5212979 N=20295394000897 n=45 value=1946621
record p=3899243 q=4568387 N=17813251031041 n=45 value=1949621
record p=3899339 q=7679459 N=29944813977601 n=45 value=1949669
record p=3916667 q=5088179 N=19928702779393 n=45 value=1958333
record p=3919247 q=7254383 N=28431718809601 n=45 value=1959623
record p=3930887 q=6980279 N=27438687977473 n=45 value=1965443
record p=3944483 q=5635979 N=22231023353857 n=45 value=1972241
record p=3950327 q=6183623 N=24427332894721 n=45 value=1975163
record p=3950603 q=5374883 N=21234028904449 n=45 value=1975301
record p=3967487 q=6256127 N=24821102542849 n=45 value=1983743
record p=3971879 q=7939223 N=31533633110017 n=45 value=1985939
record p=3972119 q=5659559 N=22480441835521 n=45 value=1986059
record p=3977243 q=7842323 N=31190824255489 n=45 value=1988621
record p=3978167 q=6134279 N=24403186286593 n=45 value=1989083
record p=3979427 q=7846667 N=31225238519809 n=45 value=1989713
record p=3983999 q=7665023 N=30537443966977 n=45 value=1991999
record p=3997979 q=7631123 N=30509069500417 n=45 value=1998989
record p=4001147 q=5163443 N=20659694469121 n=45 value=2000573
record p=4013783 q=5805287 N=23301162270721 n=45 value=2006891
record p=4022483 q=5371739 N=21607728807937 n=45 value=2011241
record p=4025507 q=6989579 N=28136599191553 n=45 value=2012753
record p=4031219 q=4351547 N=17542038945793 n=44 value=2015609
record p=4032947 q=7097723 N=28624740679681 n=45 value=2016473
record p=4037543 q=6380567 N=25761813626881 n=45 value=2018771
record p=4038803 q=5799323 N=23422323130369 n=45 value=2019401
record p=4043087 q=4113839 N=16632608980993 n=44 value=2021543
record p=4044779 q=6600899 N=26699177656321 n=45 value=2022389
record p=4045103 q=5647823 N=22846025760769 n=45 value=2022551
record p=4045127 q=6955127 N=28134372016129 n=45 value=2022563
record p=4048103 q=7147223 N=28932694867969 n=45 value=2024051
record p=4053059 q=5452907 N=22100953792513 n=45 value=2026529
record p=4053779 q=4073243 N=16512026935297 n=44 value=2026889
record p=4060139 q=4496579 N=18256735764481 n=45 value=2030069
record p=4060487 q=6497399 N=26382604173313 n=45 value=2030243
record p=4070867 q=7946843 N=32350540922881 n=45 value=2035433
record p=4084079 q=6303119 N=25742435942401 n=45 value=2042039
record p=4105763 q=6961547 N=28582462095361 n=45 value=2052881
record p=4116527 q=4224719 N=17391169830913 n=44 value=2058263
record p=4123907 q=8185259 N=33755246886913 n=45 value=2061953
record p=4123943 q=8106647 N=33431350149121 n=45 value=2061971
record p=4124327 q=7067927 N=29150442160129 n=45 value=2062163
record p=4132067 q=6199499 N=25616745234433 n=45 value=2066033
record p=4136303 q=6349199 N=26262210871297 n=45 value=2068151
record p=4137047 q=5491559 N=22718837686273 n=45 value=2068523
record p=4138847 q=4256927 N=17618769543169 n=45 value=2069423
record p=4145567 q=5479007 N=22713590611969 n=45 value=2072783
record p=4151879 q=7745399 N=32157959454721 n=45 value=2075939
record p=4153223 q=6567479 N=27276204834817 n=45 value=2076611
record p=4153979 q=7548083 N=31354578272257 n=45 value=2076989
record p=4159523 q=6354827 N=26433049067521 n=45 value=2079761
record p=4164299 q=7604963 N=31669339815937 n=45 value=2082149
record p=4172699 q=4178579 N=17435952414721 n=44 value=2086349
record p=4177703 q=5226647 N=21835378851841 n=45 value=2088851
record p=4183031 q=4906439 N=20523786436609 n=45 value=2091515
record p=4186823 q=5258999 N=22018497970177 n=45 value=2093411
record p=4190987 q=4243619 N=17784952061953 n=45 value=2095493
TOP20
p=4190987 q=4243619 N=17784952061953 n=45 d=2 sp=2095493(2095493) sq=2121809(2121809) residuals=K:(2095493,2121809),R:(2095493,2121809),C:(2095493,2121809),KR:(2095493,2121809),KC:(2095493,2121809),RC:(2095493,2121809),KRC:(2095493,2121809) hits=p{2095493:K[]R[]C[]};q{2121809:K[]R[]C[]}
p=4186823 q=5258999 N=22018497970177 n=45 d=2 sp=2093411(2093411) sq=2629499(2629499) residuals=K:(2093411,2629499),R:(2093411,2629499),C:(2093411,2629499),KR:(2093411,2629499),KC:(2093411,2629499),RC:(2093411,2629499),KRC:(2093411,2629499) hits=p{2093411:K[]R[]C[]};q{2629499:K[]R[]C[]}
p=4183031 q=4906439 N=20523786436609 n=45 d=2 sp=2091515(5*418303) sq=2453219(17*144307) residuals=K:(2091515,2453219),R:(2091515,2453219),C:(418303,144307),KR:(2091515,2453219),KC:(418303,144307),RC:(418303,144307),KRC:(418303,144307) hits=p{5:K[]R[]C[25,32,36,40],418303:K[]R[]C[]};q{17:K[]R[]C[25],144307:K[]R[]C[]}
p=4177703 q=5226647 N=21835378851841 n=45 d=2 sp=2088851(881*2371) sq=2613323(2613323) residuals=K:(2088851,2613323),R:(2088851,2613323),C:(2088851,2613323),KR:(2088851,2613323),KC:(2088851,2613323),RC:(2088851,2613323),KRC:(2088851,2613323) hits=p{881:K[]R[]C[],2371:K[]R[]C[]};q{2613323:K[]R[]C[]}
p=4172699 q=4178579 N=17435952414721 n=44 d=2 sp=2086349(2086349) sq=2089289(571*3659) residuals=K:(2086349,2089289),R:(2086349,2089289),C:(2086349,2089289),KR:(2086349,2089289),KC:(2086349,2089289),RC:(2086349,2089289),KRC:(2086349,2089289) hits=p{2086349:K[]R[]C[]};q{571:K[]R[]C[],3659:K[]R[]C[]}
p=4164299 q=7604963 N=31669339815937 n=45 d=2 sp=2082149(1433*1453) sq=3802481(3802481) residuals=K:(2082149,3802481),R:(2082149,3802481),C:(2082149,3802481),KR:(2082149,3802481),KC:(2082149,3802481),RC:(2082149,3802481),KRC:(2082149,3802481) hits=p{1433:K[]R[]C[],1453:K[]R[]C[]};q{3802481:K[]R[]C[]}
p=4159523 q=6354827 N=26433049067521 n=45 d=2 sp=2079761(2079761) sq=3177413(127^2*197) residuals=K:(2079761,3177413),R:(2079761,3177413),C:(2079761,3177413),KR:(2079761,3177413),KC:(2079761,3177413),RC:(2079761,3177413),KRC:(2079761,3177413) hits=p{2079761:K[]R[]C[]};q{127:K[]R[]C[],197:K[]R[]C[]}
p=4153979 q=7548083 N=31354578272257 n=45 d=2 sp=2076989(61*79*431) sq=3774041(479*7879) residuals=K:(2076989,3774041),R:(2076989,3774041),C:(2076989,3774041),KR:(2076989,3774041),KC:(2076989,3774041),RC:(2076989,3774041),KRC:(2076989,3774041) hits=p{61:K[]R[]C[],79:K[]R[]C[],431:K[]R[]C[]};q{479:K[]R[]C[],7879:K[]R[]C[]}
p=4153223 q=6567479 N=27276204834817 n=45 d=2 sp=2076611(2076611) sq=3283739(811*4049) residuals=K:(2076611,3283739),R:(2076611,3283739),C:(2076611,3283739),KR:(2076611,3283739),KC:(2076611,3283739),RC:(2076611,3283739),KRC:(2076611,3283739) hits=p{2076611:K[]R[]C[]};q{811:K[]R[]C[],4049:K[]R[]C[]}
p=4151879 q=7745399 N=32157959454721 n=45 d=2 sp=2075939(557*3727) sq=3872699(1013*3823) residuals=K:(2075939,3872699),R:(2075939,3872699),C:(2075939,3872699),KR:(2075939,3872699),KC:(2075939,3872699),RC:(2075939,3872699),KRC:(2075939,3872699) hits=p{557:K[]R[]C[],3727:K[]R[]C[]};q{1013:K[]R[]C[],3823:K[]R[]C[]}
p=4145567 q=5479007 N=22713590611969 n=45 d=2 sp=2072783(23*90121) sq=2739503(13*210731) residuals=K:(2072783,2739503),R:(2072783,2739503),C:(2072783,210731),KR:(2072783,2739503),KC:(2072783,210731),RC:(2072783,210731),KRC:(2072783,210731) hits=p{23:K[]R[]C[],90121:K[]R[]C[]};q{13:K[]R[]C[30,31],210731:K[]R[]C[]}
p=4138847 q=4256927 N=17618769543169 n=45 d=2 sp=2069423(19*108917) sq=2128463(2128463) residuals=K:(2069423,2128463),R:(2069423,2128463),C:(2069423,2128463),KR:(2069423,2128463),KC:(2069423,2128463),RC:(2069423,2128463),KRC:(2069423,2128463) hits=p{19:K[]R[]C[],108917:K[]R[]C[]};q{2128463:K[]R[]C[]}
p=4137047 q=5491559 N=22718837686273 n=45 d=2 sp=2068523(349*5927) sq=2745779(97*28307) residuals=K:(2068523,2745779),R:(2068523,2745779),C:(2068523,2745779),KR:(2068523,2745779),KC:(2068523,2745779),RC:(2068523,2745779),KRC:(2068523,2745779) hits=p{349:K[]R[]C[],5927:K[]R[]C[]};q{97:K[]R[]C[],28307:K[]R[]C[]}
p=4136303 q=6349199 N=26262210871297 n=45 d=2 sp=2068151(2068151) sq=3174599(3174599) residuals=K:(2068151,3174599),R:(2068151,3174599),C:(2068151,3174599),KR:(2068151,3174599),KC:(2068151,3174599),RC:(2068151,3174599),KRC:(2068151,3174599) hits=p{2068151:K[]R[]C[]};q{3174599:K[]R[]C[]}
p=4132067 q=6199499 N=25616745234433 n=45 d=2 sp=2066033(2066033) sq=3099749(37*83777) residuals=K:(2066033,3099749),R:(2066033,3099749),C:(2066033,3099749),KR:(2066033,3099749),KC:(2066033,3099749),RC:(2066033,3099749),KRC:(2066033,3099749) hits=p{2066033:K[]R[]C[]};q{37:K[]R[]C[],83777:K[]R[]C[]}
p=4124327 q=7067927 N=29150442160129 n=45 d=2 sp=2062163(103*20021) sq=3533963(3533963) residuals=K:(2062163,3533963),R:(2062163,3533963),C:(2062163,3533963),KR:(2062163,3533963),KC:(2062163,3533963),RC:(2062163,3533963),KRC:(2062163,3533963) hits=p{103:K[]R[]C[],20021:K[]R[]C[]};q{3533963:K[]R[]C[]}
p=4123943 q=8106647 N=33431350149121 n=45 d=2 sp=2061971(2061971) sq=4053323(4053323) residuals=K:(2061971,4053323),R:(2061971,4053323),C:(2061971,4053323),KR:(2061971,4053323),KC:(2061971,4053323),RC:(2061971,4053323),KRC:(2061971,4053323) hits=p{2061971:K[]R[]C[]};q{4053323:K[]R[]C[]}
p=4123907 q=8185259 N=33755246886913 n=45 d=2 sp=2061953(109*18917) sq=4092629(4092629) residuals=K:(2061953,4092629),R:(2061953,4092629),C:(2061953,4092629),KR:(2061953,4092629),KC:(2061953,4092629),RC:(2061953,4092629),KRC:(2061953,4092629) hits=p{109:K[]R[]C[],18917:K[]R[]C[]};q{4092629:K[]R[]C[]}
p=4116527 q=4224719 N=17391169830913 n=44 d=2 sp=2058263(479*4297) sq=2112359(1129*1871) residuals=K:(2058263,2112359),R:(2058263,2112359),C:(2058263,2112359),KR:(2058263,2112359),KC:(2058263,2112359),RC:(2058263,2112359),KRC:(2058263,2112359) hits=p{479:K[]R[]C[],4297:K[]R[]C[]};q{1129:K[]R[]C[],1871:K[]R[]C[]}
p=4105763 q=6961547 N=28582462095361 n=45 d=2 sp=2052881(29^2*2441) sq=3480773(31*47*2389) residuals=K:(2052881,3480773),R:(2052881,3480773),C:(2052881,74059),KR:(2052881,3480773),KC:(2052881,74059),RC:(2052881,74059),KRC:(2052881,74059) hits=p{29:K[]R[]C[],2441:K[]R[]C[]};q{31:K[]R[]C[],47:K[]R[]C[24,25,26,27,28,29],2389:K[]R[]C[]}
MENU KC MAX 2095493 COUNTS one=1806 le_n=2690 le_n2=12168 le_n3=28467
MAX_BY_N 8:1 11:1 12:13 13:1 14:1 15:25 16:49 17:73 18:1 19:71 20:199 21:73 22:193 23:403 24:1733 25:1093 26:3329 27:4055 28:3541 29:3667 30:12203 31:17939 32:24551 33:42233 34:60383 35:88079 36:116969 37:177323 38:259613 39:368843 40:463889 41:715961 42:1017983 43:1461749 44:2086349 45:2095493
RECORDS 734
record p=11 q=19 N=209 n=8 value=1
record p=47 q=79 N=3713 n=12 value=13
record p=151 q=167 N=25217 n=15 value=25
record p=197 q=269 N=52993 n=16 value=49
record p=263 q=439 N=115457 n=17 value=73
record p=647 q=823 N=532481 n=20 value=137
record p=797 q=821 N=654337 n=20 value=199
record p=1613 q=2693 N=4343809 n=23 value=403
record p=2767 q=3119 N=8630273 n=24 value=461
record p=2803 q=3643 N=10211329 n=24 value=467
record p=3463 q=6199 N=21467137 n=25 value=577
record p=3467 q=4643 N=16097281 n=24 value=1733
record p=5927 q=10391 N=61587457 n=26 value=2963
record p=6659 q=8363 N=55689217 n=26 value=3329
record p=7643 q=13907 N=106291201 n=27 value=3821
record p=7703 q=14759 N=113688577 n=27 value=3851
record p=8111 q=14159 N=114843649 n=27 value=4055
record p=18143 q=29983 N=543981569 n=30 value=4997
record p=19583 q=29567 N=579010561 n=30 value=9791
record p=19763 q=30203 N=596901889 n=30 value=9881
record p=22619 q=38867 N=879132673 n=30 value=11309
record p=23603 q=32507 N=767262721 n=30 value=11801
record p=23687 q=43319 N=1026097153 n=30 value=11843
record p=24407 q=31847 N=777289729 n=30 value=12203
record p=31079 q=37463 N=1164312577 n=31 value=15539
record p=31259 q=53267 N=1665073153 n=31 value=15629
record p=35027 q=69467 N=2433220609 n=32 value=17513
record p=35879 q=41879 N=1502576641 n=31 value=17939
record p=41579 q=64067 N=2663841793 n=32 value=20789
record p=44207 q=76367 N=3375955969 n=32 value=22103
record p=47639 q=73127 N=3483697153 n=32 value=23819
record p=49103 q=59183 N=2906062849 n=32 value=24551
record p=55103 q=104639 N=5765922817 n=33 value=27551
record p=58907 q=99347 N=5852233729 n=33 value=29453
record p=61967 q=113903 N=7058227201 n=33 value=30983
record p=63587 q=84299 N=5360320513 n=33 value=31793
record p=65951 q=121439 N=8009023489 n=33 value=32975
record p=66239 q=93503 N=6193545217 n=33 value=33119
record p=67979 q=87587 N=5954076673 n=33 value=33989
record p=68099 q=94379 N=6427115521 n=33 value=34049
record p=70163 q=100379 N=7042891777 n=33 value=35081
record p=71963 q=104723 N=7536181249 n=33 value=35981
record p=72383 q=87359 N=6323306497 n=33 value=36191
record p=79427 q=149099 N=11842486273 n=34 value=39713
record p=80603 q=143699 N=11582570497 n=34 value=40301
record p=82727 q=130199 N=10770972673 n=34 value=41363
record p=84263 q=104087 N=8770682881 n=34 value=42131
record p=84467 q=96059 N=8113815553 n=33 value=42233
record p=91199 q=166847 N=15216279553 n=34 value=45599
record p=94583 q=178247 N=16859136001 n=34 value=47291
record p=101747 q=155579 N=15829696513 n=34 value=50873
record p=108503 q=211943 N=22996451329 n=35 value=54251
record p=111467 q=123203 N=13733068801 n=34 value=55733
record p=111863 q=216263 N=24191827969 n=35 value=55931
record p=113159 q=168887 N=19111084033 n=35 value=56579
record p=113567 q=172127 N=19547947009 n=35 value=56783
record p=115763 q=186107 N=21544304641 n=35 value=57881
record p=120767 q=137279 N=16578772993 n=34 value=60383
record p=121883 q=171539 N=20907687937 n=35 value=60941
record p=123923 q=230939 N=28618653697 n=35 value=61961
record p=128483 q=194507 N=24990842881 n=35 value=64241
record p=130223 q=186959 N=24346361857 n=35 value=65111
record p=130619 q=142067 N=18556649473 n=35 value=65309
record p=132527 q=160079 N=21214789633 n=35 value=66263
record p=133403 q=141587 N=18888130561 n=35 value=66701
record p=136163 q=248267 N=33804779521 n=35 value=68081
record p=141707 q=210467 N=29824647169 n=35 value=70853
record p=143567 q=185903 N=26689536001 n=35 value=71783
record p=153107 q=189467 N=29008723969 n=35 value=76553
record p=163127 q=247943 N=40446197761 n=36 value=81563
record p=164999 q=196919 N=32491438081 n=35 value=82499
record p=170123 q=200483 N=34106769409 n=35 value=85061
record p=172427 q=327203 N=56418631681 n=36 value=86213
record p=173039 q=322319 N=55773757441 n=36 value=86519
record p=175979 q=329027 N=57901842433 n=36 value=87989
record p=176159 q=183263 N=32283426817 n=35 value=88079
record p=188687 q=257519 N=48590487553 n=36 value=94343
record p=193847 q=315527 N=61163962369 n=36 value=96923
record p=203843 q=331883 N=67652026369 n=36 value=101921
record p=215687 q=219959 N=47442296833 n=36 value=107843
record p=216947 q=224699 N=48747773953 n=36 value=108473
record p=217319 q=312023 N=67808526337 n=36 value=108659
record p=218279 q=332567 N=72592392193 n=37 value=109139
record p=221807 q=408719 N=90656735233 n=37 value=110903
record p=222059 q=307523 N=68288249857 n=36 value=111029
record p=227567 q=439823 N=100089200641 n=37 value=113783
record p=233939 q=257627 N=60269002753 n=36 value=116969
record p=250199 q=371303 N=92899639297 n=37 value=125099
record p=250787 q=325643 N=81667031041 n=37 value=125393
record p=255467 q=400067 N=102203916289 n=37 value=127733
record p=260483 q=384299 N=100103356417 n=37 value=130241
record p=261323 q=362723 N=94787862529 n=37 value=130661
record p=263519 q=366239 N=96510935041 n=37 value=131759
record p=271703 q=300647 N=81686691841 n=37 value=135851
record p=273719 q=333959 N=91410923521 n=37 value=136859
record p=274943 q=511487 N=140629770241 n=38 value=137471
record p=276359 q=515639 N=142501478401 n=38 value=138179
record p=278879 q=547487 N=152682627073 n=38 value=139439
record p=281627 q=306707 N=86376972289 n=37 value=140813
record p=286163 q=328283 N=93942448129 n=37 value=143081
record p=287867 q=514739 N=148176371713 n=38 value=143933
record p=291287 q=397799 N=115873677313 n=37 value=145643
record p=298427 q=339827 N=101413552129 n=37 value=149213
record p=312407 q=419687 N=131113156609 n=37 value=156203
record p=319679 q=429887 N=137425846273 n=37 value=159839
record p=333923 q=403787 N=134833766401 n=37 value=166961
record p=335507 q=569243 N=190985011201 n=38 value=167753
record p=347003 q=449459 N=155963621377 n=38 value=173501
record p=348527 q=601487 N=209634459649 n=38 value=174263
record p=349379 q=588779 N=205707018241 n=38 value=174689
record p=350459 q=455219 N=159535595521 n=38 value=175229
record p=354647 q=365159 N=129502543873 n=37 value=177323
record p=381047 q=592199 N=225655652353 n=38 value=190523
record p=395027 q=580379 N=229265375233 n=38 value=197513
record p=398339 q=538283 N=214419111937 n=38 value=199169
record p=398459 q=699059 N=278546350081 n=39 value=199229
record p=398759 q=606743 N=241944231937 n=38 value=199379
record p=404267 q=473987 N=191617302529 n=38 value=202133
record p=405719 q=639719 N=259546152961 n=38 value=202859
record p=411683 q=567179 N=233497952257 n=38 value=205841
record p=418043 q=830003 N=346976944129 n=39 value=209021
record p=422243 q=432203 N=182494691329 n=38 value=211121
record p=430007 q=687623 N=295682703361 n=39 value=215003
record p=435143 q=667127 N=290295644161 n=39 value=217571
record p=438143 q=594047 N=260277534721 n=38 value=219071
record p=442319 q=649007 N=287068127233 n=39 value=221159
record p=445619 q=836219 N=372635074561 n=39 value=222809
record p=445883 q=585587 N=261103288321 n=38 value=222941
record p=446003 q=580859 N=259064856577 n=38 value=223001
record p=447779 q=524939 N=235056660481 n=38 value=223889
record p=448667 q=609683 N=273544642561 n=38 value=224333
record p=448859 q=896723 N=402502189057 n=39 value=224429
record p=456647 q=498167 N=227486466049 n=38 value=228323
record p=465419 q=860579 N=400529817601 n=39 value=232709
record p=479387 q=529811 N=253984505857 n=38 value=239693
record p=482507 q=731363 N=352887767041 n=39 value=241253
record p=499559 q=527447 N=263490895873 n=38 value=249779
record p=505607 q=919223 N=464765583361 n=39 value=252803
record p=508919 q=912839 N=464561111041 n=39 value=254459
record p=513203 q=719483 N=369240834049 n=39 value=256601
record p=519227 q=527603 N=273945722881 n=38 value=259613
record p=533447 q=568823 N=303436922881 n=39 value=266723
record p=537743 q=682607 N=367067136001 n=39 value=268871
record p=540347 q=743027 N=401492410369 n=39 value=270173
record p=542999 q=622247 N=337879498753 n=39 value=271499
record p=544007 q=757943 N=412326297601 n=39 value=272003
record p=545579 q=775043 N=422847184897 n=39 value=272789
record p=547139 q=719723 N=393788522497 n=39 value=273569
record p=551099 q=892019 N=491590778881 n=39 value=275549
record p=552887 q=957959 N=529643077633 n=39 value=276443
record p=555683 q=592139 N=329041575937 n=39 value=277841
record p=557087 q=981983 N=547049963521 n=39 value=278543
record p=557927 q=714839 N=398827978753 n=39 value=278963
record p=559523 q=717323 N=401358716929 n=39 value=279761
record p=563183 q=620303 N=349344104449 n=39 value=281591
record p=568187 q=818099 N=464833216513 n=39 value=284093
record p=568907 q=666467 N=379157741569 n=39 value=284453
record p=575987 q=587579 N=338437865473 n=39 value=287993
record p=580487 q=653879 N=379568259073 n=39 value=290243
record p=585023 q=754367 N=441322045441 n=39 value=292511
record p=593519 q=921743 N=547071983617 n=39 value=296759
record p=597803 q=1091459 N=652477464577 n=40 value=298901
record p=601379 q=813707 N=489346301953 n=39 value=300689
record p=607967 q=783647 N=476431515649 n=39 value=303983
record p=610619 q=614387 N=375156375553 n=39 value=305309
record p=616439 q=756167 N=466130829313 n=39 value=308219
record p=617447 q=686039 N=423592722433 n=39 value=308723
record p=621239 q=951047 N=590827487233 n=40 value=310619
record p=622607 q=880367 N=548122656769 n=39 value=311303
record p=632447 q=792959 N=501504540673 n=39 value=316223
record p=635567 q=713807 N=453672173569 n=39 value=317783
record p=637727 q=655583 N=418082979841 n=39 value=318863
record p=640247 q=670919 N=429553876993 n=39 value=320123
record p=642779 q=1277267 N=821000404993 n=40 value=321389
record p=650627 q=952619 N=619799642113 n=40 value=325313
record p=658079 q=954719 N=628280524801 n=40 value=329039
record p=666683 q=773363 N=515587964929 n=39 value=333341
record p=669107 q=754043 N=504535449601 n=39 value=334553
record p=670379 q=782339 N=524463636481 n=39 value=335189
record p=688979 q=702683 N=484133830657 n=39 value=344489
record p=689279 q=1129343 N=778432413697 n=40 value=344639
record p=693167 q=828239 N=574107942913 n=40 value=346583
record p=694319 q=1158863 N=804620599297 n=40 value=347159
record p=700079 q=747599 N=523378360321 n=39 value=350039
record p=704303 q=1370063 N=964939481089 n=40 value=352151
record p=706943 q=718463 N=507912388609 n=39 value=353471
record p=714719 q=1020959 N=729698795521 n=40 value=357359
record p=720779 q=995363 N=717436747777 n=40 value=360389
record p=722027 q=1017923 N=734967889921 n=40 value=361013
record p=722159 q=829967 N=599368138753 n=40 value=361079
record p=726107 q=785363 N=570257571841 n=40 value=363053
record p=726779 q=754739 N=548528455681 n=39 value=363389
record p=728627 q=1379579 N=1005198508033 n=40 value=364313
record p=731483 q=1105619 N=808741502977 n=40 value=365741
record p=737687 q=740903 N=546554511361 n=39 value=368843
record p=743159 q=1329863 N=988299657217 n=40 value=371579
record p=747107 q=936779 N=699874148353 n=40 value=373553
record p=749807 q=900623 N=675293429761 n=40 value=374903
record p=754907 q=1103699 N=833190100993 n=40 value=377453
record p=755759 q=1490639 N=1126563840001 n=41 value=377879
record p=759719 q=761879 N=578813952001 n=40 value=379859
record p=761459 q=865979 N=659407503361 n=40 value=380729
record p=766583 q=1165127 N=893166551041 n=40 value=383291
record p=770183 q=1115447 N=859098316801 n=40 value=385091
record p=776507 q=890867 N=691764461569 n=40 value=388253
record p=793139 q=1339643 N=1062523109377 n=40 value=396569
record p=811619 q=1388363 N=1126821789697 n=41 value=405809
record p=814043 q=890963 N=725282193409 n=40 value=407021
record p=814127 q=1333967 N=1086018551809 n=40 value=407063
record p=815159 q=935303 N=762420658177 n=40 value=407579
record p=817679 q=1127663 N=922066354177 n=40 value=408839
record p=825467 q=1279667 N=1056322879489 n=40 value=412733
record p=836183 q=1395047 N=1166514585601 n=41 value=418091
record p=837923 q=1289867 N=1080809226241 n=40 value=418961
record p=842747 q=1308467 N=1102706638849 n=41 value=421373
record p=845879 q=1002887 N=848321052673 n=40 value=422939
record p=871463 q=1270679 N=1107349733377 n=41 value=435731
record p=871679 q=1684223 N=1468101820417 n=41 value=435839
record p=886583 q=1367687 N=1212568043521 n=41 value=443291
record p=886979 q=1009643 N=895532138497 n=40 value=443489
record p=904823 q=1076039 N=973624836097 n=40 value=452411
record p=924383 q=1843487 N=1704088043521 n=41 value=462191
record p=927779 q=1034123 N=959437602817 n=40 value=463889
record p=932039 q=1509623 N=1407027511297 n=41 value=466019
record p=932567 q=1661159 N=1549142065153 n=41 value=466283
record p=934919 q=1436087 N=1342625021953 n=41 value=467459
record p=939119 q=1411727 N=1325779648513 n=41 value=469559
record p=945983 q=1376447 N=1302095462401 n=41 value=472991
record p=953507 q=1214219 N=1157766316033 n=41 value=476753
record p=954923 q=1809539 N=1727970410497 n=41 value=477461
record p=956843 q=1546499 N=1479756742657 n=41 value=478421
record p=956903 q=1796567 N=1719140352001 n=41 value=478451
record p=970967 q=1254119 N=1217708163073 n=41 value=485483
record p=972047 q=1931759 N=1877760540673 n=41 value=486023
record p=974147 q=1939307 N=1889170096129 n=41 value=487073
record p=977927 q=1884599 N=1843000246273 n=41 value=488963
record p=997247 q=1607807 N=1603380707329 n=41 value=498623
record p=997727 q=1794719 N=1790639603713 n=41 value=498863
record p=1005647 q=1621679 N=1630836621313 n=41 value=502823
record p=1008263 q=1295159 N=1305860898817 n=41 value=504131
record p=1011107 q=1125899 N=1138404360193 n=41 value=505553
record p=1011719 q=1113527 N=1126576422913 n=41 value=505859
record p=1017719 q=1147463 N=1167794896897 n=41 value=508859
record p=1023167 q=1692479 N=1731688660993 n=41 value=511583
record p=1025807 q=1337327 N=1371839397889 n=41 value=512903
record p=1028003 q=1440779 N=1481125134337 n=41 value=514001
record p=1032287 q=1219487 N=1258860576769 n=41 value=516143
record p=1034003 q=1907483 N=1972343144449 n=41 value=517001
record p=1034387 q=1873307 N=1937724407809 n=41 value=517193
record p=1037963 q=1138979 N=1182218059777 n=41 value=518981
record p=1057907 q=1908923 N=2019463004161 n=41 value=528953
record p=1059743 q=1978463 N=2096662315009 n=41 value=529871
record p=1063967 q=1064927 N=1133047185409 n=41 value=531983
record p=1077023 q=1985759 N=2138708115457 n=41 value=538511
record p=1077299 q=2099963 N=2262288039937 n=42 value=538649
record p=1077743 q=1236239 N=1332347928577 n=41 value=538871
record p=1079867 q=1724147 N=1861849448449 n=41 value=539933
record p=1079987 q=1885307 N=2036107051009 n=41 value=539993
record p=1084067 q=1145099 N=1241364037633 n=41 value=542033
record p=1089359 q=1906607 N=2076979494913 n=41 value=544679
record p=1112747 q=1519619 N=1690951483393 n=41 value=556373
record p=1115267 q=1206827 N=1345934327809 n=41 value=557633
record p=1117799 q=1322327 N=1478095798273 n=41 value=558899
record p=1122923 q=1538627 N=1727759646721 n=41 value=561461
record p=1123427 q=1211723 N=1361282334721 n=41 value=561713
record p=1124027 q=1191539 N=1339322007553 n=41 value=562013
record p=1128899 q=1474283 N=1664316604417 n=41 value=564449
record p=1134059 q=1929923 N=2188646547457 n=41 value=567029
record p=1138667 q=2085059 N=2374187876353 n=42 value=569333
record p=1147379 q=1244987 N=1428471939073 n=41 value=573689
record p=1163843 q=1251947 N=1457069752321 n=41 value=581921
record p=1166807 q=1340903 N=1564575006721 n=41 value=583403
record p=1167059 q=1554779 N=1814518824961 n=41 value=583529
record p=1167599 q=1269263 N=1481990209537 n=41 value=583799
record p=1174319 q=2177999 N=2557665607681 n=42 value=587159
record p=1190699 q=1260419 N=1500779642881 n=41 value=595349
record p=1192559 q=2190479 N=2612275445761 n=42 value=596279
record p=1200359 q=1688279 N=2026540892161 n=41 value=600179
record p=1200839 q=1756919 N=2109776855041 n=41 value=600419
record p=1207079 q=1463447 N=1766496141313 n=41 value=603539
record p=1207439 q=2175599 N=2626903080961 n=42 value=603719
record p=1214867 q=2030747 N=2467087515649 n=42 value=607433
record p=1219859 q=1684763 N=2055173308417 n=41 value=609929
record p=1221863 q=1715927 N=2096627712001 n=41 value=610931
record p=1227323 q=1969907 N=2417712168961 n=42 value=613661
record p=1230107 q=1772819 N=2180757061633 n=41 value=615053
record p=1233539 q=1936427 N=2388658225153 n=42 value=616769
record p=1244627 q=1532507 N=1907399589889 n=41 value=622313
record p=1248503 q=1537223 N=1919227527169 n=41 value=624251
record p=1249043 q=2429723 N=3034828505089 n=42 value=624521
record p=1250003 q=2037083 N=2546359861249 n=42 value=625001
record p=1254767 q=1956239 N=2454624141313 n=42 value=627383
record p=1259243 q=2277827 N=2868337704961 n=42 value=629621
record p=1263947 q=2029667 N=2565391515649 n=42 value=631973
record p=1264643 q=1490603 N=1885080649729 n=41 value=632321
record p=1271903 q=2159519 N=2746698694657 n=42 value=635951
record p=1272443 q=1434803 N=1825705033729 n=41 value=636221
record p=1280759 q=2119367 N=2714398359553 n=42 value=640379
record p=1281803 q=1524899 N=1954620112897 n=41 value=640901
record p=1284047 q=1969967 N=2529530216449 n=42 value=642023
record p=1285247 q=2106239 N=2707037356033 n=42 value=642623
record p=1286807 q=2489639 N=3203684892673 n=42 value=643403
record p=1291163 q=1604243 N=2071339204609 n=41 value=645581
record p=1310627 q=1846283 N=2419788349441 n=42 value=655313
record p=1320623 q=1896527 N=2504597176321 n=42 value=660311
record p=1321319 q=2089559 N=2760974008321 n=42 value=660659
record p=1323503 q=2563343 N=3392592150529 n=42 value=661751
record p=1325063 q=1684919 N=2232623824897 n=42 value=662531
record p=1334363 q=2192339 N=2925376045057 n=42 value=667181
record p=1344647 q=1376567 N=1850996686849 n=41 value=672323
record p=1346483 q=1514363 N=2039064035329 n=41 value=673241
record p=1347587 q=1481387 N=1996297863169 n=41 value=673793
record p=1361903 q=1787663 N=2434623602689 n=42 value=680951
record p=1370819 q=2332139 N=3196940451841 n=42 value=685409
record p=1370987 q=2550083 N=3496130641921 n=42 value=685493
record p=1378439 q=1391927 N=1918686461953 n=41 value=689219
record p=1381487 q=2542223 N=3512048025601 n=42 value=690743
record p=1398263 q=1571783 N=2197766012929 n=41 value=699131
record p=1398407 q=2330423 N=3258879836161 n=42 value=699203
record p=1400387 q=1531499 N=2144691290113 n=41 value=700193
record p=1401083 q=1419827 N=1989295472641 n=41 value=700541
record p=1416587 q=1909283 N=2704665477121 n=42 value=708293
record p=1417463 q=1515719 N=2148475600897 n=41 value=708731
record p=1422647 q=1446023 N=2057180282881 n=41 value=711323
record p=1431923 q=1504187 N=2153879961601 n=41 value=715961
record p=1434827 q=1990883 N=2856572682241 n=42 value=717413
record p=1436147 q=2676539 N=3843903455233 n=42 value=718073
record p=1440983 q=1619687 N=2333941432321 n=42 value=720491
record p=1450739 q=2803259 N=4066797158401 n=42 value=725369
record p=1452299 q=2251427 N=3269745180673 n=42 value=726149
record p=1460099 q=1605419 N=2344070676481 n=42 value=730049
record p=1461407 q=1822559 N=2663500480513 n=42 value=730703
record p=1462883 q=2801483 N=4098241855489 n=42 value=731441
record p=1482407 q=1648919 N=2444369068033 n=42 value=741203
record p=1503863 q=2787143 N=4191481233409 n=42 value=751931
record p=1518563 q=2847179 N=4323620683777 n=42 value=759281
record p=1521623 q=2141159 N=3258036781057 n=42 value=760811
record p=1527803 q=1532723 N=2341698797569 n=42 value=763901
record p=1529267 q=2843003 N=4347710668801 n=42 value=764633
record p=1529327 q=1865999 N=2853722652673 n=42 value=764663
record p=1544483 q=2303627 N=3557912739841 n=42 value=772241
record p=1554863 q=2178383 N=3387087126529 n=42 value=777431
record p=1555223 q=2829479 N=4400470818817 n=43 value=777611
record p=1559879 q=3001463 N=4681919102977 n=43 value=779939
record p=1566479 q=2369519 N=3711801753601 n=42 value=783239
record p=1579883 q=2242883 N=3543492722689 n=42 value=789941
record p=1584203 q=2833763 N=4489255845889 n=43 value=792101
record p=1585127 q=1930199 N=3059610550273 n=42 value=792563
record p=1590467 q=2198507 N=3496652832769 n=42 value=795233
record p=1592807 q=2389463 N=3805953392641 n=42 value=796403
record p=1597703 q=2309303 N=3689580331009 n=42 value=798851
record p=1621979 q=2958419 N=4798493491201 n=43 value=810989
record p=1623827 q=2890523 N=4693709291521 n=43 value=811913
record p=1625747 q=2129819 N=3462546849793 n=42 value=812873
record p=1636043 q=2637539 N=4315127218177 n=42 value=818021
record p=1637639 q=1826999 N=2991964815361 n=42 value=818819
record p=1651943 q=2268887 N=3748071997441 n=42 value=825971
record p=1654547 q=2515739 N=4162408415233 n=42 value=827273
record p=1654739 q=1994843 N=3300944510977 n=42 value=827369
record p=1662527 q=3117503 N=5182932910081 n=43 value=831263
record p=1669103 q=1873679 N=3127363239937 n=42 value=834551
record p=1691507 q=2682299 N=4537127534593 n=43 value=845753
record p=1691939 q=3335819 N=5644002263041 n=43 value=845969
record p=1693187 q=2229419 N=3774823268353 n=42 value=846593
record p=1696979 q=3150683 N=5346642886657 n=43 value=848489
record p=1699319 q=1762247 N=2994619809793 n=42 value=849659
record p=1700603 q=1722419 N=2929150918657 n=42 value=850301
record p=1709327 q=2767343 N=4730294108161 n=43 value=854663
record p=1712519 q=2741303 N=4694533472257 n=43 value=856259
record p=1719947 q=2472227 N=4252099411969 n=42 value=859973
record p=1720787 q=3194459 N=5496983519233 n=43 value=860393
record p=1724483 q=2129003 N=3671429480449 n=42 value=862241
record p=1738943 q=2942783 N=5117331898369 n=43 value=869471
record p=1743359 q=2188799 N=3815862435841 n=42 value=871679
record p=1747727 q=3466223 N=6058011525121 n=43 value=873863
record p=1759463 q=2407127 N=4235250892801 n=42 value=879731
record p=1769627 q=1893779 N=3351282450433 n=42 value=884813
record p=1777379 q=1906379 N=3388358000641 n=42 value=888689
record p=1778807 q=2487623 N=4425001205761 n=43 value=889403
record p=1780379 q=2337683 N=4161961721857 n=42 value=890189
record p=1782647 q=1807943 N=3222924165121 n=42 value=891323
record p=1782959 q=1876559 N=3345827758081 n=42 value=891479
record p=1812359 q=3501623 N=6346197958657 n=43 value=906179
record p=1833023 q=2357183 N=4320770654209 n=42 value=916511
record p=1839347 q=1935419 N=3559907131393 n=42 value=919673
record p=1840043 q=3034883 N=5584315219969 n=43 value=920021
record p=1848467 q=2165147 N=4002202779649 n=42 value=924233
record p=1850159 q=2681807 N=4961769357313 n=43 value=925079
record p=1856159 q=3295583 N=6117126045697 n=43 value=928079
record p=1856747 q=2208707 N=4101010096129 n=42 value=928373
record p=1858643 q=3557339 N=6611823230977 n=43 value=929321
record p=1886447 q=3106319 N=5859906158593 n=43 value=943223
record p=1890107 q=2222579 N=4200912125953 n=42 value=945053
record p=1896263 q=2886263 N=5473113735169 n=43 value=948131
record p=1897079 q=2393927 N=4541468639233 n=43 value=948539
record p=1899167 q=2072927 N=3936834551809 n=42 value=949583
record p=1909487 q=3427343 N=6544466903041 n=43 value=954743
record p=1914239 q=3443327 N=6591350833153 n=43 value=957119
record p=1918067 q=2425019 N=4651348918273 n=43 value=959033
record p=1929527 q=2561159 N=4941825441793 n=43 value=964763
record p=1935827 q=2930267 N=5672489975809 n=43 value=967913
record p=1950227 q=2250779 N=4389529976833 n=42 value=975113
record p=1950527 q=2337983 N=4560298967041 n=43 value=975263
record p=1953167 q=2929007 N=5720839815169 n=43 value=976583
record p=1956359 q=2651063 N=5186430959617 n=43 value=978179
record p=1962839 q=3057767 N=6001904320513 n=43 value=981419
record p=1972823 q=3502439 N=6909692215297 n=43 value=986411
record p=1976243 q=3858299 N=7624936390657 n=43 value=988121
record p=1977023 q=3294527 N=6513355653121 n=43 value=988511
record p=1982447 q=3723023 N=7380695777281 n=43 value=991223
record p=1990823 q=3229463 N=6429289218049 n=43 value=995411
record p=1990907 q=2402867 N=4783884730369 n=43 value=995453
record p=1994327 q=3431783 N=6844097495041 n=43 value=997163
record p=2000423 q=2918807 N=5838848655361 n=43 value=1000211
record p=2003819 q=2359619 N=4728249384961 n=43 value=1001909
record p=2005799 q=3613847 N=7248650698753 n=43 value=1002899
record p=2005943 q=2109959 N=4232457486337 n=42 value=1002971
record p=2006483 q=2933339 N=5885694836737 n=43 value=1003241
record p=2012663 q=2923463 N=5883945811969 n=43 value=1006331
record p=2023283 q=2252219 N=4556876414977 n=43 value=1011641
record p=2035967 q=2092799 N=4260869701633 n=42 value=1017983
record p=2050547 q=3045179 N=6244282662913 n=43 value=1025273
record p=2072363 q=3549059 N=7354938556417 n=43 value=1036181
record p=2078339 q=3328043 N=6916801560577 n=43 value=1039169
record p=2080763 q=4027187 N=8379621703681 n=43 value=1040381
record p=2089643 q=2164739 N=4523531698177 n=43 value=1044821
record p=2096687 q=3147983 N=6600335032321 n=43 value=1048343
record p=2106227 q=3717563 N=7830031564801 n=43 value=1053113
record p=2111303 q=2769527 N=5847310663681 n=43 value=1055651
record p=2112323 q=3713387 N=7843872768001 n=43 value=1056161
record p=2117903 q=4226543 N=8951408099329 n=44 value=1058951
record p=2120747 q=2720387 N=5769252569089 n=43 value=1060373
record p=2125463 q=2486567 N=5285106155521 n=43 value=1062731
record p=2130503 q=3180407 N=6775866654721 n=43 value=1065251
record p=2137979 q=3303347 N=7062486515713 n=43 value=1068989
record p=2146139 q=2185427 N=4690230116353 n=43 value=1073069
record p=2150543 q=2510447 N=5398824222721 n=43 value=1075271
record p=2159819 q=2543843 N=5494240444417 n=43 value=1079909
record p=2164619 q=3336227 N=7221660352513 n=43 value=1082309
record p=2167643 q=4252883 N=9218732064769 n=44 value=1083821
record p=2168303 q=2799887 N=6071003381761 n=43 value=1084151
record p=2177243 q=3146579 N=6850867101697 n=43 value=1088621
record p=2177507 q=3920843 N=8537663078401 n=43 value=1088753
record p=2180027 q=3606899 N=7863137206273 n=43 value=1090013
record p=2183543 q=2807879 N=6131124535297 n=43 value=1091771
record p=2187863 q=2795879 N=6117000216577 n=43 value=1093931
record p=2189939 q=2509499 N=5495649730561 n=43 value=1094969
record p=2190047 q=2937119 N=6432428654593 n=43 value=1095023
record p=2198783 q=3502847 N=7702000435201 n=43 value=1099391
record p=2213423 q=2834639 N=6274255159297 n=43 value=1106711
record p=2232827 q=3297587 N=7362941288449 n=43 value=1116413
record p=2242763 q=3566819 N=7999529680897 n=43 value=1121381
record p=2247143 q=3455447 N=7764883537921 n=43 value=1123571
record p=2253023 q=3758879 N=8468840841217 n=43 value=1126511
record p=2254223 q=2431343 N=5480789311489 n=43 value=1127111
record p=2256623 q=3964943 N=8947381567489 n=44 value=1128311
record p=2257247 q=4074143 N=9196347064321 n=44 value=1128623
record p=2258483 q=4027643 N=9096363245569 n=44 value=1129241
record p=2261219 q=3327179 N=7523480371201 n=43 value=1130609
record p=2264699 q=2433203 N=5510472400897 n=43 value=1132349
record p=2271923 q=3544187 N=8052119961601 n=43 value=1135961
record p=2272547 q=3074699 N=6987397988353 n=43 value=1136273
record p=2274599 q=3369623 N=7664541106177 n=43 value=1137299
record p=2275667 q=3797723 N=8642352906241 n=43 value=1137833
record p=2288207 q=3140783 N=7186761646081 n=43 value=1144103
record p=2292947 q=3586907 N=8224587644929 n=43 value=1146473
record p=2302043 q=2428883 N=5591393107969 n=43 value=1151021
record p=2304059 q=2453747 N=5653577859073 n=43 value=1152029
record p=2305463 q=2375687 N=5477058478081 n=43 value=1152731
record p=2316179 q=2514587 N=5824233603073 n=43 value=1158089
record p=2320247 q=3383879 N=7851435098113 n=43 value=1160123
record p=2333207 q=2702759 N=6306096218113 n=43 value=1166603
record p=2335079 q=4516439 N=10546241863681 n=44 value=1167539
record p=2336903 q=2399543 N=5607499235329 n=43 value=1168451
record p=2347523 q=4253867 N=9986050621441 n=44 value=1173761
record p=2352227 q=3521867 N=8284230647809 n=43 value=1176113
record p=2377007 q=3088847 N=7342210940929 n=43 value=1188503
record p=2380787 q=3243323 N=7721661235201 n=43 value=1190393
record p=2381147 q=2872019 N=6838699425793 n=43 value=1190573
record p=2384567 q=2628359 N=6267498135553 n=43 value=1192283
record p=2387003 q=2591987 N=6187080744961 n=43 value=1193501
record p=2390243 q=2657483 N=6352030138369 n=43 value=1195121
record p=2395103 q=3076127 N=7367641006081 n=43 value=1197551
record p=2402663 q=2581079 N=6201463013377 n=43 value=1201331
record p=2407883 q=2916323 N=7022164574209 n=43 value=1203941
record p=2408723 q=4796699 N=11553919205377 n=44 value=1204361
record p=2414507 q=2583299 N=6237393518593 n=43 value=1207253
record p=2416607 q=4430879 N=10707693207553 n=44 value=1208303
record p=2429579 q=2966819 N=7208121139201 n=43 value=1214789
record p=2431763 q=3729179 N=9068479512577 n=44 value=1215881
record p=2432447 q=2740799 N=6666848305153 n=43 value=1216223
record p=2434739 q=3405947 N=8292591992833 n=43 value=1217369
record p=2435519 q=3130943 N=7625471164417 n=43 value=1217759
record p=2436059 q=3594323 N=8755982893057 n=43 value=1218029
record p=2437847 q=4579559 N=11164264169473 n=44 value=1218923
record p=2440499 q=4785659 N=11679396003841 n=44 value=1220249
record p=2443619 q=3571787 N=8728086577153 n=43 value=1221809
record p=2445887 q=2727359 N=6670811922433 n=43 value=1222943
record p=2477159 q=3575639 N=8857426329601 n=44 value=1238579
record p=2480579 q=3071723 N=7619651567617 n=43 value=1240289
record p=2526299 q=4441043 N=11219402489857 n=44 value=1263149
record p=2535887 q=3323183 N=8427216568321 n=43 value=1267943
record p=2537219 q=5041067 N=12790290972673 n=44 value=1268609
record p=2540423 q=3117623 N=7920081174529 n=43 value=1270211
record p=2543459 q=2697803 N=6861751320577 n=43 value=1271729
record p=2560343 q=3566183 N=9130651680769 n=44 value=1280171
record p=2568023 q=3091559 N=7939194617857 n=43 value=1284011
record p=2573003 q=2659043 N=6841725616129 n=43 value=1286501
record p=2574203 q=2719667 N=7000974950401 n=43 value=1287101
record p=2577683 q=2735387 N=7050960568321 n=43 value=1288841
record p=2582627 q=5134667 N=13260929630209 n=44 value=1291313
record p=2589563 q=2876339 N=7448461049857 n=43 value=1294781
record p=2594939 q=4228787 N=10973444308993 n=44 value=1297469
record p=2598983 q=3375479 N=8772812537857 n=43 value=1299491
record p=2600867 q=3013643 N=7838084628481 n=43 value=1300433
record p=2607743 q=2749823 N=7170831679489 n=43 value=1303871
record p=2612123 q=4461203 N=11653210963969 n=44 value=1306061
record p=2612243 q=4869659 N=12720732635137 n=44 value=1306121
record p=2613839 q=2618543 N=6844449816577 n=43 value=1306919
record p=2617379 q=2637707 N=6903878909953 n=43 value=1308689
record p=2620259 q=4808267 N=12598904881153 n=44 value=1310129
record p=2626367 q=3235007 N=8496315629569 n=43 value=1313183
record p=2655623 q=3026999 N=8038568165377 n=43 value=1327811
record p=2665427 q=3269723 N=8715207966721 n=43 value=1332713
record p=2670923 q=3129443 N=8358501285889 n=43 value=1335461
record p=2677343 q=3801503 N=10177927446529 n=44 value=1338671
record p=2681423 q=2747567 N=7367389347841 n=43 value=1340711
record p=2682503 q=2914103 N=7817090039809 n=43 value=1341251
record p=2686667 q=3012323 N=8093108797441 n=43 value=1343333
record p=2694323 q=2814587 N=7583406489601 n=43 value=1347161
record p=2695607 q=5278727 N=14229373452289 n=44 value=1347803
record p=2704127 q=2997503 N=8105628794881 n=43 value=1352063
record p=2715983 q=3868079 N=10505636806657 n=44 value=1357991
record p=2728907 q=4254179 N=11609258852353 n=44 value=1364453
record p=2748059 q=2967443 N=8154708443137 n=43 value=1374029
record p=2762759 q=3196343 N=8830725390337 n=44 value=1381379
record p=2774867 q=3015899 N=8368718610433 n=43 value=1387433
record p=2776979 q=4757147 N=13210497318913 n=44 value=1388489
record p=2783687 q=3110903 N=8659780239361 n=43 value=1391843
record p=2788979 q=5228219 N=14581392998401 n=44 value=1394489
record p=2790923 q=4507043 N=12578809970689 n=44 value=1395461
record p=2793587 q=3736763 N=10438972538881 n=44 value=1396793
record p=2801339 q=5559923 N=15575229136897 n=44 value=1400669
record p=2820179 q=5274587 N=14875279491073 n=44 value=1410089
record p=2820899 q=5536907 N=15619055419393 n=44 value=1410449
record p=2830187 q=3179843 N=8999550320641 n=44 value=1415093
record p=2839547 q=4374323 N=12421095751681 n=44 value=1419773
record p=2850383 q=3070127 N=8751037808641 n=43 value=1425191
record p=2851799 q=4399079 N=12545289093121 n=44 value=1425899
record p=2855807 q=3681407 N=10513387880449 n=44 value=1427903
record p=2858699 q=3036899 N=8681580134401 n=43 value=1429349
record p=2860883 q=4797659 N=13725541072897 n=44 value=1430441
record p=2862947 q=4934219 N=14126407483393 n=44 value=1431473
record p=2863703 q=5069159 N=14516565835777 n=44 value=1431851
record p=2889839 q=5260943 N=15203278258177 n=44 value=1444919
record p=2894447 q=4617359 N=13364700905473 n=44 value=1447223
record p=2899907 q=3746027 N=10863129919489 n=44 value=1449953
record p=2902787 q=3078059 N=8934949650433 n=44 value=1451393
record p=2913083 q=5500403 N=16023130472449 n=44 value=1456541
record p=2915699 q=5697467 N=16612098834433 n=44 value=1457849
record p=2919479 q=3991943 N=11654393757697 n=44 value=1459739
record p=2920427 q=3350723 N=9785541918721 n=44 value=1460213
record p=2923499 q=2929859 N=8565439856641 n=43 value=1461749
record p=2944379 q=4450739 N=13104662446081 n=44 value=1472189
record p=2978699 q=3284003 N=9782056452097 n=44 value=1489349
record p=2983523 q=4008779 N=11960284348417 n=44 value=1491761
record p=3002459 q=5955539 N=17881261670401 n=45 value=1501229
record p=3018539 q=4470659 N=13494858547201 n=44 value=1509269
record p=3020399 q=5376143 N=16238096941057 n=44 value=1510199
record p=3020783 q=6027023 N=18206328619009 n=45 value=1510391
record p=3024767 q=5871743 N=17760654458881 n=45 value=1512383
record p=3025487 q=3976367 N=12030446665729 n=44 value=1512743
record p=3026423 q=5940167 N=17977458032641 n=45 value=1513211
record p=3029867 q=4921667 N=14911996428289 n=44 value=1514933
record p=3035939 q=3110027 N=9441852260353 n=44 value=1517969
record p=3043787 q=6040547 N=18386138431489 n=45 value=1521893
record p=3051947 q=4710659 N=14376681603073 n=44 value=1525973
record p=3069047 q=3753287 N=11519014207489 n=44 value=1534523
record p=3083303 q=4563863 N=14071772479489 n=44 value=1541651
record p=3087923 q=5311739 N=16402241028097 n=44 value=1543961
record p=3088607 q=6069023 N=18744826920961 n=45 value=1544303
record p=3096047 q=4821263 N=14926856847361 n=44 value=1548023
record p=3096323 q=4629419 N=14334176526337 n=44 value=1548161
record p=3101999 q=5116367 N=15870965317633 n=44 value=1550999
record p=3138767 q=3580463 N=11238239109121 n=44 value=1569383
record p=3158339 q=5235563 N=16535682809857 n=44 value=1579169
record p=3159323 q=3677459 N=11618280800257 n=44 value=1579661
record p=3164003 q=3895883 N=12326585499649 n=44 value=1582001
record p=3172847 q=4842767 N=15365358747649 n=44 value=1586423
record p=3183179 q=4859747 N=15469444595713 n=44 value=1591589
record p=3186203 q=6360083 N=20264515534849 n=45 value=1593101
record p=3188723 q=4671803 N=14897085677569 n=44 value=1594361
record p=3207119 q=3782447 N=12130757640193 n=44 value=1603559
record p=3223919 q=4803983 N=15487652069377 n=44 value=1611959
record p=3259667 q=5739803 N=18709846425601 n=45 value=1629833
record p=3260639 q=4324127 N=14099417137153 n=44 value=1630319
record p=3264743 q=4342487 N=14177104035841 n=44 value=1632371
record p=3273899 q=4875779 N=15962807992321 n=44 value=1636949
record p=3274079 q=4433567 N=14515848609793 n=44 value=1637039
record p=3278699 q=6221123 N=20397189758977 n=45 value=1639349
record p=3280703 q=5333183 N=17496589467649 n=44 value=1640351
record p=3286139 q=3414707 N=11221201846273 n=44 value=1643069
record p=3296999 q=3597527 N=11861042921473 n=44 value=1648499
record p=3298259 q=3570779 N=11777353973761 n=44 value=1649129
record p=3302603 q=4055267 N=13392936960001 n=44 value=1651301
record p=3305999 q=5520623 N=18251174117377 n=45 value=1652999
record p=3308939 q=5325347 N=17621248376833 n=45 value=1654469
record p=3313139 q=4117307 N=13641210396673 n=44 value=1656569
record p=3324983 q=6142343 N=20423186055169 n=45 value=1662491
record p=3336779 q=6229859 N=20787662684161 n=45 value=1668389
record p=3342299 q=4777043 N=15966306041857 n=44 value=1671149
record p=3342959 q=5938319 N=19851556945921 n=45 value=1671479
record p=3344267 q=5302307 N=17732330323969 n=45 value=1672133
record p=3349439 q=5166143 N=17303680843777 n=44 value=1674719
record p=3367907 q=4782539 N=16107146575873 n=44 value=1683953
record p=3379127 q=4029959 N=13617743265793 n=44 value=1689563
record p=3393623 q=6136679 N=20825574998017 n=45 value=1696811
record p=3394043 q=6019379 N=20430031159297 n=45 value=1697021
record p=3411839 q=3911807 N=13346455683073 n=44 value=1705919
record p=3414227 q=6029147 N=20584876474369 n=45 value=1707113
record p=3424307 q=6339323 N=21707788124161 n=45 value=1712153
record p=3425579 q=5919107 N=20276368637953 n=45 value=1712789
record p=3433007 q=4859087 N=16681279684609 n=44 value=1716503
record p=3435347 q=6361307 N=21853296918529 n=45 value=1717673
record p=3441059 q=5945867 N=20460079153153 n=45 value=1720529
record p=3463259 q=3971027 N=13752694996993 n=44 value=1731629
record p=3474623 q=4746047 N=16490724065281 n=44 value=1737311
record p=3481007 q=5658959 N=19698875891713 n=45 value=1740503
record p=3496343 q=4372007 N=15286036070401 n=44 value=1748171
record p=3498119 q=3499319 N=12241034280961 n=44 value=1749059
record p=3498359 q=6015047 N=21042793807873 n=45 value=1749179
record p=3508523 q=5959043 N=20907439423489 n=45 value=1754261
record p=3524699 q=5384147 N=18977497546753 n=45 value=1762349
record p=3548639 q=5756447 N=20427552325633 n=45 value=1774319
record p=3550259 q=4763387 N=16911257567233 n=44 value=1775129
record p=3552047 q=5895119 N=20939739758593 n=45 value=1776023
record p=3552203 q=3922403 N=13933171703809 n=44 value=1776101
record p=3552707 q=3695339 N=13128456732673 n=44 value=1776353
record p=3554891 q=6036323 N=21458470305793 n=45 value=1777445
record p=3569939 q=4471067 N=15961436454913 n=44 value=1784969
record p=3574127 q=6223247 N=22242675130369 n=45 value=1787063
record p=3582263 q=4938887 N=17692392161281 n=45 value=1791131
record p=3587687 q=4947287 N=17749317255169 n=45 value=1793843
record p=3590759 q=5288279 N=18988935413761 n=45 value=1795379
record p=3591767 q=5373287 N=19299594928129 n=45 value=1795883
record p=3594299 q=4604147 N=16548680957953 n=44 value=1797149
record p=3604127 q=5283167 N=19041204830209 n=45 value=1802063
record p=3614747 q=6582803 N=23795167395841 n=45 value=1807373
record p=3626087 q=5277527 N=19136772046849 n=45 value=1813043
record p=3633347 q=4112363 N=14941641768961 n=44 value=1816673
record p=3635987 q=6653723 N=24192850329601 n=45 value=1817993
record p=3645563 q=6766259 N=24666823458817 n=45 value=1822781
record p=3656483 q=5094539 N=18628095246337 n=45 value=1828241
record p=3664679 q=3724439 N=13648873390081 n=44 value=1832339
record p=3669647 q=5070959 N=18608629481473 n=45 value=1834823
record p=3682859 q=5569667 N=20512298237953 n=45 value=1841429
record p=3695183 q=4682927 N=17304272240641 n=44 value=1847591
record p=3700847 q=5236367 N=19378993102849 n=45 value=1850423
record p=3707063 q=3886343 N=14406918340609 n=44 value=1853531
record p=3714587 q=4357139 N=16184971886593 n=44 value=1857293
record p=3725663 q=6931103 N=25822953996289 n=45 value=1862831
record p=3739103 q=5172767 N=19341508608001 n=45 value=1869551
record p=3739199 q=5759423 N=21535628722177 n=45 value=1869599
record p=3754103 q=5968199 N=22405233770497 n=45 value=1877051
record p=3761159 q=5294519 N=19913527787521 n=45 value=1880579
record p=3763043 q=6516299 N=24521113337857 n=45 value=1881521
record p=3783047 q=5684279 N=21503894618113 n=45 value=1891523
record p=3797819 q=6974963 N=26489647005697 n=45 value=1898909
record p=3798407 q=6406199 N=24333351124993 n=45 value=1899203
record p=3814667 q=6352547 N=24232851406849 n=45 value=1907333
record p=3815363 q=5828843 N=22239151915009 n=45 value=1907681
record p=3819899 q=3943859 N=15065143050241 n=44 value=1909949
record p=3820319 q=4550879 N=17385809510401 n=44 value=1910159
record p=3821723 q=6624659 N=25317611667457 n=45 value=1910861
record p=3836387 q=6095819 N=23385920765953 n=45 value=1918193
record p=3853583 q=5931503 N=22857539125249 n=45 value=1926791
record p=3859139 q=5987819 N=23107825827841 n=45 value=1929569
record p=3878003 q=4544699 N=17624356356097 n=45 value=1939001
record p=3882587 q=4964819 N=19276341706753 n=45 value=1941293
record p=3886787 q=6377963 N=24789783674881 n=45 value=1943393
record p=3890759 q=4516727 N=17573496225793 n=44 value=1945379
record p=3893243 q=5212979 N=20295394000897 n=45 value=1946621
record p=3899243 q=4568387 N=17813251031041 n=45 value=1949621
record p=3899339 q=7679459 N=29944813977601 n=45 value=1949669
record p=3915683 q=7498763 N=29362778800129 n=45 value=1957841
record p=3915707 q=5188979 N=20318521393153 n=45 value=1957853
record p=3919247 q=7254383 N=28431718809601 n=45 value=1959623
record p=3927647 q=4713887 N=18514484133889 n=45 value=1963823
record p=3930887 q=6980279 N=27438687977473 n=45 value=1965443
record p=3944483 q=5635979 N=22231023353857 n=45 value=1972241
record p=3950327 q=6183623 N=24427332894721 n=45 value=1975163
record p=3950603 q=5374883 N=21234028904449 n=45 value=1975301
record p=3967487 q=6256127 N=24821102542849 n=45 value=1983743
record p=3970199 q=7351079 N=29185246494721 n=45 value=1985099
record p=3971879 q=7939223 N=31533633110017 n=45 value=1985939
record p=3972119 q=5659559 N=22480441835521 n=45 value=1986059
record p=3977243 q=7842323 N=31190824255489 n=45 value=1988621
record p=3978167 q=6134279 N=24403186286593 n=45 value=1989083
record p=3983999 q=7665023 N=30537443966977 n=45 value=1991999
record p=4001147 q=5163443 N=20659694469121 n=45 value=2000573
record p=4013183 q=5669759 N=22753780432897 n=45 value=2006591
record p=4013783 q=5805287 N=23301162270721 n=45 value=2006891
record p=4022483 q=5371739 N=21607728807937 n=45 value=2011241
record p=4025507 q=6989579 N=28136599191553 n=45 value=2012753
record p=4031219 q=4351547 N=17542038945793 n=44 value=2015609
record p=4032947 q=7097723 N=28624740679681 n=45 value=2016473
record p=4037543 q=6380567 N=25761813626881 n=45 value=2018771
record p=4038803 q=5799323 N=23422323130369 n=45 value=2019401
record p=4044779 q=6600899 N=26699177656321 n=45 value=2022389
record p=4045127 q=6955127 N=28134372016129 n=45 value=2022563
record p=4048103 q=7147223 N=28932694867969 n=45 value=2024051
record p=4053059 q=5452907 N=22100953792513 n=45 value=2026529
record p=4053779 q=4073243 N=16512026935297 n=44 value=2026889
record p=4060139 q=4496579 N=18256735764481 n=45 value=2030069
record p=4060487 q=6497399 N=26382604173313 n=45 value=2030243
record p=4070867 q=7946843 N=32350540922881 n=45 value=2035433
record p=4084079 q=6303119 N=25742435942401 n=45 value=2042039
record p=4116527 q=4224719 N=17391169830913 n=44 value=2058263
record p=4123907 q=8185259 N=33755246886913 n=45 value=2061953
record p=4123943 q=8106647 N=33431350149121 n=45 value=2061971
record p=4124327 q=7067927 N=29150442160129 n=45 value=2062163
record p=4132067 q=6199499 N=25616745234433 n=45 value=2066033
record p=4136303 q=6349199 N=26262210871297 n=45 value=2068151
record p=4137047 q=5491559 N=22718837686273 n=45 value=2068523
record p=4138847 q=4256927 N=17618769543169 n=45 value=2069423
record p=4151879 q=7745399 N=32157959454721 n=45 value=2075939
record p=4153223 q=6567479 N=27276204834817 n=45 value=2076611
record p=4153979 q=7548083 N=31354578272257 n=45 value=2076989
record p=4159523 q=6354827 N=26433049067521 n=45 value=2079761
record p=4164299 q=7604963 N=31669339815937 n=45 value=2082149
record p=4172699 q=4178579 N=17435952414721 n=44 value=2086349
record p=4177703 q=5226647 N=21835378851841 n=45 value=2088851
record p=4186823 q=5258999 N=22018497970177 n=45 value=2093411
record p=4190987 q=4243619 N=17784952061953 n=45 value=2095493
TOP20
p=4190987 q=4243619 N=17784952061953 n=45 d=2 sp=2095493(2095493) sq=2121809(2121809) residuals=K:(2095493,2121809),R:(2095493,2121809),C:(2095493,2121809),KR:(2095493,2121809),KC:(2095493,2121809),RC:(2095493,2121809),KRC:(2095493,2121809) hits=p{2095493:K[]R[]C[]};q{2121809:K[]R[]C[]}
p=4186823 q=5258999 N=22018497970177 n=45 d=2 sp=2093411(2093411) sq=2629499(2629499) residuals=K:(2093411,2629499),R:(2093411,2629499),C:(2093411,2629499),KR:(2093411,2629499),KC:(2093411,2629499),RC:(2093411,2629499),KRC:(2093411,2629499) hits=p{2093411:K[]R[]C[]};q{2629499:K[]R[]C[]}
p=4177703 q=5226647 N=21835378851841 n=45 d=2 sp=2088851(881*2371) sq=2613323(2613323) residuals=K:(2088851,2613323),R:(2088851,2613323),C:(2088851,2613323),KR:(2088851,2613323),KC:(2088851,2613323),RC:(2088851,2613323),KRC:(2088851,2613323) hits=p{881:K[]R[]C[],2371:K[]R[]C[]};q{2613323:K[]R[]C[]}
p=4172699 q=4178579 N=17435952414721 n=44 d=2 sp=2086349(2086349) sq=2089289(571*3659) residuals=K:(2086349,2089289),R:(2086349,2089289),C:(2086349,2089289),KR:(2086349,2089289),KC:(2086349,2089289),RC:(2086349,2089289),KRC:(2086349,2089289) hits=p{2086349:K[]R[]C[]};q{571:K[]R[]C[],3659:K[]R[]C[]}
p=4164299 q=7604963 N=31669339815937 n=45 d=2 sp=2082149(1433*1453) sq=3802481(3802481) residuals=K:(2082149,3802481),R:(2082149,3802481),C:(2082149,3802481),KR:(2082149,3802481),KC:(2082149,3802481),RC:(2082149,3802481),KRC:(2082149,3802481) hits=p{1433:K[]R[]C[],1453:K[]R[]C[]};q{3802481:K[]R[]C[]}
p=4159523 q=6354827 N=26433049067521 n=45 d=2 sp=2079761(2079761) sq=3177413(127^2*197) residuals=K:(2079761,3177413),R:(2079761,3177413),C:(2079761,3177413),KR:(2079761,3177413),KC:(2079761,3177413),RC:(2079761,3177413),KRC:(2079761,3177413) hits=p{2079761:K[]R[]C[]};q{127:K[]R[]C[],197:K[]R[]C[]}
p=4153979 q=7548083 N=31354578272257 n=45 d=2 sp=2076989(61*79*431) sq=3774041(479*7879) residuals=K:(2076989,3774041),R:(2076989,3774041),C:(2076989,3774041),KR:(2076989,3774041),KC:(2076989,3774041),RC:(2076989,3774041),KRC:(2076989,3774041) hits=p{61:K[]R[]C[],79:K[]R[]C[],431:K[]R[]C[]};q{479:K[]R[]C[],7879:K[]R[]C[]}
p=4153223 q=6567479 N=27276204834817 n=45 d=2 sp=2076611(2076611) sq=3283739(811*4049) residuals=K:(2076611,3283739),R:(2076611,3283739),C:(2076611,3283739),KR:(2076611,3283739),KC:(2076611,3283739),RC:(2076611,3283739),KRC:(2076611,3283739) hits=p{2076611:K[]R[]C[]};q{811:K[]R[]C[],4049:K[]R[]C[]}
p=4151879 q=7745399 N=32157959454721 n=45 d=2 sp=2075939(557*3727) sq=3872699(1013*3823) residuals=K:(2075939,3872699),R:(2075939,3872699),C:(2075939,3872699),KR:(2075939,3872699),KC:(2075939,3872699),RC:(2075939,3872699),KRC:(2075939,3872699) hits=p{557:K[]R[]C[],3727:K[]R[]C[]};q{1013:K[]R[]C[],3823:K[]R[]C[]}
p=4138847 q=4256927 N=17618769543169 n=45 d=2 sp=2069423(19*108917) sq=2128463(2128463) residuals=K:(2069423,2128463),R:(2069423,2128463),C:(2069423,2128463),KR:(2069423,2128463),KC:(2069423,2128463),RC:(2069423,2128463),KRC:(2069423,2128463) hits=p{19:K[]R[]C[],108917:K[]R[]C[]};q{2128463:K[]R[]C[]}
p=4137047 q=5491559 N=22718837686273 n=45 d=2 sp=2068523(349*5927) sq=2745779(97*28307) residuals=K:(2068523,2745779),R:(2068523,2745779),C:(2068523,2745779),KR:(2068523,2745779),KC:(2068523,2745779),RC:(2068523,2745779),KRC:(2068523,2745779) hits=p{349:K[]R[]C[],5927:K[]R[]C[]};q{97:K[]R[]C[],28307:K[]R[]C[]}
p=4136303 q=6349199 N=26262210871297 n=45 d=2 sp=2068151(2068151) sq=3174599(3174599) residuals=K:(2068151,3174599),R:(2068151,3174599),C:(2068151,3174599),KR:(2068151,3174599),KC:(2068151,3174599),RC:(2068151,3174599),KRC:(2068151,3174599) hits=p{2068151:K[]R[]C[]};q{3174599:K[]R[]C[]}
p=4132067 q=6199499 N=25616745234433 n=45 d=2 sp=2066033(2066033) sq=3099749(37*83777) residuals=K:(2066033,3099749),R:(2066033,3099749),C:(2066033,3099749),KR:(2066033,3099749),KC:(2066033,3099749),RC:(2066033,3099749),KRC:(2066033,3099749) hits=p{2066033:K[]R[]C[]};q{37:K[]R[]C[],83777:K[]R[]C[]}
p=4124327 q=7067927 N=29150442160129 n=45 d=2 sp=2062163(103*20021) sq=3533963(3533963) residuals=K:(2062163,3533963),R:(2062163,3533963),C:(2062163,3533963),KR:(2062163,3533963),KC:(2062163,3533963),RC:(2062163,3533963),KRC:(2062163,3533963) hits=p{103:K[]R[]C[],20021:K[]R[]C[]};q{3533963:K[]R[]C[]}
p=4123943 q=8106647 N=33431350149121 n=45 d=2 sp=2061971(2061971) sq=4053323(4053323) residuals=K:(2061971,4053323),R:(2061971,4053323),C:(2061971,4053323),KR:(2061971,4053323),KC:(2061971,4053323),RC:(2061971,4053323),KRC:(2061971,4053323) hits=p{2061971:K[]R[]C[]};q{4053323:K[]R[]C[]}
p=4123907 q=8185259 N=33755246886913 n=45 d=2 sp=2061953(109*18917) sq=4092629(4092629) residuals=K:(2061953,4092629),R:(2061953,4092629),C:(2061953,4092629),KR:(2061953,4092629),KC:(2061953,4092629),RC:(2061953,4092629),KRC:(2061953,4092629) hits=p{109:K[]R[]C[],18917:K[]R[]C[]};q{4092629:K[]R[]C[]}
p=4116527 q=4224719 N=17391169830913 n=44 d=2 sp=2058263(479*4297) sq=2112359(1129*1871) residuals=K:(2058263,2112359),R:(2058263,2112359),C:(2058263,2112359),KR:(2058263,2112359),KC:(2058263,2112359),RC:(2058263,2112359),KRC:(2058263,2112359) hits=p{479:K[]R[]C[],4297:K[]R[]C[]};q{1129:K[]R[]C[],1871:K[]R[]C[]}
p=4084079 q=6303119 N=25742435942401 n=45 d=2 sp=2042039(2042039) sq=3151559(3151559) residuals=K:(2042039,3151559),R:(2042039,3151559),C:(2042039,3151559),KR:(2042039,3151559),KC:(2042039,3151559),RC:(2042039,3151559),KRC:(2042039,3151559) hits=p{2042039:K[]R[]C[]};q{3151559:K[]R[]C[]}
p=4070867 q=7946843 N=32350540922881 n=45 d=2 sp=2035433(2035433) sq=3973421(3973421) residuals=K:(2035433,3973421),R:(2035433,3973421),C:(2035433,3973421),KR:(2035433,3973421),KC:(2035433,3973421),RC:(2035433,3973421),KRC:(2035433,3973421) hits=p{2035433:K[]R[]C[]};q{3973421:K[]R[]C[]}
p=4060487 q=6497399 N=26382604173313 n=45 d=2 sp=2030243(2030243) sq=3248699(3248699) residuals=K:(2030243,3248699),R:(2030243,3248699),C:(2030243,3248699),KR:(2030243,3248699),KC:(2030243,3248699),RC:(2030243,3248699),KRC:(2030243,3248699) hits=p{2030243:K[]R[]C[]};q{3248699:K[]R[]C[]}
MENU RC MAX 2095493 COUNTS one=1597 le_n=2497 le_n2=11656 le_n3=28080
MAX_BY_N 8:1 11:1 12:13 13:1 14:1 15:25 16:49 17:73 18:13 19:59 20:137 21:73 22:193 23:403 24:1733 25:1093 26:1039 27:3851 28:3541 29:3667 30:12731 31:17939 32:24551 33:42233 34:60383 35:88079 36:116969 37:177323 38:259613 39:368843 40:471389 41:715961 42:1017983 43:1461749 44:2086349 45:2095493
RECORDS 774
record p=11 q=19 N=209 n=8 value=1
record p=47 q=79 N=3713 n=12 value=13
record p=151 q=167 N=25217 n=15 value=25
record p=197 q=269 N=52993 n=16 value=49
record p=263 q=439 N=115457 n=17 value=73
record p=647 q=823 N=532481 n=20 value=137
record p=1613 q=2693 N=4343809 n=23 value=403
record p=2767 q=3119 N=8630273 n=24 value=461
record p=2803 q=3643 N=10211329 n=24 value=467
record p=3463 q=6199 N=21467137 n=25 value=577
record p=3467 q=4643 N=16097281 n=24 value=1733
record p=7643 q=13907 N=106291201 n=27 value=3821
record p=7703 q=14759 N=113688577 n=27 value=3851
record p=18143 q=29983 N=543981569 n=30 value=4997
record p=19583 q=29567 N=579010561 n=30 value=9791
record p=22619 q=38867 N=879132673 n=30 value=11309
record p=23603 q=32507 N=767262721 n=30 value=11801
record p=23687 q=43319 N=1026097153 n=30 value=11843
record p=24407 q=31847 N=777289729 n=30 value=12203
record p=25463 q=26183 N=666697729 n=30 value=12731
record p=31079 q=37463 N=1164312577 n=31 value=15539
record p=31259 q=53267 N=1665073153 n=31 value=15629
record p=34439 q=57143 N=1967947777 n=31 value=17219
record p=34499 q=55787 N=1924595713 n=31 value=17249
record p=35027 q=69467 N=2433220609 n=32 value=17513
record p=35879 q=41879 N=1502576641 n=31 value=17939
record p=41579 q=64067 N=2663841793 n=32 value=20789
record p=44207 q=76367 N=3375955969 n=32 value=22103
record p=47639 q=73127 N=3483697153 n=32 value=23819
record p=49103 q=59183 N=2906062849 n=32 value=24551
record p=55103 q=104639 N=5765922817 n=33 value=27551
record p=61967 q=113903 N=7058227201 n=33 value=30983
record p=63587 q=84299 N=5360320513 n=33 value=31793
record p=66239 q=93503 N=6193545217 n=33 value=33119
record p=67979 q=87587 N=5954076673 n=33 value=33989
record p=68099 q=94379 N=6427115521 n=33 value=34049
record p=70163 q=100379 N=7042891777 n=33 value=35081
record p=71147 q=92867 N=6607208449 n=33 value=35573
record p=80603 q=143699 N=11582570497 n=34 value=40301
record p=82727 q=130199 N=10770972673 n=34 value=41363
record p=84263 q=104087 N=8770682881 n=34 value=42131
record p=84467 q=96059 N=8113815553 n=33 value=42233
record p=91199 q=166847 N=15216279553 n=34 value=45599
record p=101747 q=155579 N=15829696513 n=34 value=50873
record p=108503 q=211943 N=22996451329 n=35 value=54251
record p=111467 q=123203 N=13733068801 n=34 value=55733
record p=111863 q=216263 N=24191827969 n=35 value=55931
record p=113159 q=168887 N=19111084033 n=35 value=56579
record p=113567 q=172127 N=19547947009 n=35 value=56783
record p=115763 q=186107 N=21544304641 n=35 value=57881
record p=120767 q=137279 N=16578772993 n=34 value=60383
record p=121763 q=208907 N=25437143041 n=35 value=60881
record p=121883 q=171539 N=20907687937 n=35 value=60941
record p=123923 q=230939 N=28618653697 n=35 value=61961
record p=130223 q=186959 N=24346361857 n=35 value=65111
record p=130619 q=142067 N=18556649473 n=35 value=65309
record p=133403 q=141587 N=18888130561 n=35 value=66701
record p=141707 q=210467 N=29824647169 n=35 value=70853
record p=143567 q=185903 N=26689536001 n=35 value=71783
record p=163127 q=247943 N=40446197761 n=36 value=81563
record p=164999 q=196919 N=32491438081 n=35 value=82499
record p=170123 q=200483 N=34106769409 n=35 value=85061
record p=172427 q=327203 N=56418631681 n=36 value=86213
record p=173039 q=322319 N=55773757441 n=36 value=86519
record p=175979 q=329027 N=57901842433 n=36 value=87989
record p=176159 q=183263 N=32283426817 n=35 value=88079
record p=184727 q=310823 N=57417400321 n=36 value=92363
record p=188687 q=257519 N=48590487553 n=36 value=94343
record p=193847 q=315527 N=61163962369 n=36 value=96923
record p=203843 q=331883 N=67652026369 n=36 value=101921
record p=210347 q=400643 N=84274053121 n=37 value=105173
record p=215687 q=219959 N=47442296833 n=36 value=107843
record p=216947 q=224699 N=48747773953 n=36 value=108473
record p=217319 q=312023 N=67808526337 n=36 value=108659
record p=218279 q=332567 N=72592392193 n=37 value=109139
record p=222059 q=307523 N=68288249857 n=36 value=111029
record p=227567 q=439823 N=100089200641 n=37 value=113783
record p=233939 q=257627 N=60269002753 n=36 value=116969
record p=235043 q=313739 N=73742155777 n=37 value=117521
record p=240587 q=303587 N=73039085569 n=37 value=120293
record p=250199 q=371303 N=92899639297 n=37 value=125099
record p=255467 q=400067 N=102203916289 n=37 value=127733
record p=258299 q=301619 N=77907886081 n=37 value=129149
record p=260483 q=384299 N=100103356417 n=37 value=130241
record p=261323 q=362723 N=94787862529 n=37 value=130661
record p=261467 q=518867 N=135666597889 n=37 value=130733
record p=263519 q=366239 N=96510935041 n=37 value=131759
record p=271703 q=300647 N=81686691841 n=37 value=135851
record p=273719 q=333959 N=91410923521 n=37 value=136859
record p=274943 q=511487 N=140629770241 n=38 value=137471
record p=276359 q=515639 N=142501478401 n=38 value=138179
record p=278879 q=547487 N=152682627073 n=38 value=139439
record p=281627 q=306707 N=86376972289 n=37 value=140813
record p=287867 q=514739 N=148176371713 n=38 value=143933
record p=291287 q=397799 N=115873677313 n=37 value=145643
record p=298427 q=339827 N=101413552129 n=37 value=149213
record p=311303 q=437687 N=136253276161 n=37 value=155651
record p=312407 q=419687 N=131113156609 n=37 value=156203
record p=316859 q=370547 N=117411151873 n=37 value=158429
record p=319679 q=429887 N=137425846273 n=37 value=159839
record p=333923 q=403787 N=134833766401 n=37 value=166961
record p=335507 q=569243 N=190985011201 n=38 value=167753
record p=335579 q=503123 N=168837513217 n=38 value=167789
record p=345227 q=394019 N=136025997313 n=37 value=172613
record p=347003 q=449459 N=155963621377 n=38 value=173501
record p=348527 q=601487 N=209634459649 n=38 value=174263
record p=350459 q=455219 N=159535595521 n=38 value=175229
record p=354647 q=365159 N=129502543873 n=37 value=177323
record p=359663 q=602639 N=216746950657 n=38 value=179831
record p=381047 q=592199 N=225655652353 n=38 value=190523
record p=395027 q=580379 N=229265375233 n=38 value=197513
record p=396479 q=746303 N=295893467137 n=39 value=198239
record p=398339 q=538283 N=214419111937 n=38 value=199169
record p=398459 q=699059 N=278546350081 n=39 value=199229
record p=398759 q=606743 N=241944231937 n=38 value=199379
record p=404267 q=473987 N=191617302529 n=38 value=202133
record p=405719 q=639719 N=259546152961 n=38 value=202859
record p=418043 q=830003 N=346976944129 n=39 value=209021
record p=422243 q=432203 N=182494691329 n=38 value=211121
record p=430007 q=687623 N=295682703361 n=39 value=215003
record p=430259 q=433787 N=186640760833 n=38 value=215129
record p=435143 q=667127 N=290295644161 n=39 value=217571
record p=438143 q=594047 N=260277534721 n=38 value=219071
record p=442319 q=649007 N=287068127233 n=39 value=221159
record p=445619 q=836219 N=372635074561 n=39 value=222809
record p=445883 q=585587 N=261103288321 n=38 value=222941
record p=446003 q=580859 N=259064856577 n=38 value=223001
record p=447779 q=524939 N=235056660481 n=38 value=223889
record p=448859 q=896723 N=402502189057 n=39 value=224429
record p=456167 q=478679 N=218357563393 n=38 value=228083
record p=465419 q=860579 N=400529817601 n=39 value=232709
record p=482507 q=731363 N=352887767041 n=39 value=241253
record p=499559 q=527447 N=263490895873 n=38 value=249779
record p=505607 q=919223 N=464765583361 n=39 value=252803
record p=508919 q=912839 N=464561111041 n=39 value=254459
record p=513203 q=719483 N=369240834049 n=39 value=256601
record p=513419 q=993827 N=510249664513 n=39 value=256709
record p=519227 q=527603 N=273945722881 n=38 value=259613
record p=533447 q=568823 N=303436922881 n=39 value=266723
record p=537743 q=682607 N=367067136001 n=39 value=268871
record p=540347 q=743027 N=401492410369 n=39 value=270173
record p=542999 q=622247 N=337879498753 n=39 value=271499
record p=544007 q=757943 N=412326297601 n=39 value=272003
record p=547139 q=719723 N=393788522497 n=39 value=273569
record p=548567 q=1012967 N=555680268289 n=40 value=274283
record p=551099 q=892019 N=491590778881 n=39 value=275549
record p=552887 q=957959 N=529643077633 n=39 value=276443
record p=555683 q=592139 N=329041575937 n=39 value=277841
record p=557087 q=981983 N=547049963521 n=39 value=278543
record p=557927 q=714839 N=398827978753 n=39 value=278963
record p=559523 q=717323 N=401358716929 n=39 value=279761
record p=563183 q=620303 N=349344104449 n=39 value=281591
record p=568187 q=818099 N=464833216513 n=39 value=284093
record p=568907 q=666467 N=379157741569 n=39 value=284453
record p=575987 q=587579 N=338437865473 n=39 value=287993
record p=579023 q=659759 N=382015635457 n=39 value=289511
record p=580487 q=653879 N=379568259073 n=39 value=290243
record p=585023 q=754367 N=441322045441 n=39 value=292511
record p=585899 q=756227 N=443072643073 n=39 value=292949
record p=593519 q=921743 N=547071983617 n=39 value=296759
record p=595379 q=1024379 N=609893744641 n=40 value=297689
record p=597803 q=1091459 N=652477464577 n=40 value=298901
record p=601379 q=813707 N=489346301953 n=39 value=300689
record p=607967 q=783647 N=476431515649 n=39 value=303983
record p=608843 q=896867 N=546051194881 n=39 value=304421
record p=610619 q=614387 N=375156375553 n=39 value=305309
record p=616439 q=756167 N=466130829313 n=39 value=308219
record p=617447 q=686039 N=423592722433 n=39 value=308723
record p=621239 q=951047 N=590827487233 n=40 value=310619
record p=622607 q=880367 N=548122656769 n=39 value=311303
record p=632447 q=792959 N=501504540673 n=39 value=316223
record p=635567 q=713807 N=453672173569 n=39 value=317783
record p=637727 q=655583 N=418082979841 n=39 value=318863
record p=640247 q=670919 N=429553876993 n=39 value=320123
record p=642779 q=1277267 N=821000404993 n=40 value=321389
record p=650627 q=952619 N=619799642113 n=40 value=325313
record p=651503 q=998927 N=650803937281 n=40 value=325751
record p=658079 q=954719 N=628280524801 n=40 value=329039
record p=660887 q=1161767 N=767796707329 n=40 value=330443
record p=666683 q=773363 N=515587964929 n=39 value=333341
record p=670379 q=782339 N=524463636481 n=39 value=335189
record p=689279 q=1129343 N=778432413697 n=40 value=344639
record p=693167 q=828239 N=574107942913 n=40 value=346583
record p=694319 q=1158863 N=804620599297 n=40 value=347159
record p=695447 q=697127 N=484814880769 n=39 value=347723
record p=700079 q=747599 N=523378360321 n=39 value=350039
record p=704303 q=1370063 N=964939481089 n=40 value=352151
record p=706943 q=718463 N=507912388609 n=39 value=353471
record p=714719 q=1020959 N=729698795521 n=40 value=357359
record p=720779 q=995363 N=717436747777 n=40 value=360389
record p=722027 q=1017923 N=734967889921 n=40 value=361013
record p=722159 q=829967 N=599368138753 n=40 value=361079
record p=726107 q=785363 N=570257571841 n=40 value=363053
record p=728627 q=1379579 N=1005198508033 n=40 value=364313
record p=737687 q=740903 N=546554511361 n=39 value=368843
record p=739379 q=1110779 N=821286666241 n=40 value=369689
record p=743159 q=1329863 N=988299657217 n=40 value=371579
record p=747107 q=936779 N=699874148353 n=40 value=373553
record p=749807 q=900623 N=675293429761 n=40 value=374903
record p=751139 q=780683 N=586401447937 n=40 value=375569
record p=754907 q=1103699 N=833190100993 n=40 value=377453
record p=755759 q=1490639 N=1126563840001 n=41 value=377879
record p=759719 q=761879 N=578813952001 n=40 value=379859
record p=761459 q=865979 N=659407503361 n=40 value=380729
record p=766583 q=1165127 N=893166551041 n=40 value=383291
record p=770183 q=1115447 N=859098316801 n=40 value=385091
record p=776507 q=890867 N=691764461569 n=40 value=388253
record p=777863 q=1476407 N=1148442378241 n=41 value=388931
record p=793139 q=1339643 N=1062523109377 n=40 value=396569
record p=806483 q=861659 N=694913335297 n=40 value=403241
record p=811619 q=1388363 N=1126821789697 n=41 value=405809
record p=814127 q=1333967 N=1086018551809 n=40 value=407063
record p=815159 q=935303 N=762420658177 n=40 value=407579
record p=817679 q=1127663 N=922066354177 n=40 value=408839
record p=836183 q=1395047 N=1166514585601 n=41 value=418091
record p=837923 q=1289867 N=1080809226241 n=40 value=418961
record p=842747 q=1308467 N=1102706638849 n=41 value=421373
record p=847787 q=955139 N=809754427393 n=40 value=423893
record p=865343 q=1358783 N=1175813357569 n=41 value=432671
record p=869807 q=995663 N=866034647041 n=40 value=434903
record p=871463 q=1270679 N=1107349733377 n=41 value=435731
record p=871679 q=1684223 N=1468101820417 n=41 value=435839
record p=875447 q=881159 N=771408003073 n=40 value=437723
record p=886583 q=1367687 N=1212568043521 n=41 value=443291
record p=886979 q=1009643 N=895532138497 n=40 value=443489
record p=904823 q=1076039 N=973624836097 n=40 value=452411
record p=915683 q=1772747 N=1623274291201 n=41 value=457841
record p=923963 q=1136627 N=1050201292801 n=40 value=461981
record p=924383 q=1843487 N=1704088043521 n=41 value=462191
record p=927779 q=1034123 N=959437602817 n=40 value=463889
record p=932039 q=1509623 N=1407027511297 n=41 value=466019
record p=932567 q=1661159 N=1549142065153 n=41 value=466283
record p=934919 q=1436087 N=1342625021953 n=41 value=467459
record p=935639 q=1314023 N=1229451165697 n=41 value=467819
record p=939119 q=1411727 N=1325779648513 n=41 value=469559
record p=942779 q=1151603 N=1085707124737 n=40 value=471389
record p=953507 q=1214219 N=1157766316033 n=41 value=476753
record p=954923 q=1809539 N=1727970410497 n=41 value=477461
record p=956843 q=1546499 N=1479756742657 n=41 value=478421
record p=956903 q=1796567 N=1719140352001 n=41 value=478451
record p=970967 q=1254119 N=1217708163073 n=41 value=485483
record p=972047 q=1931759 N=1877760540673 n=41 value=486023
record p=974147 q=1939307 N=1889170096129 n=41 value=487073
record p=977927 q=1884599 N=1843000246273 n=41 value=488963
record p=997247 q=1607807 N=1603380707329 n=41 value=498623
record p=997727 q=1794719 N=1790639603713 n=41 value=498863
record p=1005647 q=1621679 N=1630836621313 n=41 value=502823
record p=1008263 q=1295159 N=1305860898817 n=41 value=504131
record p=1011107 q=1125899 N=1138404360193 n=41 value=505553
record p=1011719 q=1113527 N=1126576422913 n=41 value=505859
record p=1023167 q=1692479 N=1731688660993 n=41 value=511583
record p=1025807 q=1337327 N=1371839397889 n=41 value=512903
record p=1032287 q=1219487 N=1258860576769 n=41 value=516143
record p=1034003 q=1907483 N=1972343144449 n=41 value=517001
record p=1034387 q=1873307 N=1937724407809 n=41 value=517193
record p=1037963 q=1138979 N=1182218059777 n=41 value=518981
record p=1038707 q=1897403 N=1970845777921 n=41 value=519353
record p=1059743 q=1978463 N=2096662315009 n=41 value=529871
record p=1063967 q=1064927 N=1133047185409 n=41 value=531983
record p=1077023 q=1985759 N=2138708115457 n=41 value=538511
record p=1077299 q=2099963 N=2262288039937 n=42 value=538649
record p=1077743 q=1236239 N=1332347928577 n=41 value=538871
record p=1079867 q=1724147 N=1861849448449 n=41 value=539933
record p=1079987 q=1885307 N=2036107051009 n=41 value=539993
record p=1084067 q=1145099 N=1241364037633 n=41 value=542033
record p=1084547 q=1385003 N=1502100848641 n=41 value=542273
record p=1105787 q=1583027 N=1750490677249 n=41 value=552893
record p=1112747 q=1519619 N=1690951483393 n=41 value=556373
record p=1115267 q=1206827 N=1345934327809 n=41 value=557633
record p=1117799 q=1322327 N=1478095798273 n=41 value=558899
record p=1122923 q=1538627 N=1727759646721 n=41 value=561461
record p=1123427 q=1211723 N=1361282334721 n=41 value=561713
record p=1128899 q=1474283 N=1664316604417 n=41 value=564449
record p=1134059 q=1929923 N=2188646547457 n=41 value=567029
record p=1138667 q=2085059 N=2374187876353 n=42 value=569333
record p=1147379 q=1244987 N=1428471939073 n=41 value=573689
record p=1163843 q=1251947 N=1457069752321 n=41 value=581921
record p=1167059 q=1554779 N=1814518824961 n=41 value=583529
record p=1167599 q=1269263 N=1481990209537 n=41 value=583799
record p=1174319 q=2177999 N=2557665607681 n=42 value=587159
record p=1190699 q=1260419 N=1500779642881 n=41 value=595349
record p=1192559 q=2190479 N=2612275445761 n=42 value=596279
record p=1200359 q=1688279 N=2026540892161 n=41 value=600179
record p=1200839 q=1756919 N=2109776855041 n=41 value=600419
record p=1207079 q=1463447 N=1766496141313 n=41 value=603539
record p=1207439 q=2175599 N=2626903080961 n=42 value=603719
record p=1209563 q=2123603 N=2568631615489 n=42 value=604781
record p=1211027 q=1684379 N=2039828447233 n=41 value=605513
record p=1214867 q=2030747 N=2467087515649 n=42 value=607433
record p=1219859 q=1684763 N=2055173308417 n=41 value=609929
record p=1221863 q=1715927 N=2096627712001 n=41 value=610931
record p=1227323 q=1969907 N=2417712168961 n=42 value=613661
record p=1230107 q=1772819 N=2180757061633 n=41 value=615053
record p=1233539 q=1936427 N=2388658225153 n=42 value=616769
record p=1234367 q=1579583 N=1949785128961 n=41 value=617183
record p=1244627 q=1532507 N=1907399589889 n=41 value=622313
record p=1248503 q=1537223 N=1919227527169 n=41 value=624251
record p=1249043 q=2429723 N=3034828505089 n=42 value=624521
record p=1254767 q=1956239 N=2454624141313 n=42 value=627383
record p=1259243 q=2277827 N=2868337704961 n=42 value=629621
record p=1263947 q=2029667 N=2565391515649 n=42 value=631973
record p=1264643 q=1490603 N=1885080649729 n=41 value=632321
record p=1271903 q=2159519 N=2746698694657 n=42 value=635951
record p=1272443 q=1434803 N=1825705033729 n=41 value=636221
record p=1280759 q=2119367 N=2714398359553 n=42 value=640379
record p=1281803 q=1524899 N=1954620112897 n=41 value=640901
record p=1284047 q=1969967 N=2529530216449 n=42 value=642023
record p=1285247 q=2106239 N=2707037356033 n=42 value=642623
record p=1286807 q=2489639 N=3203684892673 n=42 value=643403
record p=1291163 q=1604243 N=2071339204609 n=41 value=645581
record p=1310627 q=1846283 N=2419788349441 n=42 value=655313
record p=1320623 q=1896527 N=2504597176321 n=42 value=660311
record p=1321319 q=2089559 N=2760974008321 n=42 value=660659
record p=1323503 q=2563343 N=3392592150529 n=42 value=661751
record p=1325063 q=1684919 N=2232623824897 n=42 value=662531
record p=1334363 q=2192339 N=2925376045057 n=42 value=667181
record p=1344647 q=1376567 N=1850996686849 n=41 value=672323
record p=1346483 q=1514363 N=2039064035329 n=41 value=673241
record p=1347587 q=1481387 N=1996297863169 n=41 value=673793
record p=1353239 q=1372583 N=1857432846337 n=41 value=676619
record p=1361903 q=1787663 N=2434623602689 n=42 value=680951
record p=1370819 q=2332139 N=3196940451841 n=42 value=685409
record p=1370987 q=2550083 N=3496130641921 n=42 value=685493
record p=1381487 q=2542223 N=3512048025601 n=42 value=690743
record p=1398407 q=2330423 N=3258879836161 n=42 value=699203
record p=1401083 q=1419827 N=1989295472641 n=41 value=700541
record p=1416587 q=1909283 N=2704665477121 n=42 value=708293
record p=1422647 q=1446023 N=2057180282881 n=41 value=711323
record p=1431923 q=1504187 N=2153879961601 n=41 value=715961
record p=1434827 q=1990883 N=2856572682241 n=42 value=717413
record p=1436147 q=2676539 N=3843903455233 n=42 value=718073
record p=1440983 q=1619687 N=2333941432321 n=42 value=720491
record p=1450739 q=2803259 N=4066797158401 n=42 value=725369
record p=1452299 q=2251427 N=3269745180673 n=42 value=726149
record p=1460099 q=1605419 N=2344070676481 n=42 value=730049
record p=1461407 q=1822559 N=2663500480513 n=42 value=730703
record p=1462883 q=2801483 N=4098241855489 n=42 value=731441
record p=1482407 q=1648919 N=2444369068033 n=42 value=741203
record p=1490459 q=1960979 N=2922758799361 n=42 value=745229
record p=1494887 q=2481239 N=3709171924993 n=42 value=747443
record p=1503863 q=2787143 N=4191481233409 n=42 value=751931
record p=1518563 q=2847179 N=4323620683777 n=42 value=759281
record p=1521623 q=2141159 N=3258036781057 n=42 value=760811
record p=1524767 q=2570207 N=3918966816769 n=42 value=762383
record p=1527803 q=1532723 N=2341698797569 n=42 value=763901
record p=1529267 q=2843003 N=4347710668801 n=42 value=764633
record p=1529327 q=1865999 N=2853722652673 n=42 value=764663
record p=1544483 q=2303627 N=3557912739841 n=42 value=772241
record p=1554863 q=2178383 N=3387087126529 n=42 value=777431
record p=1555223 q=2829479 N=4400470818817 n=43 value=777611
record p=1559879 q=3001463 N=4681919102977 n=43 value=779939
record p=1566479 q=2369519 N=3711801753601 n=42 value=783239
record p=1579883 q=2242883 N=3543492722689 n=42 value=789941
record p=1584203 q=2833763 N=4489255845889 n=43 value=792101
record p=1585127 q=1930199 N=3059610550273 n=42 value=792563
record p=1590467 q=2198507 N=3496652832769 n=42 value=795233
record p=1592807 q=2389463 N=3805953392641 n=42 value=796403
record p=1597703 q=2309303 N=3689580331009 n=42 value=798851
record p=1621979 q=2958419 N=4798493491201 n=43 value=810989
record p=1623827 q=2890523 N=4693709291521 n=43 value=811913
record p=1625747 q=2129819 N=3462546849793 n=42 value=812873
record p=1636043 q=2637539 N=4315127218177 n=42 value=818021
record p=1637639 q=1826999 N=2991964815361 n=42 value=818819
record p=1651943 q=2268887 N=3748071997441 n=42 value=825971
record p=1654547 q=2515739 N=4162408415233 n=42 value=827273
record p=1654739 q=1994843 N=3300944510977 n=42 value=827369
record p=1662527 q=3117503 N=5182932910081 n=43 value=831263
record p=1669103 q=1873679 N=3127363239937 n=42 value=834551
record p=1691507 q=2682299 N=4537127534593 n=43 value=845753
record p=1691939 q=3335819 N=5644002263041 n=43 value=845969
record p=1696979 q=3150683 N=5346642886657 n=43 value=848489
record p=1699319 q=1762247 N=2994619809793 n=42 value=849659
record p=1700603 q=1722419 N=2929150918657 n=42 value=850301
record p=1709327 q=2767343 N=4730294108161 n=43 value=854663
record p=1712519 q=2741303 N=4694533472257 n=43 value=856259
record p=1719947 q=2472227 N=4252099411969 n=42 value=859973
record p=1720787 q=3194459 N=5496983519233 n=43 value=860393
record p=1724483 q=2129003 N=3671429480449 n=42 value=862241
record p=1738943 q=2942783 N=5117331898369 n=43 value=869471
record p=1743359 q=2188799 N=3815862435841 n=42 value=871679
record p=1747727 q=3466223 N=6058011525121 n=43 value=873863
record p=1759463 q=2407127 N=4235250892801 n=42 value=879731
record p=1769627 q=1893779 N=3351282450433 n=42 value=884813
record p=1777379 q=1906379 N=3388358000641 n=42 value=888689
record p=1778807 q=2487623 N=4425001205761 n=43 value=889403
record p=1780379 q=2337683 N=4161961721857 n=42 value=890189
record p=1782647 q=1807943 N=3222924165121 n=42 value=891323
record p=1782959 q=1876559 N=3345827758081 n=42 value=891479
record p=1812359 q=3501623 N=6346197958657 n=43 value=906179
record p=1833023 q=2357183 N=4320770654209 n=42 value=916511
record p=1836839 q=2554007 N=4691299663873 n=43 value=918419
record p=1839347 q=1935419 N=3559907131393 n=42 value=919673
record p=1840043 q=3034883 N=5584315219969 n=43 value=920021
record p=1848467 q=2165147 N=4002202779649 n=42 value=924233
record p=1850159 q=2681807 N=4961769357313 n=43 value=925079
record p=1855187 q=3225947 N=5984734937089 n=43 value=927593
record p=1856159 q=3295583 N=6117126045697 n=43 value=928079
record p=1856747 q=2208707 N=4101010096129 n=42 value=928373
record p=1858643 q=3557339 N=6611823230977 n=43 value=929321
record p=1860059 q=2536019 N=4717144965121 n=43 value=930029
record p=1886447 q=3106319 N=5859906158593 n=43 value=943223
record p=1890107 q=2222579 N=4200912125953 n=42 value=945053
record p=1896263 q=2886263 N=5473113735169 n=43 value=948131
record p=1897079 q=2393927 N=4541468639233 n=43 value=948539
record p=1899167 q=2072927 N=3936834551809 n=42 value=949583
record p=1909487 q=3427343 N=6544466903041 n=43 value=954743
record p=1914239 q=3443327 N=6591350833153 n=43 value=957119
record p=1918067 q=2425019 N=4651348918273 n=43 value=959033
record p=1929527 q=2561159 N=4941825441793 n=43 value=964763
record p=1931339 q=2658659 N=5134771814401 n=43 value=965669
record p=1935827 q=2930267 N=5672489975809 n=43 value=967913
record p=1941827 q=3797867 N=7374800683009 n=43 value=970913
record p=1950527 q=2337983 N=4560298967041 n=43 value=975263
record p=1953167 q=2929007 N=5720839815169 n=43 value=976583
record p=1956359 q=2651063 N=5186430959617 n=43 value=978179
record p=1962839 q=3057767 N=6001904320513 n=43 value=981419
record p=1972823 q=3502439 N=6909692215297 n=43 value=986411
record p=1976243 q=3858299 N=7624936390657 n=43 value=988121
record p=1977023 q=3294527 N=6513355653121 n=43 value=988511
record p=1980983 q=3185543 N=6310506528769 n=43 value=990491
record p=1982447 q=3723023 N=7380695777281 n=43 value=991223
record p=1990823 q=3229463 N=6429289218049 n=43 value=995411
record p=1990907 q=2402867 N=4783884730369 n=43 value=995453
record p=1994327 q=3431783 N=6844097495041 n=43 value=997163
record p=2003819 q=2359619 N=4728249384961 n=43 value=1001909
record p=2005799 q=3613847 N=7248650698753 n=43 value=1002899
record p=2005943 q=2109959 N=4232457486337 n=42 value=1002971
record p=2006483 q=2933339 N=5885694836737 n=43 value=1003241
record p=2012663 q=2923463 N=5883945811969 n=43 value=1006331
record p=2023283 q=2252219 N=4556876414977 n=43 value=1011641
record p=2035967 q=2092799 N=4260869701633 n=42 value=1017983
record p=2041703 q=3408983 N=6960130818049 n=43 value=1020851
record p=2050547 q=3045179 N=6244282662913 n=43 value=1025273
record p=2064299 q=2589443 N=5345384595457 n=43 value=1032149
record p=2072363 q=3549059 N=7354938556417 n=43 value=1036181
record p=2074487 q=2843207 N=5898195959809 n=43 value=1037243
record p=2078339 q=3328043 N=6916801560577 n=43 value=1039169
record p=2080763 q=4027187 N=8379621703681 n=43 value=1040381
record p=2089643 q=2164739 N=4523531698177 n=43 value=1044821
record p=2096687 q=3147983 N=6600335032321 n=43 value=1048343
record p=2111303 q=2769527 N=5847310663681 n=43 value=1055651
record p=2112323 q=3713387 N=7843872768001 n=43 value=1056161
record p=2117903 q=4226543 N=8951408099329 n=44 value=1058951
record p=2120747 q=2720387 N=5769252569089 n=43 value=1060373
record p=2125463 q=2486567 N=5285106155521 n=43 value=1062731
record p=2130503 q=3180407 N=6775866654721 n=43 value=1065251
record p=2135027 q=3095867 N=6609759633409 n=43 value=1067513
record p=2137979 q=3303347 N=7062486515713 n=43 value=1068989
record p=2146139 q=2185427 N=4690230116353 n=43 value=1073069
record p=2150543 q=2510447 N=5398824222721 n=43 value=1075271
record p=2159819 q=2543843 N=5494240444417 n=43 value=1079909
record p=2162807 q=2939207 N=6356937474049 n=43 value=1081403
record p=2164619 q=3336227 N=7221660352513 n=43 value=1082309
record p=2167643 q=4252883 N=9218732064769 n=44 value=1083821
record p=2175023 q=3806927 N=8280153784321 n=43 value=1087511
record p=2177243 q=3146579 N=6850867101697 n=43 value=1088621
record p=2177507 q=3920843 N=8537663078401 n=43 value=1088753
record p=2180027 q=3606899 N=7863137206273 n=43 value=1090013
record p=2183543 q=2807879 N=6131124535297 n=43 value=1091771
record p=2187863 q=2795879 N=6117000216577 n=43 value=1093931
record p=2189939 q=2509499 N=5495649730561 n=43 value=1094969
record p=2190047 q=2937119 N=6432428654593 n=43 value=1095023
record p=2198783 q=3502847 N=7702000435201 n=43 value=1099391
record p=2213423 q=2834639 N=6274255159297 n=43 value=1106711
record p=2232827 q=3297587 N=7362941288449 n=43 value=1116413
record p=2242763 q=3566819 N=7999529680897 n=43 value=1121381
record p=2244623 q=2404079 N=5396251017217 n=43 value=1122311
record p=2253023 q=3758879 N=8468840841217 n=43 value=1126511
record p=2254223 q=2431343 N=5480789311489 n=43 value=1127111
record p=2256623 q=3964943 N=8947381567489 n=44 value=1128311
record p=2257247 q=4074143 N=9196347064321 n=44 value=1128623
record p=2257559 q=4468007 N=10086789414913 n=44 value=1128779
record p=2258483 q=4027643 N=9096363245569 n=44 value=1129241
record p=2261219 q=3327179 N=7523480371201 n=43 value=1130609
record p=2264699 q=2433203 N=5510472400897 n=43 value=1132349
record p=2271923 q=3544187 N=8052119961601 n=43 value=1135961
record p=2272199 q=4433399 N=10073564774401 n=44 value=1136099
record p=2272547 q=3074699 N=6987397988353 n=43 value=1136273
record p=2274599 q=3369623 N=7664541106177 n=43 value=1137299
record p=2288207 q=3140783 N=7186761646081 n=43 value=1144103
record p=2302043 q=2428883 N=5591393107969 n=43 value=1151021
record p=2304059 q=2453747 N=5653577859073 n=43 value=1152029
record p=2305463 q=2375687 N=5477058478081 n=43 value=1152731
record p=2316179 q=2514587 N=5824233603073 n=43 value=1158089
record p=2320247 q=3383879 N=7851435098113 n=43 value=1160123
record p=2329883 q=4261139 N=9927955316737 n=44 value=1164941
record p=2333207 q=2702759 N=6306096218113 n=43 value=1166603
record p=2335079 q=4516439 N=10546241863681 n=44 value=1167539
record p=2336903 q=2399543 N=5607499235329 n=43 value=1168451
record p=2346347 q=3012419 N=7068180283393 n=43 value=1173173
record p=2347523 q=4253867 N=9986050621441 n=44 value=1173761
record p=2352227 q=3521867 N=8284230647809 n=43 value=1176113
record p=2375327 q=3366239 N=7995918385153 n=43 value=1187663
record p=2377007 q=3088847 N=7342210940929 n=43 value=1188503
record p=2377163 q=3586019 N=8524551684097 n=43 value=1188581
record p=2380787 q=3243323 N=7721661235201 n=43 value=1190393
record p=2381147 q=2872019 N=6838699425793 n=43 value=1190573
record p=2384567 q=2628359 N=6267498135553 n=43 value=1192283
record p=2387003 q=2591987 N=6187080744961 n=43 value=1193501
record p=2390243 q=2657483 N=6352030138369 n=43 value=1195121
record p=2395103 q=3076127 N=7367641006081 n=43 value=1197551
record p=2402663 q=2581079 N=6201463013377 n=43 value=1201331
record p=2403119 q=2522063 N=6060817514497 n=43 value=1201559
record p=2407883 q=2916323 N=7022164574209 n=43 value=1203941
record p=2408723 q=4796699 N=11553919205377 n=44 value=1204361
record p=2414507 q=2583299 N=6237393518593 n=43 value=1207253
record p=2429579 q=2966819 N=7208121139201 n=43 value=1214789
record p=2431763 q=3729179 N=9068479512577 n=44 value=1215881
record p=2434739 q=3405947 N=8292591992833 n=43 value=1217369
record p=2435519 q=3130943 N=7625471164417 n=43 value=1217759
record p=2437847 q=4579559 N=11164264169473 n=44 value=1218923
record p=2440499 q=4785659 N=11679396003841 n=44 value=1220249
record p=2445887 q=2727359 N=6670811922433 n=43 value=1222943
record p=2477159 q=3575639 N=8857426329601 n=44 value=1238579
record p=2480579 q=3071723 N=7619651567617 n=43 value=1240289
record p=2484863 q=2872703 N=7138273394689 n=43 value=1242431
record p=2526299 q=4441043 N=11219402489857 n=44 value=1263149
record p=2535887 q=3323183 N=8427216568321 n=43 value=1267943
record p=2537219 q=5041067 N=12790290972673 n=44 value=1268609
record p=2540423 q=3117623 N=7920081174529 n=43 value=1270211
record p=2543459 q=2697803 N=6861751320577 n=43 value=1271729
record p=2555027 q=4555163 N=11638564454401 n=44 value=1277513
record p=2560343 q=3566183 N=9130651680769 n=44 value=1280171
record p=2568023 q=3091559 N=7939194617857 n=43 value=1284011
record p=2573003 q=2659043 N=6841725616129 n=43 value=1286501
record p=2574203 q=2719667 N=7000974950401 n=43 value=1287101
record p=2576699 q=4939763 N=12728282382337 n=44 value=1288349
record p=2577683 q=2735387 N=7050960568321 n=43 value=1288841
record p=2582627 q=5134667 N=13260929630209 n=44 value=1291313
record p=2589563 q=2876339 N=7448461049857 n=43 value=1294781
record p=2594939 q=4228787 N=10973444308993 n=44 value=1297469
record p=2598983 q=3375479 N=8772812537857 n=43 value=1299491
record p=2600867 q=3013643 N=7838084628481 n=43 value=1300433
record p=2605439 q=3538559 N=9219499622401 n=44 value=1302719
record p=2607743 q=2749823 N=7170831679489 n=43 value=1303871
record p=2612123 q=4461203 N=11653210963969 n=44 value=1306061
record p=2612243 q=4869659 N=12720732635137 n=44 value=1306121
record p=2613839 q=2618543 N=6844449816577 n=43 value=1306919
record p=2617379 q=2637707 N=6903878909953 n=43 value=1308689
record p=2620259 q=4808267 N=12598904881153 n=44 value=1310129
record p=2626367 q=3235007 N=8496315629569 n=43 value=1313183
record p=2645723 q=3304787 N=8743550976001 n=43 value=1322861
record p=2655623 q=3026999 N=8038568165377 n=43 value=1327811
record p=2665427 q=3269723 N=8715207966721 n=43 value=1332713
record p=2670923 q=3129443 N=8358501285889 n=43 value=1335461
record p=2681423 q=2747567 N=7367389347841 n=43 value=1340711
record p=2682503 q=2914103 N=7817090039809 n=43 value=1341251
record p=2694323 q=2814587 N=7583406489601 n=43 value=1347161
record p=2700323 q=2825099 N=7628679806977 n=43 value=1350161
record p=2704127 q=2997503 N=8105628794881 n=43 value=1352063
record p=2715983 q=3868079 N=10505636806657 n=44 value=1357991
record p=2724563 q=2921819 N=7960679940097 n=43 value=1362281
record p=2728907 q=4254179 N=11609258852353 n=44 value=1364453
record p=2729183 q=3872543 N=10568878522369 n=44 value=1364591
record p=2748059 q=2967443 N=8154708443137 n=43 value=1374029
record p=2762759 q=3196343 N=8830725390337 n=44 value=1381379
record p=2783687 q=3110903 N=8659780239361 n=43 value=1391843
record p=2787479 q=5338919 N=14882124595201 n=44 value=1393739
record p=2788979 q=5228219 N=14581392998401 n=44 value=1394489
record p=2790923 q=4507043 N=12578809970689 n=44 value=1395461
record p=2793587 q=3736763 N=10438972538881 n=44 value=1396793
record p=2801339 q=5559923 N=15575229136897 n=44 value=1400669
record p=2820179 q=5274587 N=14875279491073 n=44 value=1410089
record p=2820899 q=5536907 N=15619055419393 n=44 value=1410449
record p=2830187 q=3179843 N=8999550320641 n=44 value=1415093
record p=2839547 q=4374323 N=12421095751681 n=44 value=1419773
record p=2850383 q=3070127 N=8751037808641 n=43 value=1425191
record p=2851799 q=4399079 N=12545289093121 n=44 value=1425899
record p=2855807 q=3681407 N=10513387880449 n=44 value=1427903
record p=2858699 q=3036899 N=8681580134401 n=43 value=1429349
record p=2860883 q=4797659 N=13725541072897 n=44 value=1430441
record p=2862947 q=4934219 N=14126407483393 n=44 value=1431473
record p=2863703 q=5069159 N=14516565835777 n=44 value=1431851
record p=2884163 q=3857003 N=11124225343489 n=44 value=1442081
record p=2894447 q=4617359 N=13364700905473 n=44 value=1447223
record p=2899907 q=3746027 N=10863129919489 n=44 value=1449953
record p=2902787 q=3078059 N=8934949650433 n=44 value=1451393
record p=2903063 q=5352359 N=15538235375617 n=44 value=1451531
record p=2913083 q=5500403 N=16023130472449 n=44 value=1456541
record p=2919479 q=3991943 N=11654393757697 n=44 value=1459739
record p=2920427 q=3350723 N=9785541918721 n=44 value=1460213
record p=2923499 q=2929859 N=8565439856641 n=43 value=1461749
record p=2944379 q=4450739 N=13104662446081 n=44 value=1472189
record p=2972939 q=4097699 N=12182209167361 n=44 value=1486469
record p=2978699 q=3284003 N=9782056452097 n=44 value=1489349
record p=2983523 q=4008779 N=11960284348417 n=44 value=1491761
record p=3002459 q=5955539 N=17881261670401 n=45 value=1501229
record p=3018539 q=4470659 N=13494858547201 n=44 value=1509269
record p=3019967 q=3627839 N=10955954061313 n=44 value=1509983
record p=3020399 q=5376143 N=16238096941057 n=44 value=1510199
record p=3020783 q=6027023 N=18206328619009 n=45 value=1510391
record p=3024767 q=5871743 N=17760654458881 n=45 value=1512383
record p=3025487 q=3976367 N=12030446665729 n=44 value=1512743
record p=3035939 q=3110027 N=9441852260353 n=44 value=1517969
record p=3043787 q=6040547 N=18386138431489 n=45 value=1521893
record p=3051947 q=4710659 N=14376681603073 n=44 value=1525973
record p=3067739 q=4507859 N=13828934860801 n=44 value=1533869
record p=3069047 q=3753287 N=11519014207489 n=44 value=1534523
record p=3083303 q=4563863 N=14071772479489 n=44 value=1541651
record p=3087923 q=5311739 N=16402241028097 n=44 value=1543961
record p=3088607 q=6069023 N=18744826920961 n=45 value=1544303
record p=3096047 q=4821263 N=14926856847361 n=44 value=1548023
record p=3096323 q=4629419 N=14334176526337 n=44 value=1548161
record p=3101999 q=5116367 N=15870965317633 n=44 value=1550999
record p=3138767 q=3580463 N=11238239109121 n=44 value=1569383
record p=3147707 q=4433267 N=13954625568769 n=44 value=1573853
record p=3155687 q=5213399 N=16451855450113 n=44 value=1577843
record p=3158339 q=5235563 N=16535682809857 n=44 value=1579169
record p=3159323 q=3677459 N=11618280800257 n=44 value=1579661
record p=3164003 q=3895883 N=12326585499649 n=44 value=1582001
record p=3172847 q=4842767 N=15365358747649 n=44 value=1586423
record p=3183179 q=4859747 N=15469444595713 n=44 value=1591589
record p=3188723 q=4671803 N=14897085677569 n=44 value=1594361
record p=3197399 q=6240743 N=19954145427457 n=45 value=1598699
record p=3223919 q=4803983 N=15487652069377 n=44 value=1611959
record p=3259667 q=5739803 N=18709846425601 n=45 value=1629833
record p=3260639 q=4324127 N=14099417137153 n=44 value=1630319
record p=3263243 q=3549347 N=11582381752321 n=44 value=1631621
record p=3273899 q=4875779 N=15962807992321 n=44 value=1636949
record p=3278699 q=6221123 N=20397189758977 n=45 value=1639349
record p=3280703 q=5333183 N=17496589467649 n=44 value=1640351
record p=3286139 q=3414707 N=11221201846273 n=44 value=1643069
record p=3296999 q=3597527 N=11861042921473 n=44 value=1648499
record p=3298259 q=3570779 N=11777353973761 n=44 value=1649129
record p=3302603 q=4055267 N=13392936960001 n=44 value=1651301
record p=3305999 q=5520623 N=18251174117377 n=45 value=1652999
record p=3308939 q=5325347 N=17621248376833 n=45 value=1654469
record p=3313139 q=4117307 N=13641210396673 n=44 value=1656569
record p=3324407 q=3528647 N=11730658787329 n=44 value=1662203
record p=3324983 q=6142343 N=20423186055169 n=45 value=1662491
record p=3336779 q=6229859 N=20787662684161 n=45 value=1668389
record p=3342299 q=4777043 N=15966306041857 n=44 value=1671149
record p=3342959 q=5938319 N=19851556945921 n=45 value=1671479
record p=3344267 q=5302307 N=17732330323969 n=45 value=1672133
record p=3349439 q=5166143 N=17303680843777 n=44 value=1674719
record p=3355127 q=4382663 N=14704390963201 n=44 value=1677563
record p=3359843 q=4283723 N=14392636735489 n=44 value=1679921
record p=3367907 q=4782539 N=16107146575873 n=44 value=1683953
record p=3379127 q=4029959 N=13617743265793 n=44 value=1689563
record p=3393623 q=6136679 N=20825574998017 n=45 value=1696811
record p=3394043 q=6019379 N=20430031159297 n=45 value=1697021
record p=3405359 q=3608783 N=12289201668097 n=44 value=1702679
record p=3411839 q=3911807 N=13346455683073 n=44 value=1705919
record p=3414227 q=6029147 N=20584876474369 n=45 value=1707113
record p=3418787 q=4905227 N=16769926299649 n=44 value=1709393
record p=3421499 q=3726323 N=12749610418177 n=44 value=1710749
record p=3434759 q=5289143 N=18166931521537 n=45 value=1717379
record p=3441059 q=5945867 N=20460079153153 n=45 value=1720529
record p=3446567 q=3500183 N=12063615221761 n=44 value=1723283
record p=3463259 q=3971027 N=13752694996993 n=44 value=1731629
record p=3463367 q=4090103 N=14165527756801 n=44 value=1731683
record p=3474623 q=4746047 N=16490724065281 n=44 value=1737311
record p=3481007 q=5658959 N=19698875891713 n=45 value=1740503
record p=3496343 q=4372007 N=15286036070401 n=44 value=1748171
record p=3498119 q=3499319 N=12241034280961 n=44 value=1749059
record p=3498359 q=6015047 N=21042793807873 n=45 value=1749179
record p=3508523 q=5959043 N=20907439423489 n=45 value=1754261
record p=3524699 q=5384147 N=18977497546753 n=45 value=1762349
record p=3529607 q=5569079 N=19656660221953 n=45 value=1764803
record p=3539267 q=3969899 N=14050532524033 n=44 value=1769633
record p=3541259 q=3898019 N=13803894865921 n=44 value=1770629
record p=3548639 q=5756447 N=20427552325633 n=45 value=1774319
record p=3550259 q=4763387 N=16911257567233 n=44 value=1775129
record p=3552047 q=5895119 N=20939739758593 n=45 value=1776023
record p=3552203 q=3922403 N=13933171703809 n=44 value=1776101
record p=3552707 q=3695339 N=13128456732673 n=44 value=1776353
record p=3561827 q=5107787 N=18193053646849 n=45 value=1780913
record p=3569939 q=4471067 N=15961436454913 n=44 value=1784969
record p=3570227 q=4264187 N=15224115560449 n=44 value=1785113
record p=3574127 q=6223247 N=22242675130369 n=45 value=1787063
record p=3582263 q=4938887 N=17692392161281 n=45 value=1791131
record p=3587687 q=4947287 N=17749317255169 n=45 value=1793843
record p=3590759 q=5288279 N=18988935413761 n=45 value=1795379
record p=3591767 q=5373287 N=19299594928129 n=45 value=1795883
record p=3594299 q=4604147 N=16548680957953 n=44 value=1797149
record p=3614747 q=6582803 N=23795167395841 n=45 value=1807373
record p=3626087 q=5277527 N=19136772046849 n=45 value=1813043
record p=3633347 q=4112363 N=14941641768961 n=44 value=1816673
record p=3634343 q=6746903 N=24520559689729 n=45 value=1817171
record p=3635987 q=6653723 N=24192850329601 n=45 value=1817993
record p=3636119 q=4895783 N=17801649586177 n=45 value=1818059
record p=3645563 q=6766259 N=24666823458817 n=45 value=1822781
record p=3648539 q=6966803 N=25418652450817 n=45 value=1824269
record p=3656483 q=5094539 N=18628095246337 n=45 value=1828241
record p=3664679 q=3724439 N=13648873390081 n=44 value=1832339
record p=3667043 q=6434123 N=23594205708289 n=45 value=1833521
record p=3669647 q=5070959 N=18608629481473 n=45 value=1834823
record p=3682859 q=5569667 N=20512298237953 n=45 value=1841429
record p=3683027 q=5698907 N=20989228351489 n=45 value=1841513
record p=3695183 q=4682927 N=17304272240641 n=44 value=1847591
record p=3700847 q=5236367 N=19378993102849 n=45 value=1850423
record p=3702887 q=4365143 N=16163631267841 n=44 value=1851443
record p=3707063 q=3886343 N=14406918340609 n=44 value=1853531
record p=3708443 q=6575123 N=24383468863489 n=45 value=1854221
record p=3714587 q=4357139 N=16184971886593 n=44 value=1857293
record p=3725663 q=6931103 N=25822953996289 n=45 value=1862831
record p=3739103 q=5172767 N=19341508608001 n=45 value=1869551
record p=3739199 q=5759423 N=21535628722177 n=45 value=1869599
record p=3745607 q=5657207 N=21189674139649 n=45 value=1872803
record p=3754103 q=5968199 N=22405233770497 n=45 value=1877051
record p=3761159 q=5294519 N=19913527787521 n=45 value=1880579
record p=3763043 q=6516299 N=24521113337857 n=45 value=1881521
record p=3768503 q=7167239 N=27009761673217 n=45 value=1884251
record p=3783047 q=5684279 N=21503894618113 n=45 value=1891523
record p=3797819 q=6974963 N=26489647005697 n=45 value=1898909
record p=3798407 q=6406199 N=24333351124993 n=45 value=1899203
record p=3814667 q=6352547 N=24232851406849 n=45 value=1907333
record p=3815363 q=5828843 N=22239151915009 n=45 value=1907681
record p=3819899 q=3943859 N=15065143050241 n=44 value=1909949
record p=3820319 q=4550879 N=17385809510401 n=44 value=1910159
record p=3821723 q=6624659 N=25317611667457 n=45 value=1910861
record p=3836387 q=6095819 N=23385920765953 n=45 value=1918193
record p=3849479 q=5120183 N=19710036934657 n=45 value=1924739
record p=3853583 q=5931503 N=22857539125249 n=45 value=1926791
record p=3859139 q=5987819 N=23107825827841 n=45 value=1929569
record p=3878003 q=4544699 N=17624356356097 n=45 value=1939001
record p=3882587 q=4964819 N=19276341706753 n=45 value=1941293
record p=3886787 q=6377963 N=24789783674881 n=45 value=1943393
record p=3890759 q=4516727 N=17573496225793 n=44 value=1945379
record p=3893243 q=5212979 N=20295394000897 n=45 value=1946621
record p=3899243 q=4568387 N=17813251031041 n=45 value=1949621
record p=3899339 q=7679459 N=29944813977601 n=45 value=1949669
record p=3919247 q=7254383 N=28431718809601 n=45 value=1959623
record p=3924023 q=5887367 N=23102163517441 n=45 value=1962011
record p=3930887 q=6980279 N=27438687977473 n=45 value=1965443
record p=3944483 q=5635979 N=22231023353857 n=45 value=1972241
record p=3950327 q=6183623 N=24427332894721 n=45 value=1975163
record p=3950603 q=5374883 N=21234028904449 n=45 value=1975301
record p=3956999 q=6241463 N=24697462849537 n=45 value=1978499
record p=3957683 q=7013243 N=27756192595969 n=45 value=1978841
record p=3967487 q=6256127 N=24821102542849 n=45 value=1983743
record p=3971879 q=7939223 N=31533633110017 n=45 value=1985939
record p=3972119 q=5659559 N=22480441835521 n=45 value=1986059
record p=3977243 q=7842323 N=31190824255489 n=45 value=1988621
record p=3978167 q=6134279 N=24403186286593 n=45 value=1989083
record p=3983999 q=7665023 N=30537443966977 n=45 value=1991999
record p=4001147 q=5163443 N=20659694469121 n=45 value=2000573
record p=4006103 q=7459559 N=29883761688577 n=45 value=2003051
record p=4013783 q=5805287 N=23301162270721 n=45 value=2006891
record p=4022483 q=5371739 N=21607728807937 n=45 value=2011241
record p=4025507 q=6989579 N=28136599191553 n=45 value=2012753
record p=4031219 q=4351547 N=17542038945793 n=44 value=2015609
record p=4032947 q=7097723 N=28624740679681 n=45 value=2016473
record p=4037543 q=6380567 N=25761813626881 n=45 value=2018771
record p=4038803 q=5799323 N=23422323130369 n=45 value=2019401
record p=4044779 q=6600899 N=26699177656321 n=45 value=2022389
record p=4045127 q=6955127 N=28134372016129 n=45 value=2022563
record p=4047539 q=4766843 N=19293982949377 n=45 value=2023769
record p=4048103 q=7147223 N=28932694867969 n=45 value=2024051
record p=4053059 q=5452907 N=22100953792513 n=45 value=2026529
record p=4053779 q=4073243 N=16512026935297 n=44 value=2026889
record p=4057799 q=6272759 N=25453595197441 n=45 value=2028899
record p=4060139 q=4496579 N=18256735764481 n=45 value=2030069
record p=4060487 q=6497399 N=26382604173313 n=45 value=2030243
record p=4070867 q=7946843 N=32350540922881 n=45 value=2035433
record p=4084079 q=6303119 N=25742435942401 n=45 value=2042039
record p=4110179 q=4227659 N=17376435240961 n=44 value=2055089
record p=4116527 q=4224719 N=17391169830913 n=44 value=2058263
record p=4123907 q=8185259 N=33755246886913 n=45 value=2061953
record p=4123943 q=8106647 N=33431350149121 n=45 value=2061971
record p=4124327 q=7067927 N=29150442160129 n=45 value=2062163
record p=4132067 q=6199499 N=25616745234433 n=45 value=2066033
record p=4136303 q=6349199 N=26262210871297 n=45 value=2068151
record p=4137047 q=5491559 N=22718837686273 n=45 value=2068523
record p=4138847 q=4256927 N=17618769543169 n=45 value=2069423
record p=4151879 q=7745399 N=32157959454721 n=45 value=2075939
record p=4153223 q=6567479 N=27276204834817 n=45 value=2076611
record p=4153979 q=7548083 N=31354578272257 n=45 value=2076989
record p=4159523 q=6354827 N=26433049067521 n=45 value=2079761
record p=4164299 q=7604963 N=31669339815937 n=45 value=2082149
record p=4172699 q=4178579 N=17435952414721 n=44 value=2086349
record p=4177703 q=5226647 N=21835378851841 n=45 value=2088851
record p=4186823 q=5258999 N=22018497970177 n=45 value=2093411
record p=4190987 q=4243619 N=17784952061953 n=45 value=2095493
TOP20
p=4190987 q=4243619 N=17784952061953 n=45 d=2 sp=2095493(2095493) sq=2121809(2121809) residuals=K:(2095493,2121809),R:(2095493,2121809),C:(2095493,2121809),KR:(2095493,2121809),KC:(2095493,2121809),RC:(2095493,2121809),KRC:(2095493,2121809) hits=p{2095493:K[]R[]C[]};q{2121809:K[]R[]C[]}
p=4186823 q=5258999 N=22018497970177 n=45 d=2 sp=2093411(2093411) sq=2629499(2629499) residuals=K:(2093411,2629499),R:(2093411,2629499),C:(2093411,2629499),KR:(2093411,2629499),KC:(2093411,2629499),RC:(2093411,2629499),KRC:(2093411,2629499) hits=p{2093411:K[]R[]C[]};q{2629499:K[]R[]C[]}
p=4177703 q=5226647 N=21835378851841 n=45 d=2 sp=2088851(881*2371) sq=2613323(2613323) residuals=K:(2088851,2613323),R:(2088851,2613323),C:(2088851,2613323),KR:(2088851,2613323),KC:(2088851,2613323),RC:(2088851,2613323),KRC:(2088851,2613323) hits=p{881:K[]R[]C[],2371:K[]R[]C[]};q{2613323:K[]R[]C[]}
p=4172699 q=4178579 N=17435952414721 n=44 d=2 sp=2086349(2086349) sq=2089289(571*3659) residuals=K:(2086349,2089289),R:(2086349,2089289),C:(2086349,2089289),KR:(2086349,2089289),KC:(2086349,2089289),RC:(2086349,2089289),KRC:(2086349,2089289) hits=p{2086349:K[]R[]C[]};q{571:K[]R[]C[],3659:K[]R[]C[]}
p=4164299 q=7604963 N=31669339815937 n=45 d=2 sp=2082149(1433*1453) sq=3802481(3802481) residuals=K:(2082149,3802481),R:(2082149,3802481),C:(2082149,3802481),KR:(2082149,3802481),KC:(2082149,3802481),RC:(2082149,3802481),KRC:(2082149,3802481) hits=p{1433:K[]R[]C[],1453:K[]R[]C[]};q{3802481:K[]R[]C[]}
p=4159523 q=6354827 N=26433049067521 n=45 d=2 sp=2079761(2079761) sq=3177413(127^2*197) residuals=K:(2079761,3177413),R:(2079761,3177413),C:(2079761,3177413),KR:(2079761,3177413),KC:(2079761,3177413),RC:(2079761,3177413),KRC:(2079761,3177413) hits=p{2079761:K[]R[]C[]};q{127:K[]R[]C[],197:K[]R[]C[]}
p=4153979 q=7548083 N=31354578272257 n=45 d=2 sp=2076989(61*79*431) sq=3774041(479*7879) residuals=K:(2076989,3774041),R:(2076989,3774041),C:(2076989,3774041),KR:(2076989,3774041),KC:(2076989,3774041),RC:(2076989,3774041),KRC:(2076989,3774041) hits=p{61:K[]R[]C[],79:K[]R[]C[],431:K[]R[]C[]};q{479:K[]R[]C[],7879:K[]R[]C[]}
p=4153223 q=6567479 N=27276204834817 n=45 d=2 sp=2076611(2076611) sq=3283739(811*4049) residuals=K:(2076611,3283739),R:(2076611,3283739),C:(2076611,3283739),KR:(2076611,3283739),KC:(2076611,3283739),RC:(2076611,3283739),KRC:(2076611,3283739) hits=p{2076611:K[]R[]C[]};q{811:K[]R[]C[],4049:K[]R[]C[]}
p=4151879 q=7745399 N=32157959454721 n=45 d=2 sp=2075939(557*3727) sq=3872699(1013*3823) residuals=K:(2075939,3872699),R:(2075939,3872699),C:(2075939,3872699),KR:(2075939,3872699),KC:(2075939,3872699),RC:(2075939,3872699),KRC:(2075939,3872699) hits=p{557:K[]R[]C[],3727:K[]R[]C[]};q{1013:K[]R[]C[],3823:K[]R[]C[]}
p=4138847 q=4256927 N=17618769543169 n=45 d=2 sp=2069423(19*108917) sq=2128463(2128463) residuals=K:(2069423,2128463),R:(2069423,2128463),C:(2069423,2128463),KR:(2069423,2128463),KC:(2069423,2128463),RC:(2069423,2128463),KRC:(2069423,2128463) hits=p{19:K[]R[]C[],108917:K[]R[]C[]};q{2128463:K[]R[]C[]}
p=4137047 q=5491559 N=22718837686273 n=45 d=2 sp=2068523(349*5927) sq=2745779(97*28307) residuals=K:(2068523,2745779),R:(2068523,2745779),C:(2068523,2745779),KR:(2068523,2745779),KC:(2068523,2745779),RC:(2068523,2745779),KRC:(2068523,2745779) hits=p{349:K[]R[]C[],5927:K[]R[]C[]};q{97:K[]R[]C[],28307:K[]R[]C[]}
p=4136303 q=6349199 N=26262210871297 n=45 d=2 sp=2068151(2068151) sq=3174599(3174599) residuals=K:(2068151,3174599),R:(2068151,3174599),C:(2068151,3174599),KR:(2068151,3174599),KC:(2068151,3174599),RC:(2068151,3174599),KRC:(2068151,3174599) hits=p{2068151:K[]R[]C[]};q{3174599:K[]R[]C[]}
p=4132067 q=6199499 N=25616745234433 n=45 d=2 sp=2066033(2066033) sq=3099749(37*83777) residuals=K:(2066033,3099749),R:(2066033,3099749),C:(2066033,3099749),KR:(2066033,3099749),KC:(2066033,3099749),RC:(2066033,3099749),KRC:(2066033,3099749) hits=p{2066033:K[]R[]C[]};q{37:K[]R[]C[],83777:K[]R[]C[]}
p=4124327 q=7067927 N=29150442160129 n=45 d=2 sp=2062163(103*20021) sq=3533963(3533963) residuals=K:(2062163,3533963),R:(2062163,3533963),C:(2062163,3533963),KR:(2062163,3533963),KC:(2062163,3533963),RC:(2062163,3533963),KRC:(2062163,3533963) hits=p{103:K[]R[]C[],20021:K[]R[]C[]};q{3533963:K[]R[]C[]}
p=4123943 q=8106647 N=33431350149121 n=45 d=2 sp=2061971(2061971) sq=4053323(4053323) residuals=K:(2061971,4053323),R:(2061971,4053323),C:(2061971,4053323),KR:(2061971,4053323),KC:(2061971,4053323),RC:(2061971,4053323),KRC:(2061971,4053323) hits=p{2061971:K[]R[]C[]};q{4053323:K[]R[]C[]}
p=4123907 q=8185259 N=33755246886913 n=45 d=2 sp=2061953(109*18917) sq=4092629(4092629) residuals=K:(2061953,4092629),R:(2061953,4092629),C:(2061953,4092629),KR:(2061953,4092629),KC:(2061953,4092629),RC:(2061953,4092629),KRC:(2061953,4092629) hits=p{109:K[]R[]C[],18917:K[]R[]C[]};q{4092629:K[]R[]C[]}
p=4116527 q=4224719 N=17391169830913 n=44 d=2 sp=2058263(479*4297) sq=2112359(1129*1871) residuals=K:(2058263,2112359),R:(2058263,2112359),C:(2058263,2112359),KR:(2058263,2112359),KC:(2058263,2112359),RC:(2058263,2112359),KRC:(2058263,2112359) hits=p{479:K[]R[]C[],4297:K[]R[]C[]};q{1129:K[]R[]C[],1871:K[]R[]C[]}
p=4110179 q=4227659 N=17376435240961 n=44 d=2 sp=2055089(2055089) sq=2113829(101*20929) residuals=K:(2055089,20929),R:(2055089,2113829),C:(2055089,2113829),KR:(2055089,20929),KC:(2055089,20929),RC:(2055089,2113829),KRC:(2055089,20929) hits=p{2055089:K[]R[]C[]};q{101:K[35]R[]C[],20929:K[]R[]C[]}
p=4084079 q=6303119 N=25742435942401 n=45 d=2 sp=2042039(2042039) sq=3151559(3151559) residuals=K:(2042039,3151559),R:(2042039,3151559),C:(2042039,3151559),KR:(2042039,3151559),KC:(2042039,3151559),RC:(2042039,3151559),KRC:(2042039,3151559) hits=p{2042039:K[]R[]C[]};q{3151559:K[]R[]C[]}
p=4070867 q=7946843 N=32350540922881 n=45 d=2 sp=2035433(2035433) sq=3973421(3973421) residuals=K:(2035433,3973421),R:(2035433,3973421),C:(2035433,3973421),KR:(2035433,3973421),KC:(2035433,3973421),RC:(2035433,3973421),KRC:(2035433,3973421) hits=p{2035433:K[]R[]C[]};q{3973421:K[]R[]C[]}
MENU KRC MAX 2095493 COUNTS one=2427 le_n=3223 le_n2=13503 le_n3=29100
MAX_BY_N 8:1 11:1 12:13 13:1 14:1 15:25 16:49 17:73 18:1 19:59 20:137 21:73 22:193 23:403 24:1733 25:1093 26:1039 27:3851 28:3541 29:3667 30:12203 31:17939 32:24551 33:42233 34:60383 35:88079 36:116969 37:177323 38:259613 39:368843 40:463889 41:715961 42:1017983 43:1461749 44:2086349 45:2095493
RECORDS 655
record p=11 q=19 N=209 n=8 value=1
record p=47 q=79 N=3713 n=12 value=13
record p=151 q=167 N=25217 n=15 value=25
record p=197 q=269 N=52993 n=16 value=49
record p=263 q=439 N=115457 n=17 value=73
record p=647 q=823 N=532481 n=20 value=137
record p=1613 q=2693 N=4343809 n=23 value=403
record p=2767 q=3119 N=8630273 n=24 value=461
record p=2803 q=3643 N=10211329 n=24 value=467
record p=3463 q=6199 N=21467137 n=25 value=577
record p=3467 q=4643 N=16097281 n=24 value=1733
record p=7643 q=13907 N=106291201 n=27 value=3821
record p=7703 q=14759 N=113688577 n=27 value=3851
record p=18143 q=29983 N=543981569 n=30 value=4997
record p=19583 q=29567 N=579010561 n=30 value=9791
record p=22619 q=38867 N=879132673 n=30 value=11309
record p=23603 q=32507 N=767262721 n=30 value=11801
record p=23687 q=43319 N=1026097153 n=30 value=11843
record p=24407 q=31847 N=777289729 n=30 value=12203
record p=31079 q=37463 N=1164312577 n=31 value=15539
record p=31259 q=53267 N=1665073153 n=31 value=15629
record p=35027 q=69467 N=2433220609 n=32 value=17513
record p=35879 q=41879 N=1502576641 n=31 value=17939
record p=41579 q=64067 N=2663841793 n=32 value=20789
record p=44207 q=76367 N=3375955969 n=32 value=22103
record p=47639 q=73127 N=3483697153 n=32 value=23819
record p=49103 q=59183 N=2906062849 n=32 value=24551
record p=55103 q=104639 N=5765922817 n=33 value=27551
record p=61967 q=113903 N=7058227201 n=33 value=30983
record p=63587 q=84299 N=5360320513 n=33 value=31793
record p=66239 q=93503 N=6193545217 n=33 value=33119
record p=67979 q=87587 N=5954076673 n=33 value=33989
record p=68099 q=94379 N=6427115521 n=33 value=34049
record p=70163 q=100379 N=7042891777 n=33 value=35081
record p=80603 q=143699 N=11582570497 n=34 value=40301
record p=82727 q=130199 N=10770972673 n=34 value=41363
record p=84263 q=104087 N=8770682881 n=34 value=42131
record p=84467 q=96059 N=8113815553 n=33 value=42233
record p=91199 q=166847 N=15216279553 n=34 value=45599
record p=101747 q=155579 N=15829696513 n=34 value=50873
record p=108503 q=211943 N=22996451329 n=35 value=54251
record p=111467 q=123203 N=13733068801 n=34 value=55733
record p=111863 q=216263 N=24191827969 n=35 value=55931
record p=113159 q=168887 N=19111084033 n=35 value=56579
record p=113567 q=172127 N=19547947009 n=35 value=56783
record p=115763 q=186107 N=21544304641 n=35 value=57881
record p=120767 q=137279 N=16578772993 n=34 value=60383
record p=121883 q=171539 N=20907687937 n=35 value=60941
record p=123923 q=230939 N=28618653697 n=35 value=61961
record p=130223 q=186959 N=24346361857 n=35 value=65111
record p=130619 q=142067 N=18556649473 n=35 value=65309
record p=133403 q=141587 N=18888130561 n=35 value=66701
record p=141707 q=210467 N=29824647169 n=35 value=70853
record p=143567 q=185903 N=26689536001 n=35 value=71783
record p=163127 q=247943 N=40446197761 n=36 value=81563
record p=164999 q=196919 N=32491438081 n=35 value=82499
record p=170123 q=200483 N=34106769409 n=35 value=85061
record p=172427 q=327203 N=56418631681 n=36 value=86213
record p=173039 q=322319 N=55773757441 n=36 value=86519
record p=175979 q=329027 N=57901842433 n=36 value=87989
record p=176159 q=183263 N=32283426817 n=35 value=88079
record p=188687 q=257519 N=48590487553 n=36 value=94343
record p=193847 q=315527 N=61163962369 n=36 value=96923
record p=203843 q=331883 N=67652026369 n=36 value=101921
record p=215687 q=219959 N=47442296833 n=36 value=107843
record p=216947 q=224699 N=48747773953 n=36 value=108473
record p=217319 q=312023 N=67808526337 n=36 value=108659
record p=218279 q=332567 N=72592392193 n=37 value=109139
record p=222059 q=307523 N=68288249857 n=36 value=111029
record p=227567 q=439823 N=100089200641 n=37 value=113783
record p=233939 q=257627 N=60269002753 n=36 value=116969
record p=250199 q=371303 N=92899639297 n=37 value=125099
record p=255467 q=400067 N=102203916289 n=37 value=127733
record p=260483 q=384299 N=100103356417 n=37 value=130241
record p=261323 q=362723 N=94787862529 n=37 value=130661
record p=263519 q=366239 N=96510935041 n=37 value=131759
record p=271703 q=300647 N=81686691841 n=37 value=135851
record p=273719 q=333959 N=91410923521 n=37 value=136859
record p=274943 q=511487 N=140629770241 n=38 value=137471
record p=276359 q=515639 N=142501478401 n=38 value=138179
record p=278879 q=547487 N=152682627073 n=38 value=139439
record p=281627 q=306707 N=86376972289 n=37 value=140813
record p=287867 q=514739 N=148176371713 n=38 value=143933
record p=291287 q=397799 N=115873677313 n=37 value=145643
record p=298427 q=339827 N=101413552129 n=37 value=149213
record p=312407 q=419687 N=131113156609 n=37 value=156203
record p=319679 q=429887 N=137425846273 n=37 value=159839
record p=333923 q=403787 N=134833766401 n=37 value=166961
record p=335507 q=569243 N=190985011201 n=38 value=167753
record p=347003 q=449459 N=155963621377 n=38 value=173501
record p=348527 q=601487 N=209634459649 n=38 value=174263
record p=350459 q=455219 N=159535595521 n=38 value=175229
record p=354647 q=365159 N=129502543873 n=37 value=177323
record p=381047 q=592199 N=225655652353 n=38 value=190523
record p=395027 q=580379 N=229265375233 n=38 value=197513
record p=398339 q=538283 N=214419111937 n=38 value=199169
record p=398459 q=699059 N=278546350081 n=39 value=199229
record p=398759 q=606743 N=241944231937 n=38 value=199379
record p=404267 q=473987 N=191617302529 n=38 value=202133
record p=405719 q=639719 N=259546152961 n=38 value=202859
record p=418043 q=830003 N=346976944129 n=39 value=209021
record p=422243 q=432203 N=182494691329 n=38 value=211121
record p=430007 q=687623 N=295682703361 n=39 value=215003
record p=435143 q=667127 N=290295644161 n=39 value=217571
record p=438143 q=594047 N=260277534721 n=38 value=219071
record p=442319 q=649007 N=287068127233 n=39 value=221159
record p=445619 q=836219 N=372635074561 n=39 value=222809
record p=445883 q=585587 N=261103288321 n=38 value=222941
record p=446003 q=580859 N=259064856577 n=38 value=223001
record p=447779 q=524939 N=235056660481 n=38 value=223889
record p=448859 q=896723 N=402502189057 n=39 value=224429
record p=465419 q=860579 N=400529817601 n=39 value=232709
record p=482507 q=731363 N=352887767041 n=39 value=241253
record p=499559 q=527447 N=263490895873 n=38 value=249779
record p=505607 q=919223 N=464765583361 n=39 value=252803
record p=508919 q=912839 N=464561111041 n=39 value=254459
record p=513203 q=719483 N=369240834049 n=39 value=256601
record p=519227 q=527603 N=273945722881 n=38 value=259613
record p=533447 q=568823 N=303436922881 n=39 value=266723
record p=537743 q=682607 N=367067136001 n=39 value=268871
record p=540347 q=743027 N=401492410369 n=39 value=270173
record p=542999 q=622247 N=337879498753 n=39 value=271499
record p=544007 q=757943 N=412326297601 n=39 value=272003
record p=547139 q=719723 N=393788522497 n=39 value=273569
record p=551099 q=892019 N=491590778881 n=39 value=275549
record p=552887 q=957959 N=529643077633 n=39 value=276443
record p=555683 q=592139 N=329041575937 n=39 value=277841
record p=557087 q=981983 N=547049963521 n=39 value=278543
record p=557927 q=714839 N=398827978753 n=39 value=278963
record p=559523 q=717323 N=401358716929 n=39 value=279761
record p=563183 q=620303 N=349344104449 n=39 value=281591
record p=568187 q=818099 N=464833216513 n=39 value=284093
record p=568907 q=666467 N=379157741569 n=39 value=284453
record p=575987 q=587579 N=338437865473 n=39 value=287993
record p=580487 q=653879 N=379568259073 n=39 value=290243
record p=585023 q=754367 N=441322045441 n=39 value=292511
record p=593519 q=921743 N=547071983617 n=39 value=296759
record p=597803 q=1091459 N=652477464577 n=40 value=298901
record p=601379 q=813707 N=489346301953 n=39 value=300689
record p=607967 q=783647 N=476431515649 n=39 value=303983
record p=610619 q=614387 N=375156375553 n=39 value=305309
record p=616439 q=756167 N=466130829313 n=39 value=308219
record p=617447 q=686039 N=423592722433 n=39 value=308723
record p=621239 q=951047 N=590827487233 n=40 value=310619
record p=622607 q=880367 N=548122656769 n=39 value=311303
record p=632447 q=792959 N=501504540673 n=39 value=316223
record p=635567 q=713807 N=453672173569 n=39 value=317783
record p=637727 q=655583 N=418082979841 n=39 value=318863
record p=640247 q=670919 N=429553876993 n=39 value=320123
record p=642779 q=1277267 N=821000404993 n=40 value=321389
record p=650627 q=952619 N=619799642113 n=40 value=325313
record p=658079 q=954719 N=628280524801 n=40 value=329039
record p=666683 q=773363 N=515587964929 n=39 value=333341
record p=670379 q=782339 N=524463636481 n=39 value=335189
record p=689279 q=1129343 N=778432413697 n=40 value=344639
record p=693167 q=828239 N=574107942913 n=40 value=346583
record p=694319 q=1158863 N=804620599297 n=40 value=347159
record p=700079 q=747599 N=523378360321 n=39 value=350039
record p=704303 q=1370063 N=964939481089 n=40 value=352151
record p=706943 q=718463 N=507912388609 n=39 value=353471
record p=714719 q=1020959 N=729698795521 n=40 value=357359
record p=720779 q=995363 N=717436747777 n=40 value=360389
record p=722027 q=1017923 N=734967889921 n=40 value=361013
record p=722159 q=829967 N=599368138753 n=40 value=361079
record p=726107 q=785363 N=570257571841 n=40 value=363053
record p=728627 q=1379579 N=1005198508033 n=40 value=364313
record p=737687 q=740903 N=546554511361 n=39 value=368843
record p=743159 q=1329863 N=988299657217 n=40 value=371579
record p=747107 q=936779 N=699874148353 n=40 value=373553
record p=749807 q=900623 N=675293429761 n=40 value=374903
record p=754907 q=1103699 N=833190100993 n=40 value=377453
record p=755759 q=1490639 N=1126563840001 n=41 value=377879
record p=759719 q=761879 N=578813952001 n=40 value=379859
record p=761459 q=865979 N=659407503361 n=40 value=380729
record p=766583 q=1165127 N=893166551041 n=40 value=383291
record p=770183 q=1115447 N=859098316801 n=40 value=385091
record p=776507 q=890867 N=691764461569 n=40 value=388253
record p=793139 q=1339643 N=1062523109377 n=40 value=396569
record p=811619 q=1388363 N=1126821789697 n=41 value=405809
record p=814127 q=1333967 N=1086018551809 n=40 value=407063
record p=815159 q=935303 N=762420658177 n=40 value=407579
record p=817679 q=1127663 N=922066354177 n=40 value=408839
record p=836183 q=1395047 N=1166514585601 n=41 value=418091
record p=837923 q=1289867 N=1080809226241 n=40 value=418961
record p=842747 q=1308467 N=1102706638849 n=41 value=421373
record p=871463 q=1270679 N=1107349733377 n=41 value=435731
record p=871679 q=1684223 N=1468101820417 n=41 value=435839
record p=886583 q=1367687 N=1212568043521 n=41 value=443291
record p=886979 q=1009643 N=895532138497 n=40 value=443489
record p=904823 q=1076039 N=973624836097 n=40 value=452411
record p=924383 q=1843487 N=1704088043521 n=41 value=462191
record p=927779 q=1034123 N=959437602817 n=40 value=463889
record p=932039 q=1509623 N=1407027511297 n=41 value=466019
record p=932567 q=1661159 N=1549142065153 n=41 value=466283
record p=934919 q=1436087 N=1342625021953 n=41 value=467459
record p=939119 q=1411727 N=1325779648513 n=41 value=469559
record p=953507 q=1214219 N=1157766316033 n=41 value=476753
record p=954923 q=1809539 N=1727970410497 n=41 value=477461
record p=956843 q=1546499 N=1479756742657 n=41 value=478421
record p=956903 q=1796567 N=1719140352001 n=41 value=478451
record p=970967 q=1254119 N=1217708163073 n=41 value=485483
record p=972047 q=1931759 N=1877760540673 n=41 value=486023
record p=974147 q=1939307 N=1889170096129 n=41 value=487073
record p=977927 q=1884599 N=1843000246273 n=41 value=488963
record p=997247 q=1607807 N=1603380707329 n=41 value=498623
record p=997727 q=1794719 N=1790639603713 n=41 value=498863
record p=1005647 q=1621679 N=1630836621313 n=41 value=502823
record p=1008263 q=1295159 N=1305860898817 n=41 value=504131
record p=1011107 q=1125899 N=1138404360193 n=41 value=505553
record p=1011719 q=1113527 N=1126576422913 n=41 value=505859
record p=1023167 q=1692479 N=1731688660993 n=41 value=511583
record p=1025807 q=1337327 N=1371839397889 n=41 value=512903
record p=1032287 q=1219487 N=1258860576769 n=41 value=516143
record p=1034003 q=1907483 N=1972343144449 n=41 value=517001
record p=1034387 q=1873307 N=1937724407809 n=41 value=517193
record p=1037963 q=1138979 N=1182218059777 n=41 value=518981
record p=1059743 q=1978463 N=2096662315009 n=41 value=529871
record p=1063967 q=1064927 N=1133047185409 n=41 value=531983
record p=1077023 q=1985759 N=2138708115457 n=41 value=538511
record p=1077299 q=2099963 N=2262288039937 n=42 value=538649
record p=1077743 q=1236239 N=1332347928577 n=41 value=538871
record p=1079867 q=1724147 N=1861849448449 n=41 value=539933
record p=1079987 q=1885307 N=2036107051009 n=41 value=539993
record p=1084067 q=1145099 N=1241364037633 n=41 value=542033
record p=1112747 q=1519619 N=1690951483393 n=41 value=556373
record p=1115267 q=1206827 N=1345934327809 n=41 value=557633
record p=1117799 q=1322327 N=1478095798273 n=41 value=558899
record p=1122923 q=1538627 N=1727759646721 n=41 value=561461
record p=1123427 q=1211723 N=1361282334721 n=41 value=561713
record p=1128899 q=1474283 N=1664316604417 n=41 value=564449
record p=1134059 q=1929923 N=2188646547457 n=41 value=567029
record p=1138667 q=2085059 N=2374187876353 n=42 value=569333
record p=1147379 q=1244987 N=1428471939073 n=41 value=573689
record p=1163843 q=1251947 N=1457069752321 n=41 value=581921
record p=1167059 q=1554779 N=1814518824961 n=41 value=583529
record p=1167599 q=1269263 N=1481990209537 n=41 value=583799
record p=1174319 q=2177999 N=2557665607681 n=42 value=587159
record p=1190699 q=1260419 N=1500779642881 n=41 value=595349
record p=1192559 q=2190479 N=2612275445761 n=42 value=596279
record p=1200359 q=1688279 N=2026540892161 n=41 value=600179
record p=1200839 q=1756919 N=2109776855041 n=41 value=600419
record p=1207079 q=1463447 N=1766496141313 n=41 value=603539
record p=1207439 q=2175599 N=2626903080961 n=42 value=603719
record p=1214867 q=2030747 N=2467087515649 n=42 value=607433
record p=1219859 q=1684763 N=2055173308417 n=41 value=609929
record p=1221863 q=1715927 N=2096627712001 n=41 value=610931
record p=1227323 q=1969907 N=2417712168961 n=42 value=613661
record p=1230107 q=1772819 N=2180757061633 n=41 value=615053
record p=1233539 q=1936427 N=2388658225153 n=42 value=616769
record p=1244627 q=1532507 N=1907399589889 n=41 value=622313
record p=1248503 q=1537223 N=1919227527169 n=41 value=624251
record p=1249043 q=2429723 N=3034828505089 n=42 value=624521
record p=1254767 q=1956239 N=2454624141313 n=42 value=627383
record p=1259243 q=2277827 N=2868337704961 n=42 value=629621
record p=1263947 q=2029667 N=2565391515649 n=42 value=631973
record p=1264643 q=1490603 N=1885080649729 n=41 value=632321
record p=1271903 q=2159519 N=2746698694657 n=42 value=635951
record p=1272443 q=1434803 N=1825705033729 n=41 value=636221
record p=1280759 q=2119367 N=2714398359553 n=42 value=640379
record p=1281803 q=1524899 N=1954620112897 n=41 value=640901
record p=1284047 q=1969967 N=2529530216449 n=42 value=642023
record p=1285247 q=2106239 N=2707037356033 n=42 value=642623
record p=1286807 q=2489639 N=3203684892673 n=42 value=643403
record p=1291163 q=1604243 N=2071339204609 n=41 value=645581
record p=1310627 q=1846283 N=2419788349441 n=42 value=655313
record p=1320623 q=1896527 N=2504597176321 n=42 value=660311
record p=1321319 q=2089559 N=2760974008321 n=42 value=660659
record p=1323503 q=2563343 N=3392592150529 n=42 value=661751
record p=1325063 q=1684919 N=2232623824897 n=42 value=662531
record p=1334363 q=2192339 N=2925376045057 n=42 value=667181
record p=1344647 q=1376567 N=1850996686849 n=41 value=672323
record p=1346483 q=1514363 N=2039064035329 n=41 value=673241
record p=1347587 q=1481387 N=1996297863169 n=41 value=673793
record p=1361903 q=1787663 N=2434623602689 n=42 value=680951
record p=1370819 q=2332139 N=3196940451841 n=42 value=685409
record p=1370987 q=2550083 N=3496130641921 n=42 value=685493
record p=1381487 q=2542223 N=3512048025601 n=42 value=690743
record p=1398407 q=2330423 N=3258879836161 n=42 value=699203
record p=1401083 q=1419827 N=1989295472641 n=41 value=700541
record p=1416587 q=1909283 N=2704665477121 n=42 value=708293
record p=1422647 q=1446023 N=2057180282881 n=41 value=711323
record p=1431923 q=1504187 N=2153879961601 n=41 value=715961
record p=1434827 q=1990883 N=2856572682241 n=42 value=717413
record p=1436147 q=2676539 N=3843903455233 n=42 value=718073
record p=1440983 q=1619687 N=2333941432321 n=42 value=720491
record p=1450739 q=2803259 N=4066797158401 n=42 value=725369
record p=1452299 q=2251427 N=3269745180673 n=42 value=726149
record p=1460099 q=1605419 N=2344070676481 n=42 value=730049
record p=1461407 q=1822559 N=2663500480513 n=42 value=730703
record p=1462883 q=2801483 N=4098241855489 n=42 value=731441
record p=1482407 q=1648919 N=2444369068033 n=42 value=741203
record p=1503863 q=2787143 N=4191481233409 n=42 value=751931
record p=1518563 q=2847179 N=4323620683777 n=42 value=759281
record p=1521623 q=2141159 N=3258036781057 n=42 value=760811
record p=1527803 q=1532723 N=2341698797569 n=42 value=763901
record p=1529267 q=2843003 N=4347710668801 n=42 value=764633
record p=1529327 q=1865999 N=2853722652673 n=42 value=764663
record p=1544483 q=2303627 N=3557912739841 n=42 value=772241
record p=1554863 q=2178383 N=3387087126529 n=42 value=777431
record p=1555223 q=2829479 N=4400470818817 n=43 value=777611
record p=1559879 q=3001463 N=4681919102977 n=43 value=779939
record p=1566479 q=2369519 N=3711801753601 n=42 value=783239
record p=1579883 q=2242883 N=3543492722689 n=42 value=789941
record p=1584203 q=2833763 N=4489255845889 n=43 value=792101
record p=1585127 q=1930199 N=3059610550273 n=42 value=792563
record p=1590467 q=2198507 N=3496652832769 n=42 value=795233
record p=1592807 q=2389463 N=3805953392641 n=42 value=796403
record p=1597703 q=2309303 N=3689580331009 n=42 value=798851
record p=1621979 q=2958419 N=4798493491201 n=43 value=810989
record p=1623827 q=2890523 N=4693709291521 n=43 value=811913
record p=1625747 q=2129819 N=3462546849793 n=42 value=812873
record p=1636043 q=2637539 N=4315127218177 n=42 value=818021
record p=1637639 q=1826999 N=2991964815361 n=42 value=818819
record p=1651943 q=2268887 N=3748071997441 n=42 value=825971
record p=1654547 q=2515739 N=4162408415233 n=42 value=827273
record p=1654739 q=1994843 N=3300944510977 n=42 value=827369
record p=1662527 q=3117503 N=5182932910081 n=43 value=831263
record p=1669103 q=1873679 N=3127363239937 n=42 value=834551
record p=1691507 q=2682299 N=4537127534593 n=43 value=845753
record p=1691939 q=3335819 N=5644002263041 n=43 value=845969
record p=1696979 q=3150683 N=5346642886657 n=43 value=848489
record p=1699319 q=1762247 N=2994619809793 n=42 value=849659
record p=1700603 q=1722419 N=2929150918657 n=42 value=850301
record p=1709327 q=2767343 N=4730294108161 n=43 value=854663
record p=1712519 q=2741303 N=4694533472257 n=43 value=856259
record p=1719947 q=2472227 N=4252099411969 n=42 value=859973
record p=1720787 q=3194459 N=5496983519233 n=43 value=860393
record p=1724483 q=2129003 N=3671429480449 n=42 value=862241
record p=1738943 q=2942783 N=5117331898369 n=43 value=869471
record p=1743359 q=2188799 N=3815862435841 n=42 value=871679
record p=1747727 q=3466223 N=6058011525121 n=43 value=873863
record p=1759463 q=2407127 N=4235250892801 n=42 value=879731
record p=1769627 q=1893779 N=3351282450433 n=42 value=884813
record p=1777379 q=1906379 N=3388358000641 n=42 value=888689
record p=1778807 q=2487623 N=4425001205761 n=43 value=889403
record p=1780379 q=2337683 N=4161961721857 n=42 value=890189
record p=1782647 q=1807943 N=3222924165121 n=42 value=891323
record p=1782959 q=1876559 N=3345827758081 n=42 value=891479
record p=1812359 q=3501623 N=6346197958657 n=43 value=906179
record p=1833023 q=2357183 N=4320770654209 n=42 value=916511
record p=1839347 q=1935419 N=3559907131393 n=42 value=919673
record p=1840043 q=3034883 N=5584315219969 n=43 value=920021
record p=1848467 q=2165147 N=4002202779649 n=42 value=924233
record p=1850159 q=2681807 N=4961769357313 n=43 value=925079
record p=1856159 q=3295583 N=6117126045697 n=43 value=928079
record p=1856747 q=2208707 N=4101010096129 n=42 value=928373
record p=1858643 q=3557339 N=6611823230977 n=43 value=929321
record p=1886447 q=3106319 N=5859906158593 n=43 value=943223
record p=1890107 q=2222579 N=4200912125953 n=42 value=945053
record p=1896263 q=2886263 N=5473113735169 n=43 value=948131
record p=1897079 q=2393927 N=4541468639233 n=43 value=948539
record p=1899167 q=2072927 N=3936834551809 n=42 value=949583
record p=1909487 q=3427343 N=6544466903041 n=43 value=954743
record p=1914239 q=3443327 N=6591350833153 n=43 value=957119
record p=1918067 q=2425019 N=4651348918273 n=43 value=959033
record p=1929527 q=2561159 N=4941825441793 n=43 value=964763
record p=1935827 q=2930267 N=5672489975809 n=43 value=967913
record p=1950527 q=2337983 N=4560298967041 n=43 value=975263
record p=1953167 q=2929007 N=5720839815169 n=43 value=976583
record p=1956359 q=2651063 N=5186430959617 n=43 value=978179
record p=1962839 q=3057767 N=6001904320513 n=43 value=981419
record p=1972823 q=3502439 N=6909692215297 n=43 value=986411
record p=1976243 q=3858299 N=7624936390657 n=43 value=988121
record p=1977023 q=3294527 N=6513355653121 n=43 value=988511
record p=1982447 q=3723023 N=7380695777281 n=43 value=991223
record p=1990823 q=3229463 N=6429289218049 n=43 value=995411
record p=1990907 q=2402867 N=4783884730369 n=43 value=995453
record p=1994327 q=3431783 N=6844097495041 n=43 value=997163
record p=2003819 q=2359619 N=4728249384961 n=43 value=1001909
record p=2005799 q=3613847 N=7248650698753 n=43 value=1002899
record p=2005943 q=2109959 N=4232457486337 n=42 value=1002971
record p=2006483 q=2933339 N=5885694836737 n=43 value=1003241
record p=2012663 q=2923463 N=5883945811969 n=43 value=1006331
record p=2023283 q=2252219 N=4556876414977 n=43 value=1011641
record p=2035967 q=2092799 N=4260869701633 n=42 value=1017983
record p=2050547 q=3045179 N=6244282662913 n=43 value=1025273
record p=2072363 q=3549059 N=7354938556417 n=43 value=1036181
record p=2078339 q=3328043 N=6916801560577 n=43 value=1039169
record p=2080763 q=4027187 N=8379621703681 n=43 value=1040381
record p=2089643 q=2164739 N=4523531698177 n=43 value=1044821
record p=2096687 q=3147983 N=6600335032321 n=43 value=1048343
record p=2111303 q=2769527 N=5847310663681 n=43 value=1055651
record p=2112323 q=3713387 N=7843872768001 n=43 value=1056161
record p=2117903 q=4226543 N=8951408099329 n=44 value=1058951
record p=2120747 q=2720387 N=5769252569089 n=43 value=1060373
record p=2125463 q=2486567 N=5285106155521 n=43 value=1062731
record p=2130503 q=3180407 N=6775866654721 n=43 value=1065251
record p=2137979 q=3303347 N=7062486515713 n=43 value=1068989
record p=2146139 q=2185427 N=4690230116353 n=43 value=1073069
record p=2150543 q=2510447 N=5398824222721 n=43 value=1075271
record p=2159819 q=2543843 N=5494240444417 n=43 value=1079909
record p=2164619 q=3336227 N=7221660352513 n=43 value=1082309
record p=2167643 q=4252883 N=9218732064769 n=44 value=1083821
record p=2177243 q=3146579 N=6850867101697 n=43 value=1088621
record p=2177507 q=3920843 N=8537663078401 n=43 value=1088753
record p=2180027 q=3606899 N=7863137206273 n=43 value=1090013
record p=2183543 q=2807879 N=6131124535297 n=43 value=1091771
record p=2187863 q=2795879 N=6117000216577 n=43 value=1093931
record p=2189939 q=2509499 N=5495649730561 n=43 value=1094969
record p=2190047 q=2937119 N=6432428654593 n=43 value=1095023
record p=2198783 q=3502847 N=7702000435201 n=43 value=1099391
record p=2213423 q=2834639 N=6274255159297 n=43 value=1106711
record p=2232827 q=3297587 N=7362941288449 n=43 value=1116413
record p=2242763 q=3566819 N=7999529680897 n=43 value=1121381
record p=2253023 q=3758879 N=8468840841217 n=43 value=1126511
record p=2254223 q=2431343 N=5480789311489 n=43 value=1127111
record p=2256623 q=3964943 N=8947381567489 n=44 value=1128311
record p=2257247 q=4074143 N=9196347064321 n=44 value=1128623
record p=2258483 q=4027643 N=9096363245569 n=44 value=1129241
record p=2261219 q=3327179 N=7523480371201 n=43 value=1130609
record p=2264699 q=2433203 N=5510472400897 n=43 value=1132349
record p=2271923 q=3544187 N=8052119961601 n=43 value=1135961
record p=2272547 q=3074699 N=6987397988353 n=43 value=1136273
record p=2274599 q=3369623 N=7664541106177 n=43 value=1137299
record p=2288207 q=3140783 N=7186761646081 n=43 value=1144103
record p=2302043 q=2428883 N=5591393107969 n=43 value=1151021
record p=2304059 q=2453747 N=5653577859073 n=43 value=1152029
record p=2305463 q=2375687 N=5477058478081 n=43 value=1152731
record p=2316179 q=2514587 N=5824233603073 n=43 value=1158089
record p=2320247 q=3383879 N=7851435098113 n=43 value=1160123
record p=2333207 q=2702759 N=6306096218113 n=43 value=1166603
record p=2335079 q=4516439 N=10546241863681 n=44 value=1167539
record p=2336903 q=2399543 N=5607499235329 n=43 value=1168451
record p=2347523 q=4253867 N=9986050621441 n=44 value=1173761
record p=2352227 q=3521867 N=8284230647809 n=43 value=1176113
record p=2377007 q=3088847 N=7342210940929 n=43 value=1188503
record p=2380787 q=3243323 N=7721661235201 n=43 value=1190393
record p=2381147 q=2872019 N=6838699425793 n=43 value=1190573
record p=2384567 q=2628359 N=6267498135553 n=43 value=1192283
record p=2387003 q=2591987 N=6187080744961 n=43 value=1193501
record p=2390243 q=2657483 N=6352030138369 n=43 value=1195121
record p=2395103 q=3076127 N=7367641006081 n=43 value=1197551
record p=2402663 q=2581079 N=6201463013377 n=43 value=1201331
record p=2407883 q=2916323 N=7022164574209 n=43 value=1203941
record p=2408723 q=4796699 N=11553919205377 n=44 value=1204361
record p=2414507 q=2583299 N=6237393518593 n=43 value=1207253
record p=2429579 q=2966819 N=7208121139201 n=43 value=1214789
record p=2431763 q=3729179 N=9068479512577 n=44 value=1215881
record p=2434739 q=3405947 N=8292591992833 n=43 value=1217369
record p=2435519 q=3130943 N=7625471164417 n=43 value=1217759
record p=2437847 q=4579559 N=11164264169473 n=44 value=1218923
record p=2440499 q=4785659 N=11679396003841 n=44 value=1220249
record p=2445887 q=2727359 N=6670811922433 n=43 value=1222943
record p=2477159 q=3575639 N=8857426329601 n=44 value=1238579
record p=2480579 q=3071723 N=7619651567617 n=43 value=1240289
record p=2526299 q=4441043 N=11219402489857 n=44 value=1263149
record p=2535887 q=3323183 N=8427216568321 n=43 value=1267943
record p=2537219 q=5041067 N=12790290972673 n=44 value=1268609
record p=2540423 q=3117623 N=7920081174529 n=43 value=1270211
record p=2543459 q=2697803 N=6861751320577 n=43 value=1271729
record p=2560343 q=3566183 N=9130651680769 n=44 value=1280171
record p=2568023 q=3091559 N=7939194617857 n=43 value=1284011
record p=2573003 q=2659043 N=6841725616129 n=43 value=1286501
record p=2574203 q=2719667 N=7000974950401 n=43 value=1287101
record p=2577683 q=2735387 N=7050960568321 n=43 value=1288841
record p=2582627 q=5134667 N=13260929630209 n=44 value=1291313
record p=2589563 q=2876339 N=7448461049857 n=43 value=1294781
record p=2594939 q=4228787 N=10973444308993 n=44 value=1297469
record p=2598983 q=3375479 N=8772812537857 n=43 value=1299491
record p=2600867 q=3013643 N=7838084628481 n=43 value=1300433
record p=2607743 q=2749823 N=7170831679489 n=43 value=1303871
record p=2612123 q=4461203 N=11653210963969 n=44 value=1306061
record p=2612243 q=4869659 N=12720732635137 n=44 value=1306121
record p=2613839 q=2618543 N=6844449816577 n=43 value=1306919
record p=2617379 q=2637707 N=6903878909953 n=43 value=1308689
record p=2620259 q=4808267 N=12598904881153 n=44 value=1310129
record p=2626367 q=3235007 N=8496315629569 n=43 value=1313183
record p=2655623 q=3026999 N=8038568165377 n=43 value=1327811
record p=2665427 q=3269723 N=8715207966721 n=43 value=1332713
record p=2670923 q=3129443 N=8358501285889 n=43 value=1335461
record p=2681423 q=2747567 N=7367389347841 n=43 value=1340711
record p=2682503 q=2914103 N=7817090039809 n=43 value=1341251
record p=2694323 q=2814587 N=7583406489601 n=43 value=1347161
record p=2704127 q=2997503 N=8105628794881 n=43 value=1352063
record p=2715983 q=3868079 N=10505636806657 n=44 value=1357991
record p=2728907 q=4254179 N=11609258852353 n=44 value=1364453
record p=2748059 q=2967443 N=8154708443137 n=43 value=1374029
record p=2762759 q=3196343 N=8830725390337 n=44 value=1381379
record p=2783687 q=3110903 N=8659780239361 n=43 value=1391843
record p=2788979 q=5228219 N=14581392998401 n=44 value=1394489
record p=2790923 q=4507043 N=12578809970689 n=44 value=1395461
record p=2793587 q=3736763 N=10438972538881 n=44 value=1396793
record p=2801339 q=5559923 N=15575229136897 n=44 value=1400669
record p=2820179 q=5274587 N=14875279491073 n=44 value=1410089
record p=2820899 q=5536907 N=15619055419393 n=44 value=1410449
record p=2830187 q=3179843 N=8999550320641 n=44 value=1415093
record p=2839547 q=4374323 N=12421095751681 n=44 value=1419773
record p=2850383 q=3070127 N=8751037808641 n=43 value=1425191
record p=2851799 q=4399079 N=12545289093121 n=44 value=1425899
record p=2855807 q=3681407 N=10513387880449 n=44 value=1427903
record p=2858699 q=3036899 N=8681580134401 n=43 value=1429349
record p=2860883 q=4797659 N=13725541072897 n=44 value=1430441
record p=2862947 q=4934219 N=14126407483393 n=44 value=1431473
record p=2863703 q=5069159 N=14516565835777 n=44 value=1431851
record p=2894447 q=4617359 N=13364700905473 n=44 value=1447223
record p=2899907 q=3746027 N=10863129919489 n=44 value=1449953
record p=2902787 q=3078059 N=8934949650433 n=44 value=1451393
record p=2913083 q=5500403 N=16023130472449 n=44 value=1456541
record p=2919479 q=3991943 N=11654393757697 n=44 value=1459739
record p=2920427 q=3350723 N=9785541918721 n=44 value=1460213
record p=2923499 q=2929859 N=8565439856641 n=43 value=1461749
record p=2944379 q=4450739 N=13104662446081 n=44 value=1472189
record p=2978699 q=3284003 N=9782056452097 n=44 value=1489349
record p=2983523 q=4008779 N=11960284348417 n=44 value=1491761
record p=3002459 q=5955539 N=17881261670401 n=45 value=1501229
record p=3018539 q=4470659 N=13494858547201 n=44 value=1509269
record p=3020399 q=5376143 N=16238096941057 n=44 value=1510199
record p=3020783 q=6027023 N=18206328619009 n=45 value=1510391
record p=3024767 q=5871743 N=17760654458881 n=45 value=1512383
record p=3025487 q=3976367 N=12030446665729 n=44 value=1512743
record p=3035939 q=3110027 N=9441852260353 n=44 value=1517969
record p=3043787 q=6040547 N=18386138431489 n=45 value=1521893
record p=3051947 q=4710659 N=14376681603073 n=44 value=1525973
record p=3069047 q=3753287 N=11519014207489 n=44 value=1534523
record p=3083303 q=4563863 N=14071772479489 n=44 value=1541651
record p=3087923 q=5311739 N=16402241028097 n=44 value=1543961
record p=3088607 q=6069023 N=18744826920961 n=45 value=1544303
record p=3096047 q=4821263 N=14926856847361 n=44 value=1548023
record p=3096323 q=4629419 N=14334176526337 n=44 value=1548161
record p=3101999 q=5116367 N=15870965317633 n=44 value=1550999
record p=3138767 q=3580463 N=11238239109121 n=44 value=1569383
record p=3158339 q=5235563 N=16535682809857 n=44 value=1579169
record p=3159323 q=3677459 N=11618280800257 n=44 value=1579661
record p=3164003 q=3895883 N=12326585499649 n=44 value=1582001
record p=3172847 q=4842767 N=15365358747649 n=44 value=1586423
record p=3183179 q=4859747 N=15469444595713 n=44 value=1591589
record p=3188723 q=4671803 N=14897085677569 n=44 value=1594361
record p=3223919 q=4803983 N=15487652069377 n=44 value=1611959
record p=3259667 q=5739803 N=18709846425601 n=45 value=1629833
record p=3260639 q=4324127 N=14099417137153 n=44 value=1630319
record p=3273899 q=4875779 N=15962807992321 n=44 value=1636949
record p=3278699 q=6221123 N=20397189758977 n=45 value=1639349
record p=3280703 q=5333183 N=17496589467649 n=44 value=1640351
record p=3286139 q=3414707 N=11221201846273 n=44 value=1643069
record p=3296999 q=3597527 N=11861042921473 n=44 value=1648499
record p=3298259 q=3570779 N=11777353973761 n=44 value=1649129
record p=3302603 q=4055267 N=13392936960001 n=44 value=1651301
record p=3305999 q=5520623 N=18251174117377 n=45 value=1652999
record p=3308939 q=5325347 N=17621248376833 n=45 value=1654469
record p=3313139 q=4117307 N=13641210396673 n=44 value=1656569
record p=3324983 q=6142343 N=20423186055169 n=45 value=1662491
record p=3336779 q=6229859 N=20787662684161 n=45 value=1668389
record p=3342299 q=4777043 N=15966306041857 n=44 value=1671149
record p=3342959 q=5938319 N=19851556945921 n=45 value=1671479
record p=3344267 q=5302307 N=17732330323969 n=45 value=1672133
record p=3349439 q=5166143 N=17303680843777 n=44 value=1674719
record p=3367907 q=4782539 N=16107146575873 n=44 value=1683953
record p=3379127 q=4029959 N=13617743265793 n=44 value=1689563
record p=3393623 q=6136679 N=20825574998017 n=45 value=1696811
record p=3394043 q=6019379 N=20430031159297 n=45 value=1697021
record p=3411839 q=3911807 N=13346455683073 n=44 value=1705919
record p=3414227 q=6029147 N=20584876474369 n=45 value=1707113
record p=3441059 q=5945867 N=20460079153153 n=45 value=1720529
record p=3463259 q=3971027 N=13752694996993 n=44 value=1731629
record p=3474623 q=4746047 N=16490724065281 n=44 value=1737311
record p=3481007 q=5658959 N=19698875891713 n=45 value=1740503
record p=3496343 q=4372007 N=15286036070401 n=44 value=1748171
record p=3498119 q=3499319 N=12241034280961 n=44 value=1749059
record p=3498359 q=6015047 N=21042793807873 n=45 value=1749179
record p=3508523 q=5959043 N=20907439423489 n=45 value=1754261
record p=3524699 q=5384147 N=18977497546753 n=45 value=1762349
record p=3548639 q=5756447 N=20427552325633 n=45 value=1774319
record p=3550259 q=4763387 N=16911257567233 n=44 value=1775129
record p=3552047 q=5895119 N=20939739758593 n=45 value=1776023
record p=3552203 q=3922403 N=13933171703809 n=44 value=1776101
record p=3552707 q=3695339 N=13128456732673 n=44 value=1776353
record p=3569939 q=4471067 N=15961436454913 n=44 value=1784969
record p=3574127 q=6223247 N=22242675130369 n=45 value=1787063
record p=3582263 q=4938887 N=17692392161281 n=45 value=1791131
record p=3587687 q=4947287 N=17749317255169 n=45 value=1793843
record p=3590759 q=5288279 N=18988935413761 n=45 value=1795379
record p=3591767 q=5373287 N=19299594928129 n=45 value=1795883
record p=3594299 q=4604147 N=16548680957953 n=44 value=1797149
record p=3614747 q=6582803 N=23795167395841 n=45 value=1807373
record p=3626087 q=5277527 N=19136772046849 n=45 value=1813043
record p=3633347 q=4112363 N=14941641768961 n=44 value=1816673
record p=3635987 q=6653723 N=24192850329601 n=45 value=1817993
record p=3645563 q=6766259 N=24666823458817 n=45 value=1822781
record p=3656483 q=5094539 N=18628095246337 n=45 value=1828241
record p=3664679 q=3724439 N=13648873390081 n=44 value=1832339
record p=3669647 q=5070959 N=18608629481473 n=45 value=1834823
record p=3682859 q=5569667 N=20512298237953 n=45 value=1841429
record p=3695183 q=4682927 N=17304272240641 n=44 value=1847591
record p=3700847 q=5236367 N=19378993102849 n=45 value=1850423
record p=3707063 q=3886343 N=14406918340609 n=44 value=1853531
record p=3714587 q=4357139 N=16184971886593 n=44 value=1857293
record p=3725663 q=6931103 N=25822953996289 n=45 value=1862831
record p=3739103 q=5172767 N=19341508608001 n=45 value=1869551
record p=3739199 q=5759423 N=21535628722177 n=45 value=1869599
record p=3754103 q=5968199 N=22405233770497 n=45 value=1877051
record p=3761159 q=5294519 N=19913527787521 n=45 value=1880579
record p=3763043 q=6516299 N=24521113337857 n=45 value=1881521
record p=3783047 q=5684279 N=21503894618113 n=45 value=1891523
record p=3797819 q=6974963 N=26489647005697 n=45 value=1898909
record p=3798407 q=6406199 N=24333351124993 n=45 value=1899203
record p=3814667 q=6352547 N=24232851406849 n=45 value=1907333
record p=3815363 q=5828843 N=22239151915009 n=45 value=1907681
record p=3819899 q=3943859 N=15065143050241 n=44 value=1909949
record p=3820319 q=4550879 N=17385809510401 n=44 value=1910159
record p=3821723 q=6624659 N=25317611667457 n=45 value=1910861
record p=3836387 q=6095819 N=23385920765953 n=45 value=1918193
record p=3853583 q=5931503 N=22857539125249 n=45 value=1926791
record p=3859139 q=5987819 N=23107825827841 n=45 value=1929569
record p=3878003 q=4544699 N=17624356356097 n=45 value=1939001
record p=3882587 q=4964819 N=19276341706753 n=45 value=1941293
record p=3886787 q=6377963 N=24789783674881 n=45 value=1943393
record p=3890759 q=4516727 N=17573496225793 n=44 value=1945379
record p=3893243 q=5212979 N=20295394000897 n=45 value=1946621
record p=3899243 q=4568387 N=17813251031041 n=45 value=1949621
record p=3899339 q=7679459 N=29944813977601 n=45 value=1949669
record p=3919247 q=7254383 N=28431718809601 n=45 value=1959623
record p=3930887 q=6980279 N=27438687977473 n=45 value=1965443
record p=3944483 q=5635979 N=22231023353857 n=45 value=1972241
record p=3950327 q=6183623 N=24427332894721 n=45 value=1975163
record p=3950603 q=5374883 N=21234028904449 n=45 value=1975301
record p=3967487 q=6256127 N=24821102542849 n=45 value=1983743
record p=3971879 q=7939223 N=31533633110017 n=45 value=1985939
record p=3972119 q=5659559 N=22480441835521 n=45 value=1986059
record p=3977243 q=7842323 N=31190824255489 n=45 value=1988621
record p=3978167 q=6134279 N=24403186286593 n=45 value=1989083
record p=3983999 q=7665023 N=30537443966977 n=45 value=1991999
record p=4001147 q=5163443 N=20659694469121 n=45 value=2000573
record p=4013783 q=5805287 N=23301162270721 n=45 value=2006891
record p=4022483 q=5371739 N=21607728807937 n=45 value=2011241
record p=4025507 q=6989579 N=28136599191553 n=45 value=2012753
record p=4031219 q=4351547 N=17542038945793 n=44 value=2015609
record p=4032947 q=7097723 N=28624740679681 n=45 value=2016473
record p=4037543 q=6380567 N=25761813626881 n=45 value=2018771
record p=4038803 q=5799323 N=23422323130369 n=45 value=2019401
record p=4044779 q=6600899 N=26699177656321 n=45 value=2022389
record p=4045127 q=6955127 N=28134372016129 n=45 value=2022563
record p=4048103 q=7147223 N=28932694867969 n=45 value=2024051
record p=4053059 q=5452907 N=22100953792513 n=45 value=2026529
record p=4053779 q=4073243 N=16512026935297 n=44 value=2026889
record p=4060139 q=4496579 N=18256735764481 n=45 value=2030069
record p=4060487 q=6497399 N=26382604173313 n=45 value=2030243
record p=4070867 q=7946843 N=32350540922881 n=45 value=2035433
record p=4084079 q=6303119 N=25742435942401 n=45 value=2042039
record p=4116527 q=4224719 N=17391169830913 n=44 value=2058263
record p=4123907 q=8185259 N=33755246886913 n=45 value=2061953
record p=4123943 q=8106647 N=33431350149121 n=45 value=2061971
record p=4124327 q=7067927 N=29150442160129 n=45 value=2062163
record p=4132067 q=6199499 N=25616745234433 n=45 value=2066033
record p=4136303 q=6349199 N=26262210871297 n=45 value=2068151
record p=4137047 q=5491559 N=22718837686273 n=45 value=2068523
record p=4138847 q=4256927 N=17618769543169 n=45 value=2069423
record p=4151879 q=7745399 N=32157959454721 n=45 value=2075939
record p=4153223 q=6567479 N=27276204834817 n=45 value=2076611
record p=4153979 q=7548083 N=31354578272257 n=45 value=2076989
record p=4159523 q=6354827 N=26433049067521 n=45 value=2079761
record p=4164299 q=7604963 N=31669339815937 n=45 value=2082149
record p=4172699 q=4178579 N=17435952414721 n=44 value=2086349
record p=4177703 q=5226647 N=21835378851841 n=45 value=2088851
record p=4186823 q=5258999 N=22018497970177 n=45 value=2093411
record p=4190987 q=4243619 N=17784952061953 n=45 value=2095493
TOP20
p=4190987 q=4243619 N=17784952061953 n=45 d=2 sp=2095493(2095493) sq=2121809(2121809) residuals=K:(2095493,2121809),R:(2095493,2121809),C:(2095493,2121809),KR:(2095493,2121809),KC:(2095493,2121809),RC:(2095493,2121809),KRC:(2095493,2121809) hits=p{2095493:K[]R[]C[]};q{2121809:K[]R[]C[]}
p=4186823 q=5258999 N=22018497970177 n=45 d=2 sp=2093411(2093411) sq=2629499(2629499) residuals=K:(2093411,2629499),R:(2093411,2629499),C:(2093411,2629499),KR:(2093411,2629499),KC:(2093411,2629499),RC:(2093411,2629499),KRC:(2093411,2629499) hits=p{2093411:K[]R[]C[]};q{2629499:K[]R[]C[]}
p=4177703 q=5226647 N=21835378851841 n=45 d=2 sp=2088851(881*2371) sq=2613323(2613323) residuals=K:(2088851,2613323),R:(2088851,2613323),C:(2088851,2613323),KR:(2088851,2613323),KC:(2088851,2613323),RC:(2088851,2613323),KRC:(2088851,2613323) hits=p{881:K[]R[]C[],2371:K[]R[]C[]};q{2613323:K[]R[]C[]}
p=4172699 q=4178579 N=17435952414721 n=44 d=2 sp=2086349(2086349) sq=2089289(571*3659) residuals=K:(2086349,2089289),R:(2086349,2089289),C:(2086349,2089289),KR:(2086349,2089289),KC:(2086349,2089289),RC:(2086349,2089289),KRC:(2086349,2089289) hits=p{2086349:K[]R[]C[]};q{571:K[]R[]C[],3659:K[]R[]C[]}
p=4164299 q=7604963 N=31669339815937 n=45 d=2 sp=2082149(1433*1453) sq=3802481(3802481) residuals=K:(2082149,3802481),R:(2082149,3802481),C:(2082149,3802481),KR:(2082149,3802481),KC:(2082149,3802481),RC:(2082149,3802481),KRC:(2082149,3802481) hits=p{1433:K[]R[]C[],1453:K[]R[]C[]};q{3802481:K[]R[]C[]}
p=4159523 q=6354827 N=26433049067521 n=45 d=2 sp=2079761(2079761) sq=3177413(127^2*197) residuals=K:(2079761,3177413),R:(2079761,3177413),C:(2079761,3177413),KR:(2079761,3177413),KC:(2079761,3177413),RC:(2079761,3177413),KRC:(2079761,3177413) hits=p{2079761:K[]R[]C[]};q{127:K[]R[]C[],197:K[]R[]C[]}
p=4153979 q=7548083 N=31354578272257 n=45 d=2 sp=2076989(61*79*431) sq=3774041(479*7879) residuals=K:(2076989,3774041),R:(2076989,3774041),C:(2076989,3774041),KR:(2076989,3774041),KC:(2076989,3774041),RC:(2076989,3774041),KRC:(2076989,3774041) hits=p{61:K[]R[]C[],79:K[]R[]C[],431:K[]R[]C[]};q{479:K[]R[]C[],7879:K[]R[]C[]}
p=4153223 q=6567479 N=27276204834817 n=45 d=2 sp=2076611(2076611) sq=3283739(811*4049) residuals=K:(2076611,3283739),R:(2076611,3283739),C:(2076611,3283739),KR:(2076611,3283739),KC:(2076611,3283739),RC:(2076611,3283739),KRC:(2076611,3283739) hits=p{2076611:K[]R[]C[]};q{811:K[]R[]C[],4049:K[]R[]C[]}
p=4151879 q=7745399 N=32157959454721 n=45 d=2 sp=2075939(557*3727) sq=3872699(1013*3823) residuals=K:(2075939,3872699),R:(2075939,3872699),C:(2075939,3872699),KR:(2075939,3872699),KC:(2075939,3872699),RC:(2075939,3872699),KRC:(2075939,3872699) hits=p{557:K[]R[]C[],3727:K[]R[]C[]};q{1013:K[]R[]C[],3823:K[]R[]C[]}
p=4138847 q=4256927 N=17618769543169 n=45 d=2 sp=2069423(19*108917) sq=2128463(2128463) residuals=K:(2069423,2128463),R:(2069423,2128463),C:(2069423,2128463),KR:(2069423,2128463),KC:(2069423,2128463),RC:(2069423,2128463),KRC:(2069423,2128463) hits=p{19:K[]R[]C[],108917:K[]R[]C[]};q{2128463:K[]R[]C[]}
p=4137047 q=5491559 N=22718837686273 n=45 d=2 sp=2068523(349*5927) sq=2745779(97*28307) residuals=K:(2068523,2745779),R:(2068523,2745779),C:(2068523,2745779),KR:(2068523,2745779),KC:(2068523,2745779),RC:(2068523,2745779),KRC:(2068523,2745779) hits=p{349:K[]R[]C[],5927:K[]R[]C[]};q{97:K[]R[]C[],28307:K[]R[]C[]}
p=4136303 q=6349199 N=26262210871297 n=45 d=2 sp=2068151(2068151) sq=3174599(3174599) residuals=K:(2068151,3174599),R:(2068151,3174599),C:(2068151,3174599),KR:(2068151,3174599),KC:(2068151,3174599),RC:(2068151,3174599),KRC:(2068151,3174599) hits=p{2068151:K[]R[]C[]};q{3174599:K[]R[]C[]}
p=4132067 q=6199499 N=25616745234433 n=45 d=2 sp=2066033(2066033) sq=3099749(37*83777) residuals=K:(2066033,3099749),R:(2066033,3099749),C:(2066033,3099749),KR:(2066033,3099749),KC:(2066033,3099749),RC:(2066033,3099749),KRC:(2066033,3099749) hits=p{2066033:K[]R[]C[]};q{37:K[]R[]C[],83777:K[]R[]C[]}
p=4124327 q=7067927 N=29150442160129 n=45 d=2 sp=2062163(103*20021) sq=3533963(3533963) residuals=K:(2062163,3533963),R:(2062163,3533963),C:(2062163,3533963),KR:(2062163,3533963),KC:(2062163,3533963),RC:(2062163,3533963),KRC:(2062163,3533963) hits=p{103:K[]R[]C[],20021:K[]R[]C[]};q{3533963:K[]R[]C[]}
p=4123943 q=8106647 N=33431350149121 n=45 d=2 sp=2061971(2061971) sq=4053323(4053323) residuals=K:(2061971,4053323),R:(2061971,4053323),C:(2061971,4053323),KR:(2061971,4053323),KC:(2061971,4053323),RC:(2061971,4053323),KRC:(2061971,4053323) hits=p{2061971:K[]R[]C[]};q{4053323:K[]R[]C[]}
p=4123907 q=8185259 N=33755246886913 n=45 d=2 sp=2061953(109*18917) sq=4092629(4092629) residuals=K:(2061953,4092629),R:(2061953,4092629),C:(2061953,4092629),KR:(2061953,4092629),KC:(2061953,4092629),RC:(2061953,4092629),KRC:(2061953,4092629) hits=p{109:K[]R[]C[],18917:K[]R[]C[]};q{4092629:K[]R[]C[]}
p=4116527 q=4224719 N=17391169830913 n=44 d=2 sp=2058263(479*4297) sq=2112359(1129*1871) residuals=K:(2058263,2112359),R:(2058263,2112359),C:(2058263,2112359),KR:(2058263,2112359),KC:(2058263,2112359),RC:(2058263,2112359),KRC:(2058263,2112359) hits=p{479:K[]R[]C[],4297:K[]R[]C[]};q{1129:K[]R[]C[],1871:K[]R[]C[]}
p=4084079 q=6303119 N=25742435942401 n=45 d=2 sp=2042039(2042039) sq=3151559(3151559) residuals=K:(2042039,3151559),R:(2042039,3151559),C:(2042039,3151559),KR:(2042039,3151559),KC:(2042039,3151559),RC:(2042039,3151559),KRC:(2042039,3151559) hits=p{2042039:K[]R[]C[]};q{3151559:K[]R[]C[]}
p=4070867 q=7946843 N=32350540922881 n=45 d=2 sp=2035433(2035433) sq=3973421(3973421) residuals=K:(2035433,3973421),R:(2035433,3973421),C:(2035433,3973421),KR:(2035433,3973421),KC:(2035433,3973421),RC:(2035433,3973421),KRC:(2035433,3973421) hits=p{2035433:K[]R[]C[]};q{3973421:K[]R[]C[]}
p=4060487 q=6497399 N=26382604173313 n=45 d=2 sp=2030243(2030243) sq=3248699(3248699) residuals=K:(2030243,3248699),R:(2030243,3248699),C:(2030243,3248699),KR:(2030243,3248699),KC:(2030243,3248699),RC:(2030243,3248699),KRC:(2030243,3248699) hits=p{2030243:K[]R[]C[]};q{3248699:K[]R[]C[]}
ELAPSED_SECONDS 0.115923
