timeout_seconds=60
command=/opt/homebrew/opt/python@3.14/bin/python3.14 /Users/zhou/autoresearch/IntegerFactoring/experiments/F106_f98_carry_origin_diagnosis/audit_independent_verifier.py --candidate-dir /Users/zhou/autoresearch/IntegerFactoring/experiments/F106_f98_carry_origin_diagnosis --f98 /Users/zhou/autoresearch/IntegerFactoring/experiments/F98_multiseed_presentation_closure_kill/PUBLIC_REPLAY_OUTPUT.json --f100 /Users/zhou/autoresearch/IntegerFactoring/experiments/F100_f98_dependency_structure/OUTPUT.json --output /Users/zhou/autoresearch/IntegerFactoring/experiments/F106_f98_carry_origin_diagnosis/AUDIT_ATTEMPT_OUTPUT.json
elapsed_seconds=0.443200
timed_out=false
exit_code=0
stdout:
{
  "candidate_field_matches": {
    "N": true,
    "carry_chain_selected_pairs": true,
    "carry_chain_state_counts": true,
    "carry_state_counts": true,
    "category_stats": true,
    "columns": true,
    "consecutive_selected_pairs": true,
    "degree_two_rows": true,
    "degree_two_with_carry_edge": true,
    "full_nullity": true,
    "full_rank": true,
    "largest_no_carry_prime": true,
    "largest_prime": true,
    "n": true,
    "prime_rows": true,
    "public_bound": true,
    "row_class_counts": true,
    "two_zero_carry_selected_pairs": true
  },
  "candidate_manifest_hashes": {
    "../F100_f98_dependency_structure/OUTPUT.json": {
      "actual": "9bcf6217f412f837fab8e3d0b832e01c80fbd5afa1d173156ec93df95bd94076",
      "claimed": "9bcf6217f412f837fab8e3d0b832e01c80fbd5afa1d173156ec93df95bd94076",
      "match": true
    },
    "../F98_multiseed_presentation_closure_kill/PUBLIC_REPLAY_OUTPUT.json": {
      "actual": "ee17d7e3ba088f382c0a1c3adec6d1e328ab7a4a814df8d1f6273e41d19c24ab",
      "claimed": "ee17d7e3ba088f382c0a1c3adec6d1e328ab7a4a814df8d1f6273e41d19c24ab",
      "match": true
    },
    "DESIGN.md": {
      "actual": "e5f41ba6be4affcac2da0c283b30c894ef2b10eb8027b38f843c96d78eaea883",
      "claimed": "e5f41ba6be4affcac2da0c283b30c894ef2b10eb8027b38f843c96d78eaea883",
      "match": true
    },
    "FAILED_RUNS.md": {
      "actual": "dfc4f3a257e278fa17cefeee1d21c31e2f724851d487f303dd0de32d90abbfcf",
      "claimed": "dfc4f3a257e278fa17cefeee1d21c31e2f724851d487f303dd0de32d90abbfcf",
      "match": true
    },
    "OUTPUT.json": {
      "actual": "6335e3782c5da0d398354b152409538a350769fb590d3d22f3014f5d28893d9e",
      "claimed": "6335e3782c5da0d398354b152409538a350769fb590d3d22f3014f5d28893d9e",
      "match": true
    },
    "OUTPUT_R01_ADJACENT_ONLY.json": {
      "actual": "07f77a888509408625e03709c60c702273c60c8e64dfbad45b642b5c9864ea5c",
      "claimed": "07f77a888509408625e03709c60c702273c60c8e64dfbad45b642b5c9864ea5c",
      "match": true
    },
    "RUN.log": {
      "actual": "9ecb3c14294c6e7ec0ebbe264b3e83ad5e0148954c52663bb6c8e401bfc7f802",
      "claimed": "9ecb3c14294c6e7ec0ebbe264b3e83ad5e0148954c52663bb6c8e401bfc7f802",
      "match": true
    },
    "RUN_R01_ADJACENT_ONLY.log": {
      "actual": "88651d10e60a2c09c2b6b0cf18cbb567abbf2b4c77b60ca17328b5754b2f6ce2",
      "claimed": "88651d10e60a2c09c2b6b0cf18cbb567abbf2b4c77b60ca17328b5754b2f6ce2",
      "match": true
    },
    "analyze_carry_origin.py": {
      "actual": "ba318e99ace6a7f33678b4c7b6d50ea621b2e608aa0ef20820d56715e79fd656",
      "claimed": "ba318e99ace6a7f33678b4c7b6d50ea621b2e608aa0ef20820d56715e79fd656",
      "match": true
    },
    "run_with_timeout.py": {
      "actual": "2eb51391866bd410b30abbb85c19d498a8f7c0a196eedb3fe45543752414550b",
      "claimed": "2eb51391866bd410b30abbb85c19d498a8f7c0a196eedb3fe45543752414550b",
      "match": true
    }
  },
  "candidate_verdict": "FAIL",
  "candidate_verdict_basis": [
    "The stated 230 odd-prime rows include the p=2 row; there are 229 odd-prime rows.",
    "The stated 175 rows spanning oriented trajectories count the initial seed as a trajectory; the strict count is 174.",
    "A prime-specific chain can switch from a c overlap to a w overlap at an even-parity intermediate relation; p=17 is missed by the candidate definition.",
    "The reported carry-row components use every support edge of a carry-touched row, not only exact carry edges.",
    "The phrase 'supply 71 rank units' is not an additive attribution; the carry-touched marginal over no-carry rows is smaller."
  ],
  "checks": 32503,
  "failures": [],
  "independent": {
    "adjacent_selected_only": {
      "N": 202537109,
      "carry_state_counts": {
        "c_zero=0,w_zero=0": 1,
        "c_zero=0,w_zero=1": 14,
        "c_zero=1,w_zero=0": 16
      },
      "category_stats": {
        "all": {
          "components": [
            166
          ],
          "nullity": 1,
          "rank": 165,
          "rows": 230
        },
        "carry_connected": {
          "components": [
            4,
            3,
            3,
            2,
            2,
            2,
            2,
            2,
            2,
            2,
            2,
            2,
            2,
            2,
            2,
            2,
            2,
            2,
            2,
            2,
            2,
            2,
            2,
            2,
            1,
            1,
            1,
            1,
            1,
            1,
            1,
            1,
            1,
            1,
            1,
            1,
            1,
            1,
            1,
            1,
            1,
            1,
            1,
            1,
            1,
            1,
            1,
            1,
            1,
            1,
            1,
            1,
            1,
            1,
            1,
            1,
            1,
            1,
            1,
            1,
            1,
            1,
            1,
            1,
            1,
            1,
            1,
            1,
            1,
            1,
            1,
            1,
            1,
            1,
            1,
            1,
            1,
            1,
            1,
            1,
            1,
            1,
            1,
            1,
            1,
            1,
            1,
            1,
            1,
            1,
            1,
            1,
            1,
            1,
            1,
            1,
            1,
            1,
            1,
            1,
            1,
            1,
            1,
            1,
            1,
            1,
            1,
            1,
            1,
            1,
            1,
            1,
            1,
            1,
            1,
            1,
            1,
            1,
            1,
            1,
            1,
            1,
            1,
            1,
            1,
            1,
            1,
            1,
            1,
            1,
            1,
            1,
            1,
            1,
            1,
            1,
            1,
            1
          ],
          "nullity": 138,
          "rank": 28,
          "rows": 31
        },
        "cross_trajectory": {
          "components": [
            166
          ],
          "nullity": 3,
          "rank": 163,
          "rows": 175
        },
        "has_carry_edge": {
          "components": [
            160,
            2,
            1,
            1,
            1,
            1
          ],
          "nullity": 119,
          "rank": 47,
          "rows": 50
        },
        "large_above_n_squared": {
          "components": [
            51,
            32,
            17,
            10,
            7,
            7,
            4,
            3,
            3,
            3,
            3,
            3,
            2,
            2,
            2,
            2,
            2,
            2,
            1,
            1,
            1,
            1,
            1,
            1,
            1,
            1,
            1,
            1,
            1
          ],
          "nullity": 34,
          "rank": 132,
          "rows": 135
        },
        "large_cross_trajectory": {
          "components": [
            25,
            10,
            9,
            9,
            9,
            8,
            7,
            4,
            4,
            3,
            3,
            2,
            2,
            2,
            2,
            2,
            2,
            2,
            2,
            2,
            1,
            1,
            1,
            1,
            1,
            1,
            1,
            1,
            1,
            1,
            1,
            1,
            1,
            1,
            1,
            1,
            1,
            1,
            1,
            1,
            1,
            1,
            1,
            1,
            1,
            1,
            1,
            1,
            1,
            1,
            1,
            1,
            1,
            1,
            1,
            1,
            1,
            1,
            1,
            1,
            1,
            1,
            1,
            1,
            1,
            1,
            1,
            1,
            1,
            1,
            1,
            1,
            1,
            1,
            1,
            1,
            1
          ],
          "nullity": 82,
          "rank": 84,
          "rows": 84
        },
        "no_carry_edge": {
          "components": [
            159,
            2,
            2,
            1,
            1,
            1
          ],
          "nullity": 6,
          "rank": 160,
          "rows": 180
        },
        "one_trajectory": {
          "components": [
            7,
            5,
            4,
            4,
            4,
            4,
            3,
            3,
            3,
            3,
            3,
            2,
            2,
            2,
            2,
            2,
            2,
            2,
            2,
            2,
            2,
            2,
            2,
            2,
            2,
            2,
            2,
            2,
            2,
            2,
            2,
            1,
            1,
            1,
            1,
            1,
            1,
            1,
            1,
            1,
            1,
            1,
            1,
            1,
            1,
            1,
            1,
            1,
            1,
            1,
            1,
            1,
            1,
            1,
            1,
            1,
            1,
            1,
            1,
            1,
            1,
            1,
            1,
            1,
            1,
            1,
            1,
            1,
            1,
            1,
            1,
            1,
            1,
            1,
            1,
            1,
            1,
            1,
            1,
            1,
            1,
            1,
            1,
            1,
            1,
            1,
            1,
            1,
            1,
            1,
            1,
            1,
            1,
            1,
            1,
            1,
            1,
            1,
            1,
            1,
            1,
            1,
            1,
            1,
            1,
            1,
            1,
            1,
            1,
            1,
            1,
            1,
            1,
            1
          ],
          "nullity": 114,
          "rank": 52,
          "rows": 55
        },
        "small_at_most_n_squared": {
          "components": [
            166
          ],
          "nullity": 71,
          "rank": 95,
          "rows": 95
        }
      },
      "columns": 166,
      "consecutive_selected_pairs": 31,
      "degree_two_rows": 167,
      "degree_two_with_carry_edge": 31,
      "full_nullity": 1,
      "full_rank": 165,
      "largest_no_carry_prime": 39390563,
      "largest_prime": 39390563,
      "n": 28,
      "prime_rows": 230,
      "public_bound": 784,
      "row_class_counts": {
        "large|carry|local": 30,
        "large|noncarry|cross": 84,
        "large|noncarry|local": 21,
        "small|carry|cross": 19,
        "small|carry|local": 1,
        "small|noncarry|cross": 72,
        "small|noncarry|local": 3
      },
      "two_zero_carry_selected_pairs": 0
    },
    "candidate_definition": {
      "N": 202537109,
      "carry_chain_selected_pairs": 51,
      "carry_chain_state_counts": {
        "c_chain=0,w_chain=1": 23,
        "c_chain=1,w_chain=0": 28
      },
      "carry_state_counts": {
        "c_zero=0,w_zero=0": 1,
        "c_zero=0,w_zero=1": 14,
        "c_zero=1,w_zero=0": 16
      },
      "category_stats": {
        "all": {
          "components": [
            166
          ],
          "nullity": 1,
          "rank": 165,
          "rows": 230
        },
        "carry_connected": {
          "components": [
            5,
            5,
            4,
            4,
            4,
            4,
            3,
            3,
            3,
            3,
            2,
            2,
            2,
            2,
            2,
            2,
            2,
            2,
            2,
            2,
            2,
            2,
            2,
            2,
            2,
            2,
            2,
            2,
            2,
            1,
            1,
            1,
            1,
            1,
            1,
            1,
            1,
            1,
            1,
            1,
            1,
            1,
            1,
            1,
            1,
            1,
            1,
            1,
            1,
            1,
            1,
            1,
            1,
            1,
            1,
            1,
            1,
            1,
            1,
            1,
            1,
            1,
            1,
            1,
            1,
            1,
            1,
            1,
            1,
            1,
            1,
            1,
            1,
            1,
            1,
            1,
            1,
            1,
            1,
            1,
            1,
            1,
            1,
            1,
            1,
            1,
            1,
            1,
            1,
            1,
            1,
            1,
            1,
            1,
            1,
            1,
            1,
            1,
            1,
            1,
            1,
            1,
            1,
            1,
            1,
            1,
            1,
            1,
            1,
            1,
            1,
            1,
            1,
            1,
            1,
            1,
            1,
            1,
            1
          ],
          "nullity": 119,
          "rank": 47,
          "rows": 50
        },
        "cross_trajectory": {
          "components": [
            166
          ],
          "nullity": 3,
          "rank": 163,
          "rows": 175
        },
        "has_carry_edge": {
          "components": [
            163,
            2,
            1
          ],
          "nullity": 95,
          "rank": 71,
          "rows": 74
        },
        "large_above_n_squared": {
          "components": [
            51,
            32,
            17,
            10,
            7,
            7,
            4,
            3,
            3,
            3,
            3,
            3,
            2,
            2,
            2,
            2,
            2,
            2,
            1,
            1,
            1,
            1,
            1,
            1,
            1,
            1,
            1,
            1,
            1
          ],
          "nullity": 34,
          "rank": 132,
          "rows": 135
        },
        "large_cross_trajectory": {
          "components": [
            25,
            10,
            9,
            9,
            9,
            8,
            7,
            4,
            4,
            3,
            3,
            2,
            2,
            2,
            2,
            2,
            2,
            2,
            2,
            2,
            1,
            1,
            1,
            1,
            1,
            1,
            1,
            1,
            1,
            1,
            1,
            1,
            1,
            1,
            1,
            1,
            1,
            1,
            1,
            1,
            1,
            1,
            1,
            1,
            1,
            1,
            1,
            1,
            1,
            1,
            1,
            1,
            1,
            1,
            1,
            1,
            1,
            1,
            1,
            1,
            1,
            1,
            1,
            1,
            1,
            1,
            1,
            1,
            1,
            1,
            1,
            1,
            1,
            1,
            1,
            1,
            1
          ],
          "nullity": 82,
          "rank": 84,
          "rows": 84
        },
        "no_carry_edge": {
          "components": [
            148,
            1,
            1,
            1,
            1,
            1,
            1,
            1,
            1,
            1,
            1,
            1,
            1,
            1,
            1,
            1,
            1,
            1,
            1
          ],
          "nullity": 21,
          "rank": 145,
          "rows": 156
        },
        "one_trajectory": {
          "components": [
            7,
            5,
            4,
            4,
            4,
            4,
            3,
            3,
            3,
            3,
            3,
            2,
            2,
            2,
            2,
            2,
            2,
            2,
            2,
            2,
            2,
            2,
            2,
            2,
            2,
            2,
            2,
            2,
            2,
            2,
            2,
            1,
            1,
            1,
            1,
            1,
            1,
            1,
            1,
            1,
            1,
            1,
            1,
            1,
            1,
            1,
            1,
            1,
            1,
            1,
            1,
            1,
            1,
            1,
            1,
            1,
            1,
            1,
            1,
            1,
            1,
            1,
            1,
            1,
            1,
            1,
            1,
            1,
            1,
            1,
            1,
            1,
            1,
            1,
            1,
            1,
            1,
            1,
            1,
            1,
            1,
            1,
            1,
            1,
            1,
            1,
            1,
            1,
            1,
            1,
            1,
            1,
            1,
            1,
            1,
            1,
            1,
            1,
            1,
            1,
            1,
            1,
            1,
            1,
            1,
            1,
            1,
            1,
            1,
            1,
            1,
            1,
            1,
            1
          ],
          "nullity": 114,
          "rank": 52,
          "rows": 55
        },
        "small_at_most_n_squared": {
          "components": [
            166
          ],
          "nullity": 71,
          "rank": 95,
          "rows": 95
        }
      },
      "columns": 166,
      "consecutive_selected_pairs": 31,
      "degree_two_rows": 167,
      "degree_two_with_carry_edge": 50,
      "full_nullity": 1,
      "full_rank": 165,
      "largest_no_carry_prime": 2814499,
      "largest_prime": 39390563,
      "n": 28,
      "prime_rows": 230,
      "public_bound": 784,
      "row_class_counts": {
        "large|carry|local": 48,
        "large|noncarry|cross": 84,
        "large|noncarry|local": 3,
        "small|carry|cross": 24,
        "small|carry|local": 2,
        "small|noncarry|cross": 67,
        "small|noncarry|local": 2
      },
      "two_zero_carry_selected_pairs": 0
    },
    "carry_touched_row_contamination": {
      "carry_labeled_edges": 109,
      "carry_touched_but_not_carry_connected_rows": 24,
      "carry_touched_cross_trajectory_rows": 24,
      "occurrences_incident_to_a_carry_edge": 212,
      "row_occurrences": 576,
      "row_support_pair_slots": 9464
    },
    "certificate_trajectory_raw_carry_exposure": {
      "exposed_row_stats": {
        "components": [
          166
        ],
        "nullity": 1,
        "rank": 165,
        "rows": 194
      },
      "exposed_rows": 194,
      "oriented_trajectories_scanned": 8,
      "two_zero_pairs_excluded": 541,
      "witnesses": {
        "1009": {
          "exponent": 130,
          "mechanism": "w",
          "trajectory": "(1, 12, 'u_times_v_power')"
        },
        "101": {
          "exponent": 692,
          "mechanism": "c",
          "trajectory": "(1, 11, 'u_power_times_v')"
        },
        "1021": {
          "exponent": 362,
          "mechanism": "c",
          "trajectory": "(1, 15, 'u_power_times_v')"
        },
        "103": {
          "exponent": 333,
          "mechanism": "c",
          "trajectory": "(1, 9, 'u_power_times_v')"
        },
        "104527": {
          "exponent": 129,
          "mechanism": "c",
          "trajectory": "(1, 12, 'u_times_v_power')"
        },
        "107": {
          "exponent": 266,
          "mechanism": "c",
          "trajectory": "(1, 12, 'u_times_v_power')"
        },
        "1087": {
          "exponent": 271,
          "mechanism": "w",
          "trajectory": "(1, 9, 'u_power_times_v')"
        },
        "109": {
          "exponent": 616,
          "mechanism": "w",
          "trajectory": "(1, 9, 'u_power_times_v')"
        },
        "11": {
          "exponent": 2,
          "mechanism": "c",
          "trajectory": "(1, 9, 'u_power_times_v')"
        },
        "1109": {
          "exponent": 499,
          "mechanism": "c",
          "trajectory": "(1, 11, 'u_power_times_v')"
        },
        "113": {
          "exponent": 507,
          "mechanism": "c",
          "trajectory": "(1, 9, 'u_power_times_v')"
        },
        "1137229": {
          "exponent": 136,
          "mechanism": "c",
          "trajectory": "(1, 25, 'u_power_times_v')"
        },
        "1163": {
          "exponent": 279,
          "mechanism": "c",
          "trajectory": "(1, 25, 'u_power_times_v')"
        },
        "116507": {
          "exponent": 754,
          "mechanism": "w",
          "trajectory": "(1, 15, 'u_power_times_v')"
        },
        "1181": {
          "exponent": 691,
          "mechanism": "c",
          "trajectory": "(1, 9, 'u_power_times_v')"
        },
        "12543379": {
          "exponent": 662,
          "mechanism": "w",
          "trajectory": "(1, 25, 'u_power_times_v')"
        },
        "127": {
          "exponent": 660,
          "mechanism": "c",
          "trajectory": "(1, 9, 'u_power_times_v')"
        },
        "1279": {
          "exponent": 501,
          "mechanism": "c",
          "trajectory": "(1, 12, 'u_power_times_v')"
        },
        "13": {
          "exponent": 11,
          "mechanism": "c",
          "trajectory": "(1, 9, 'u_power_times_v')"
        },
        "1307": {
          "exponent": 724,
          "mechanism": "w",
          "trajectory": "(1, 11, 'u_power_times_v')"
        },
        "131": {
          "exponent": 779,
          "mechanism": "w",
          "trajectory": "(1, 11, 'u_power_times_v')"
        },
        "1319": {
          "exponent": 439,
          "mechanism": "w",
          "trajectory": "(1, 15, 'u_power_times_v')"
        },
        "13697": {
          "exponent": 350,
          "mechanism": "c",
          "trajectory": "(1, 15, 'u_power_times_v')"
        },
        "137": {
          "exponent": 184,
          "mechanism": "w",
          "trajectory": "(1, 9, 'u_power_times_v')"
        },
        "139": {
          "exponent": 243,
          "mechanism": "c",
          "trajectory": "(1, 9, 'u_power_times_v')"
        },
        "1427": {
          "exponent": 325,
          "mechanism": "w",
          "trajectory": "(1, 12, 'u_power_times_v')"
        },
        "1429": {
          "exponent": 250,
          "mechanism": "w",
          "trajectory": "(1, 15, 'u_power_times_v')"
        },
        "1451": {
          "exponent": 122,
          "mechanism": "c",
          "trajectory": "(1, 12, 'u_power_times_v')"
        },
        "1453": {
          "exponent": 614,
          "mechanism": "c",
          "trajectory": "(1, 12, 'u_times_v_power')"
        },
        "1459": {
          "exponent": 716,
          "mechanism": "w",
          "trajectory": "(1, 9, 'u_power_times_v')"
        },
        "1462763": {
          "exponent": 331,
          "mechanism": "w",
          "trajectory": "(1, 12, 'u_power_times_v')"
        },
        "1483": {
          "exponent": 395,
          "mechanism": "w",
          "trajectory": "(1, 15, 'u_power_times_v')"
        },
        "1487": {
          "exponent": 321,
          "mechanism": "c",
          "trajectory": "(1, 15, 'u_power_times_v')"
        },
        "14897": {
          "exponent": 619,
          "mechanism": "w",
          "trajectory": "(1, 12, 'u_times_v_power')"
        },
        "149": {
          "exponent": 70,
          "mechanism": "c",
          "trajectory": "(1, 9, 'u_power_times_v')"
        },
        "1499": {
          "exponent": 413,
          "mechanism": "c",
          "trajectory": "(1, 12, 'u_times_v_power')"
        },
        "150497": {
          "exponent": 379,
          "mechanism": "c",
          "trajectory": "(1, 12, 'u_power_times_v')"
        },
        "151": {
          "exponent": 204,
          "mechanism": "w",
          "trajectory": "(1, 9, 'u_power_times_v')"
        },
        "157": {
          "exponent": 495,
          "mechanism": "c",
          "trajectory": "(1, 11, 'u_power_times_v')"
        },
        "163": {
          "exponent": 156,
          "mechanism": "c",
          "trajectory": "(1, 11, 'u_power_times_v')"
        },
        "1637": {
          "exponent": 689,
          "mechanism": "w",
          "trajectory": "(1, 11, 'u_power_times_v')"
        },
        "1657": {
          "exponent": 575,
          "mechanism": "c",
          "trajectory": "(1, 25, 'u_power_times_v')"
        },
        "167": {
          "exponent": 83,
          "mechanism": "w",
          "trajectory": "(1, 9, 'u_power_times_v')"
        },
        "17": {
          "exponent": 193,
          "mechanism": "c",
          "trajectory": "(1, 9, 'u_power_times_v')"
        },
        "173": {
          "exponent": 318,
          "mechanism": "c",
          "trajectory": "(1, 9, 'u_power_times_v')"
        },
        "17683": {
          "exponent": 351,
          "mechanism": "w",
          "trajectory": "(1, 15, 'u_power_times_v')"
        },
        "1777": {
          "exponent": 202,
          "mechanism": "c",
          "trajectory": "(1, 15, 'u_power_times_v')"
        },
        "179": {
          "exponent": 36,
          "mechanism": "w",
          "trajectory": "(1, 9, 'u_power_times_v')"
        },
        "181061": {
          "exponent": 172,
          "mechanism": "w",
          "trajectory": "(1, 15, 'u_power_times_v')"
        },
        "1827779": {
          "exponent": 186,
          "mechanism": "c",
          "trajectory": "(1, 15, 'u_power_times_v')"
        },
        "1847": {
          "exponent": 352,
          "mechanism": "c",
          "trajectory": "(1, 12, 'u_power_times_v')"
        },
        "1879": {
          "exponent": 424,
          "mechanism": "c",
          "trajectory": "(1, 9, 'u_power_times_v')"
        },
        "19": {
          "exponent": 191,
          "mechanism": "c",
          "trajectory": "(1, 9, 'u_power_times_v')"
        },
        "191": {
          "exponent": 185,
          "mechanism": "w",
          "trajectory": "(1, 12, 'u_times_v_power')"
        },
        "193": {
          "exponent": 193,
          "mechanism": "c",
          "trajectory": "(1, 9, 'u_power_times_v')"
        },
        "195733": {
          "exponent": 614,
          "mechanism": "w",
          "trajectory": "(1, 12, 'u_power_times_v')"
        },
        "197": {
          "exponent": 675,
          "mechanism": "w",
          "trajectory": "(1, 12, 'u_times_v_power')"
        },
        "19843": {
          "exponent": 307,
          "mechanism": "w",
          "trajectory": "(1, 25, 'u_power_times_v')"
        },
        "198841": {
          "exponent": 690,
          "mechanism": "w",
          "trajectory": "(1, 9, 'u_power_times_v')"
        },
        "199": {
          "exponent": 24,
          "mechanism": "w",
          "trajectory": "(1, 9, 'u_power_times_v')"
        },
        "2": {
          "exponent": 8,
          "mechanism": "w",
          "trajectory": "(1, 9, 'u_power_times_v')"
        },
        "211": {
          "exponent": 264,
          "mechanism": "c",
          "trajectory": "(1, 9, 'u_power_times_v')"
        },
        "2137": {
          "exponent": 80,
          "mechanism": "w",
          "trajectory": "(1, 12, 'u_times_v_power')"
        },
        "2143": {
          "exponent": 624,
          "mechanism": "w",
          "trajectory": "(1, 11, 'u_power_times_v')"
        },
        "2172967": {
          "exponent": 619,
          "mechanism": "w",
          "trajectory": "(1, 12, 'u_power_times_v')"
        },
        "2203": {
          "exponent": 635,
          "mechanism": "c",
          "trajectory": "(1, 12, 'u_times_v_power')"
        },
        "2207": {
          "exponent": 780,
          "mechanism": "w",
          "trajectory": "(1, 15, 'u_times_v_power')"
        },
        "222269": {
          "exponent": 741,
          "mechanism": "w",
          "trajectory": "(1, 15, 'u_power_times_v')"
        },
        "223": {
          "exponent": 191,
          "mechanism": "c",
          "trajectory": "(1, 11, 'u_power_times_v')"
        },
        "227": {
          "exponent": 333,
          "mechanism": "c",
          "trajectory": "(1, 9, 'u_power_times_v')"
        },
        "2287": {
          "exponent": 84,
          "mechanism": "w",
          "trajectory": "(1, 15, 'u_power_times_v')"
        },
        "229": {
          "exponent": 8,
          "mechanism": "w",
          "trajectory": "(1, 11, 'u_power_times_v')"
        },
        "23": {
          "exponent": 165,
          "mechanism": "c",
          "trajectory": "(1, 9, 'u_power_times_v')"
        },
        "233": {
          "exponent": 320,
          "mechanism": "c",
          "trajectory": "(1, 9, 'u_power_times_v')"
        },
        "241": {
          "exponent": 53,
          "mechanism": "c",
          "trajectory": "(1, 12, 'u_times_v_power')"
        },
        "251": {
          "exponent": 266,
          "mechanism": "c",
          "trajectory": "(1, 12, 'u_times_v_power')"
        },
        "257": {
          "exponent": 742,
          "mechanism": "c",
          "trajectory": "(1, 12, 'u_power_times_v')"
        },
        "2596933": {
          "exponent": 326,
          "mechanism": "c",
          "trajectory": "(1, 12, 'u_power_times_v')"
        },
        "263": {
          "exponent": 736,
          "mechanism": "w",
          "trajectory": "(1, 12, 'u_times_v_power')"
        },
        "269": {
          "exponent": 234,
          "mechanism": "c",
          "trajectory": "(1, 12, 'u_power_times_v')"
        },
        "2699": {
          "exponent": 120,
          "mechanism": "c",
          "trajectory": "(1, 12, 'u_times_v_power')"
        },
        "275651": {
          "exponent": 381,
          "mechanism": "w",
          "trajectory": "(1, 12, 'u_power_times_v')"
        },
        "277": {
          "exponent": 664,
          "mechanism": "w",
          "trajectory": "(1, 12, 'u_times_v_power')"
        },
        "2801": {
          "exponent": 141,
          "mechanism": "c",
          "trajectory": "(1, 12, 'u_times_v_power')"
        },
        "281": {
          "exponent": 479,
          "mechanism": "w",
          "trajectory": "(1, 11, 'u_power_times_v')"
        },
        "283": {
          "exponent": 683,
          "mechanism": "c",
          "trajectory": "(1, 12, 'u_power_times_v')"
        },
        "283937": {
          "exponent": 183,
          "mechanism": "w",
          "trajectory": "(1, 15, 'u_power_times_v')"
        },
        "28517": {
          "exponent": 196,
          "mechanism": "w",
          "trajectory": "(1, 25, 'u_power_times_v')"
        },
        "28549": {
          "exponent": 268,
          "mechanism": "c",
          "trajectory": "(1, 12, 'u_power_times_v')"
        },
        "29": {
          "exponent": 137,
          "mechanism": "w",
          "trajectory": "(1, 9, 'u_power_times_v')"
        },
        "293": {
          "exponent": 685,
          "mechanism": "c",
          "trajectory": "(1, 11, 'u_power_times_v')"
        },
        "3": {
          "exponent": 8,
          "mechanism": "w",
          "trajectory": "(1, 9, 'u_power_times_v')"
        },
        "3067": {
          "exponent": 63,
          "mechanism": "w",
          "trajectory": "(1, 12, 'u_times_v_power')"
        },
        "307": {
          "exponent": 182,
          "mechanism": "w",
          "trajectory": "(1, 9, 'u_power_times_v')"
        },
        "3079": {
          "exponent": 312,
          "mechanism": "c",
          "trajectory": "(1, 12, 'u_power_times_v')"
        },
        "31": {
          "exponent": 616,
          "mechanism": "w",
          "trajectory": "(1, 9, 'u_power_times_v')"
        },
        "311": {
          "exponent": 360,
          "mechanism": "c",
          "trajectory": "(1, 12, 'u_times_v_power')"
        },
        "313": {
          "exponent": 584,
          "mechanism": "w",
          "trajectory": "(1, 11, 'u_power_times_v')"
        },
        "333367": {
          "exponent": 233,
          "mechanism": "w",
          "trajectory": "(1, 15, 'u_power_times_v')"
        },
        "3391": {
          "exponent": 534,
          "mechanism": "w",
          "trajectory": "(1, 15, 'u_power_times_v')"
        },
        "3407": {
          "exponent": 534,
          "mechanism": "w",
          "trajectory": "(1, 15, 'u_power_times_v')"
        },
        "34131299": {
          "exponent": 393,
          "mechanism": "c",
          "trajectory": "(1, 15, 'u_power_times_v')"
        },
        "3467": {
          "exponent": 385,
          "mechanism": "w",
          "trajectory": "(1, 15, 'u_power_times_v')"
        },
        "347": {
          "exponent": 271,
          "mechanism": "w",
          "trajectory": "(1, 9, 'u_power_times_v')"
        },
        "34739": {
          "exponent": 87,
          "mechanism": "c",
          "trajectory": "(1, 12, 'u_power_times_v')"
        },
        "349": {
          "exponent": 595,
          "mechanism": "c",
          "trajectory": "(1, 11, 'u_power_times_v')"
        },
        "3529": {
          "exponent": 394,
          "mechanism": "w",
          "trajectory": "(1, 12, 'u_power_times_v')"
        },
        "353": {
          "exponent": 370,
          "mechanism": "c",
          "trajectory": "(1, 15, 'u_power_times_v')"
        },
        "355529": {
          "exponent": 690,
          "mechanism": "c",
          "trajectory": "(1, 12, 'u_power_times_v')"
        },
        "359": {
          "exponent": 266,
          "mechanism": "c",
          "trajectory": "(1, 12, 'u_times_v_power')"
        },
        "37": {
          "exponent": 182,
          "mechanism": "w",
          "trajectory": "(1, 9, 'u_power_times_v')"
        },
        "373": {
          "exponent": 468,
          "mechanism": "c",
          "trajectory": "(1, 9, 'u_power_times_v')"
        },
        "389687": {
          "exponent": 290,
          "mechanism": "w",
          "trajectory": "(1, 25, 'u_times_v_power')"
        },
        "3913717": {
          "exponent": 329,
          "mechanism": "w",
          "trajectory": "(1, 12, 'u_power_times_v')"
        },
        "39390563": {
          "exponent": 85,
          "mechanism": "w",
          "trajectory": "(1, 12, 'u_power_times_v')"
        },
        "409": {
          "exponent": 114,
          "mechanism": "w",
          "trajectory": "(1, 11, 'u_power_times_v')"
        },
        "41": {
          "exponent": 107,
          "mechanism": "w",
          "trajectory": "(1, 9, 'u_power_times_v')"
        },
        "419": {
          "exponent": 451,
          "mechanism": "c",
          "trajectory": "(1, 9, 'u_power_times_v')"
        },
        "421": {
          "exponent": 728,
          "mechanism": "w",
          "trajectory": "(1, 11, 'u_power_times_v')"
        },
        "43": {
          "exponent": 83,
          "mechanism": "w",
          "trajectory": "(1, 9, 'u_power_times_v')"
        },
        "4337": {
          "exponent": 557,
          "mechanism": "c",
          "trajectory": "(1, 25, 'u_power_times_v')"
        },
        "439": {
          "exponent": 186,
          "mechanism": "w",
          "trajectory": "(1, 11, 'u_power_times_v')"
        },
        "4483": {
          "exponent": 614,
          "mechanism": "c",
          "trajectory": "(1, 12, 'u_times_v_power')"
        },
        "449": {
          "exponent": 152,
          "mechanism": "w",
          "trajectory": "(1, 12, 'u_power_times_v')"
        },
        "463": {
          "exponent": 376,
          "mechanism": "c",
          "trajectory": "(1, 11, 'u_power_times_v')"
        },
        "4637": {
          "exponent": 571,
          "mechanism": "w",
          "trajectory": "(1, 11, 'u_power_times_v')"
        },
        "4645429": {
          "exponent": 465,
          "mechanism": "c",
          "trajectory": "(1, 12, 'u_power_times_v')"
        },
        "466573": {
          "exponent": 235,
          "mechanism": "w",
          "trajectory": "(1, 15, 'u_power_times_v')"
        },
        "467": {
          "exponent": 531,
          "mechanism": "c",
          "trajectory": "(1, 12, 'u_power_times_v')"
        },
        "47": {
          "exponent": 116,
          "mechanism": "c",
          "trajectory": "(1, 11, 'u_power_times_v')"
        },
        "479": {
          "exponent": 306,
          "mechanism": "w",
          "trajectory": "(1, 15, 'u_power_times_v')"
        },
        "4938301": {
          "exponent": 234,
          "mechanism": "c",
          "trajectory": "(1, 15, 'u_power_times_v')"
        },
        "499": {
          "exponent": 125,
          "mechanism": "c",
          "trajectory": "(1, 12, 'u_power_times_v')"
        },
        "5": {
          "exponent": 24,
          "mechanism": "w",
          "trajectory": "(1, 9, 'u_power_times_v')"
        },
        "503": {
          "exponent": 260,
          "mechanism": "w",
          "trajectory": "(1, 15, 'u_power_times_v')"
        },
        "50849": {
          "exponent": 747,
          "mechanism": "c",
          "trajectory": "(1, 25, 'u_power_times_v')"
        },
        "509": {
          "exponent": 204,
          "mechanism": "c",
          "trajectory": "(1, 15, 'u_times_v_power')"
        },
        "520357": {
          "exponent": 175,
          "mechanism": "c",
          "trajectory": "(1, 15, 'u_power_times_v')"
        },
        "521": {
          "exponent": 144,
          "mechanism": "w",
          "trajectory": "(1, 11, 'u_power_times_v')"
        },
        "523": {
          "exponent": 53,
          "mechanism": "c",
          "trajectory": "(1, 12, 'u_times_v_power')"
        },
        "53": {
          "exponent": 727,
          "mechanism": "c",
          "trajectory": "(1, 9, 'u_power_times_v')"
        },
        "53201": {
          "exponent": 160,
          "mechanism": "c",
          "trajectory": "(1, 15, 'u_power_times_v')"
        },
        "557": {
          "exponent": 589,
          "mechanism": "c",
          "trajectory": "(1, 9, 'u_power_times_v')"
        },
        "559781": {
          "exponent": 618,
          "mechanism": "c",
          "trajectory": "(1, 12, 'u_power_times_v')"
        },
        "571": {
          "exponent": 724,
          "mechanism": "c",
          "trajectory": "(1, 9, 'u_power_times_v')"
        },
        "587": {
          "exponent": 716,
          "mechanism": "w",
          "trajectory": "(1, 9, 'u_power_times_v')"
        },
        "59": {
          "exponent": 559,
          "mechanism": "c",
          "trajectory": "(1, 9, 'u_power_times_v')"
        },
        "593": {
          "exponent": 174,
          "mechanism": "c",
          "trajectory": "(1, 11, 'u_power_times_v')"
        },
        "5981": {
          "exponent": 69,
          "mechanism": "c",
          "trajectory": "(1, 15, 'u_power_times_v')"
        },
        "61": {
          "exponent": 193,
          "mechanism": "c",
          "trajectory": "(1, 9, 'u_power_times_v')"
        },
        "611837": {
          "exponent": 151,
          "mechanism": "c",
          "trajectory": "(1, 12, 'u_power_times_v')"
        },
        "613": {
          "exponent": 774,
          "mechanism": "c",
          "trajectory": "(1, 12, 'u_power_times_v')"
        },
        "619": {
          "exponent": 253,
          "mechanism": "c",
          "trajectory": "(1, 12, 'u_power_times_v')"
        },
        "6217": {
          "exponent": 552,
          "mechanism": "c",
          "trajectory": "(1, 15, 'u_power_times_v')"
        },
        "6269": {
          "exponent": 327,
          "mechanism": "w",
          "trajectory": "(1, 15, 'u_times_v_power')"
        },
        "6361": {
          "exponent": 33,
          "mechanism": "w",
          "trajectory": "(1, 15, 'u_power_times_v')"
        },
        "6415979": {
          "exponent": 687,
          "mechanism": "w",
          "trajectory": "(1, 15, 'u_power_times_v')"
        },
        "647": {
          "exponent": 451,
          "mechanism": "c",
          "trajectory": "(1, 9, 'u_power_times_v')"
        },
        "653": {
          "exponent": 704,
          "mechanism": "w",
          "trajectory": "(1, 11, 'u_power_times_v')"
        },
        "6689": {
          "exponent": 697,
          "mechanism": "c",
          "trajectory": "(1, 15, 'u_times_v_power')"
        },
        "67": {
          "exponent": 253,
          "mechanism": "c",
          "trajectory": "(1, 9, 'u_power_times_v')"
        },
        "6829": {
          "exponent": 699,
          "mechanism": "w",
          "trajectory": "(1, 15, 'u_power_times_v')"
        },
        "7": {
          "exponent": 47,
          "mechanism": "w",
          "trajectory": "(1, 9, 'u_power_times_v')"
        },
        "71": {
          "exponent": 604,
          "mechanism": "w",
          "trajectory": "(1, 9, 'u_power_times_v')"
        },
        "719": {
          "exponent": 746,
          "mechanism": "w",
          "trajectory": "(1, 12, 'u_power_times_v')"
        },
        "727": {
          "exponent": 559,
          "mechanism": "w",
          "trajectory": "(1, 25, 'u_power_times_v')"
        },
        "73": {
          "exponent": 43,
          "mechanism": "c",
          "trajectory": "(1, 9, 'u_power_times_v')"
        },
        "739": {
          "exponent": 576,
          "mechanism": "c",
          "trajectory": "(1, 9, 'u_power_times_v')"
        },
        "7561": {
          "exponent": 234,
          "mechanism": "c",
          "trajectory": "(1, 12, 'u_power_times_v')"
        },
        "761": {
          "exponent": 411,
          "mechanism": "c",
          "trajectory": "(1, 25, 'u_power_times_v')"
        },
        "787": {
          "exponent": 559,
          "mechanism": "c",
          "trajectory": "(1, 9, 'u_power_times_v')"
        },
        "79": {
          "exponent": 507,
          "mechanism": "c",
          "trajectory": "(1, 9, 'u_power_times_v')"
        },
        "797": {
          "exponent": 347,
          "mechanism": "c",
          "trajectory": "(1, 12, 'u_times_v_power')"
        },
        "811": {
          "exponent": 385,
          "mechanism": "w",
          "trajectory": "(1, 15, 'u_power_times_v')"
        },
        "816223": {
          "exponent": 694,
          "mechanism": "w",
          "trajectory": "(1, 12, 'u_power_times_v')"
        },
        "81853": {
          "exponent": 330,
          "mechanism": "c",
          "trajectory": "(1, 12, 'u_power_times_v')"
        },
        "827": {
          "exponent": 204,
          "mechanism": "w",
          "trajectory": "(1, 9, 'u_power_times_v')"
        },
        "829": {
          "exponent": 194,
          "mechanism": "w",
          "trajectory": "(1, 11, 'u_power_times_v')"
        },
        "83": {
          "exponent": 92,
          "mechanism": "w",
          "trajectory": "(1, 11, 'u_power_times_v')"
        },
        "8329": {
          "exponent": 537,
          "mechanism": "w",
          "trajectory": "(1, 12, 'u_times_v_power')"
        },
        "83791": {
          "exponent": 554,
          "mechanism": "c",
          "trajectory": "(1, 25, 'u_power_times_v')"
        },
        "8527": {
          "exponent": 38,
          "mechanism": "w",
          "trajectory": "(1, 12, 'u_times_v_power')"
        },
        "85601": {
          "exponent": 558,
          "mechanism": "w",
          "trajectory": "(1, 15, 'u_times_v_power')"
        },
        "857": {
          "exponent": 475,
          "mechanism": "c",
          "trajectory": "(1, 11, 'u_power_times_v')"
        },
        "8573": {
          "exponent": 69,
          "mechanism": "c",
          "trajectory": "(1, 15, 'u_power_times_v')"
        },
        "859": {
          "exponent": 318,
          "mechanism": "c",
          "trajectory": "(1, 12, 'u_times_v_power')"
        },
        "8713": {
          "exponent": 479,
          "mechanism": "w",
          "trajectory": "(1, 11, 'u_power_times_v')"
        },
        "87583": {
          "exponent": 657,
          "mechanism": "w",
          "trajectory": "(1, 25, 'u_power_times_v')"
        },
        "89": {
          "exponent": 94,
          "mechanism": "w",
          "trajectory": "(1, 11, 'u_power_times_v')"
        },
        "9505619": {
          "exponent": 401,
          "mechanism": "c",
          "trajectory": "(1, 15, 'u_power_times_v')"
        },
        "953": {
          "exponent": 264,
          "mechanism": "c",
          "trajectory": "(1, 9, 'u_power_times_v')"
        },
        "96149": {
          "exponent": 477,
          "mechanism": "c",
          "trajectory": "(1, 15, 'u_power_times_v')"
        },
        "967": {
          "exponent": 167,
          "mechanism": "c",
          "trajectory": "(1, 12, 'u_power_times_v')"
        },
        "97": {
          "exponent": 486,
          "mechanism": "c",
          "trajectory": "(1, 11, 'u_power_times_v')"
        }
      }
    },
    "chain_pair_records": [
      {
        "c_chain": true,
        "left_exponent": 265,
        "right_exponent": 266,
        "trajectory": "(1, 9, 'u_power_times_v')",
        "w_chain": false
      },
      {
        "c_chain": false,
        "left_exponent": 690,
        "right_exponent": 691,
        "trajectory": "(1, 9, 'u_power_times_v')",
        "w_chain": true
      },
      {
        "c_chain": false,
        "left_exponent": 479,
        "right_exponent": 480,
        "trajectory": "(1, 11, 'u_power_times_v')",
        "w_chain": true
      },
      {
        "c_chain": false,
        "left_exponent": 38,
        "right_exponent": 39,
        "trajectory": "(1, 12, 'u_times_v_power')",
        "w_chain": true
      },
      {
        "c_chain": true,
        "left_exponent": 129,
        "right_exponent": 130,
        "trajectory": "(1, 12, 'u_times_v_power')",
        "w_chain": false
      },
      {
        "c_chain": true,
        "left_exponent": 80,
        "right_exponent": 84,
        "trajectory": "(1, 12, 'u_power_times_v')",
        "w_chain": false
      },
      {
        "c_chain": true,
        "left_exponent": 80,
        "right_exponent": 85,
        "trajectory": "(1, 12, 'u_power_times_v')",
        "w_chain": false
      },
      {
        "c_chain": true,
        "left_exponent": 84,
        "right_exponent": 85,
        "trajectory": "(1, 12, 'u_power_times_v')",
        "w_chain": false
      },
      {
        "c_chain": false,
        "left_exponent": 85,
        "right_exponent": 87,
        "trajectory": "(1, 12, 'u_power_times_v')",
        "w_chain": true
      },
      {
        "c_chain": true,
        "left_exponent": 87,
        "right_exponent": 88,
        "trajectory": "(1, 12, 'u_power_times_v')",
        "w_chain": false
      },
      {
        "c_chain": true,
        "left_exponent": 151,
        "right_exponent": 152,
        "trajectory": "(1, 12, 'u_power_times_v')",
        "w_chain": false
      },
      {
        "c_chain": true,
        "left_exponent": 326,
        "right_exponent": 329,
        "trajectory": "(1, 12, 'u_power_times_v')",
        "w_chain": false
      },
      {
        "c_chain": false,
        "left_exponent": 329,
        "right_exponent": 330,
        "trajectory": "(1, 12, 'u_power_times_v')",
        "w_chain": true
      },
      {
        "c_chain": true,
        "left_exponent": 330,
        "right_exponent": 331,
        "trajectory": "(1, 12, 'u_power_times_v')",
        "w_chain": false
      },
      {
        "c_chain": false,
        "left_exponent": 331,
        "right_exponent": 333,
        "trajectory": "(1, 12, 'u_power_times_v')",
        "w_chain": true
      },
      {
        "c_chain": true,
        "left_exponent": 378,
        "right_exponent": 381,
        "trajectory": "(1, 12, 'u_power_times_v')",
        "w_chain": false
      },
      {
        "c_chain": false,
        "left_exponent": 381,
        "right_exponent": 386,
        "trajectory": "(1, 12, 'u_power_times_v')",
        "w_chain": true
      },
      {
        "c_chain": true,
        "left_exponent": 465,
        "right_exponent": 466,
        "trajectory": "(1, 12, 'u_power_times_v')",
        "w_chain": false
      },
      {
        "c_chain": false,
        "left_exponent": 613,
        "right_exponent": 618,
        "trajectory": "(1, 12, 'u_power_times_v')",
        "w_chain": true
      },
      {
        "c_chain": true,
        "left_exponent": 618,
        "right_exponent": 619,
        "trajectory": "(1, 12, 'u_power_times_v')",
        "w_chain": false
      },
      {
        "c_chain": false,
        "left_exponent": 619,
        "right_exponent": 623,
        "trajectory": "(1, 12, 'u_power_times_v')",
        "w_chain": true
      },
      {
        "c_chain": true,
        "left_exponent": 693,
        "right_exponent": 694,
        "trajectory": "(1, 12, 'u_power_times_v')",
        "w_chain": false
      },
      {
        "c_chain": false,
        "left_exponent": 694,
        "right_exponent": 696,
        "trajectory": "(1, 12, 'u_power_times_v')",
        "w_chain": true
      },
      {
        "c_chain": true,
        "left_exponent": 772,
        "right_exponent": 775,
        "trajectory": "(1, 12, 'u_power_times_v')",
        "w_chain": false
      },
      {
        "c_chain": true,
        "left_exponent": 69,
        "right_exponent": 70,
        "trajectory": "(1, 15, 'u_power_times_v')",
        "w_chain": false
      },
      {
        "c_chain": false,
        "left_exponent": 172,
        "right_exponent": 175,
        "trajectory": "(1, 15, 'u_power_times_v')",
        "w_chain": true
      },
      {
        "c_chain": true,
        "left_exponent": 175,
        "right_exponent": 183,
        "trajectory": "(1, 15, 'u_power_times_v')",
        "w_chain": false
      },
      {
        "c_chain": false,
        "left_exponent": 183,
        "right_exponent": 186,
        "trajectory": "(1, 15, 'u_power_times_v')",
        "w_chain": true
      },
      {
        "c_chain": true,
        "left_exponent": 186,
        "right_exponent": 187,
        "trajectory": "(1, 15, 'u_power_times_v')",
        "w_chain": false
      },
      {
        "c_chain": false,
        "left_exponent": 233,
        "right_exponent": 234,
        "trajectory": "(1, 15, 'u_power_times_v')",
        "w_chain": true
      },
      {
        "c_chain": true,
        "left_exponent": 234,
        "right_exponent": 235,
        "trajectory": "(1, 15, 'u_power_times_v')",
        "w_chain": false
      },
      {
        "c_chain": false,
        "left_exponent": 235,
        "right_exponent": 236,
        "trajectory": "(1, 15, 'u_power_times_v')",
        "w_chain": true
      },
      {
        "c_chain": true,
        "left_exponent": 349,
        "right_exponent": 351,
        "trajectory": "(1, 15, 'u_power_times_v')",
        "w_chain": false
      },
      {
        "c_chain": true,
        "left_exponent": 393,
        "right_exponent": 395,
        "trajectory": "(1, 15, 'u_power_times_v')",
        "w_chain": false
      },
      {
        "c_chain": false,
        "left_exponent": 395,
        "right_exponent": 401,
        "trajectory": "(1, 15, 'u_power_times_v')",
        "w_chain": true
      },
      {
        "c_chain": true,
        "left_exponent": 401,
        "right_exponent": 402,
        "trajectory": "(1, 15, 'u_power_times_v')",
        "w_chain": false
      },
      {
        "c_chain": true,
        "left_exponent": 477,
        "right_exponent": 479,
        "trajectory": "(1, 15, 'u_power_times_v')",
        "w_chain": false
      },
      {
        "c_chain": true,
        "left_exponent": 551,
        "right_exponent": 553,
        "trajectory": "(1, 15, 'u_power_times_v')",
        "w_chain": false
      },
      {
        "c_chain": true,
        "left_exponent": 686,
        "right_exponent": 687,
        "trajectory": "(1, 15, 'u_power_times_v')",
        "w_chain": false
      },
      {
        "c_chain": false,
        "left_exponent": 687,
        "right_exponent": 688,
        "trajectory": "(1, 15, 'u_power_times_v')",
        "w_chain": true
      },
      {
        "c_chain": false,
        "left_exponent": 741,
        "right_exponent": 742,
        "trajectory": "(1, 15, 'u_power_times_v')",
        "w_chain": true
      },
      {
        "c_chain": false,
        "left_exponent": 755,
        "right_exponent": 756,
        "trajectory": "(1, 15, 'u_power_times_v')",
        "w_chain": true
      },
      {
        "c_chain": false,
        "left_exponent": 558,
        "right_exponent": 559,
        "trajectory": "(1, 15, 'u_times_v_power')",
        "w_chain": true
      },
      {
        "c_chain": false,
        "left_exponent": 67,
        "right_exponent": 68,
        "trajectory": "(1, 25, 'u_times_v_power')",
        "w_chain": true
      },
      {
        "c_chain": false,
        "left_exponent": 290,
        "right_exponent": 291,
        "trajectory": "(1, 25, 'u_times_v_power')",
        "w_chain": true
      },
      {
        "c_chain": true,
        "left_exponent": 136,
        "right_exponent": 137,
        "trajectory": "(1, 25, 'u_power_times_v')",
        "w_chain": false
      },
      {
        "c_chain": true,
        "left_exponent": 554,
        "right_exponent": 556,
        "trajectory": "(1, 25, 'u_power_times_v')",
        "w_chain": false
      },
      {
        "c_chain": false,
        "left_exponent": 657,
        "right_exponent": 658,
        "trajectory": "(1, 25, 'u_power_times_v')",
        "w_chain": true
      },
      {
        "c_chain": true,
        "left_exponent": 658,
        "right_exponent": 662,
        "trajectory": "(1, 25, 'u_power_times_v')",
        "w_chain": false
      },
      {
        "c_chain": false,
        "left_exponent": 662,
        "right_exponent": 663,
        "trajectory": "(1, 25, 'u_power_times_v')",
        "w_chain": true
      },
      {
        "c_chain": true,
        "left_exponent": 747,
        "right_exponent": 748,
        "trajectory": "(1, 25, 'u_power_times_v')",
        "w_chain": false
      }
    ],
    "endpoint_equivalence_mismatches": [],
    "full_round_one_raw_carry_exposure": {
      "exponent_range_inclusive": [
        0,
        784
      ],
      "exposed_row_stats": {
        "components": [
          166
        ],
        "nullity": 1,
        "rank": 165,
        "rows": 203
      },
      "exposed_rows": 203,
      "oriented_trajectories_scanned": 54,
      "two_zero_pairs_excluded": 6008,
      "unexposed_row_stats": {
        "components": [
          4,
          4,
          3,
          3,
          3,
          3,
          3,
          2,
          2,
          2,
          2,
          2,
          2,
          2,
          2,
          2,
          2,
          2,
          2,
          2,
          1,
          1,
          1,
          1,
          1,
          1,
          1,
          1,
          1,
          1,
          1,
          1,
          1,
          1,
          1,
          1,
          1,
          1,
          1,
          1,
          1,
          1,
          1,
          1,
          1,
          1,
          1,
          1,
          1,
          1,
          1,
          1,
          1,
          1,
          1,
          1,
          1,
          1,
          1,
          1,
          1,
          1,
          1,
          1,
          1,
          1,
          1,
          1,
          1,
          1,
          1,
          1,
          1,
          1,
          1,
          1,
          1,
          1,
          1,
          1,
          1,
          1,
          1,
          1,
          1,
          1,
          1,
          1,
          1,
          1,
          1,
          1,
          1,
          1,
          1,
          1,
          1,
          1,
          1,
          1,
          1,
          1,
          1,
          1,
          1,
          1,
          1,
          1,
          1,
          1,
          1,
          1,
          1,
          1,
          1,
          1,
          1,
          1,
          1,
          1,
          1,
          1,
          1,
          1,
          1,
          1,
          1,
          1,
          1,
          1,
          1,
          1,
          1,
          1,
          1,
          1,
          1
        ],
        "nullity": 139,
        "rank": 27,
        "rows": 27
      },
      "unexposed_rows": 27,
      "witnesses": {
        "1009": {
          "exponent": 402,
          "mechanism": "w",
          "trajectory": "(1, 2, 'u_power_times_v')"
        },
        "101": {
          "exponent": 67,
          "mechanism": "c",
          "trajectory": "(1, 0, 'u_power_times_v')"
        },
        "1021": {
          "exponent": 343,
          "mechanism": "w",
          "trajectory": "(1, 0, 'u_power_times_v')"
        },
        "103": {
          "exponent": 780,
          "mechanism": "c",
          "trajectory": "(1, 0, 'u_power_times_v')"
        },
        "104527": {
          "exponent": 129,
          "mechanism": "c",
          "trajectory": "(1, 12, 'u_times_v_power')"
        },
        "107": {
          "exponent": 160,
          "mechanism": "c",
          "trajectory": "(1, 0, 'u_power_times_v')"
        },
        "1087": {
          "exponent": 679,
          "mechanism": "c",
          "trajectory": "(1, 0, 'u_times_v_power')"
        },
        "109": {
          "exponent": 77,
          "mechanism": "c",
          "trajectory": "(1, 0, 'u_power_times_v')"
        },
        "11": {
          "exponent": 46,
          "mechanism": "w",
          "trajectory": "(1, 0, 'u_power_times_v')"
        },
        "1109": {
          "exponent": 499,
          "mechanism": "c",
          "trajectory": "(1, 11, 'u_power_times_v')"
        },
        "113": {
          "exponent": 96,
          "mechanism": "c",
          "trajectory": "(1, 0, 'u_power_times_v')"
        },
        "1137229": {
          "exponent": 136,
          "mechanism": "c",
          "trajectory": "(1, 25, 'u_power_times_v')"
        },
        "1163": {
          "exponent": 279,
          "mechanism": "c",
          "trajectory": "(1, 25, 'u_power_times_v')"
        },
        "116507": {
          "exponent": 754,
          "mechanism": "w",
          "trajectory": "(1, 15, 'u_power_times_v')"
        },
        "1181": {
          "exponent": 739,
          "mechanism": "w",
          "trajectory": "(1, 2, 'u_power_times_v')"
        },
        "12543379": {
          "exponent": 662,
          "mechanism": "w",
          "trajectory": "(1, 25, 'u_power_times_v')"
        },
        "127": {
          "exponent": 312,
          "mechanism": "c",
          "trajectory": "(1, 0, 'u_power_times_v')"
        },
        "1279": {
          "exponent": 501,
          "mechanism": "c",
          "trajectory": "(1, 0, 'u_power_times_v')"
        },
        "13": {
          "exponent": 33,
          "mechanism": "c",
          "trajectory": "(1, 0, 'u_power_times_v')"
        },
        "1307": {
          "exponent": 111,
          "mechanism": "c",
          "trajectory": "(1, 0, 'u_power_times_v')"
        },
        "131": {
          "exponent": 337,
          "mechanism": "c",
          "trajectory": "(1, 0, 'u_power_times_v')"
        },
        "1319": {
          "exponent": 439,
          "mechanism": "w",
          "trajectory": "(1, 15, 'u_power_times_v')"
        },
        "13697": {
          "exponent": 350,
          "mechanism": "c",
          "trajectory": "(1, 15, 'u_power_times_v')"
        },
        "137": {
          "exponent": 51,
          "mechanism": "w",
          "trajectory": "(1, 0, 'u_power_times_v')"
        },
        "139": {
          "exponent": 137,
          "mechanism": "c",
          "trajectory": "(1, 0, 'u_power_times_v')"
        },
        "1427": {
          "exponent": 325,
          "mechanism": "w",
          "trajectory": "(1, 12, 'u_power_times_v')"
        },
        "1429": {
          "exponent": 250,
          "mechanism": "w",
          "trajectory": "(1, 15, 'u_power_times_v')"
        },
        "1451": {
          "exponent": 324,
          "mechanism": "c",
          "trajectory": "(1, 0, 'u_times_v_power')"
        },
        "1453": {
          "exponent": 614,
          "mechanism": "c",
          "trajectory": "(1, 12, 'u_times_v_power')"
        },
        "1459": {
          "exponent": 39,
          "mechanism": "c",
          "trajectory": "(1, 2, 'u_power_times_v')"
        },
        "1462763": {
          "exponent": 331,
          "mechanism": "w",
          "trajectory": "(1, 12, 'u_power_times_v')"
        },
        "1483": {
          "exponent": 395,
          "mechanism": "w",
          "trajectory": "(1, 15, 'u_power_times_v')"
        },
        "1487": {
          "exponent": 321,
          "mechanism": "c",
          "trajectory": "(1, 15, 'u_power_times_v')"
        },
        "14897": {
          "exponent": 619,
          "mechanism": "w",
          "trajectory": "(1, 12, 'u_times_v_power')"
        },
        "149": {
          "exponent": 263,
          "mechanism": "c",
          "trajectory": "(1, 0, 'u_power_times_v')"
        },
        "1499": {
          "exponent": 413,
          "mechanism": "c",
          "trajectory": "(1, 12, 'u_times_v_power')"
        },
        "150497": {
          "exponent": 379,
          "mechanism": "c",
          "trajectory": "(1, 12, 'u_power_times_v')"
        },
        "151": {
          "exponent": 181,
          "mechanism": "w",
          "trajectory": "(1, 0, 'u_power_times_v')"
        },
        "157": {
          "exponent": 37,
          "mechanism": "w",
          "trajectory": "(1, 0, 'u_power_times_v')"
        },
        "163": {
          "exponent": 128,
          "mechanism": "c",
          "trajectory": "(1, 0, 'u_power_times_v')"
        },
        "1637": {
          "exponent": 689,
          "mechanism": "w",
          "trajectory": "(1, 11, 'u_power_times_v')"
        },
        "1657": {
          "exponent": 108,
          "mechanism": "c",
          "trajectory": "(1, 5, 'u_power_times_v')"
        },
        "167": {
          "exponent": 385,
          "mechanism": "w",
          "trajectory": "(1, 0, 'u_times_v_power')"
        },
        "17": {
          "exponent": 105,
          "mechanism": "c",
          "trajectory": "(1, 0, 'u_power_times_v')"
        },
        "173": {
          "exponent": 510,
          "mechanism": "c",
          "trajectory": "(1, 0, 'u_power_times_v')"
        },
        "17683": {
          "exponent": 351,
          "mechanism": "w",
          "trajectory": "(1, 15, 'u_power_times_v')"
        },
        "1777": {
          "exponent": 123,
          "mechanism": "w",
          "trajectory": "(1, 0, 'u_times_v_power')"
        },
        "179": {
          "exponent": 481,
          "mechanism": "c",
          "trajectory": "(1, 0, 'u_power_times_v')"
        },
        "181061": {
          "exponent": 172,
          "mechanism": "w",
          "trajectory": "(1, 15, 'u_power_times_v')"
        },
        "1827779": {
          "exponent": 186,
          "mechanism": "c",
          "trajectory": "(1, 15, 'u_power_times_v')"
        },
        "1847": {
          "exponent": 36,
          "mechanism": "c",
          "trajectory": "(1, 2, 'u_power_times_v')"
        },
        "1879": {
          "exponent": 424,
          "mechanism": "c",
          "trajectory": "(1, 9, 'u_power_times_v')"
        },
        "19": {
          "exponent": 39,
          "mechanism": "c",
          "trajectory": "(1, 0, 'u_power_times_v')"
        },
        "191": {
          "exponent": 712,
          "mechanism": "c",
          "trajectory": "(1, 0, 'u_power_times_v')"
        },
        "193": {
          "exponent": 216,
          "mechanism": "w",
          "trajectory": "(1, 0, 'u_power_times_v')"
        },
        "195733": {
          "exponent": 614,
          "mechanism": "w",
          "trajectory": "(1, 12, 'u_power_times_v')"
        },
        "197": {
          "exponent": 113,
          "mechanism": "w",
          "trajectory": "(1, 0, 'u_power_times_v')"
        },
        "19843": {
          "exponent": 307,
          "mechanism": "w",
          "trajectory": "(1, 25, 'u_power_times_v')"
        },
        "198841": {
          "exponent": 690,
          "mechanism": "w",
          "trajectory": "(1, 9, 'u_power_times_v')"
        },
        "199": {
          "exponent": 152,
          "mechanism": "w",
          "trajectory": "(1, 2, 'u_power_times_v')"
        },
        "2": {
          "exponent": 1,
          "mechanism": "c",
          "trajectory": "(1, 0, 'u_power_times_v')"
        },
        "2053": {
          "exponent": 53,
          "mechanism": "w",
          "trajectory": "(1, 0, 'u_times_v_power')"
        },
        "2089": {
          "exponent": 638,
          "mechanism": "c",
          "trajectory": "(1, 0, 'u_power_times_v')"
        },
        "211": {
          "exponent": 278,
          "mechanism": "c",
          "trajectory": "(1, 0, 'u_power_times_v')"
        },
        "2137": {
          "exponent": 80,
          "mechanism": "w",
          "trajectory": "(1, 12, 'u_times_v_power')"
        },
        "2143": {
          "exponent": 336,
          "mechanism": "c",
          "trajectory": "(1, 2, 'u_power_times_v')"
        },
        "2172967": {
          "exponent": 628,
          "mechanism": "w",
          "trajectory": "(1, 2, 'u_power_times_v')"
        },
        "2203": {
          "exponent": 223,
          "mechanism": "c",
          "trajectory": "(1, 5, 'u_power_times_v')"
        },
        "2207": {
          "exponent": 614,
          "mechanism": "c",
          "trajectory": "(1, 5, 'u_power_times_v')"
        },
        "222269": {
          "exponent": 741,
          "mechanism": "w",
          "trajectory": "(1, 15, 'u_power_times_v')"
        },
        "223": {
          "exponent": 742,
          "mechanism": "c",
          "trajectory": "(1, 0, 'u_power_times_v')"
        },
        "227": {
          "exponent": 470,
          "mechanism": "w",
          "trajectory": "(1, 0, 'u_power_times_v')"
        },
        "2287": {
          "exponent": 84,
          "mechanism": "w",
          "trajectory": "(1, 15, 'u_power_times_v')"
        },
        "229": {
          "exponent": 248,
          "mechanism": "w",
          "trajectory": "(1, 0, 'u_power_times_v')"
        },
        "23": {
          "exponent": 27,
          "mechanism": "w",
          "trajectory": "(1, 0, 'u_power_times_v')"
        },
        "233": {
          "exponent": 108,
          "mechanism": "w",
          "trajectory": "(1, 0, 'u_power_times_v')"
        },
        "241": {
          "exponent": 169,
          "mechanism": "c",
          "trajectory": "(1, 0, 'u_power_times_v')"
        },
        "251": {
          "exponent": 600,
          "mechanism": "w",
          "trajectory": "(1, 5, 'u_power_times_v')"
        },
        "257": {
          "exponent": 742,
          "mechanism": "c",
          "trajectory": "(1, 0, 'u_power_times_v')"
        },
        "2596933": {
          "exponent": 326,
          "mechanism": "c",
          "trajectory": "(1, 12, 'u_power_times_v')"
        },
        "2621": {
          "exponent": 694,
          "mechanism": "c",
          "trajectory": "(1, 0, 'u_times_v_power')"
        },
        "263": {
          "exponent": 544,
          "mechanism": "c",
          "trajectory": "(1, 2, 'u_power_times_v')"
        },
        "269": {
          "exponent": 231,
          "mechanism": "c",
          "trajectory": "(1, 0, 'u_power_times_v')"
        },
        "2699": {
          "exponent": 120,
          "mechanism": "c",
          "trajectory": "(1, 12, 'u_times_v_power')"
        },
        "275651": {
          "exponent": 391,
          "mechanism": "w",
          "trajectory": "(1, 2, 'u_power_times_v')"
        },
        "277": {
          "exponent": 214,
          "mechanism": "w",
          "trajectory": "(1, 0, 'u_power_times_v')"
        },
        "2801": {
          "exponent": 141,
          "mechanism": "c",
          "trajectory": "(1, 12, 'u_times_v_power')"
        },
        "281": {
          "exponent": 135,
          "mechanism": "c",
          "trajectory": "(1, 5, 'u_power_times_v')"
        },
        "283": {
          "exponent": 401,
          "mechanism": "c",
          "trajectory": "(1, 2, 'u_power_times_v')"
        },
        "283937": {
          "exponent": 183,
          "mechanism": "w",
          "trajectory": "(1, 15, 'u_power_times_v')"
        },
        "28517": {
          "exponent": 196,
          "mechanism": "w",
          "trajectory": "(1, 25, 'u_power_times_v')"
        },
        "28549": {
          "exponent": 268,
          "mechanism": "c",
          "trajectory": "(1, 12, 'u_power_times_v')"
        },
        "29": {
          "exponent": 123,
          "mechanism": "c",
          "trajectory": "(1, 0, 'u_power_times_v')"
        },
        "293": {
          "exponent": 108,
          "mechanism": "w",
          "trajectory": "(1, 0, 'u_power_times_v')"
        },
        "3": {
          "exponent": 1,
          "mechanism": "c",
          "trajectory": "(1, 0, 'u_power_times_v')"
        },
        "3067": {
          "exponent": 63,
          "mechanism": "w",
          "trajectory": "(1, 12, 'u_times_v_power')"
        },
        "307": {
          "exponent": 605,
          "mechanism": "w",
          "trajectory": "(1, 2, 'u_power_times_v')"
        },
        "3079": {
          "exponent": 312,
          "mechanism": "c",
          "trajectory": "(1, 12, 'u_power_times_v')"
        },
        "31": {
          "exponent": 83,
          "mechanism": "w",
          "trajectory": "(1, 0, 'u_power_times_v')"
        },
        "311": {
          "exponent": 153,
          "mechanism": "c",
          "trajectory": "(1, 0, 'u_power_times_v')"
        },
        "313": {
          "exponent": 465,
          "mechanism": "c",
          "trajectory": "(1, 0, 'u_times_v_power')"
        },
        "331": {
          "exponent": 197,
          "mechanism": "w",
          "trajectory": "(1, 0, 'u_power_times_v')"
        },
        "3313": {
          "exponent": 543,
          "mechanism": "w",
          "trajectory": "(1, 0, 'u_power_times_v')"
        },
        "333367": {
          "exponent": 233,
          "mechanism": "w",
          "trajectory": "(1, 15, 'u_power_times_v')"
        },
        "3391": {
          "exponent": 514,
          "mechanism": "c",
          "trajectory": "(1, 2, 'u_power_times_v')"
        },
        "3407": {
          "exponent": 534,
          "mechanism": "w",
          "trajectory": "(1, 15, 'u_power_times_v')"
        },
        "34131299": {
          "exponent": 393,
          "mechanism": "c",
          "trajectory": "(1, 15, 'u_power_times_v')"
        },
        "3467": {
          "exponent": 385,
          "mechanism": "w",
          "trajectory": "(1, 15, 'u_power_times_v')"
        },
        "347": {
          "exponent": 369,
          "mechanism": "c",
          "trajectory": "(1, 0, 'u_power_times_v')"
        },
        "34739": {
          "exponent": 87,
          "mechanism": "c",
          "trajectory": "(1, 12, 'u_power_times_v')"
        },
        "349": {
          "exponent": 19,
          "mechanism": "w",
          "trajectory": "(1, 0, 'u_times_v_power')"
        },
        "3529": {
          "exponent": 83,
          "mechanism": "w",
          "trajectory": "(1, 0, 'u_power_times_v')"
        },
        "353": {
          "exponent": 370,
          "mechanism": "c",
          "trajectory": "(1, 15, 'u_power_times_v')"
        },
        "355529": {
          "exponent": 690,
          "mechanism": "c",
          "trajectory": "(1, 12, 'u_power_times_v')"
        },
        "359": {
          "exponent": 51,
          "mechanism": "w",
          "trajectory": "(1, 0, 'u_power_times_v')"
        },
        "37": {
          "exponent": 83,
          "mechanism": "w",
          "trajectory": "(1, 0, 'u_power_times_v')"
        },
        "373": {
          "exponent": 468,
          "mechanism": "c",
          "trajectory": "(1, 9, 'u_power_times_v')"
        },
        "389687": {
          "exponent": 290,
          "mechanism": "w",
          "trajectory": "(1, 25, 'u_times_v_power')"
        },
        "3913717": {
          "exponent": 329,
          "mechanism": "w",
          "trajectory": "(1, 12, 'u_power_times_v')"
        },
        "39390563": {
          "exponent": 85,
          "mechanism": "w",
          "trajectory": "(1, 12, 'u_power_times_v')"
        },
        "409": {
          "exponent": 609,
          "mechanism": "w",
          "trajectory": "(1, 0, 'u_power_times_v')"
        },
        "41": {
          "exponent": 105,
          "mechanism": "c",
          "trajectory": "(1, 0, 'u_power_times_v')"
        },
        "419": {
          "exponent": 184,
          "mechanism": "w",
          "trajectory": "(1, 5, 'u_times_v_power')"
        },
        "421": {
          "exponent": 42,
          "mechanism": "c",
          "trajectory": "(1, 2, 'u_power_times_v')"
        },
        "43": {
          "exponent": 111,
          "mechanism": "c",
          "trajectory": "(1, 0, 'u_power_times_v')"
        },
        "4337": {
          "exponent": 557,
          "mechanism": "c",
          "trajectory": "(1, 25, 'u_power_times_v')"
        },
        "439": {
          "exponent": 43,
          "mechanism": "w",
          "trajectory": "(1, 2, 'u_power_times_v')"
        },
        "443": {
          "exponent": 145,
          "mechanism": "w",
          "trajectory": "(1, 0, 'u_times_v_power')"
        },
        "4483": {
          "exponent": 701,
          "mechanism": "c",
          "trajectory": "(1, 0, 'u_power_times_v')"
        },
        "449": {
          "exponent": 263,
          "mechanism": "c",
          "trajectory": "(1, 0, 'u_power_times_v')"
        },
        "463": {
          "exponent": 215,
          "mechanism": "c",
          "trajectory": "(1, 5, 'u_times_v_power')"
        },
        "4637": {
          "exponent": 571,
          "mechanism": "w",
          "trajectory": "(1, 11, 'u_power_times_v')"
        },
        "4645429": {
          "exponent": 465,
          "mechanism": "c",
          "trajectory": "(1, 12, 'u_power_times_v')"
        },
        "466573": {
          "exponent": 235,
          "mechanism": "w",
          "trajectory": "(1, 15, 'u_power_times_v')"
        },
        "467": {
          "exponent": 171,
          "mechanism": "c",
          "trajectory": "(1, 2, 'u_power_times_v')"
        },
        "47": {
          "exponent": 150,
          "mechanism": "w",
          "trajectory": "(1, 0, 'u_power_times_v')"
        },
        "479": {
          "exponent": 401,
          "mechanism": "c",
          "trajectory": "(1, 0, 'u_times_v_power')"
        },
        "4938301": {
          "exponent": 234,
          "mechanism": "c",
          "trajectory": "(1, 15, 'u_power_times_v')"
        },
        "499": {
          "exponent": 391,
          "mechanism": "w",
          "trajectory": "(1, 0, 'u_power_times_v')"
        },
        "5": {
          "exponent": 44,
          "mechanism": "c",
          "trajectory": "(1, 0, 'u_power_times_v')"
        },
        "503": {
          "exponent": 769,
          "mechanism": "w",
          "trajectory": "(1, 5, 'u_power_times_v')"
        },
        "50849": {
          "exponent": 747,
          "mechanism": "c",
          "trajectory": "(1, 25, 'u_power_times_v')"
        },
        "509": {
          "exponent": 204,
          "mechanism": "c",
          "trajectory": "(1, 15, 'u_times_v_power')"
        },
        "520357": {
          "exponent": 175,
          "mechanism": "c",
          "trajectory": "(1, 15, 'u_power_times_v')"
        },
        "521": {
          "exponent": 144,
          "mechanism": "w",
          "trajectory": "(1, 11, 'u_power_times_v')"
        },
        "523": {
          "exponent": 494,
          "mechanism": "c",
          "trajectory": "(1, 0, 'u_power_times_v')"
        },
        "53": {
          "exponent": 219,
          "mechanism": "w",
          "trajectory": "(1, 0, 'u_power_times_v')"
        },
        "53201": {
          "exponent": 350,
          "mechanism": "w",
          "trajectory": "(1, 5, 'u_power_times_v')"
        },
        "557": {
          "exponent": 673,
          "mechanism": "c",
          "trajectory": "(1, 5, 'u_power_times_v')"
        },
        "559781": {
          "exponent": 618,
          "mechanism": "c",
          "trajectory": "(1, 12, 'u_power_times_v')"
        },
        "571": {
          "exponent": 356,
          "mechanism": "c",
          "trajectory": "(1, 0, 'u_power_times_v')"
        },
        "587": {
          "exponent": 600,
          "mechanism": "c",
          "trajectory": "(1, 0, 'u_power_times_v')"
        },
        "59": {
          "exponent": 366,
          "mechanism": "w",
          "trajectory": "(1, 0, 'u_power_times_v')"
        },
        "593": {
          "exponent": 33,
          "mechanism": "c",
          "trajectory": "(1, 0, 'u_times_v_power')"
        },
        "5981": {
          "exponent": 69,
          "mechanism": "c",
          "trajectory": "(1, 15, 'u_power_times_v')"
        },
        "61": {
          "exponent": 62,
          "mechanism": "c",
          "trajectory": "(1, 0, 'u_power_times_v')"
        },
        "611837": {
          "exponent": 151,
          "mechanism": "c",
          "trajectory": "(1, 12, 'u_power_times_v')"
        },
        "613": {
          "exponent": 108,
          "mechanism": "w",
          "trajectory": "(1, 2, 'u_power_times_v')"
        },
        "619": {
          "exponent": 225,
          "mechanism": "w",
          "trajectory": "(1, 2, 'u_power_times_v')"
        },
        "6217": {
          "exponent": 471,
          "mechanism": "c",
          "trajectory": "(1, 0, 'u_power_times_v')"
        },
        "6269": {
          "exponent": 327,
          "mechanism": "w",
          "trajectory": "(1, 15, 'u_times_v_power')"
        },
        "6277": {
          "exponent": 583,
          "mechanism": "w",
          "trajectory": "(1, 2, 'u_power_times_v')"
        },
        "6361": {
          "exponent": 33,
          "mechanism": "w",
          "trajectory": "(1, 15, 'u_power_times_v')"
        },
        "6415979": {
          "exponent": 687,
          "mechanism": "w",
          "trajectory": "(1, 15, 'u_power_times_v')"
        },
        "647": {
          "exponent": 366,
          "mechanism": "w",
          "trajectory": "(1, 0, 'u_power_times_v')"
        },
        "653": {
          "exponent": 49,
          "mechanism": "c",
          "trajectory": "(1, 0, 'u_power_times_v')"
        },
        "6689": {
          "exponent": 697,
          "mechanism": "c",
          "trajectory": "(1, 15, 'u_times_v_power')"
        },
        "67": {
          "exponent": 97,
          "mechanism": "w",
          "trajectory": "(1, 0, 'u_power_times_v')"
        },
        "6829": {
          "exponent": 699,
          "mechanism": "w",
          "trajectory": "(1, 15, 'u_power_times_v')"
        },
        "7": {
          "exponent": 39,
          "mechanism": "c",
          "trajectory": "(1, 0, 'u_power_times_v')"
        },
        "71": {
          "exponent": 263,
          "mechanism": "c",
          "trajectory": "(1, 0, 'u_power_times_v')"
        },
        "719": {
          "exponent": 553,
          "mechanism": "w",
          "trajectory": "(1, 0, 'u_times_v_power')"
        },
        "727": {
          "exponent": 559,
          "mechanism": "w",
          "trajectory": "(1, 25, 'u_power_times_v')"
        },
        "73": {
          "exponent": 109,
          "mechanism": "c",
          "trajectory": "(1, 0, 'u_power_times_v')"
        },
        "739": {
          "exponent": 777,
          "mechanism": "w",
          "trajectory": "(1, 0, 'u_power_times_v')"
        },
        "7561": {
          "exponent": 231,
          "mechanism": "c",
          "trajectory": "(1, 0, 'u_power_times_v')"
        },
        "761": {
          "exponent": 502,
          "mechanism": "w",
          "trajectory": "(1, 5, 'u_times_v_power')"
        },
        "7817": {
          "exponent": 228,
          "mechanism": "c",
          "trajectory": "(1, 0, 'u_times_v_power')"
        },
        "787": {
          "exponent": 19,
          "mechanism": "w",
          "trajectory": "(1, 0, 'u_times_v_power')"
        },
        "79": {
          "exponent": 204,
          "mechanism": "c",
          "trajectory": "(1, 0, 'u_power_times_v')"
        },
        "797": {
          "exponent": 532,
          "mechanism": "c",
          "trajectory": "(1, 2, 'u_power_times_v')"
        },
        "811": {
          "exponent": 662,
          "mechanism": "w",
          "trajectory": "(1, 0, 'u_times_v_power')"
        },
        "816223": {
          "exponent": 694,
          "mechanism": "w",
          "trajectory": "(1, 12, 'u_power_times_v')"
        },
        "81853": {
          "exponent": 330,
          "mechanism": "c",
          "trajectory": "(1, 12, 'u_power_times_v')"
        },
        "827": {
          "exponent": 588,
          "mechanism": "w",
          "trajectory": "(1, 5, 'u_times_v_power')"
        },
        "829": {
          "exponent": 729,
          "mechanism": "w",
          "trajectory": "(1, 0, 'u_power_times_v')"
        },
        "83": {
          "exponent": 360,
          "mechanism": "c",
          "trajectory": "(1, 0, 'u_power_times_v')"
        },
        "8329": {
          "exponent": 537,
          "mechanism": "w",
          "trajectory": "(1, 12, 'u_times_v_power')"
        },
        "83791": {
          "exponent": 554,
          "mechanism": "c",
          "trajectory": "(1, 25, 'u_power_times_v')"
        },
        "8527": {
          "exponent": 38,
          "mechanism": "w",
          "trajectory": "(1, 12, 'u_times_v_power')"
        },
        "85601": {
          "exponent": 558,
          "mechanism": "w",
          "trajectory": "(1, 15, 'u_times_v_power')"
        },
        "857": {
          "exponent": 648,
          "mechanism": "c",
          "trajectory": "(1, 0, 'u_times_v_power')"
        },
        "8573": {
          "exponent": 69,
          "mechanism": "c",
          "trajectory": "(1, 15, 'u_power_times_v')"
        },
        "859": {
          "exponent": 318,
          "mechanism": "c",
          "trajectory": "(1, 12, 'u_times_v_power')"
        },
        "8713": {
          "exponent": 479,
          "mechanism": "w",
          "trajectory": "(1, 11, 'u_power_times_v')"
        },
        "87583": {
          "exponent": 659,
          "mechanism": "w",
          "trajectory": "(1, 0, 'u_times_v_power')"
        },
        "89": {
          "exponent": 108,
          "mechanism": "w",
          "trajectory": "(1, 0, 'u_power_times_v')"
        },
        "9505619": {
          "exponent": 401,
          "mechanism": "c",
          "trajectory": "(1, 15, 'u_power_times_v')"
        },
        "953": {
          "exponent": 366,
          "mechanism": "w",
          "trajectory": "(1, 0, 'u_power_times_v')"
        },
        "96149": {
          "exponent": 477,
          "mechanism": "c",
          "trajectory": "(1, 15, 'u_power_times_v')"
        },
        "967": {
          "exponent": 337,
          "mechanism": "c",
          "trajectory": "(1, 5, 'u_power_times_v')"
        },
        "97": {
          "exponent": 77,
          "mechanism": "c",
          "trajectory": "(1, 0, 'u_power_times_v')"
        },
        "983": {
          "exponent": 97,
          "mechanism": "w",
          "trajectory": "(1, 0, 'u_power_times_v')"
        }
      }
    },
    "odd_prime_only": {
      "category_stats": {
        "all": {
          "components": [
            166
          ],
          "nullity": 1,
          "rank": 165,
          "rows": 229
        },
        "carry_connected": {
          "components": [
            5,
            5,
            4,
            4,
            4,
            4,
            3,
            3,
            3,
            3,
            2,
            2,
            2,
            2,
            2,
            2,
            2,
            2,
            2,
            2,
            2,
            2,
            2,
            2,
            2,
            2,
            2,
            2,
            2,
            1,
            1,
            1,
            1,
            1,
            1,
            1,
            1,
            1,
            1,
            1,
            1,
            1,
            1,
            1,
            1,
            1,
            1,
            1,
            1,
            1,
            1,
            1,
            1,
            1,
            1,
            1,
            1,
            1,
            1,
            1,
            1,
            1,
            1,
            1,
            1,
            1,
            1,
            1,
            1,
            1,
            1,
            1,
            1,
            1,
            1,
            1,
            1,
            1,
            1,
            1,
            1,
            1,
            1,
            1,
            1,
            1,
            1,
            1,
            1,
            1,
            1,
            1,
            1,
            1,
            1,
            1,
            1,
            1,
            1,
            1,
            1,
            1,
            1,
            1,
            1,
            1,
            1,
            1,
            1,
            1,
            1,
            1,
            1,
            1,
            1,
            1,
            1,
            1,
            1
          ],
          "nullity": 119,
          "rank": 47,
          "rows": 50
        },
        "cross_trajectory": {
          "components": [
            166
          ],
          "nullity": 4,
          "rank": 162,
          "rows": 174
        },
        "has_carry_edge": {
          "components": [
            162,
            2,
            1,
            1
          ],
          "nullity": 96,
          "rank": 70,
          "rows": 73
        },
        "large_above_n_squared": {
          "components": [
            51,
            32,
            17,
            10,
            7,
            7,
            4,
            3,
            3,
            3,
            3,
            3,
            2,
            2,
            2,
            2,
            2,
            2,
            1,
            1,
            1,
            1,
            1,
            1,
            1,
            1,
            1,
            1,
            1
          ],
          "nullity": 34,
          "rank": 132,
          "rows": 135
        },
        "large_cross_trajectory": {
          "components": [
            25,
            10,
            9,
            9,
            9,
            8,
            7,
            4,
            4,
            3,
            3,
            2,
            2,
            2,
            2,
            2,
            2,
            2,
            2,
            2,
            1,
            1,
            1,
            1,
            1,
            1,
            1,
            1,
            1,
            1,
            1,
            1,
            1,
            1,
            1,
            1,
            1,
            1,
            1,
            1,
            1,
            1,
            1,
            1,
            1,
            1,
            1,
            1,
            1,
            1,
            1,
            1,
            1,
            1,
            1,
            1,
            1,
            1,
            1,
            1,
            1,
            1,
            1,
            1,
            1,
            1,
            1,
            1,
            1,
            1,
            1,
            1,
            1,
            1,
            1,
            1,
            1
          ],
          "nullity": 82,
          "rank": 84,
          "rows": 84
        },
        "no_carry_edge": {
          "components": [
            148,
            1,
            1,
            1,
            1,
            1,
            1,
            1,
            1,
            1,
            1,
            1,
            1,
            1,
            1,
            1,
            1,
            1,
            1
          ],
          "nullity": 21,
          "rank": 145,
          "rows": 156
        },
        "one_trajectory": {
          "components": [
            7,
            5,
            4,
            4,
            4,
            4,
            3,
            3,
            3,
            3,
            3,
            2,
            2,
            2,
            2,
            2,
            2,
            2,
            2,
            2,
            2,
            2,
            2,
            2,
            2,
            2,
            2,
            2,
            2,
            2,
            2,
            1,
            1,
            1,
            1,
            1,
            1,
            1,
            1,
            1,
            1,
            1,
            1,
            1,
            1,
            1,
            1,
            1,
            1,
            1,
            1,
            1,
            1,
            1,
            1,
            1,
            1,
            1,
            1,
            1,
            1,
            1,
            1,
            1,
            1,
            1,
            1,
            1,
            1,
            1,
            1,
            1,
            1,
            1,
            1,
            1,
            1,
            1,
            1,
            1,
            1,
            1,
            1,
            1,
            1,
            1,
            1,
            1,
            1,
            1,
            1,
            1,
            1,
            1,
            1,
            1,
            1,
            1,
            1,
            1,
            1,
            1,
            1,
            1,
            1,
            1,
            1,
            1,
            1,
            1,
            1,
            1,
            1,
            1
          ],
          "nullity": 114,
          "rank": 52,
          "rows": 55
        },
        "small_at_most_n_squared": {
          "components": [
            166
          ],
          "nullity": 72,
          "rank": 94,
          "rows": 94
        }
      },
      "components": [
        166
      ],
      "nullity": 1,
      "prime_2_class": {
        "has_carry_edge": true,
        "trajectory_count": 8
      },
      "prime_2_degree": 80,
      "rank": 165,
      "rows": 229
    },
    "prime_specific_mixed_endpoint_closure": {
      "category_stats": {
        "all": {
          "components": [
            166
          ],
          "nullity": 1,
          "rank": 165,
          "rows": 230
        },
        "carry_connected": {
          "components": [
            5,
            5,
            4,
            4,
            4,
            4,
            3,
            3,
            3,
            3,
            2,
            2,
            2,
            2,
            2,
            2,
            2,
            2,
            2,
            2,
            2,
            2,
            2,
            2,
            2,
            2,
            2,
            2,
            2,
            1,
            1,
            1,
            1,
            1,
            1,
            1,
            1,
            1,
            1,
            1,
            1,
            1,
            1,
            1,
            1,
            1,
            1,
            1,
            1,
            1,
            1,
            1,
            1,
            1,
            1,
            1,
            1,
            1,
            1,
            1,
            1,
            1,
            1,
            1,
            1,
            1,
            1,
            1,
            1,
            1,
            1,
            1,
            1,
            1,
            1,
            1,
            1,
            1,
            1,
            1,
            1,
            1,
            1,
            1,
            1,
            1,
            1,
            1,
            1,
            1,
            1,
            1,
            1,
            1,
            1,
            1,
            1,
            1,
            1,
            1,
            1,
            1,
            1,
            1,
            1,
            1,
            1,
            1,
            1,
            1,
            1,
            1,
            1,
            1,
            1,
            1,
            1,
            1,
            1
          ],
          "nullity": 119,
          "rank": 47,
          "rows": 50
        },
        "cross_trajectory": {
          "components": [
            166
          ],
          "nullity": 3,
          "rank": 163,
          "rows": 175
        },
        "has_carry_edge": {
          "components": [
            163,
            2,
            1
          ],
          "nullity": 94,
          "rank": 72,
          "rows": 75
        },
        "large_above_n_squared": {
          "components": [
            51,
            32,
            17,
            10,
            7,
            7,
            4,
            3,
            3,
            3,
            3,
            3,
            2,
            2,
            2,
            2,
            2,
            2,
            1,
            1,
            1,
            1,
            1,
            1,
            1,
            1,
            1,
            1,
            1
          ],
          "nullity": 34,
          "rank": 132,
          "rows": 135
        },
        "large_cross_trajectory": {
          "components": [
            25,
            10,
            9,
            9,
            9,
            8,
            7,
            4,
            4,
            3,
            3,
            2,
            2,
            2,
            2,
            2,
            2,
            2,
            2,
            2,
            1,
            1,
            1,
            1,
            1,
            1,
            1,
            1,
            1,
            1,
            1,
            1,
            1,
            1,
            1,
            1,
            1,
            1,
            1,
            1,
            1,
            1,
            1,
            1,
            1,
            1,
            1,
            1,
            1,
            1,
            1,
            1,
            1,
            1,
            1,
            1,
            1,
            1,
            1,
            1,
            1,
            1,
            1,
            1,
            1,
            1,
            1,
            1,
            1,
            1,
            1,
            1,
            1,
            1,
            1,
            1,
            1
          ],
          "nullity": 82,
          "rank": 84,
          "rows": 84
        },
        "no_carry_edge": {
          "components": [
            146,
            1,
            1,
            1,
            1,
            1,
            1,
            1,
            1,
            1,
            1,
            1,
            1,
            1,
            1,
            1,
            1,
            1,
            1,
            1,
            1
          ],
          "nullity": 22,
          "rank": 144,
          "rows": 155
        },
        "one_trajectory": {
          "components": [
            7,
            5,
            4,
            4,
            4,
            4,
            3,
            3,
            3,
            3,
            3,
            2,
            2,
            2,
            2,
            2,
            2,
            2,
            2,
            2,
            2,
            2,
            2,
            2,
            2,
            2,
            2,
            2,
            2,
            2,
            2,
            1,
            1,
            1,
            1,
            1,
            1,
            1,
            1,
            1,
            1,
            1,
            1,
            1,
            1,
            1,
            1,
            1,
            1,
            1,
            1,
            1,
            1,
            1,
            1,
            1,
            1,
            1,
            1,
            1,
            1,
            1,
            1,
            1,
            1,
            1,
            1,
            1,
            1,
            1,
            1,
            1,
            1,
            1,
            1,
            1,
            1,
            1,
            1,
            1,
            1,
            1,
            1,
            1,
            1,
            1,
            1,
            1,
            1,
            1,
            1,
            1,
            1,
            1,
            1,
            1,
            1,
            1,
            1,
            1,
            1,
            1,
            1,
            1,
            1,
            1,
            1,
            1,
            1,
            1,
            1,
            1,
            1,
            1
          ],
          "nullity": 114,
          "rank": 52,
          "rows": 55
        },
        "small_at_most_n_squared": {
          "components": [
            166
          ],
          "nullity": 71,
          "rank": 95,
          "rows": 95
        }
      },
      "distinct_selected_pairs": 54,
      "examples": [
        {
          "intermediate_endpoint_divisibility": {
            "687": {
              "c_divisible": true,
              "w_divisible": true
            }
          },
          "left_column": 120,
          "left_exponent": 686,
          "mechanisms": [
            "c",
            "w"
          ],
          "prime": 3,
          "right_column": 122,
          "right_exponent": 688,
          "steps": [
            {
              "c_link": true,
              "exponent": 686,
              "shared_c": 58266402,
              "shared_w": null,
              "w_link": false
            },
            {
              "c_link": false,
              "exponent": 687,
              "shared_c": null,
              "shared_w": 96239685,
              "w_link": true
            }
          ],
          "trajectory": "(1, 15, 'u_power_times_v')"
        },
        {
          "intermediate_endpoint_divisibility": {
            "658": {
              "c_divisible": false,
              "w_divisible": true
            },
            "659": {
              "c_divisible": true,
              "w_divisible": true
            },
            "660": {
              "c_divisible": true,
              "w_divisible": false
            },
            "661": {
              "c_divisible": true,
              "w_divisible": false
            },
            "662": {
              "c_divisible": true,
              "w_divisible": true
            }
          },
          "left_column": 155,
          "left_exponent": 657,
          "mechanisms": [
            "w",
            "w",
            "c",
            "c",
            "c",
            "w"
          ],
          "prime": 3,
          "right_column": 158,
          "right_exponent": 663,
          "steps": [
            {
              "c_link": false,
              "exponent": 657,
              "shared_c": null,
              "shared_w": 29953386,
              "w_link": true
            },
            {
              "c_link": false,
              "exponent": 658,
              "shared_c": null,
              "shared_w": 9984462,
              "w_link": true
            },
            {
              "c_link": true,
              "exponent": 659,
              "shared_c": 6667248,
              "shared_w": null,
              "w_link": false
            },
            {
              "c_link": true,
              "exponent": 660,
              "shared_c": 20001744,
              "shared_w": null,
              "w_link": false
            },
            {
              "c_link": true,
              "exponent": 661,
              "shared_c": 60005232,
              "shared_w": null,
              "w_link": false
            },
            {
              "c_link": false,
              "exponent": 662,
              "shared_c": null,
              "shared_w": 37630137,
              "w_link": true
            }
          ],
          "trajectory": "(1, 25, 'u_power_times_v')"
        },
        {
          "intermediate_endpoint_divisibility": {
            "694": {
              "c_divisible": true,
              "w_divisible": true
            },
            "695": {
              "c_divisible": false,
              "w_divisible": true
            }
          },
          "left_column": 73,
          "left_exponent": 693,
          "mechanisms": [
            "c",
            "w",
            "w"
          ],
          "prime": 17,
          "right_column": 75,
          "right_exponent": 696,
          "steps": [
            {
              "c_link": true,
              "exponent": 693,
              "shared_c": 96703888,
              "shared_w": null,
              "w_link": false
            },
            {
              "c_link": false,
              "exponent": 694,
              "shared_c": null,
              "shared_w": 83254746,
              "w_link": true
            },
            {
              "c_link": false,
              "exponent": 695,
              "shared_c": null,
              "shared_w": 41627373,
              "w_link": true
            }
          ],
          "trajectory": "(1, 12, 'u_power_times_v')"
        }
      ],
      "new_labeled_edges_beyond_candidate": 3,
      "new_rows_beyond_candidate": [
        17
      ],
      "touched_rows": 75
    },
    "provenance_variants": {
      "candidate_cross_bucket_rows": 175,
      "candidate_only_cross_primes": [
        1451
      ],
      "seed_prime_details": {
        "11": {
          "candidate_bucket_count": 9,
          "feedback_oriented_trajectories": [
            "(1, 11, 'u_power_times_v')",
            "(1, 12, 'u_power_times_v')",
            "(1, 12, 'u_times_v_power')",
            "(1, 15, 'u_power_times_v')",
            "(1, 15, 'u_times_v_power')",
            "(1, 25, 'u_power_times_v')",
            "(1, 25, 'u_times_v_power')",
            "(1, 9, 'u_power_times_v')"
          ],
          "feedback_oriented_trajectory_count": 8,
          "support_columns_zero_based": [
            0,
            4,
            12,
            14,
            21,
            24,
            27,
            31,
            44,
            53,
            59,
            75,
            76,
            77,
            78,
            79,
            86,
            89,
            90,
            92,
            106,
            107,
            112,
            114,
            116,
            123,
            139,
            141,
            144,
            147,
            154,
            161,
            162,
            163
          ]
        },
        "1451": {
          "candidate_bucket_count": 2,
          "feedback_oriented_trajectories": [
            "(1, 25, 'u_times_v_power')"
          ],
          "feedback_oriented_trajectory_count": 1,
          "support_columns_zero_based": [
            0,
            148
          ]
        },
        "41": {
          "candidate_bucket_count": 7,
          "feedback_oriented_trajectories": [
            "(1, 11, 'u_power_times_v')",
            "(1, 12, 'u_power_times_v')",
            "(1, 12, 'u_times_v_power')",
            "(1, 15, 'u_power_times_v')",
            "(1, 25, 'u_power_times_v')",
            "(1, 25, 'u_times_v_power')"
          ],
          "feedback_oriented_trajectory_count": 6,
          "support_columns_zero_based": [
            0,
            17,
            46,
            63,
            72,
            129,
            136,
            154
          ]
        },
        "619": {
          "candidate_bucket_count": 4,
          "feedback_oriented_trajectories": [
            "(1, 15, 'u_power_times_v')",
            "(1, 15, 'u_times_v_power')",
            "(1, 9, 'u_power_times_v')"
          ],
          "feedback_oriented_trajectory_count": 3,
          "support_columns_zero_based": [
            0,
            12,
            101,
            116
          ]
        }
      },
      "strict_cross_row_stats": {
        "components": [
          166
        ],
        "nullity": 3,
        "rank": 163,
        "rows": 174
      },
      "strict_large_cross_row_stats": {
        "components": [
          25,
          9,
          9,
          9,
          9,
          8,
          7,
          4,
          4,
          3,
          3,
          2,
          2,
          2,
          2,
          2,
          2,
          2,
          2,
          2,
          1,
          1,
          1,
          1,
          1,
          1,
          1,
          1,
          1,
          1,
          1,
          1,
          1,
          1,
          1,
          1,
          1,
          1,
          1,
          1,
          1,
          1,
          1,
          1,
          1,
          1,
          1,
          1,
          1,
          1,
          1,
          1,
          1,
          1,
          1,
          1,
          1,
          1,
          1,
          1,
          1,
          1,
          1,
          1,
          1,
          1,
          1,
          1,
          1,
          1,
          1,
          1,
          1,
          1,
          1,
          1,
          1,
          1
        ],
        "nullity": 83,
        "rank": 83,
        "rows": 83
      },
      "strict_multiple_feedback_oriented_trajectory_rows": 174,
      "strict_odd_cross_row_stats": {
        "components": [
          166
        ],
        "nullity": 4,
        "rank": 162,
        "rows": 173
      }
    },
    "pure_adjacent_selected_edge_graph": {
      "components": [
        4,
        3,
        3,
        2,
        2,
        2,
        2,
        2,
        2,
        2,
        2,
        2,
        2,
        2,
        2,
        2,
        2,
        2,
        2,
        2,
        2,
        2,
        2,
        2,
        2,
        2,
        1,
        1,
        1,
        1,
        1,
        1,
        1,
        1,
        1,
        1,
        1,
        1,
        1,
        1,
        1,
        1,
        1,
        1,
        1,
        1,
        1,
        1,
        1,
        1,
        1,
        1,
        1,
        1,
        1,
        1,
        1,
        1,
        1,
        1,
        1,
        1,
        1,
        1,
        1,
        1,
        1,
        1,
        1,
        1,
        1,
        1,
        1,
        1,
        1,
        1,
        1,
        1,
        1,
        1,
        1,
        1,
        1,
        1,
        1,
        1,
        1,
        1,
        1,
        1,
        1,
        1,
        1,
        1,
        1,
        1,
        1,
        1,
        1,
        1,
        1,
        1,
        1,
        1,
        1,
        1,
        1,
        1,
        1,
        1,
        1,
        1,
        1,
        1,
        1,
        1,
        1,
        1,
        1,
        1,
        1,
        1,
        1,
        1,
        1,
        1,
        1,
        1,
        1,
        1,
        1,
        1,
        1,
        1,
        1,
        1
      ],
      "distinct_selected_pairs": 30,
      "rank_of_two_column_edge_vectors": 30
    },
    "pure_carry_edge_graph": {
      "components": [
        5,
        5,
        5,
        4,
        4,
        4,
        4,
        3,
        3,
        3,
        2,
        2,
        2,
        2,
        2,
        2,
        2,
        2,
        2,
        2,
        2,
        2,
        2,
        2,
        2,
        2,
        2,
        2,
        2,
        2,
        1,
        1,
        1,
        1,
        1,
        1,
        1,
        1,
        1,
        1,
        1,
        1,
        1,
        1,
        1,
        1,
        1,
        1,
        1,
        1,
        1,
        1,
        1,
        1,
        1,
        1,
        1,
        1,
        1,
        1,
        1,
        1,
        1,
        1,
        1,
        1,
        1,
        1,
        1,
        1,
        1,
        1,
        1,
        1,
        1,
        1,
        1,
        1,
        1,
        1,
        1,
        1,
        1,
        1,
        1,
        1,
        1,
        1,
        1,
        1,
        1,
        1,
        1,
        1,
        1,
        1,
        1,
        1,
        1,
        1,
        1,
        1,
        1,
        1,
        1,
        1,
        1,
        1,
        1,
        1,
        1,
        1,
        1,
        1,
        1,
        1
      ],
      "distinct_selected_pairs": 51,
      "labeled_prime_edges": 109,
      "rank_of_two_column_edge_vectors": 50
    },
    "rank_marginals": {
      "carry_touched_marginal_over_no_carry": 20,
      "carry_touched_subspace_rank": 71,
      "no_carry_marginal_over_carry_touched": 94,
      "no_carry_subspace_rank": 145,
      "subspace_intersection_dimension": 51
    },
    "row_classification": {
      "1009": {
        "candidate_provenance_bucket_count": 2,
        "degree": 2,
        "feedback_oriented_trajectory_count": 2,
        "mixed_endpoint_path_edges": [],
        "odd_prime": true,
        "raw_round_one_carry_exposed": true,
        "size_class": "large",
        "support_columns_zero_based": [
          37,
          52
        ],
        "uniform_chain_connected": false,
        "uniform_chain_edges": []
      },
      "101": {
        "candidate_provenance_bucket_count": 5,
        "degree": 6,
        "feedback_oriented_trajectory_count": 5,
        "mixed_endpoint_path_edges": [],
        "odd_prime": true,
        "raw_round_one_carry_exposed": true,
        "size_class": "small",
        "support_columns_zero_based": [
          15,
          18,
          37,
          42,
          77,
          137
        ],
        "uniform_chain_connected": false,
        "uniform_chain_edges": []
      },
      "1021": {
        "candidate_provenance_bucket_count": 2,
        "degree": 2,
        "feedback_oriented_trajectory_count": 2,
        "mixed_endpoint_path_edges": [],
        "odd_prime": true,
        "raw_round_one_carry_exposed": true,
        "size_class": "large",
        "support_columns_zero_based": [
          86,
          104
        ],
        "uniform_chain_connected": false,
        "uniform_chain_edges": []
      },
      "103": {
        "candidate_provenance_bucket_count": 6,
        "degree": 8,
        "feedback_oriented_trajectory_count": 6,
        "mixed_endpoint_path_edges": [],
        "odd_prime": true,
        "raw_round_one_carry_exposed": true,
        "size_class": "small",
        "support_columns_zero_based": [
          25,
          40,
          47,
          79,
          85,
          99,
          115,
          144
        ],
        "uniform_chain_connected": false,
        "uniform_chain_edges": []
      },
      "104527": {
        "candidate_provenance_bucket_count": 1,
        "degree": 2,
        "feedback_oriented_trajectory_count": 1,
        "mixed_endpoint_path_edges": [
          [
            36,
            37
          ]
        ],
        "odd_prime": true,
        "raw_round_one_carry_exposed": true,
        "size_class": "large",
        "support_columns_zero_based": [
          36,
          37
        ],
        "uniform_chain_connected": true,
        "uniform_chain_edges": [
          [
            36,
            37
          ]
        ]
      },
      "107": {
        "candidate_provenance_bucket_count": 4,
        "degree": 6,
        "feedback_oriented_trajectory_count": 4,
        "mixed_endpoint_path_edges": [
          [
            77,
            78
          ]
        ],
        "odd_prime": true,
        "raw_round_one_carry_exposed": true,
        "size_class": "small",
        "support_columns_zero_based": [
          3,
          39,
          42,
          77,
          78,
          149
        ],
        "uniform_chain_connected": false,
        "uniform_chain_edges": [
          [
            77,
            78
          ]
        ]
      },
      "1087": {
        "candidate_provenance_bucket_count": 2,
        "degree": 2,
        "feedback_oriented_trajectory_count": 2,
        "mixed_endpoint_path_edges": [],
        "odd_prime": true,
        "raw_round_one_carry_exposed": true,
        "size_class": "large",
        "support_columns_zero_based": [
          18,
          71
        ],
        "uniform_chain_connected": false,
        "uniform_chain_edges": []
      },
      "109": {
        "candidate_provenance_bucket_count": 5,
        "degree": 8,
        "feedback_oriented_trajectory_count": 5,
        "mixed_endpoint_path_edges": [],
        "odd_prime": true,
        "raw_round_one_carry_exposed": true,
        "size_class": "small",
        "support_columns_zero_based": [
          51,
          57,
          76,
          79,
          105,
          129,
          144,
          162
        ],
        "uniform_chain_connected": false,
        "uniform_chain_edges": []
      },
      "10957": {
        "candidate_provenance_bucket_count": 2,
        "degree": 2,
        "feedback_oriented_trajectory_count": 2,
        "mixed_endpoint_path_edges": [],
        "odd_prime": true,
        "raw_round_one_carry_exposed": false,
        "size_class": "large",
        "support_columns_zero_based": [
          26,
          131
        ],
        "uniform_chain_connected": false,
        "uniform_chain_edges": []
      },
      "11": {
        "candidate_provenance_bucket_count": 9,
        "degree": 34,
        "feedback_oriented_trajectory_count": 8,
        "mixed_endpoint_path_edges": [
          [
            77,
            78
          ],
          [
            89,
            90
          ],
          [
            106,
            107
          ],
          [
            114,
            116
          ],
          [
            161,
            162
          ]
        ],
        "odd_prime": true,
        "raw_round_one_carry_exposed": true,
        "size_class": "small",
        "support_columns_zero_based": [
          0,
          4,
          12,
          14,
          21,
          24,
          27,
          31,
          44,
          53,
          59,
          75,
          76,
          77,
          78,
          79,
          86,
          89,
          90,
          92,
          106,
          107,
          112,
          114,
          116,
          123,
          139,
          141,
          144,
          147,
          154,
          161,
          162,
          163
        ],
        "uniform_chain_connected": false,
        "uniform_chain_edges": [
          [
            77,
            78
          ],
          [
            89,
            90
          ],
          [
            106,
            107
          ],
          [
            114,
            116
          ],
          [
            161,
            162
          ]
        ]
      },
      "1109": {
        "candidate_provenance_bucket_count": 2,
        "degree": 2,
        "feedback_oriented_trajectory_count": 2,
        "mixed_endpoint_path_edges": [],
        "odd_prime": true,
        "raw_round_one_carry_exposed": true,
        "size_class": "large",
        "support_columns_zero_based": [
          72,
          82
        ],
        "uniform_chain_connected": false,
        "uniform_chain_edges": []
      },
      "11251": {
        "candidate_provenance_bucket_count": 2,
        "degree": 2,
        "feedback_oriented_trajectory_count": 2,
        "mixed_endpoint_path_edges": [],
        "odd_prime": true,
        "raw_round_one_carry_exposed": false,
        "size_class": "large",
        "support_columns_zero_based": [
          8,
          146
        ],
        "uniform_chain_connected": false,
        "uniform_chain_edges": []
      },
      "1129": {
        "candidate_provenance_bucket_count": 2,
        "degree": 2,
        "feedback_oriented_trajectory_count": 2,
        "mixed_endpoint_path_edges": [],
        "odd_prime": true,
        "raw_round_one_carry_exposed": false,
        "size_class": "large",
        "support_columns_zero_based": [
          68,
          150
        ],
        "uniform_chain_connected": false,
        "uniform_chain_edges": []
      },
      "113": {
        "candidate_provenance_bucket_count": 3,
        "degree": 4,
        "feedback_oriented_trajectory_count": 3,
        "mixed_endpoint_path_edges": [],
        "odd_prime": true,
        "raw_round_one_carry_exposed": true,
        "size_class": "small",
        "support_columns_zero_based": [
          92,
          109,
          114,
          162
        ],
        "uniform_chain_connected": false,
        "uniform_chain_edges": []
      },
      "1137229": {
        "candidate_provenance_bucket_count": 1,
        "degree": 2,
        "feedback_oriented_trajectory_count": 1,
        "mixed_endpoint_path_edges": [
          [
            136,
            137
          ]
        ],
        "odd_prime": true,
        "raw_round_one_carry_exposed": true,
        "size_class": "large",
        "support_columns_zero_based": [
          136,
          137
        ],
        "uniform_chain_connected": true,
        "uniform_chain_edges": [
          [
            136,
            137
          ]
        ]
      },
      "1163": {
        "candidate_provenance_bucket_count": 2,
        "degree": 2,
        "feedback_oriented_trajectory_count": 2,
        "mixed_endpoint_path_edges": [],
        "odd_prime": true,
        "raw_round_one_carry_exposed": true,
        "size_class": "large",
        "support_columns_zero_based": [
          16,
          59
        ],
        "uniform_chain_connected": false,
        "uniform_chain_edges": []
      },
      "116507": {
        "candidate_provenance_bucket_count": 1,
        "degree": 2,
        "feedback_oriented_trajectory_count": 1,
        "mixed_endpoint_path_edges": [
          [
            129,
            130
          ]
        ],
        "odd_prime": true,
        "raw_round_one_carry_exposed": true,
        "size_class": "large",
        "support_columns_zero_based": [
          129,
          130
        ],
        "uniform_chain_connected": true,
        "uniform_chain_edges": [
          [
            129,
            130
          ]
        ]
      },
      "1181": {
        "candidate_provenance_bucket_count": 2,
        "degree": 2,
        "feedback_oriented_trajectory_count": 2,
        "mixed_endpoint_path_edges": [],
        "odd_prime": true,
        "raw_round_one_carry_exposed": true,
        "size_class": "large",
        "support_columns_zero_based": [
          13,
          136
        ],
        "uniform_chain_connected": false,
        "uniform_chain_edges": []
      },
      "12543379": {
        "candidate_provenance_bucket_count": 1,
        "degree": 2,
        "feedback_oriented_trajectory_count": 1,
        "mixed_endpoint_path_edges": [
          [
            157,
            158
          ]
        ],
        "odd_prime": true,
        "raw_round_one_carry_exposed": true,
        "size_class": "large",
        "support_columns_zero_based": [
          157,
          158
        ],
        "uniform_chain_connected": true,
        "uniform_chain_edges": [
          [
            157,
            158
          ]
        ]
      },
      "12547": {
        "candidate_provenance_bucket_count": 2,
        "degree": 2,
        "feedback_oriented_trajectory_count": 2,
        "mixed_endpoint_path_edges": [],
        "odd_prime": true,
        "raw_round_one_carry_exposed": false,
        "size_class": "large",
        "support_columns_zero_based": [
          22,
          160
        ],
        "uniform_chain_connected": false,
        "uniform_chain_edges": []
      },
      "127": {
        "candidate_provenance_bucket_count": 3,
        "degree": 4,
        "feedback_oriented_trajectory_count": 3,
        "mixed_endpoint_path_edges": [],
        "odd_prime": true,
        "raw_round_one_carry_exposed": true,
        "size_class": "small",
        "support_columns_zero_based": [
          36,
          72,
          87,
          123
        ],
        "uniform_chain_connected": false,
        "uniform_chain_edges": []
      },
      "1279": {
        "candidate_provenance_bucket_count": 2,
        "degree": 2,
        "feedback_oriented_trajectory_count": 2,
        "mixed_endpoint_path_edges": [],
        "odd_prime": true,
        "raw_round_one_carry_exposed": true,
        "size_class": "large",
        "support_columns_zero_based": [
          15,
          158
        ],
        "uniform_chain_connected": false,
        "uniform_chain_edges": []
      },
      "1283": {
        "candidate_provenance_bucket_count": 2,
        "degree": 2,
        "feedback_oriented_trajectory_count": 2,
        "mixed_endpoint_path_edges": [],
        "odd_prime": true,
        "raw_round_one_carry_exposed": false,
        "size_class": "large",
        "support_columns_zero_based": [
          68,
          111
        ],
        "uniform_chain_connected": false,
        "uniform_chain_edges": []
      },
      "1291": {
        "candidate_provenance_bucket_count": 2,
        "degree": 2,
        "feedback_oriented_trajectory_count": 2,
        "mixed_endpoint_path_edges": [],
        "odd_prime": true,
        "raw_round_one_carry_exposed": false,
        "size_class": "large",
        "support_columns_zero_based": [
          42,
          64
        ],
        "uniform_chain_connected": false,
        "uniform_chain_edges": []
      },
      "12917": {
        "candidate_provenance_bucket_count": 2,
        "degree": 2,
        "feedback_oriented_trajectory_count": 2,
        "mixed_endpoint_path_edges": [],
        "odd_prime": true,
        "raw_round_one_carry_exposed": false,
        "size_class": "large",
        "support_columns_zero_based": [
          38,
          128
        ],
        "uniform_chain_connected": false,
        "uniform_chain_edges": []
      },
      "13": {
        "candidate_provenance_bucket_count": 8,
        "degree": 32,
        "feedback_oriented_trajectory_count": 8,
        "mixed_endpoint_path_edges": [
          [
            27,
            28
          ],
          [
            38,
            39
          ],
          [
            49,
            50
          ],
          [
            93,
            94
          ],
          [
            109,
            110
          ],
          [
            126,
            127
          ],
          [
            133,
            134
          ]
        ],
        "odd_prime": true,
        "raw_round_one_carry_exposed": true,
        "size_class": "small",
        "support_columns_zero_based": [
          3,
          14,
          19,
          21,
          25,
          27,
          28,
          38,
          39,
          44,
          49,
          50,
          58,
          64,
          71,
          72,
          79,
          92,
          93,
          94,
          97,
          109,
          110,
          126,
          127,
          133,
          134,
          136,
          141,
          153,
          159,
          160
        ],
        "uniform_chain_connected": false,
        "uniform_chain_edges": [
          [
            27,
            28
          ],
          [
            38,
            39
          ],
          [
            49,
            50
          ],
          [
            93,
            94
          ],
          [
            109,
            110
          ],
          [
            126,
            127
          ],
          [
            133,
            134
          ]
        ]
      },
      "1307": {
        "candidate_provenance_bucket_count": 2,
        "degree": 2,
        "feedback_oriented_trajectory_count": 2,
        "mixed_endpoint_path_edges": [],
        "odd_prime": true,
        "raw_round_one_carry_exposed": true,
        "size_class": "large",
        "support_columns_zero_based": [
          25,
          147
        ],
        "uniform_chain_connected": false,
        "uniform_chain_edges": []
      },
      "131": {
        "candidate_provenance_bucket_count": 3,
        "degree": 4,
        "feedback_oriented_trajectory_count": 3,
        "mixed_endpoint_path_edges": [],
        "odd_prime": true,
        "raw_round_one_carry_exposed": true,
        "size_class": "small",
        "support_columns_zero_based": [
          11,
          123,
          136,
          161
        ],
        "uniform_chain_connected": false,
        "uniform_chain_edges": []
      },
      "1319": {
        "candidate_provenance_bucket_count": 2,
        "degree": 2,
        "feedback_oriented_trajectory_count": 2,
        "mixed_endpoint_path_edges": [],
        "odd_prime": true,
        "raw_round_one_carry_exposed": true,
        "size_class": "large",
        "support_columns_zero_based": [
          79,
          163
        ],
        "uniform_chain_connected": false,
        "uniform_chain_edges": []
      },
      "13697": {
        "candidate_provenance_bucket_count": 1,
        "degree": 2,
        "feedback_oriented_trajectory_count": 1,
        "mixed_endpoint_path_edges": [
          [
            102,
            103
          ]
        ],
        "odd_prime": true,
        "raw_round_one_carry_exposed": true,
        "size_class": "large",
        "support_columns_zero_based": [
          102,
          103
        ],
        "uniform_chain_connected": true,
        "uniform_chain_edges": [
          [
            102,
            103
          ]
        ]
      },
      "137": {
        "candidate_provenance_bucket_count": 3,
        "degree": 4,
        "feedback_oriented_trajectory_count": 3,
        "mixed_endpoint_path_edges": [],
        "odd_prime": true,
        "raw_round_one_carry_exposed": true,
        "size_class": "small",
        "support_columns_zero_based": [
          14,
          18,
          25,
          53
        ],
        "uniform_chain_connected": false,
        "uniform_chain_edges": []
      },
      "139": {
        "candidate_provenance_bucket_count": 2,
        "degree": 2,
        "feedback_oriented_trajectory_count": 2,
        "mixed_endpoint_path_edges": [],
        "odd_prime": true,
        "raw_round_one_carry_exposed": true,
        "size_class": "small",
        "support_columns_zero_based": [
          44,
          97
        ],
        "uniform_chain_connected": false,
        "uniform_chain_edges": []
      },
      "1427": {
        "candidate_provenance_bucket_count": 3,
        "degree": 4,
        "feedback_oriented_trajectory_count": 3,
        "mixed_endpoint_path_edges": [],
        "odd_prime": true,
        "raw_round_one_carry_exposed": true,
        "size_class": "large",
        "support_columns_zero_based": [
          47,
          81,
          99,
          132
        ],
        "uniform_chain_connected": false,
        "uniform_chain_edges": []
      },
      "1429": {
        "candidate_provenance_bucket_count": 2,
        "degree": 2,
        "feedback_oriented_trajectory_count": 2,
        "mixed_endpoint_path_edges": [],
        "odd_prime": true,
        "raw_round_one_carry_exposed": true,
        "size_class": "large",
        "support_columns_zero_based": [
          24,
          64
        ],
        "uniform_chain_connected": false,
        "uniform_chain_edges": []
      },
      "1451": {
        "candidate_provenance_bucket_count": 2,
        "degree": 2,
        "feedback_oriented_trajectory_count": 1,
        "mixed_endpoint_path_edges": [],
        "odd_prime": true,
        "raw_round_one_carry_exposed": true,
        "size_class": "large",
        "support_columns_zero_based": [
          0,
          148
        ],
        "uniform_chain_connected": false,
        "uniform_chain_edges": []
      },
      "1453": {
        "candidate_provenance_bucket_count": 2,
        "degree": 2,
        "feedback_oriented_trajectory_count": 2,
        "mixed_endpoint_path_edges": [],
        "odd_prime": true,
        "raw_round_one_carry_exposed": true,
        "size_class": "large",
        "support_columns_zero_based": [
          60,
          65
        ],
        "uniform_chain_connected": false,
        "uniform_chain_edges": []
      },
      "1459": {
        "candidate_provenance_bucket_count": 2,
        "degree": 2,
        "feedback_oriented_trajectory_count": 2,
        "mixed_endpoint_path_edges": [],
        "odd_prime": true,
        "raw_round_one_carry_exposed": true,
        "size_class": "large",
        "support_columns_zero_based": [
          42,
          101
        ],
        "uniform_chain_connected": false,
        "uniform_chain_edges": []
      },
      "1462763": {
        "candidate_provenance_bucket_count": 1,
        "degree": 2,
        "feedback_oriented_trajectory_count": 1,
        "mixed_endpoint_path_edges": [
          [
            50,
            51
          ]
        ],
        "odd_prime": true,
        "raw_round_one_carry_exposed": true,
        "size_class": "large",
        "support_columns_zero_based": [
          50,
          51
        ],
        "uniform_chain_connected": true,
        "uniform_chain_edges": [
          [
            50,
            51
          ]
        ]
      },
      "1483": {
        "candidate_provenance_bucket_count": 1,
        "degree": 2,
        "feedback_oriented_trajectory_count": 1,
        "mixed_endpoint_path_edges": [
          [
            106,
            107
          ]
        ],
        "odd_prime": true,
        "raw_round_one_carry_exposed": true,
        "size_class": "large",
        "support_columns_zero_based": [
          106,
          107
        ],
        "uniform_chain_connected": true,
        "uniform_chain_edges": [
          [
            106,
            107
          ]
        ]
      },
      "1487": {
        "candidate_provenance_bucket_count": 2,
        "degree": 2,
        "feedback_oriented_trajectory_count": 2,
        "mixed_endpoint_path_edges": [],
        "odd_prime": true,
        "raw_round_one_carry_exposed": true,
        "size_class": "large",
        "support_columns_zero_based": [
          16,
          99
        ],
        "uniform_chain_connected": false,
        "uniform_chain_edges": []
      },
      "14897": {
        "candidate_provenance_bucket_count": 2,
        "degree": 2,
        "feedback_oriented_trajectory_count": 2,
        "mixed_endpoint_path_edges": [],
        "odd_prime": true,
        "raw_round_one_carry_exposed": true,
        "size_class": "large",
        "support_columns_zero_based": [
          68,
          153
        ],
        "uniform_chain_connected": false,
        "uniform_chain_edges": []
      },
      "149": {
        "candidate_provenance_bucket_count": 3,
        "degree": 4,
        "feedback_oriented_trajectory_count": 3,
        "mixed_endpoint_path_edges": [],
        "odd_prime": true,
        "raw_round_one_carry_exposed": true,
        "size_class": "small",
        "support_columns_zero_based": [
          91,
          111,
          141,
          155
        ],
        "uniform_chain_connected": false,
        "uniform_chain_edges": []
      },
      "1493": {
        "candidate_provenance_bucket_count": 2,
        "degree": 2,
        "feedback_oriented_trajectory_count": 2,
        "mixed_endpoint_path_edges": [],
        "odd_prime": true,
        "raw_round_one_carry_exposed": false,
        "size_class": "large",
        "support_columns_zero_based": [
          10,
          112
        ],
        "uniform_chain_connected": false,
        "uniform_chain_edges": []
      },
      "1499": {
        "candidate_provenance_bucket_count": 2,
        "degree": 2,
        "feedback_oriented_trajectory_count": 2,
        "mixed_endpoint_path_edges": [],
        "odd_prime": true,
        "raw_round_one_carry_exposed": true,
        "size_class": "large",
        "support_columns_zero_based": [
          58,
          96
        ],
        "uniform_chain_connected": false,
        "uniform_chain_edges": []
      },
      "150497": {
        "candidate_provenance_bucket_count": 1,
        "degree": 2,
        "feedback_oriented_trajectory_count": 1,
        "mixed_endpoint_path_edges": [
          [
            54,
            55
          ]
        ],
        "odd_prime": true,
        "raw_round_one_carry_exposed": true,
        "size_class": "large",
        "support_columns_zero_based": [
          54,
          55
        ],
        "uniform_chain_connected": true,
        "uniform_chain_edges": [
          [
            54,
            55
          ]
        ]
      },
      "151": {
        "candidate_provenance_bucket_count": 4,
        "degree": 4,
        "feedback_oriented_trajectory_count": 4,
        "mixed_endpoint_path_edges": [],
        "odd_prime": true,
        "raw_round_one_carry_exposed": true,
        "size_class": "small",
        "support_columns_zero_based": [
          3,
          23,
          40,
          145
        ],
        "uniform_chain_connected": false,
        "uniform_chain_edges": []
      },
      "155609": {
        "candidate_provenance_bucket_count": 2,
        "degree": 2,
        "feedback_oriented_trajectory_count": 2,
        "mixed_endpoint_path_edges": [],
        "odd_prime": true,
        "raw_round_one_carry_exposed": false,
        "size_class": "large",
        "support_columns_zero_based": [
          24,
          69
        ],
        "uniform_chain_connected": false,
        "uniform_chain_edges": []
      },
      "157": {
        "candidate_provenance_bucket_count": 6,
        "degree": 8,
        "feedback_oriented_trajectory_count": 6,
        "mixed_endpoint_path_edges": [
          [
            106,
            107
          ]
        ],
        "odd_prime": true,
        "raw_round_one_carry_exposed": true,
        "size_class": "small",
        "support_columns_zero_based": [
          15,
          20,
          26,
          53,
          71,
          98,
          106,
          107
        ],
        "uniform_chain_connected": false,
        "uniform_chain_edges": [
          [
            106,
            107
          ]
        ]
      },
      "163": {
        "candidate_provenance_bucket_count": 6,
        "degree": 8,
        "feedback_oriented_trajectory_count": 6,
        "mixed_endpoint_path_edges": [
          [
            54,
            55
          ]
        ],
        "odd_prime": true,
        "raw_round_one_carry_exposed": true,
        "size_class": "small",
        "support_columns_zero_based": [
          17,
          22,
          44,
          54,
          55,
          100,
          110,
          144
        ],
        "uniform_chain_connected": false,
        "uniform_chain_edges": [
          [
            54,
            55
          ]
        ]
      },
      "1637": {
        "candidate_provenance_bucket_count": 2,
        "degree": 2,
        "feedback_oriented_trajectory_count": 2,
        "mixed_endpoint_path_edges": [],
        "odd_prime": true,
        "raw_round_one_carry_exposed": true,
        "size_class": "large",
        "support_columns_zero_based": [
          40,
          92
        ],
        "uniform_chain_connected": false,
        "uniform_chain_edges": []
      },
      "1657": {
        "candidate_provenance_bucket_count": 2,
        "degree": 2,
        "feedback_oriented_trajectory_count": 2,
        "mixed_endpoint_path_edges": [],
        "odd_prime": true,
        "raw_round_one_carry_exposed": true,
        "size_class": "large",
        "support_columns_zero_based": [
          59,
          160
        ],
        "uniform_chain_connected": false,
        "uniform_chain_edges": []
      },
      "1669": {
        "candidate_provenance_bucket_count": 2,
        "degree": 2,
        "feedback_oriented_trajectory_count": 2,
        "mixed_endpoint_path_edges": [],
        "odd_prime": true,
        "raw_round_one_carry_exposed": false,
        "size_class": "large",
        "support_columns_zero_based": [
          23,
          149
        ],
        "uniform_chain_connected": false,
        "uniform_chain_edges": []
      },
      "167": {
        "candidate_provenance_bucket_count": 2,
        "degree": 2,
        "feedback_oriented_trajectory_count": 2,
        "mixed_endpoint_path_edges": [],
        "odd_prime": true,
        "raw_round_one_carry_exposed": true,
        "size_class": "small",
        "support_columns_zero_based": [
          98,
          159
        ],
        "uniform_chain_connected": false,
        "uniform_chain_edges": []
      },
      "17": {
        "candidate_provenance_bucket_count": 7,
        "degree": 28,
        "feedback_oriented_trajectory_count": 7,
        "mixed_endpoint_path_edges": [
          [
            73,
            75
          ]
        ],
        "odd_prime": true,
        "raw_round_one_carry_exposed": true,
        "size_class": "small",
        "support_columns_zero_based": [
          5,
          13,
          14,
          29,
          37,
          40,
          47,
          52,
          73,
          75,
          77,
          80,
          94,
          97,
          100,
          104,
          111,
          117,
          123,
          124,
          127,
          133,
          142,
          145,
          147,
          148,
          163,
          165
        ],
        "uniform_chain_connected": false,
        "uniform_chain_edges": []
      },
      "173": {
        "candidate_provenance_bucket_count": 2,
        "degree": 4,
        "feedback_oriented_trajectory_count": 2,
        "mixed_endpoint_path_edges": [
          [
            36,
            37
          ]
        ],
        "odd_prime": true,
        "raw_round_one_carry_exposed": true,
        "size_class": "small",
        "support_columns_zero_based": [
          36,
          37,
          79,
          158
        ],
        "uniform_chain_connected": false,
        "uniform_chain_edges": [
          [
            36,
            37
          ]
        ]
      },
      "17683": {
        "candidate_provenance_bucket_count": 2,
        "degree": 2,
        "feedback_oriented_trajectory_count": 2,
        "mixed_endpoint_path_edges": [],
        "odd_prime": true,
        "raw_round_one_carry_exposed": true,
        "size_class": "large",
        "support_columns_zero_based": [
          52,
          103
        ],
        "uniform_chain_connected": false,
        "uniform_chain_edges": []
      },
      "1777": {
        "candidate_provenance_bucket_count": 2,
        "degree": 2,
        "feedback_oriented_trajectory_count": 2,
        "mixed_endpoint_path_edges": [],
        "odd_prime": true,
        "raw_round_one_carry_exposed": true,
        "size_class": "large",
        "support_columns_zero_based": [
          44,
          134
        ],
        "uniform_chain_connected": false,
        "uniform_chain_edges": []
      },
      "179": {
        "candidate_provenance_bucket_count": 4,
        "degree": 6,
        "feedback_oriented_trajectory_count": 4,
        "mixed_endpoint_path_edges": [],
        "odd_prime": true,
        "raw_round_one_carry_exposed": true,
        "size_class": "small",
        "support_columns_zero_based": [
          40,
          61,
          85,
          119,
          152,
          165
        ],
        "uniform_chain_connected": false,
        "uniform_chain_edges": []
      },
      "181061": {
        "candidate_provenance_bucket_count": 1,
        "degree": 2,
        "feedback_oriented_trajectory_count": 1,
        "mixed_endpoint_path_edges": [
          [
            87,
            88
          ]
        ],
        "odd_prime": true,
        "raw_round_one_carry_exposed": true,
        "size_class": "large",
        "support_columns_zero_based": [
          87,
          88
        ],
        "uniform_chain_connected": true,
        "uniform_chain_edges": [
          [
            87,
            88
          ]
        ]
      },
      "1827779": {
        "candidate_provenance_bucket_count": 1,
        "degree": 2,
        "feedback_oriented_trajectory_count": 1,
        "mixed_endpoint_path_edges": [
          [
            90,
            91
          ]
        ],
        "odd_prime": true,
        "raw_round_one_carry_exposed": true,
        "size_class": "large",
        "support_columns_zero_based": [
          90,
          91
        ],
        "uniform_chain_connected": true,
        "uniform_chain_edges": [
          [
            90,
            91
          ]
        ]
      },
      "1847": {
        "candidate_provenance_bucket_count": 2,
        "degree": 2,
        "feedback_oriented_trajectory_count": 2,
        "mixed_endpoint_path_edges": [],
        "odd_prime": true,
        "raw_round_one_carry_exposed": true,
        "size_class": "large",
        "support_columns_zero_based": [
          52,
          80
        ],
        "uniform_chain_connected": false,
        "uniform_chain_edges": []
      },
      "1879": {
        "candidate_provenance_bucket_count": 2,
        "degree": 2,
        "feedback_oriented_trajectory_count": 2,
        "mixed_endpoint_path_edges": [],
        "odd_prime": true,
        "raw_round_one_carry_exposed": true,
        "size_class": "large",
        "support_columns_zero_based": [
          62,
          141
        ],
        "uniform_chain_connected": false,
        "uniform_chain_edges": []
      },
      "19": {
        "candidate_provenance_bucket_count": 8,
        "degree": 20,
        "feedback_oriented_trajectory_count": 8,
        "mixed_endpoint_path_edges": [
          [
            66,
            67
          ],
          [
            102,
            103
          ],
          [
            142,
            143
          ],
          [
            155,
            156
          ]
        ],
        "odd_prime": true,
        "raw_round_one_carry_exposed": true,
        "size_class": "small",
        "support_columns_zero_based": [
          12,
          20,
          23,
          62,
          66,
          67,
          75,
          81,
          101,
          102,
          103,
          109,
          131,
          140,
          142,
          143,
          147,
          155,
          156,
          164
        ],
        "uniform_chain_connected": false,
        "uniform_chain_edges": [
          [
            66,
            67
          ],
          [
            102,
            103
          ],
          [
            142,
            143
          ],
          [
            155,
            156
          ]
        ]
      },
      "191": {
        "candidate_provenance_bucket_count": 2,
        "degree": 2,
        "feedback_oriented_trajectory_count": 2,
        "mixed_endpoint_path_edges": [],
        "odd_prime": true,
        "raw_round_one_carry_exposed": true,
        "size_class": "small",
        "support_columns_zero_based": [
          77,
          165
        ],
        "uniform_chain_connected": false,
        "uniform_chain_edges": []
      },
      "193": {
        "candidate_provenance_bucket_count": 2,
        "degree": 4,
        "feedback_oriented_trajectory_count": 2,
        "mixed_endpoint_path_edges": [],
        "odd_prime": true,
        "raw_round_one_carry_exposed": true,
        "size_class": "small",
        "support_columns_zero_based": [
          36,
          70,
          135,
          151
        ],
        "uniform_chain_connected": false,
        "uniform_chain_edges": []
      },
      "195733": {
        "candidate_provenance_bucket_count": 1,
        "degree": 2,
        "feedback_oriented_trajectory_count": 1,
        "mixed_endpoint_path_edges": [
          [
            64,
            66
          ]
        ],
        "odd_prime": true,
        "raw_round_one_carry_exposed": true,
        "size_class": "large",
        "support_columns_zero_based": [
          64,
          66
        ],
        "uniform_chain_connected": true,
        "uniform_chain_edges": [
          [
            64,
            66
          ]
        ]
      },
      "197": {
        "candidate_provenance_bucket_count": 3,
        "degree": 4,
        "feedback_oriented_trajectory_count": 3,
        "mixed_endpoint_path_edges": [],
        "odd_prime": true,
        "raw_round_one_carry_exposed": true,
        "size_class": "small",
        "support_columns_zero_based": [
          41,
          72,
          122,
          128
        ],
        "uniform_chain_connected": false,
        "uniform_chain_edges": []
      },
      "19843": {
        "candidate_provenance_bucket_count": 1,
        "degree": 2,
        "feedback_oriented_trajectory_count": 1,
        "mixed_endpoint_path_edges": [
          [
            156,
            157
          ]
        ],
        "odd_prime": true,
        "raw_round_one_carry_exposed": true,
        "size_class": "large",
        "support_columns_zero_based": [
          156,
          157
        ],
        "uniform_chain_connected": true,
        "uniform_chain_edges": [
          [
            156,
            157
          ]
        ]
      },
      "198841": {
        "candidate_provenance_bucket_count": 1,
        "degree": 2,
        "feedback_oriented_trajectory_count": 1,
        "mixed_endpoint_path_edges": [
          [
            12,
            13
          ]
        ],
        "odd_prime": true,
        "raw_round_one_carry_exposed": true,
        "size_class": "large",
        "support_columns_zero_based": [
          12,
          13
        ],
        "uniform_chain_connected": true,
        "uniform_chain_edges": [
          [
            12,
            13
          ]
        ]
      },
      "199": {
        "candidate_provenance_bucket_count": 3,
        "degree": 4,
        "feedback_oriented_trajectory_count": 3,
        "mixed_endpoint_path_edges": [],
        "odd_prime": true,
        "raw_round_one_carry_exposed": true,
        "size_class": "small",
        "support_columns_zero_based": [
          1,
          52,
          103,
          111
        ],
        "uniform_chain_connected": false,
        "uniform_chain_edges": []
      },
      "2": {
        "candidate_provenance_bucket_count": 8,
        "degree": 80,
        "feedback_oriented_trajectory_count": 8,
        "mixed_endpoint_path_edges": [
          [
            120,
            121
          ],
          [
            150,
            151
          ],
          [
            155,
            156
          ]
        ],
        "odd_prime": false,
        "raw_round_one_carry_exposed": true,
        "size_class": "small",
        "support_columns_zero_based": [
          3,
          5,
          9,
          10,
          13,
          14,
          15,
          16,
          19,
          21,
          23,
          24,
          25,
          28,
          30,
          32,
          35,
          37,
          39,
          40,
          41,
          42,
          44,
          45,
          46,
          50,
          52,
          53,
          54,
          57,
          60,
          61,
          63,
          64,
          67,
          74,
          76,
          78,
          79,
          81,
          85,
          86,
          87,
          89,
          91,
          93,
          98,
          100,
          101,
          102,
          103,
          108,
          111,
          113,
          114,
          115,
          116,
          118,
          120,
          121,
          125,
          126,
          129,
          132,
          135,
          139,
          140,
          141,
          143,
          147,
          149,
          150,
          151,
          153,
          155,
          156,
          158,
          162,
          163,
          165
        ],
        "uniform_chain_connected": false,
        "uniform_chain_edges": [
          [
            120,
            121
          ],
          [
            150,
            151
          ],
          [
            155,
            156
          ]
        ]
      },
      "2053": {
        "candidate_provenance_bucket_count": 1,
        "degree": 2,
        "feedback_oriented_trajectory_count": 1,
        "mixed_endpoint_path_edges": [],
        "odd_prime": true,
        "raw_round_one_carry_exposed": true,
        "size_class": "large",
        "support_columns_zero_based": [
          29,
          36
        ],
        "uniform_chain_connected": false,
        "uniform_chain_edges": []
      },
      "2089": {
        "candidate_provenance_bucket_count": 2,
        "degree": 2,
        "feedback_oriented_trajectory_count": 2,
        "mixed_endpoint_path_edges": [],
        "odd_prime": true,
        "raw_round_one_carry_exposed": true,
        "size_class": "large",
        "support_columns_zero_based": [
          84,
          144
        ],
        "uniform_chain_connected": false,
        "uniform_chain_edges": []
      },
      "211": {
        "candidate_provenance_bucket_count": 2,
        "degree": 4,
        "feedback_oriented_trajectory_count": 2,
        "mixed_endpoint_path_edges": [
          [
            4,
            5
          ]
        ],
        "odd_prime": true,
        "raw_round_one_carry_exposed": true,
        "size_class": "small",
        "support_columns_zero_based": [
          2,
          4,
          5,
          154
        ],
        "uniform_chain_connected": false,
        "uniform_chain_edges": [
          [
            4,
            5
          ]
        ]
      },
      "2137": {
        "candidate_provenance_bucket_count": 2,
        "degree": 2,
        "feedback_oriented_trajectory_count": 2,
        "mixed_endpoint_path_edges": [],
        "odd_prime": true,
        "raw_round_one_carry_exposed": true,
        "size_class": "large",
        "support_columns_zero_based": [
          44,
          148
        ],
        "uniform_chain_connected": false,
        "uniform_chain_edges": []
      },
      "2143": {
        "candidate_provenance_bucket_count": 2,
        "degree": 4,
        "feedback_oriented_trajectory_count": 2,
        "mixed_endpoint_path_edges": [],
        "odd_prime": true,
        "raw_round_one_carry_exposed": true,
        "size_class": "large",
        "support_columns_zero_based": [
          98,
          115,
          117,
          152
        ],
        "uniform_chain_connected": false,
        "uniform_chain_edges": []
      },
      "2172967": {
        "candidate_provenance_bucket_count": 1,
        "degree": 2,
        "feedback_oriented_trajectory_count": 1,
        "mixed_endpoint_path_edges": [
          [
            67,
            69
          ]
        ],
        "odd_prime": true,
        "raw_round_one_carry_exposed": true,
        "size_class": "large",
        "support_columns_zero_based": [
          67,
          69
        ],
        "uniform_chain_connected": true,
        "uniform_chain_edges": [
          [
            67,
            69
          ]
        ]
      },
      "2203": {
        "candidate_provenance_bucket_count": 2,
        "degree": 2,
        "feedback_oriented_trajectory_count": 2,
        "mixed_endpoint_path_edges": [],
        "odd_prime": true,
        "raw_round_one_carry_exposed": true,
        "size_class": "large",
        "support_columns_zero_based": [
          26,
          148
        ],
        "uniform_chain_connected": false,
        "uniform_chain_edges": []
      },
      "2207": {
        "candidate_provenance_bucket_count": 2,
        "degree": 2,
        "feedback_oriented_trajectory_count": 2,
        "mixed_endpoint_path_edges": [],
        "odd_prime": true,
        "raw_round_one_carry_exposed": true,
        "size_class": "large",
        "support_columns_zero_based": [
          28,
          165
        ],
        "uniform_chain_connected": false,
        "uniform_chain_edges": []
      },
      "222269": {
        "candidate_provenance_bucket_count": 1,
        "degree": 2,
        "feedback_oriented_trajectory_count": 1,
        "mixed_endpoint_path_edges": [
          [
            126,
            127
          ]
        ],
        "odd_prime": true,
        "raw_round_one_carry_exposed": true,
        "size_class": "large",
        "support_columns_zero_based": [
          126,
          127
        ],
        "uniform_chain_connected": true,
        "uniform_chain_edges": [
          [
            126,
            127
          ]
        ]
      },
      "223": {
        "candidate_provenance_bucket_count": 2,
        "degree": 4,
        "feedback_oriented_trajectory_count": 2,
        "mixed_endpoint_path_edges": [],
        "odd_prime": true,
        "raw_round_one_carry_exposed": true,
        "size_class": "small",
        "support_columns_zero_based": [
          83,
          97,
          127,
          131
        ],
        "uniform_chain_connected": false,
        "uniform_chain_edges": []
      },
      "227": {
        "candidate_provenance_bucket_count": 2,
        "degree": 4,
        "feedback_oriented_trajectory_count": 2,
        "mixed_endpoint_path_edges": [
          [
            133,
            134
          ]
        ],
        "odd_prime": true,
        "raw_round_one_carry_exposed": true,
        "size_class": "small",
        "support_columns_zero_based": [
          80,
          102,
          133,
          134
        ],
        "uniform_chain_connected": false,
        "uniform_chain_edges": [
          [
            133,
            134
          ]
        ]
      },
      "2287": {
        "candidate_provenance_bucket_count": 2,
        "degree": 2,
        "feedback_oriented_trajectory_count": 2,
        "mixed_endpoint_path_edges": [],
        "odd_prime": true,
        "raw_round_one_carry_exposed": true,
        "size_class": "large",
        "support_columns_zero_based": [
          8,
          84
        ],
        "uniform_chain_connected": false,
        "uniform_chain_edges": []
      },
      "229": {
        "candidate_provenance_bucket_count": 4,
        "degree": 6,
        "feedback_oriented_trajectory_count": 4,
        "mixed_endpoint_path_edges": [],
        "odd_prime": true,
        "raw_round_one_carry_exposed": true,
        "size_class": "small",
        "support_columns_zero_based": [
          1,
          57,
          113,
          133,
          141,
          149
        ],
        "uniform_chain_connected": false,
        "uniform_chain_edges": []
      },
      "23": {
        "candidate_provenance_bucket_count": 6,
        "degree": 22,
        "feedback_oriented_trajectory_count": 6,
        "mixed_endpoint_path_edges": [
          [
            48,
            49
          ]
        ],
        "odd_prime": true,
        "raw_round_one_carry_exposed": true,
        "size_class": "small",
        "support_columns_zero_based": [
          1,
          3,
          10,
          27,
          31,
          40,
          41,
          48,
          49,
          51,
          54,
          56,
          62,
          63,
          71,
          73,
          76,
          97,
          125,
          148,
          151,
          159
        ],
        "uniform_chain_connected": false,
        "uniform_chain_edges": [
          [
            48,
            49
          ]
        ]
      },
      "233": {
        "candidate_provenance_bucket_count": 2,
        "degree": 2,
        "feedback_oriented_trajectory_count": 2,
        "mixed_endpoint_path_edges": [],
        "odd_prime": true,
        "raw_round_one_carry_exposed": true,
        "size_class": "small",
        "support_columns_zero_based": [
          71,
          108
        ],
        "uniform_chain_connected": false,
        "uniform_chain_edges": []
      },
      "2351": {
        "candidate_provenance_bucket_count": 2,
        "degree": 2,
        "feedback_oriented_trajectory_count": 2,
        "mixed_endpoint_path_edges": [],
        "odd_prime": true,
        "raw_round_one_carry_exposed": false,
        "size_class": "large",
        "support_columns_zero_based": [
          114,
          159
        ],
        "uniform_chain_connected": false,
        "uniform_chain_edges": []
      },
      "241": {
        "candidate_provenance_bucket_count": 4,
        "degree": 4,
        "feedback_oriented_trajectory_count": 4,
        "mixed_endpoint_path_edges": [],
        "odd_prime": true,
        "raw_round_one_carry_exposed": true,
        "size_class": "small",
        "support_columns_zero_based": [
          15,
          29,
          104,
          118
        ],
        "uniform_chain_connected": false,
        "uniform_chain_edges": []
      },
      "251": {
        "candidate_provenance_bucket_count": 4,
        "degree": 6,
        "feedback_oriented_trajectory_count": 4,
        "mixed_endpoint_path_edges": [
          [
            31,
            32
          ],
          [
            31,
            33
          ],
          [
            32,
            33
          ]
        ],
        "odd_prime": true,
        "raw_round_one_carry_exposed": true,
        "size_class": "small",
        "support_columns_zero_based": [
          31,
          32,
          33,
          42,
          111,
          155
        ],
        "uniform_chain_connected": false,
        "uniform_chain_edges": [
          [
            31,
            32
          ],
          [
            31,
            33
          ],
          [
            32,
            33
          ]
        ]
      },
      "257": {
        "candidate_provenance_bucket_count": 3,
        "degree": 6,
        "feedback_oriented_trajectory_count": 3,
        "mixed_endpoint_path_edges": [],
        "odd_prime": true,
        "raw_round_one_carry_exposed": true,
        "size_class": "small",
        "support_columns_zero_based": [
          22,
          58,
          83,
          114,
          127,
          130
        ],
        "uniform_chain_connected": false,
        "uniform_chain_edges": []
      },
      "2596933": {
        "candidate_provenance_bucket_count": 1,
        "degree": 2,
        "feedback_oriented_trajectory_count": 1,
        "mixed_endpoint_path_edges": [
          [
            47,
            48
          ]
        ],
        "odd_prime": true,
        "raw_round_one_carry_exposed": true,
        "size_class": "large",
        "support_columns_zero_based": [
          47,
          48
        ],
        "uniform_chain_connected": true,
        "uniform_chain_edges": [
          [
            47,
            48
          ]
        ]
      },
      "2621": {
        "candidate_provenance_bucket_count": 2,
        "degree": 2,
        "feedback_oriented_trajectory_count": 2,
        "mixed_endpoint_path_edges": [],
        "odd_prime": true,
        "raw_round_one_carry_exposed": true,
        "size_class": "large",
        "support_columns_zero_based": [
          22,
          126
        ],
        "uniform_chain_connected": false,
        "uniform_chain_edges": []
      },
      "263": {
        "candidate_provenance_bucket_count": 3,
        "degree": 4,
        "feedback_oriented_trajectory_count": 3,
        "mixed_endpoint_path_edges": [],
        "odd_prime": true,
        "raw_round_one_carry_exposed": true,
        "size_class": "small",
        "support_columns_zero_based": [
          18,
          56,
          83,
          104
        ],
        "uniform_chain_connected": false,
        "uniform_chain_edges": []
      },
      "269": {
        "candidate_provenance_bucket_count": 4,
        "degree": 4,
        "feedback_oriented_trajectory_count": 4,
        "mixed_endpoint_path_edges": [],
        "odd_prime": true,
        "raw_round_one_carry_exposed": true,
        "size_class": "small",
        "support_columns_zero_based": [
          14,
          17,
          93,
          128
        ],
        "uniform_chain_connected": false,
        "uniform_chain_edges": []
      },
      "2699": {
        "candidate_provenance_bucket_count": 2,
        "degree": 2,
        "feedback_oriented_trajectory_count": 2,
        "mixed_endpoint_path_edges": [],
        "odd_prime": true,
        "raw_round_one_carry_exposed": true,
        "size_class": "large",
        "support_columns_zero_based": [
          30,
          91
        ],
        "uniform_chain_connected": false,
        "uniform_chain_edges": []
      },
      "271021": {
        "candidate_provenance_bucket_count": 2,
        "degree": 2,
        "feedback_oriented_trajectory_count": 2,
        "mixed_endpoint_path_edges": [],
        "odd_prime": true,
        "raw_round_one_carry_exposed": false,
        "size_class": "large",
        "support_columns_zero_based": [
          98,
          143
        ],
        "uniform_chain_connected": false,
        "uniform_chain_edges": []
      },
      "275651": {
        "candidate_provenance_bucket_count": 1,
        "degree": 2,
        "feedback_oriented_trajectory_count": 1,
        "mixed_endpoint_path_edges": [
          [
            55,
            56
          ]
        ],
        "odd_prime": true,
        "raw_round_one_carry_exposed": true,
        "size_class": "large",
        "support_columns_zero_based": [
          55,
          56
        ],
        "uniform_chain_connected": true,
        "uniform_chain_edges": [
          [
            55,
            56
          ]
        ]
      },
      "277": {
        "candidate_provenance_bucket_count": 2,
        "degree": 2,
        "feedback_oriented_trajectory_count": 2,
        "mixed_endpoint_path_edges": [],
        "odd_prime": true,
        "raw_round_one_carry_exposed": true,
        "size_class": "small",
        "support_columns_zero_based": [
          12,
          163
        ],
        "uniform_chain_connected": false,
        "uniform_chain_edges": []
      },
      "27799": {
        "candidate_provenance_bucket_count": 2,
        "degree": 2,
        "feedback_oriented_trajectory_count": 2,
        "mixed_endpoint_path_edges": [],
        "odd_prime": true,
        "raw_round_one_carry_exposed": false,
        "size_class": "large",
        "support_columns_zero_based": [
          16,
          113
        ],
        "uniform_chain_connected": false,
        "uniform_chain_edges": []
      },
      "2801": {
        "candidate_provenance_bucket_count": 1,
        "degree": 2,
        "feedback_oriented_trajectory_count": 1,
        "mixed_endpoint_path_edges": [
          [
            120,
            121
          ]
        ],
        "odd_prime": true,
        "raw_round_one_carry_exposed": true,
        "size_class": "large",
        "support_columns_zero_based": [
          120,
          121
        ],
        "uniform_chain_connected": true,
        "uniform_chain_edges": [
          [
            120,
            121
          ]
        ]
      },
      "281": {
        "candidate_provenance_bucket_count": 1,
        "degree": 2,
        "feedback_oriented_trajectory_count": 1,
        "mixed_endpoint_path_edges": [
          [
            19,
            20
          ]
        ],
        "odd_prime": true,
        "raw_round_one_carry_exposed": true,
        "size_class": "small",
        "support_columns_zero_based": [
          19,
          20
        ],
        "uniform_chain_connected": true,
        "uniform_chain_edges": [
          [
            19,
            20
          ]
        ]
      },
      "2814499": {
        "candidate_provenance_bucket_count": 2,
        "degree": 2,
        "feedback_oriented_trajectory_count": 2,
        "mixed_endpoint_path_edges": [],
        "odd_prime": true,
        "raw_round_one_carry_exposed": false,
        "size_class": "large",
        "support_columns_zero_based": [
          131,
          164
        ],
        "uniform_chain_connected": false,
        "uniform_chain_edges": []
      },
      "283": {
        "candidate_provenance_bucket_count": 3,
        "degree": 4,
        "feedback_oriented_trajectory_count": 3,
        "mixed_endpoint_path_edges": [
          [
            114,
            116
          ]
        ],
        "odd_prime": true,
        "raw_round_one_carry_exposed": true,
        "size_class": "small",
        "support_columns_zero_based": [
          100,
          114,
          116,
          149
        ],
        "uniform_chain_connected": false,
        "uniform_chain_edges": [
          [
            114,
            116
          ]
        ]
      },
      "283937": {
        "candidate_provenance_bucket_count": 1,
        "degree": 2,
        "feedback_oriented_trajectory_count": 1,
        "mixed_endpoint_path_edges": [
          [
            89,
            90
          ]
        ],
        "odd_prime": true,
        "raw_round_one_carry_exposed": true,
        "size_class": "large",
        "support_columns_zero_based": [
          89,
          90
        ],
        "uniform_chain_connected": true,
        "uniform_chain_edges": [
          [
            89,
            90
          ]
        ]
      },
      "28517": {
        "candidate_provenance_bucket_count": 2,
        "degree": 2,
        "feedback_oriented_trajectory_count": 2,
        "mixed_endpoint_path_edges": [],
        "odd_prime": true,
        "raw_round_one_carry_exposed": true,
        "size_class": "large",
        "support_columns_zero_based": [
          11,
          45
        ],
        "uniform_chain_connected": false,
        "uniform_chain_edges": []
      },
      "28549": {
        "candidate_provenance_bucket_count": 2,
        "degree": 2,
        "feedback_oriented_trajectory_count": 2,
        "mixed_endpoint_path_edges": [],
        "odd_prime": true,
        "raw_round_one_carry_exposed": true,
        "size_class": "large",
        "support_columns_zero_based": [
          21,
          43
        ],
        "uniform_chain_connected": false,
        "uniform_chain_edges": []
      },
      "29": {
        "candidate_provenance_bucket_count": 6,
        "degree": 18,
        "feedback_oriented_trajectory_count": 6,
        "mixed_endpoint_path_edges": [
          [
            90,
            91
          ]
        ],
        "odd_prime": true,
        "raw_round_one_carry_exposed": true,
        "size_class": "small",
        "support_columns_zero_based": [
          28,
          60,
          73,
          76,
          77,
          84,
          90,
          91,
          99,
          102,
          111,
          112,
          126,
          128,
          138,
          140,
          154,
          164
        ],
        "uniform_chain_connected": false,
        "uniform_chain_edges": [
          [
            90,
            91
          ]
        ]
      },
      "293": {
        "candidate_provenance_bucket_count": 4,
        "degree": 4,
        "feedback_oriented_trajectory_count": 4,
        "mixed_endpoint_path_edges": [],
        "odd_prime": true,
        "raw_round_one_carry_exposed": true,
        "size_class": "small",
        "support_columns_zero_based": [
          2,
          46,
          62,
          125
        ],
        "uniform_chain_connected": false,
        "uniform_chain_edges": []
      },
      "2999": {
        "candidate_provenance_bucket_count": 2,
        "degree": 2,
        "feedback_oriented_trajectory_count": 2,
        "mixed_endpoint_path_edges": [],
        "odd_prime": true,
        "raw_round_one_carry_exposed": false,
        "size_class": "large",
        "support_columns_zero_based": [
          86,
          134
        ],
        "uniform_chain_connected": false,
        "uniform_chain_edges": []
      },
      "3": {
        "candidate_provenance_bucket_count": 8,
        "degree": 62,
        "feedback_oriented_trajectory_count": 8,
        "mixed_endpoint_path_edges": [
          [
            74,
            75
          ],
          [
            94,
            95
          ],
          [
            102,
            103
          ],
          [
            107,
            108
          ],
          [
            109,
            110
          ],
          [
            120,
            122
          ],
          [
            133,
            134
          ],
          [
            155,
            158
          ]
        ],
        "odd_prime": true,
        "raw_round_one_carry_exposed": true,
        "size_class": "small",
        "support_columns_zero_based": [
          2,
          3,
          5,
          6,
          8,
          9,
          10,
          14,
          16,
          17,
          25,
          27,
          29,
          43,
          45,
          52,
          56,
          63,
          64,
          67,
          68,
          72,
          74,
          75,
          78,
          81,
          86,
          94,
          95,
          98,
          100,
          102,
          103,
          104,
          107,
          108,
          109,
          110,
          111,
          115,
          118,
          119,
          120,
          122,
          123,
          127,
          128,
          133,
          134,
          137,
          142,
          145,
          147,
          149,
          151,
          152,
          154,
          155,
          158,
          160,
          162,
          164
        ],
        "uniform_chain_connected": false,
        "uniform_chain_edges": [
          [
            74,
            75
          ],
          [
            94,
            95
          ],
          [
            102,
            103
          ],
          [
            107,
            108
          ],
          [
            109,
            110
          ],
          [
            133,
            134
          ]
        ]
      },
      "3067": {
        "candidate_provenance_bucket_count": 2,
        "degree": 2,
        "feedback_oriented_trajectory_count": 2,
        "mixed_endpoint_path_edges": [],
        "odd_prime": true,
        "raw_round_one_carry_exposed": true,
        "size_class": "large",
        "support_columns_zero_based": [
          30,
          75
        ],
        "uniform_chain_connected": false,
        "uniform_chain_edges": []
      },
      "307": {
        "candidate_provenance_bucket_count": 2,
        "degree": 2,
        "feedback_oriented_trajectory_count": 2,
        "mixed_endpoint_path_edges": [],
        "odd_prime": true,
        "raw_round_one_carry_exposed": true,
        "size_class": "small",
        "support_columns_zero_based": [
          132,
          135
        ],
        "uniform_chain_connected": false,
        "uniform_chain_edges": []
      },
      "3079": {
        "candidate_provenance_bucket_count": 2,
        "degree": 2,
        "feedback_oriented_trajectory_count": 2,
        "mixed_endpoint_path_edges": [],
        "odd_prime": true,
        "raw_round_one_carry_exposed": true,
        "size_class": "large",
        "support_columns_zero_based": [
          46,
          161
        ],
        "uniform_chain_connected": false,
        "uniform_chain_edges": []
      },
      "31": {
        "candidate_provenance_bucket_count": 7,
        "degree": 16,
        "feedback_oriented_trajectory_count": 7,
        "mixed_endpoint_path_edges": [
          [
            64,
            66
          ]
        ],
        "odd_prime": true,
        "raw_round_one_carry_exposed": true,
        "size_class": "small",
        "support_columns_zero_based": [
          6,
          18,
          22,
          25,
          29,
          43,
          61,
          64,
          66,
          91,
          102,
          112,
          124,
          134,
          140,
          163
        ],
        "uniform_chain_connected": false,
        "uniform_chain_edges": [
          [
            64,
            66
          ]
        ]
      },
      "31069": {
        "candidate_provenance_bucket_count": 2,
        "degree": 2,
        "feedback_oriented_trajectory_count": 2,
        "mixed_endpoint_path_edges": [],
        "odd_prime": true,
        "raw_round_one_carry_exposed": false,
        "size_class": "large",
        "support_columns_zero_based": [
          117,
          152
        ],
        "uniform_chain_connected": false,
        "uniform_chain_edges": []
      },
      "311": {
        "candidate_provenance_bucket_count": 2,
        "degree": 2,
        "feedback_oriented_trajectory_count": 2,
        "mixed_endpoint_path_edges": [],
        "odd_prime": true,
        "raw_round_one_carry_exposed": true,
        "size_class": "small",
        "support_columns_zero_based": [
          61,
          71
        ],
        "uniform_chain_connected": false,
        "uniform_chain_edges": []
      },
      "313": {
        "candidate_provenance_bucket_count": 2,
        "degree": 2,
        "feedback_oriented_trajectory_count": 2,
        "mixed_endpoint_path_edges": [],
        "odd_prime": true,
        "raw_round_one_carry_exposed": true,
        "size_class": "small",
        "support_columns_zero_based": [
          41,
          73
        ],
        "uniform_chain_connected": false,
        "uniform_chain_edges": []
      },
      "331": {
        "candidate_provenance_bucket_count": 2,
        "degree": 2,
        "feedback_oriented_trajectory_count": 2,
        "mixed_endpoint_path_edges": [],
        "odd_prime": true,
        "raw_round_one_carry_exposed": true,
        "size_class": "small",
        "support_columns_zero_based": [
          69,
          146
        ],
        "uniform_chain_connected": false,
        "uniform_chain_edges": []
      },
      "3313": {
        "candidate_provenance_bucket_count": 2,
        "degree": 2,
        "feedback_oriented_trajectory_count": 2,
        "mixed_endpoint_path_edges": [],
        "odd_prime": true,
        "raw_round_one_carry_exposed": true,
        "size_class": "large",
        "support_columns_zero_based": [
          30,
          78
        ],
        "uniform_chain_connected": false,
        "uniform_chain_edges": []
      },
      "333367": {
        "candidate_provenance_bucket_count": 1,
        "degree": 2,
        "feedback_oriented_trajectory_count": 1,
        "mixed_endpoint_path_edges": [
          [
            93,
            94
          ]
        ],
        "odd_prime": true,
        "raw_round_one_carry_exposed": true,
        "size_class": "large",
        "support_columns_zero_based": [
          93,
          94
        ],
        "uniform_chain_connected": true,
        "uniform_chain_edges": [
          [
            93,
            94
          ]
        ]
      },
      "3391": {
        "candidate_provenance_bucket_count": 2,
        "degree": 2,
        "feedback_oriented_trajectory_count": 2,
        "mixed_endpoint_path_edges": [],
        "odd_prime": true,
        "raw_round_one_carry_exposed": true,
        "size_class": "large",
        "support_columns_zero_based": [
          45,
          113
        ],
        "uniform_chain_connected": false,
        "uniform_chain_edges": []
      },
      "3407": {
        "candidate_provenance_bucket_count": 2,
        "degree": 2,
        "feedback_oriented_trajectory_count": 2,
        "mixed_endpoint_path_edges": [],
        "odd_prime": true,
        "raw_round_one_carry_exposed": true,
        "size_class": "large",
        "support_columns_zero_based": [
          101,
          113
        ],
        "uniform_chain_connected": false,
        "uniform_chain_edges": []
      },
      "34131299": {
        "candidate_provenance_bucket_count": 1,
        "degree": 2,
        "feedback_oriented_trajectory_count": 1,
        "mixed_endpoint_path_edges": [
          [
            105,
            106
          ]
        ],
        "odd_prime": true,
        "raw_round_one_carry_exposed": true,
        "size_class": "large",
        "support_columns_zero_based": [
          105,
          106
        ],
        "uniform_chain_connected": true,
        "uniform_chain_edges": [
          [
            105,
            106
          ]
        ]
      },
      "3467": {
        "candidate_provenance_bucket_count": 1,
        "degree": 2,
        "feedback_oriented_trajectory_count": 1,
        "mixed_endpoint_path_edges": [
          [
            120,
            121
          ]
        ],
        "odd_prime": true,
        "raw_round_one_carry_exposed": true,
        "size_class": "large",
        "support_columns_zero_based": [
          120,
          121
        ],
        "uniform_chain_connected": true,
        "uniform_chain_edges": [
          [
            120,
            121
          ]
        ]
      },
      "347": {
        "candidate_provenance_bucket_count": 2,
        "degree": 2,
        "feedback_oriented_trajectory_count": 2,
        "mixed_endpoint_path_edges": [],
        "odd_prime": true,
        "raw_round_one_carry_exposed": true,
        "size_class": "small",
        "support_columns_zero_based": [
          21,
          124
        ],
        "uniform_chain_connected": false,
        "uniform_chain_edges": []
      },
      "34739": {
        "candidate_provenance_bucket_count": 1,
        "degree": 2,
        "feedback_oriented_trajectory_count": 1,
        "mixed_endpoint_path_edges": [
          [
            34,
            35
          ]
        ],
        "odd_prime": true,
        "raw_round_one_carry_exposed": true,
        "size_class": "large",
        "support_columns_zero_based": [
          34,
          35
        ],
        "uniform_chain_connected": true,
        "uniform_chain_edges": [
          [
            34,
            35
          ]
        ]
      },
      "349": {
        "candidate_provenance_bucket_count": 2,
        "degree": 2,
        "feedback_oriented_trajectory_count": 2,
        "mixed_endpoint_path_edges": [],
        "odd_prime": true,
        "raw_round_one_carry_exposed": true,
        "size_class": "small",
        "support_columns_zero_based": [
          135,
          149
        ],
        "uniform_chain_connected": false,
        "uniform_chain_edges": []
      },
      "3529": {
        "candidate_provenance_bucket_count": 2,
        "degree": 2,
        "feedback_oriented_trajectory_count": 2,
        "mixed_endpoint_path_edges": [],
        "odd_prime": true,
        "raw_round_one_carry_exposed": true,
        "size_class": "large",
        "support_columns_zero_based": [
          26,
          119
        ],
        "uniform_chain_connected": false,
        "uniform_chain_edges": []
      },
      "353": {
        "candidate_provenance_bucket_count": 2,
        "degree": 2,
        "feedback_oriented_trajectory_count": 2,
        "mixed_endpoint_path_edges": [],
        "odd_prime": true,
        "raw_round_one_carry_exposed": true,
        "size_class": "small",
        "support_columns_zero_based": [
          122,
          160
        ],
        "uniform_chain_connected": false,
        "uniform_chain_edges": []
      },
      "355529": {
        "candidate_provenance_bucket_count": 1,
        "degree": 2,
        "feedback_oriented_trajectory_count": 1,
        "mixed_endpoint_path_edges": [
          [
            73,
            74
          ]
        ],
        "odd_prime": true,
        "raw_round_one_carry_exposed": true,
        "size_class": "large",
        "support_columns_zero_based": [
          73,
          74
        ],
        "uniform_chain_connected": true,
        "uniform_chain_edges": [
          [
            73,
            74
          ]
        ]
      },
      "359": {
        "candidate_provenance_bucket_count": 3,
        "degree": 4,
        "feedback_oriented_trajectory_count": 3,
        "mixed_endpoint_path_edges": [],
        "odd_prime": true,
        "raw_round_one_carry_exposed": true,
        "size_class": "small",
        "support_columns_zero_based": [
          42,
          57,
          160,
          161
        ],
        "uniform_chain_connected": false,
        "uniform_chain_edges": []
      },
      "37": {
        "candidate_provenance_bucket_count": 8,
        "degree": 14,
        "feedback_oriented_trajectory_count": 8,
        "mixed_endpoint_path_edges": [
          [
            95,
            96
          ]
        ],
        "odd_prime": true,
        "raw_round_one_carry_exposed": true,
        "size_class": "small",
        "support_columns_zero_based": [
          5,
          25,
          41,
          75,
          85,
          86,
          95,
          96,
          111,
          112,
          126,
          138,
          147,
          164
        ],
        "uniform_chain_connected": false,
        "uniform_chain_edges": [
          [
            95,
            96
          ]
        ]
      },
      "373": {
        "candidate_provenance_bucket_count": 2,
        "degree": 2,
        "feedback_oriented_trajectory_count": 2,
        "mixed_endpoint_path_edges": [],
        "odd_prime": true,
        "raw_round_one_carry_exposed": true,
        "size_class": "small",
        "support_columns_zero_based": [
          125,
          140
        ],
        "uniform_chain_connected": false,
        "uniform_chain_edges": []
      },
      "389687": {
        "candidate_provenance_bucket_count": 1,
        "degree": 2,
        "feedback_oriented_trajectory_count": 1,
        "mixed_endpoint_path_edges": [
          [
            142,
            143
          ]
        ],
        "odd_prime": true,
        "raw_round_one_carry_exposed": true,
        "size_class": "large",
        "support_columns_zero_based": [
          142,
          143
        ],
        "uniform_chain_connected": true,
        "uniform_chain_edges": [
          [
            142,
            143
          ]
        ]
      },
      "3913717": {
        "candidate_provenance_bucket_count": 1,
        "degree": 2,
        "feedback_oriented_trajectory_count": 1,
        "mixed_endpoint_path_edges": [
          [
            48,
            49
          ]
        ],
        "odd_prime": true,
        "raw_round_one_carry_exposed": true,
        "size_class": "large",
        "support_columns_zero_based": [
          48,
          49
        ],
        "uniform_chain_connected": true,
        "uniform_chain_edges": [
          [
            48,
            49
          ]
        ]
      },
      "39390563": {
        "candidate_provenance_bucket_count": 1,
        "degree": 2,
        "feedback_oriented_trajectory_count": 1,
        "mixed_endpoint_path_edges": [
          [
            33,
            34
          ]
        ],
        "odd_prime": true,
        "raw_round_one_carry_exposed": true,
        "size_class": "large",
        "support_columns_zero_based": [
          33,
          34
        ],
        "uniform_chain_connected": true,
        "uniform_chain_edges": [
          [
            33,
            34
          ]
        ]
      },
      "409": {
        "candidate_provenance_bucket_count": 2,
        "degree": 2,
        "feedback_oriented_trajectory_count": 2,
        "mixed_endpoint_path_edges": [],
        "odd_prime": true,
        "raw_round_one_carry_exposed": true,
        "size_class": "small",
        "support_columns_zero_based": [
          62,
          148
        ],
        "uniform_chain_connected": false,
        "uniform_chain_edges": []
      },
      "41": {
        "candidate_provenance_bucket_count": 7,
        "degree": 8,
        "feedback_oriented_trajectory_count": 6,
        "mixed_endpoint_path_edges": [],
        "odd_prime": true,
        "raw_round_one_carry_exposed": true,
        "size_class": "small",
        "support_columns_zero_based": [
          0,
          17,
          46,
          63,
          72,
          129,
          136,
          154
        ],
        "uniform_chain_connected": false,
        "uniform_chain_edges": []
      },
      "4157": {
        "candidate_provenance_bucket_count": 2,
        "degree": 2,
        "feedback_oriented_trajectory_count": 2,
        "mixed_endpoint_path_edges": [],
        "odd_prime": true,
        "raw_round_one_carry_exposed": false,
        "size_class": "large",
        "support_columns_zero_based": [
          58,
          120
        ],
        "uniform_chain_connected": false,
        "uniform_chain_edges": []
      },
      "419": {
        "candidate_provenance_bucket_count": 4,
        "degree": 4,
        "feedback_oriented_trajectory_count": 4,
        "mixed_endpoint_path_edges": [],
        "odd_prime": true,
        "raw_round_one_carry_exposed": true,
        "size_class": "small",
        "support_columns_zero_based": [
          9,
          32,
          85,
          146
        ],
        "uniform_chain_connected": false,
        "uniform_chain_edges": []
      },
      "421": {
        "candidate_provenance_bucket_count": 2,
        "degree": 2,
        "feedback_oriented_trajectory_count": 2,
        "mixed_endpoint_path_edges": [],
        "odd_prime": true,
        "raw_round_one_carry_exposed": true,
        "size_class": "small",
        "support_columns_zero_based": [
          3,
          145
        ],
        "uniform_chain_connected": false,
        "uniform_chain_edges": []
      },
      "43": {
        "candidate_provenance_bucket_count": 5,
        "degree": 8,
        "feedback_oriented_trajectory_count": 5,
        "mixed_endpoint_path_edges": [],
        "odd_prime": true,
        "raw_round_one_carry_exposed": true,
        "size_class": "small",
        "support_columns_zero_based": [
          46,
          63,
          76,
          78,
          102,
          115,
          142,
          153
        ],
        "uniform_chain_connected": false,
        "uniform_chain_edges": []
      },
      "4337": {
        "candidate_provenance_bucket_count": 2,
        "degree": 2,
        "feedback_oriented_trajectory_count": 2,
        "mixed_endpoint_path_edges": [],
        "odd_prime": true,
        "raw_round_one_carry_exposed": true,
        "size_class": "large",
        "support_columns_zero_based": [
          54,
          137
        ],
        "uniform_chain_connected": false,
        "uniform_chain_edges": []
      },
      "439": {
        "candidate_provenance_bucket_count": 2,
        "degree": 2,
        "feedback_oriented_trajectory_count": 2,
        "mixed_endpoint_path_edges": [],
        "odd_prime": true,
        "raw_round_one_carry_exposed": true,
        "size_class": "small",
        "support_columns_zero_based": [
          61,
          122
        ],
        "uniform_chain_connected": false,
        "uniform_chain_edges": []
      },
      "443": {
        "candidate_provenance_bucket_count": 2,
        "degree": 2,
        "feedback_oriented_trajectory_count": 2,
        "mixed_endpoint_path_edges": [],
        "odd_prime": true,
        "raw_round_one_carry_exposed": true,
        "size_class": "small",
        "support_columns_zero_based": [
          6,
          140
        ],
        "uniform_chain_connected": false,
        "uniform_chain_edges": []
      },
      "4483": {
        "candidate_provenance_bucket_count": 2,
        "degree": 2,
        "feedback_oriented_trajectory_count": 2,
        "mixed_endpoint_path_edges": [],
        "odd_prime": true,
        "raw_round_one_carry_exposed": true,
        "size_class": "large",
        "support_columns_zero_based": [
          65,
          124
        ],
        "uniform_chain_connected": false,
        "uniform_chain_edges": []
      },
      "449": {
        "candidate_provenance_bucket_count": 2,
        "degree": 2,
        "feedback_oriented_trajectory_count": 2,
        "mixed_endpoint_path_edges": [],
        "odd_prime": true,
        "raw_round_one_carry_exposed": true,
        "size_class": "small",
        "support_columns_zero_based": [
          39,
          63
        ],
        "uniform_chain_connected": false,
        "uniform_chain_edges": []
      },
      "463": {
        "candidate_provenance_bucket_count": 1,
        "degree": 2,
        "feedback_oriented_trajectory_count": 1,
        "mixed_endpoint_path_edges": [],
        "odd_prime": true,
        "raw_round_one_carry_exposed": true,
        "size_class": "small",
        "support_columns_zero_based": [
          87,
          110
        ],
        "uniform_chain_connected": false,
        "uniform_chain_edges": []
      },
      "4637": {
        "candidate_provenance_bucket_count": 2,
        "degree": 2,
        "feedback_oriented_trajectory_count": 2,
        "mixed_endpoint_path_edges": [],
        "odd_prime": true,
        "raw_round_one_carry_exposed": true,
        "size_class": "large",
        "support_columns_zero_based": [
          21,
          140
        ],
        "uniform_chain_connected": false,
        "uniform_chain_edges": []
      },
      "4645429": {
        "candidate_provenance_bucket_count": 1,
        "degree": 2,
        "feedback_oriented_trajectory_count": 1,
        "mixed_endpoint_path_edges": [
          [
            59,
            60
          ]
        ],
        "odd_prime": true,
        "raw_round_one_carry_exposed": true,
        "size_class": "large",
        "support_columns_zero_based": [
          59,
          60
        ],
        "uniform_chain_connected": true,
        "uniform_chain_edges": [
          [
            59,
            60
          ]
        ]
      },
      "466573": {
        "candidate_provenance_bucket_count": 1,
        "degree": 2,
        "feedback_oriented_trajectory_count": 1,
        "mixed_endpoint_path_edges": [
          [
            95,
            96
          ]
        ],
        "odd_prime": true,
        "raw_round_one_carry_exposed": true,
        "size_class": "large",
        "support_columns_zero_based": [
          95,
          96
        ],
        "uniform_chain_connected": true,
        "uniform_chain_edges": [
          [
            95,
            96
          ]
        ]
      },
      "467": {
        "candidate_provenance_bucket_count": 2,
        "degree": 2,
        "feedback_oriented_trajectory_count": 2,
        "mixed_endpoint_path_edges": [],
        "odd_prime": true,
        "raw_round_one_carry_exposed": true,
        "size_class": "small",
        "support_columns_zero_based": [
          45,
          138
        ],
        "uniform_chain_connected": false,
        "uniform_chain_edges": []
      },
      "47": {
        "candidate_provenance_bucket_count": 4,
        "degree": 4,
        "feedback_oriented_trajectory_count": 4,
        "mixed_endpoint_path_edges": [],
        "odd_prime": true,
        "raw_round_one_carry_exposed": true,
        "size_class": "small",
        "support_columns_zero_based": [
          29,
          115,
          162,
          165
        ],
        "uniform_chain_connected": false,
        "uniform_chain_edges": []
      },
      "479": {
        "candidate_provenance_bucket_count": 3,
        "degree": 4,
        "feedback_oriented_trajectory_count": 3,
        "mixed_endpoint_path_edges": [],
        "odd_prime": true,
        "raw_round_one_carry_exposed": true,
        "size_class": "small",
        "support_columns_zero_based": [
          9,
          53,
          80,
          109
        ],
        "uniform_chain_connected": false,
        "uniform_chain_edges": []
      },
      "4938301": {
        "candidate_provenance_bucket_count": 1,
        "degree": 2,
        "feedback_oriented_trajectory_count": 1,
        "mixed_endpoint_path_edges": [
          [
            94,
            95
          ]
        ],
        "odd_prime": true,
        "raw_round_one_carry_exposed": true,
        "size_class": "large",
        "support_columns_zero_based": [
          94,
          95
        ],
        "uniform_chain_connected": true,
        "uniform_chain_edges": [
          [
            94,
            95
          ]
        ]
      },
      "499": {
        "candidate_provenance_bucket_count": 2,
        "degree": 2,
        "feedback_oriented_trajectory_count": 2,
        "mixed_endpoint_path_edges": [],
        "odd_prime": true,
        "raw_round_one_carry_exposed": true,
        "size_class": "small",
        "support_columns_zero_based": [
          10,
          138
        ],
        "uniform_chain_connected": false,
        "uniform_chain_edges": []
      },
      "5": {
        "candidate_provenance_bucket_count": 8,
        "degree": 44,
        "feedback_oriented_trajectory_count": 8,
        "mixed_endpoint_path_edges": [
          [
            55,
            56
          ],
          [
            94,
            95
          ],
          [
            121,
            122
          ]
        ],
        "odd_prime": true,
        "raw_round_one_carry_exposed": true,
        "size_class": "small",
        "support_columns_zero_based": [
          5,
          7,
          16,
          17,
          20,
          27,
          29,
          30,
          32,
          39,
          43,
          55,
          56,
          59,
          61,
          62,
          86,
          87,
          92,
          94,
          95,
          97,
          98,
          99,
          102,
          108,
          119,
          121,
          122,
          125,
          128,
          129,
          131,
          132,
          139,
          141,
          143,
          147,
          151,
          152,
          158,
          159,
          163,
          165
        ],
        "uniform_chain_connected": false,
        "uniform_chain_edges": [
          [
            55,
            56
          ],
          [
            94,
            95
          ],
          [
            121,
            122
          ]
        ]
      },
      "503": {
        "candidate_provenance_bucket_count": 2,
        "degree": 2,
        "feedback_oriented_trajectory_count": 2,
        "mixed_endpoint_path_edges": [],
        "odd_prime": true,
        "raw_round_one_carry_exposed": true,
        "size_class": "small",
        "support_columns_zero_based": [
          108,
          132
        ],
        "uniform_chain_connected": false,
        "uniform_chain_edges": []
      },
      "50849": {
        "candidate_provenance_bucket_count": 1,
        "degree": 2,
        "feedback_oriented_trajectory_count": 1,
        "mixed_endpoint_path_edges": [
          [
            161,
            162
          ]
        ],
        "odd_prime": true,
        "raw_round_one_carry_exposed": true,
        "size_class": "large",
        "support_columns_zero_based": [
          161,
          162
        ],
        "uniform_chain_connected": true,
        "uniform_chain_edges": [
          [
            161,
            162
          ]
        ]
      },
      "509": {
        "candidate_provenance_bucket_count": 2,
        "degree": 2,
        "feedback_oriented_trajectory_count": 2,
        "mixed_endpoint_path_edges": [],
        "odd_prime": true,
        "raw_round_one_carry_exposed": true,
        "size_class": "small",
        "support_columns_zero_based": [
          2,
          141
        ],
        "uniform_chain_connected": false,
        "uniform_chain_edges": []
      },
      "520357": {
        "candidate_provenance_bucket_count": 1,
        "degree": 2,
        "feedback_oriented_trajectory_count": 1,
        "mixed_endpoint_path_edges": [
          [
            88,
            89
          ]
        ],
        "odd_prime": true,
        "raw_round_one_carry_exposed": true,
        "size_class": "large",
        "support_columns_zero_based": [
          88,
          89
        ],
        "uniform_chain_connected": true,
        "uniform_chain_edges": [
          [
            88,
            89
          ]
        ]
      },
      "521": {
        "candidate_provenance_bucket_count": 2,
        "degree": 2,
        "feedback_oriented_trajectory_count": 2,
        "mixed_endpoint_path_edges": [],
        "odd_prime": true,
        "raw_round_one_carry_exposed": true,
        "size_class": "small",
        "support_columns_zero_based": [
          129,
          159
        ],
        "uniform_chain_connected": false,
        "uniform_chain_edges": []
      },
      "523": {
        "candidate_provenance_bucket_count": 2,
        "degree": 2,
        "feedback_oriented_trajectory_count": 2,
        "mixed_endpoint_path_edges": [],
        "odd_prime": true,
        "raw_round_one_carry_exposed": true,
        "size_class": "small",
        "support_columns_zero_based": [
          29,
          60
        ],
        "uniform_chain_connected": false,
        "uniform_chain_edges": []
      },
      "53": {
        "candidate_provenance_bucket_count": 4,
        "degree": 6,
        "feedback_oriented_trajectory_count": 4,
        "mixed_endpoint_path_edges": [
          [
            117,
            118
          ]
        ],
        "odd_prime": true,
        "raw_round_one_carry_exposed": true,
        "size_class": "small",
        "support_columns_zero_based": [
          1,
          117,
          118,
          137,
          144,
          147
        ],
        "uniform_chain_connected": false,
        "uniform_chain_edges": [
          [
            117,
            118
          ]
        ]
      },
      "53201": {
        "candidate_provenance_bucket_count": 2,
        "degree": 2,
        "feedback_oriented_trajectory_count": 2,
        "mixed_endpoint_path_edges": [],
        "odd_prime": true,
        "raw_round_one_carry_exposed": true,
        "size_class": "large",
        "support_columns_zero_based": [
          4,
          85
        ],
        "uniform_chain_connected": false,
        "uniform_chain_edges": []
      },
      "5437": {
        "candidate_provenance_bucket_count": 2,
        "degree": 2,
        "feedback_oriented_trajectory_count": 2,
        "mixed_endpoint_path_edges": [],
        "odd_prime": true,
        "raw_round_one_carry_exposed": false,
        "size_class": "large",
        "support_columns_zero_based": [
          7,
          165
        ],
        "uniform_chain_connected": false,
        "uniform_chain_edges": []
      },
      "557": {
        "candidate_provenance_bucket_count": 4,
        "degree": 4,
        "feedback_oriented_trajectory_count": 4,
        "mixed_endpoint_path_edges": [],
        "odd_prime": true,
        "raw_round_one_carry_exposed": true,
        "size_class": "small",
        "support_columns_zero_based": [
          8,
          41,
          118,
          130
        ],
        "uniform_chain_connected": false,
        "uniform_chain_edges": []
      },
      "559781": {
        "candidate_provenance_bucket_count": 1,
        "degree": 2,
        "feedback_oriented_trajectory_count": 1,
        "mixed_endpoint_path_edges": [
          [
            66,
            67
          ]
        ],
        "odd_prime": true,
        "raw_round_one_carry_exposed": true,
        "size_class": "large",
        "support_columns_zero_based": [
          66,
          67
        ],
        "uniform_chain_connected": true,
        "uniform_chain_edges": [
          [
            66,
            67
          ]
        ]
      },
      "563": {
        "candidate_provenance_bucket_count": 2,
        "degree": 2,
        "feedback_oriented_trajectory_count": 2,
        "mixed_endpoint_path_edges": [],
        "odd_prime": true,
        "raw_round_one_carry_exposed": false,
        "size_class": "small",
        "support_columns_zero_based": [
          9,
          61
        ],
        "uniform_chain_connected": false,
        "uniform_chain_edges": []
      },
      "5659": {
        "candidate_provenance_bucket_count": 1,
        "degree": 2,
        "feedback_oriented_trajectory_count": 1,
        "mixed_endpoint_path_edges": [],
        "odd_prime": true,
        "raw_round_one_carry_exposed": false,
        "size_class": "large",
        "support_columns_zero_based": [
          2,
          9
        ],
        "uniform_chain_connected": false,
        "uniform_chain_edges": []
      },
      "5683": {
        "candidate_provenance_bucket_count": 1,
        "degree": 2,
        "feedback_oriented_trajectory_count": 1,
        "mixed_endpoint_path_edges": [],
        "odd_prime": true,
        "raw_round_one_carry_exposed": false,
        "size_class": "large",
        "support_columns_zero_based": [
          11,
          15
        ],
        "uniform_chain_connected": false,
        "uniform_chain_edges": []
      },
      "571": {
        "candidate_provenance_bucket_count": 2,
        "degree": 2,
        "feedback_oriented_trajectory_count": 2,
        "mixed_endpoint_path_edges": [],
        "odd_prime": true,
        "raw_round_one_carry_exposed": true,
        "size_class": "small",
        "support_columns_zero_based": [
          30,
          82
        ],
        "uniform_chain_connected": false,
        "uniform_chain_edges": []
      },
      "5851": {
        "candidate_provenance_bucket_count": 2,
        "degree": 2,
        "feedback_oriented_trajectory_count": 2,
        "mixed_endpoint_path_edges": [],
        "odd_prime": true,
        "raw_round_one_carry_exposed": false,
        "size_class": "large",
        "support_columns_zero_based": [
          23,
          65
        ],
        "uniform_chain_connected": false,
        "uniform_chain_edges": []
      },
      "587": {
        "candidate_provenance_bucket_count": 2,
        "degree": 2,
        "feedback_oriented_trajectory_count": 2,
        "mixed_endpoint_path_edges": [],
        "odd_prime": true,
        "raw_round_one_carry_exposed": true,
        "size_class": "small",
        "support_columns_zero_based": [
          24,
          132
        ],
        "uniform_chain_connected": false,
        "uniform_chain_edges": []
      },
      "59": {
        "candidate_provenance_bucket_count": 6,
        "degree": 10,
        "feedback_oriented_trajectory_count": 6,
        "mixed_endpoint_path_edges": [
          [
            34,
            35
          ],
          [
            129,
            130
          ]
        ],
        "odd_prime": true,
        "raw_round_one_carry_exposed": true,
        "size_class": "small",
        "support_columns_zero_based": [
          9,
          34,
          35,
          86,
          100,
          128,
          129,
          130,
          147,
          154
        ],
        "uniform_chain_connected": false,
        "uniform_chain_edges": [
          [
            34,
            35
          ],
          [
            129,
            130
          ]
        ]
      },
      "593": {
        "candidate_provenance_bucket_count": 2,
        "degree": 4,
        "feedback_oriented_trajectory_count": 2,
        "mixed_endpoint_path_edges": [
          [
            31,
            32
          ],
          [
            31,
            33
          ],
          [
            32,
            33
          ]
        ],
        "odd_prime": true,
        "raw_round_one_carry_exposed": true,
        "size_class": "small",
        "support_columns_zero_based": [
          31,
          32,
          33,
          154
        ],
        "uniform_chain_connected": false,
        "uniform_chain_edges": [
          [
            31,
            32
          ],
          [
            31,
            33
          ],
          [
            32,
            33
          ]
        ]
      },
      "5981": {
        "candidate_provenance_bucket_count": 1,
        "degree": 2,
        "feedback_oriented_trajectory_count": 1,
        "mixed_endpoint_path_edges": [
          [
            82,
            83
          ]
        ],
        "odd_prime": true,
        "raw_round_one_carry_exposed": true,
        "size_class": "large",
        "support_columns_zero_based": [
          82,
          83
        ],
        "uniform_chain_connected": true,
        "uniform_chain_edges": [
          [
            82,
            83
          ]
        ]
      },
      "61": {
        "candidate_provenance_bucket_count": 6,
        "degree": 12,
        "feedback_oriented_trajectory_count": 6,
        "mixed_endpoint_path_edges": [],
        "odd_prime": true,
        "raw_round_one_carry_exposed": true,
        "size_class": "small",
        "support_columns_zero_based": [
          7,
          14,
          32,
          51,
          53,
          82,
          119,
          124,
          128,
          132,
          152,
          158
        ],
        "uniform_chain_connected": false,
        "uniform_chain_edges": []
      },
      "611837": {
        "candidate_provenance_bucket_count": 1,
        "degree": 2,
        "feedback_oriented_trajectory_count": 1,
        "mixed_endpoint_path_edges": [
          [
            38,
            39
          ]
        ],
        "odd_prime": true,
        "raw_round_one_carry_exposed": true,
        "size_class": "large",
        "support_columns_zero_based": [
          38,
          39
        ],
        "uniform_chain_connected": true,
        "uniform_chain_edges": [
          [
            38,
            39
          ]
        ]
      },
      "613": {
        "candidate_provenance_bucket_count": 1,
        "degree": 2,
        "feedback_oriented_trajectory_count": 1,
        "mixed_endpoint_path_edges": [
          [
            77,
            78
          ]
        ],
        "odd_prime": true,
        "raw_round_one_carry_exposed": true,
        "size_class": "small",
        "support_columns_zero_based": [
          77,
          78
        ],
        "uniform_chain_connected": true,
        "uniform_chain_edges": [
          [
            77,
            78
          ]
        ]
      },
      "619": {
        "candidate_provenance_bucket_count": 4,
        "degree": 4,
        "feedback_oriented_trajectory_count": 3,
        "mixed_endpoint_path_edges": [],
        "odd_prime": true,
        "raw_round_one_carry_exposed": true,
        "size_class": "small",
        "support_columns_zero_based": [
          0,
          12,
          101,
          116
        ],
        "uniform_chain_connected": false,
        "uniform_chain_edges": []
      },
      "6217": {
        "candidate_provenance_bucket_count": 1,
        "degree": 2,
        "feedback_oriented_trajectory_count": 1,
        "mixed_endpoint_path_edges": [
          [
            114,
            116
          ]
        ],
        "odd_prime": true,
        "raw_round_one_carry_exposed": true,
        "size_class": "large",
        "support_columns_zero_based": [
          114,
          116
        ],
        "uniform_chain_connected": true,
        "uniform_chain_edges": [
          [
            114,
            116
          ]
        ]
      },
      "62549": {
        "candidate_provenance_bucket_count": 2,
        "degree": 2,
        "feedback_oriented_trajectory_count": 2,
        "mixed_endpoint_path_edges": [],
        "odd_prime": true,
        "raw_round_one_carry_exposed": false,
        "size_class": "large",
        "support_columns_zero_based": [
          96,
          139
        ],
        "uniform_chain_connected": false,
        "uniform_chain_edges": []
      },
      "6269": {
        "candidate_provenance_bucket_count": 2,
        "degree": 2,
        "feedback_oriented_trajectory_count": 2,
        "mixed_endpoint_path_edges": [],
        "odd_prime": true,
        "raw_round_one_carry_exposed": true,
        "size_class": "large",
        "support_columns_zero_based": [
          120,
          145
        ],
        "uniform_chain_connected": false,
        "uniform_chain_edges": []
      },
      "6277": {
        "candidate_provenance_bucket_count": 2,
        "degree": 2,
        "feedback_oriented_trajectory_count": 2,
        "mixed_endpoint_path_edges": [],
        "odd_prime": true,
        "raw_round_one_carry_exposed": true,
        "size_class": "large",
        "support_columns_zero_based": [
          92,
          139
        ],
        "uniform_chain_connected": false,
        "uniform_chain_edges": []
      },
      "6361": {
        "candidate_provenance_bucket_count": 2,
        "degree": 2,
        "feedback_oriented_trajectory_count": 2,
        "mixed_endpoint_path_edges": [],
        "odd_prime": true,
        "raw_round_one_carry_exposed": true,
        "size_class": "large",
        "support_columns_zero_based": [
          81,
          146
        ],
        "uniform_chain_connected": false,
        "uniform_chain_edges": []
      },
      "6415979": {
        "candidate_provenance_bucket_count": 1,
        "degree": 2,
        "feedback_oriented_trajectory_count": 1,
        "mixed_endpoint_path_edges": [
          [
            121,
            122
          ]
        ],
        "odd_prime": true,
        "raw_round_one_carry_exposed": true,
        "size_class": "large",
        "support_columns_zero_based": [
          121,
          122
        ],
        "uniform_chain_connected": true,
        "uniform_chain_edges": [
          [
            121,
            122
          ]
        ]
      },
      "6449": {
        "candidate_provenance_bucket_count": 2,
        "degree": 2,
        "feedback_oriented_trajectory_count": 2,
        "mixed_endpoint_path_edges": [],
        "odd_prime": true,
        "raw_round_one_carry_exposed": false,
        "size_class": "large",
        "support_columns_zero_based": [
          19,
          150
        ],
        "uniform_chain_connected": false,
        "uniform_chain_edges": []
      },
      "647": {
        "candidate_provenance_bucket_count": 2,
        "degree": 4,
        "feedback_oriented_trajectory_count": 2,
        "mixed_endpoint_path_edges": [],
        "odd_prime": true,
        "raw_round_one_carry_exposed": true,
        "size_class": "small",
        "support_columns_zero_based": [
          51,
          142,
          152,
          164
        ],
        "uniform_chain_connected": false,
        "uniform_chain_edges": []
      },
      "653": {
        "candidate_provenance_bucket_count": 2,
        "degree": 2,
        "feedback_oriented_trajectory_count": 2,
        "mixed_endpoint_path_edges": [],
        "odd_prime": true,
        "raw_round_one_carry_exposed": true,
        "size_class": "small",
        "support_columns_zero_based": [
          43,
          101
        ],
        "uniform_chain_connected": false,
        "uniform_chain_edges": []
      },
      "6689": {
        "candidate_provenance_bucket_count": 2,
        "degree": 2,
        "feedback_oriented_trajectory_count": 2,
        "mixed_endpoint_path_edges": [],
        "odd_prime": true,
        "raw_round_one_carry_exposed": true,
        "size_class": "large",
        "support_columns_zero_based": [
          7,
          123
        ],
        "uniform_chain_connected": false,
        "uniform_chain_edges": []
      },
      "67": {
        "candidate_provenance_bucket_count": 6,
        "degree": 10,
        "feedback_oriented_trajectory_count": 6,
        "mixed_endpoint_path_edges": [],
        "odd_prime": true,
        "raw_round_one_carry_exposed": true,
        "size_class": "small",
        "support_columns_zero_based": [
          22,
          25,
          40,
          46,
          63,
          84,
          87,
          141,
          147,
          164
        ],
        "uniform_chain_connected": false,
        "uniform_chain_edges": []
      },
      "6829": {
        "candidate_provenance_bucket_count": 2,
        "degree": 2,
        "feedback_oriented_trajectory_count": 2,
        "mixed_endpoint_path_edges": [],
        "odd_prime": true,
        "raw_round_one_carry_exposed": true,
        "size_class": "large",
        "support_columns_zero_based": [
          6,
          124
        ],
        "uniform_chain_connected": false,
        "uniform_chain_edges": []
      },
      "7": {
        "candidate_provenance_bucket_count": 8,
        "degree": 52,
        "feedback_oriented_trajectory_count": 8,
        "mixed_endpoint_path_edges": [
          [
            47,
            48
          ],
          [
            66,
            67
          ],
          [
            77,
            78
          ],
          [
            89,
            90
          ],
          [
            109,
            110
          ],
          [
            126,
            127
          ],
          [
            129,
            130
          ],
          [
            156,
            157
          ]
        ],
        "odd_prime": true,
        "raw_round_one_carry_exposed": true,
        "size_class": "small",
        "support_columns_zero_based": [
          8,
          11,
          15,
          18,
          21,
          23,
          24,
          26,
          30,
          35,
          37,
          40,
          44,
          47,
          48,
          59,
          65,
          66,
          67,
          70,
          75,
          77,
          78,
          79,
          89,
          90,
          92,
          97,
          100,
          105,
          108,
          109,
          110,
          112,
          113,
          116,
          120,
          125,
          126,
          127,
          129,
          130,
          131,
          135,
          137,
          139,
          142,
          149,
          150,
          154,
          156,
          157
        ],
        "uniform_chain_connected": false,
        "uniform_chain_edges": [
          [
            47,
            48
          ],
          [
            66,
            67
          ],
          [
            77,
            78
          ],
          [
            89,
            90
          ],
          [
            109,
            110
          ],
          [
            126,
            127
          ],
          [
            129,
            130
          ],
          [
            156,
            157
          ]
        ]
      },
      "71": {
        "candidate_provenance_bucket_count": 6,
        "degree": 10,
        "feedback_oriented_trajectory_count": 6,
        "mixed_endpoint_path_edges": [
          [
            161,
            162
          ]
        ],
        "odd_prime": true,
        "raw_round_one_carry_exposed": true,
        "size_class": "small",
        "support_columns_zero_based": [
          14,
          23,
          56,
          76,
          139,
          142,
          145,
          159,
          161,
          162
        ],
        "uniform_chain_connected": false,
        "uniform_chain_edges": [
          [
            161,
            162
          ]
        ]
      },
      "719": {
        "candidate_provenance_bucket_count": 2,
        "degree": 2,
        "feedback_oriented_trajectory_count": 2,
        "mixed_endpoint_path_edges": [],
        "odd_prime": true,
        "raw_round_one_carry_exposed": true,
        "size_class": "small",
        "support_columns_zero_based": [
          115,
          140
        ],
        "uniform_chain_connected": false,
        "uniform_chain_edges": []
      },
      "727": {
        "candidate_provenance_bucket_count": 2,
        "degree": 2,
        "feedback_oriented_trajectory_count": 2,
        "mixed_endpoint_path_edges": [],
        "odd_prime": true,
        "raw_round_one_carry_exposed": true,
        "size_class": "small",
        "support_columns_zero_based": [
          57,
          153
        ],
        "uniform_chain_connected": false,
        "uniform_chain_edges": []
      },
      "73": {
        "candidate_provenance_bucket_count": 4,
        "degree": 4,
        "feedback_oriented_trajectory_count": 4,
        "mixed_endpoint_path_edges": [],
        "odd_prime": true,
        "raw_round_one_carry_exposed": true,
        "size_class": "small",
        "support_columns_zero_based": [
          23,
          97,
          119,
          155
        ],
        "uniform_chain_connected": false,
        "uniform_chain_edges": []
      },
      "739": {
        "candidate_provenance_bucket_count": 1,
        "degree": 2,
        "feedback_oriented_trajectory_count": 1,
        "mixed_endpoint_path_edges": [],
        "odd_prime": true,
        "raw_round_one_carry_exposed": true,
        "size_class": "small",
        "support_columns_zero_based": [
          58,
          63
        ],
        "uniform_chain_connected": false,
        "uniform_chain_edges": []
      },
      "7561": {
        "candidate_provenance_bucket_count": 2,
        "degree": 2,
        "feedback_oriented_trajectory_count": 2,
        "mixed_endpoint_path_edges": [],
        "odd_prime": true,
        "raw_round_one_carry_exposed": true,
        "size_class": "large",
        "support_columns_zero_based": [
          19,
          93
        ],
        "uniform_chain_connected": false,
        "uniform_chain_edges": []
      },
      "761": {
        "candidate_provenance_bucket_count": 2,
        "degree": 2,
        "feedback_oriented_trajectory_count": 2,
        "mixed_endpoint_path_edges": [],
        "odd_prime": true,
        "raw_round_one_carry_exposed": true,
        "size_class": "small",
        "support_columns_zero_based": [
          97,
          151
        ],
        "uniform_chain_connected": false,
        "uniform_chain_edges": []
      },
      "7817": {
        "candidate_provenance_bucket_count": 2,
        "degree": 2,
        "feedback_oriented_trajectory_count": 2,
        "mixed_endpoint_path_edges": [],
        "odd_prime": true,
        "raw_round_one_carry_exposed": true,
        "size_class": "large",
        "support_columns_zero_based": [
          10,
          133
        ],
        "uniform_chain_connected": false,
        "uniform_chain_edges": []
      },
      "787": {
        "candidate_provenance_bucket_count": 2,
        "degree": 2,
        "feedback_oriented_trajectory_count": 2,
        "mixed_endpoint_path_edges": [],
        "odd_prime": true,
        "raw_round_one_carry_exposed": true,
        "size_class": "large",
        "support_columns_zero_based": [
          43,
          65
        ],
        "uniform_chain_connected": false,
        "uniform_chain_edges": []
      },
      "79": {
        "candidate_provenance_bucket_count": 4,
        "degree": 6,
        "feedback_oriented_trajectory_count": 4,
        "mixed_endpoint_path_edges": [],
        "odd_prime": true,
        "raw_round_one_carry_exposed": true,
        "size_class": "small",
        "support_columns_zero_based": [
          5,
          27,
          45,
          58,
          61,
          105
        ],
        "uniform_chain_connected": false,
        "uniform_chain_edges": []
      },
      "797": {
        "candidate_provenance_bucket_count": 2,
        "degree": 2,
        "feedback_oriented_trajectory_count": 2,
        "mixed_endpoint_path_edges": [],
        "odd_prime": true,
        "raw_round_one_carry_exposed": true,
        "size_class": "large",
        "support_columns_zero_based": [
          105,
          112
        ],
        "uniform_chain_connected": false,
        "uniform_chain_edges": []
      },
      "811": {
        "candidate_provenance_bucket_count": 2,
        "degree": 2,
        "feedback_oriented_trajectory_count": 2,
        "mixed_endpoint_path_edges": [],
        "odd_prime": true,
        "raw_round_one_carry_exposed": true,
        "size_class": "large",
        "support_columns_zero_based": [
          78,
          115
        ],
        "uniform_chain_connected": false,
        "uniform_chain_edges": []
      },
      "816223": {
        "candidate_provenance_bucket_count": 1,
        "degree": 2,
        "feedback_oriented_trajectory_count": 1,
        "mixed_endpoint_path_edges": [
          [
            74,
            75
          ]
        ],
        "odd_prime": true,
        "raw_round_one_carry_exposed": true,
        "size_class": "large",
        "support_columns_zero_based": [
          74,
          75
        ],
        "uniform_chain_connected": true,
        "uniform_chain_edges": [
          [
            74,
            75
          ]
        ]
      },
      "81853": {
        "candidate_provenance_bucket_count": 1,
        "degree": 2,
        "feedback_oriented_trajectory_count": 1,
        "mixed_endpoint_path_edges": [
          [
            49,
            50
          ]
        ],
        "odd_prime": true,
        "raw_round_one_carry_exposed": true,
        "size_class": "large",
        "support_columns_zero_based": [
          49,
          50
        ],
        "uniform_chain_connected": true,
        "uniform_chain_edges": [
          [
            49,
            50
          ]
        ]
      },
      "827": {
        "candidate_provenance_bucket_count": 2,
        "degree": 2,
        "feedback_oriented_trajectory_count": 2,
        "mixed_endpoint_path_edges": [],
        "odd_prime": true,
        "raw_round_one_carry_exposed": true,
        "size_class": "large",
        "support_columns_zero_based": [
          3,
          81
        ],
        "uniform_chain_connected": false,
        "uniform_chain_edges": []
      },
      "829": {
        "candidate_provenance_bucket_count": 2,
        "degree": 2,
        "feedback_oriented_trajectory_count": 2,
        "mixed_endpoint_path_edges": [],
        "odd_prime": true,
        "raw_round_one_carry_exposed": true,
        "size_class": "large",
        "support_columns_zero_based": [
          68,
          135
        ],
        "uniform_chain_connected": false,
        "uniform_chain_edges": []
      },
      "83": {
        "candidate_provenance_bucket_count": 4,
        "degree": 8,
        "feedback_oriented_trajectory_count": 4,
        "mixed_endpoint_path_edges": [
          [
            49,
            50
          ],
          [
            87,
            88
          ]
        ],
        "odd_prime": true,
        "raw_round_one_carry_exposed": true,
        "size_class": "small",
        "support_columns_zero_based": [
          46,
          49,
          50,
          87,
          88,
          112,
          125,
          145
        ],
        "uniform_chain_connected": false,
        "uniform_chain_edges": [
          [
            49,
            50
          ],
          [
            87,
            88
          ]
        ]
      },
      "8329": {
        "candidate_provenance_bucket_count": 2,
        "degree": 2,
        "feedback_oriented_trajectory_count": 2,
        "mixed_endpoint_path_edges": [],
        "odd_prime": true,
        "raw_round_one_carry_exposed": true,
        "size_class": "large",
        "support_columns_zero_based": [
          62,
          138
        ],
        "uniform_chain_connected": false,
        "uniform_chain_edges": []
      },
      "83791": {
        "candidate_provenance_bucket_count": 1,
        "degree": 2,
        "feedback_oriented_trajectory_count": 1,
        "mixed_endpoint_path_edges": [
          [
            150,
            151
          ]
        ],
        "odd_prime": true,
        "raw_round_one_carry_exposed": true,
        "size_class": "large",
        "support_columns_zero_based": [
          150,
          151
        ],
        "uniform_chain_connected": true,
        "uniform_chain_edges": [
          [
            150,
            151
          ]
        ]
      },
      "8527": {
        "candidate_provenance_bucket_count": 1,
        "degree": 2,
        "feedback_oriented_trajectory_count": 1,
        "mixed_endpoint_path_edges": [
          [
            27,
            28
          ]
        ],
        "odd_prime": true,
        "raw_round_one_carry_exposed": true,
        "size_class": "large",
        "support_columns_zero_based": [
          27,
          28
        ],
        "uniform_chain_connected": true,
        "uniform_chain_edges": [
          [
            27,
            28
          ]
        ]
      },
      "85601": {
        "candidate_provenance_bucket_count": 1,
        "degree": 2,
        "feedback_oriented_trajectory_count": 1,
        "mixed_endpoint_path_edges": [
          [
            117,
            118
          ]
        ],
        "odd_prime": true,
        "raw_round_one_carry_exposed": true,
        "size_class": "large",
        "support_columns_zero_based": [
          117,
          118
        ],
        "uniform_chain_connected": true,
        "uniform_chain_edges": [
          [
            117,
            118
          ]
        ]
      },
      "857": {
        "candidate_provenance_bucket_count": 2,
        "degree": 2,
        "feedback_oriented_trajectory_count": 2,
        "mixed_endpoint_path_edges": [],
        "odd_prime": true,
        "raw_round_one_carry_exposed": true,
        "size_class": "large",
        "support_columns_zero_based": [
          35,
          92
        ],
        "uniform_chain_connected": false,
        "uniform_chain_edges": []
      },
      "8573": {
        "candidate_provenance_bucket_count": 1,
        "degree": 2,
        "feedback_oriented_trajectory_count": 1,
        "mixed_endpoint_path_edges": [
          [
            82,
            83
          ]
        ],
        "odd_prime": true,
        "raw_round_one_carry_exposed": true,
        "size_class": "large",
        "support_columns_zero_based": [
          82,
          83
        ],
        "uniform_chain_connected": true,
        "uniform_chain_edges": [
          [
            82,
            83
          ]
        ]
      },
      "859": {
        "candidate_provenance_bucket_count": 2,
        "degree": 2,
        "feedback_oriented_trajectory_count": 2,
        "mixed_endpoint_path_edges": [],
        "odd_prime": true,
        "raw_round_one_carry_exposed": true,
        "size_class": "large",
        "support_columns_zero_based": [
          41,
          99
        ],
        "uniform_chain_connected": false,
        "uniform_chain_edges": []
      },
      "8713": {
        "candidate_provenance_bucket_count": 1,
        "degree": 2,
        "feedback_oriented_trajectory_count": 1,
        "mixed_endpoint_path_edges": [
          [
            19,
            20
          ]
        ],
        "odd_prime": true,
        "raw_round_one_carry_exposed": true,
        "size_class": "large",
        "support_columns_zero_based": [
          19,
          20
        ],
        "uniform_chain_connected": true,
        "uniform_chain_edges": [
          [
            19,
            20
          ]
        ]
      },
      "87583": {
        "candidate_provenance_bucket_count": 1,
        "degree": 2,
        "feedback_oriented_trajectory_count": 1,
        "mixed_endpoint_path_edges": [
          [
            155,
            156
          ]
        ],
        "odd_prime": true,
        "raw_round_one_carry_exposed": true,
        "size_class": "large",
        "support_columns_zero_based": [
          155,
          156
        ],
        "uniform_chain_connected": true,
        "uniform_chain_edges": [
          [
            155,
            156
          ]
        ]
      },
      "881": {
        "candidate_provenance_bucket_count": 3,
        "degree": 4,
        "feedback_oriented_trajectory_count": 3,
        "mixed_endpoint_path_edges": [],
        "odd_prime": true,
        "raw_round_one_carry_exposed": false,
        "size_class": "large",
        "support_columns_zero_based": [
          20,
          32,
          57,
          123
        ],
        "uniform_chain_connected": false,
        "uniform_chain_edges": []
      },
      "89": {
        "candidate_provenance_bucket_count": 6,
        "degree": 6,
        "feedback_oriented_trajectory_count": 6,
        "mixed_endpoint_path_edges": [],
        "odd_prime": true,
        "raw_round_one_carry_exposed": true,
        "size_class": "small",
        "support_columns_zero_based": [
          11,
          63,
          118,
          119,
          159,
          163
        ],
        "uniform_chain_connected": false,
        "uniform_chain_edges": []
      },
      "89477": {
        "candidate_provenance_bucket_count": 2,
        "degree": 2,
        "feedback_oriented_trajectory_count": 2,
        "mixed_endpoint_path_edges": [],
        "odd_prime": true,
        "raw_round_one_carry_exposed": false,
        "size_class": "large",
        "support_columns_zero_based": [
          7,
          31
        ],
        "uniform_chain_connected": false,
        "uniform_chain_edges": []
      },
      "9463": {
        "candidate_provenance_bucket_count": 2,
        "degree": 2,
        "feedback_oriented_trajectory_count": 2,
        "mixed_endpoint_path_edges": [],
        "odd_prime": true,
        "raw_round_one_carry_exposed": false,
        "size_class": "large",
        "support_columns_zero_based": [
          38,
          70
        ],
        "uniform_chain_connected": false,
        "uniform_chain_edges": []
      },
      "9505619": {
        "candidate_provenance_bucket_count": 1,
        "degree": 2,
        "feedback_oriented_trajectory_count": 1,
        "mixed_endpoint_path_edges": [
          [
            107,
            108
          ]
        ],
        "odd_prime": true,
        "raw_round_one_carry_exposed": true,
        "size_class": "large",
        "support_columns_zero_based": [
          107,
          108
        ],
        "uniform_chain_connected": true,
        "uniform_chain_edges": [
          [
            107,
            108
          ]
        ]
      },
      "953": {
        "candidate_provenance_bucket_count": 1,
        "degree": 2,
        "feedback_oriented_trajectory_count": 1,
        "mixed_endpoint_path_edges": [
          [
            4,
            5
          ]
        ],
        "odd_prime": true,
        "raw_round_one_carry_exposed": true,
        "size_class": "large",
        "support_columns_zero_based": [
          4,
          5
        ],
        "uniform_chain_connected": true,
        "uniform_chain_edges": [
          [
            4,
            5
          ]
        ]
      },
      "96149": {
        "candidate_provenance_bucket_count": 1,
        "degree": 2,
        "feedback_oriented_trajectory_count": 1,
        "mixed_endpoint_path_edges": [
          [
            109,
            110
          ]
        ],
        "odd_prime": true,
        "raw_round_one_carry_exposed": true,
        "size_class": "large",
        "support_columns_zero_based": [
          109,
          110
        ],
        "uniform_chain_connected": true,
        "uniform_chain_edges": [
          [
            109,
            110
          ]
        ]
      },
      "967": {
        "candidate_provenance_bucket_count": 2,
        "degree": 2,
        "feedback_oriented_trajectory_count": 2,
        "mixed_endpoint_path_edges": [],
        "odd_prime": true,
        "raw_round_one_carry_exposed": true,
        "size_class": "large",
        "support_columns_zero_based": [
          17,
          28
        ],
        "uniform_chain_connected": false,
        "uniform_chain_edges": []
      },
      "97": {
        "candidate_provenance_bucket_count": 4,
        "degree": 4,
        "feedback_oriented_trajectory_count": 4,
        "mixed_endpoint_path_edges": [],
        "odd_prime": true,
        "raw_round_one_carry_exposed": true,
        "size_class": "small",
        "support_columns_zero_based": [
          5,
          26,
          53,
          110
        ],
        "uniform_chain_connected": false,
        "uniform_chain_edges": []
      },
      "983": {
        "candidate_provenance_bucket_count": 2,
        "degree": 2,
        "feedback_oriented_trajectory_count": 2,
        "mixed_endpoint_path_edges": [],
        "odd_prime": true,
        "raw_round_one_carry_exposed": true,
        "size_class": "large",
        "support_columns_zero_based": [
          54,
          84
        ],
        "uniform_chain_connected": false,
        "uniform_chain_edges": []
      }
    },
    "row_classification_sha256": "5f41883d2796f8d4932db639c0f126aabdbf26c781c11a1dcf2b4c8f365e47ee"
  },
  "input_hashes": {
    "experiments/F100_f98_dependency_structure/OUTPUT.json": "9bcf6217f412f837fab8e3d0b832e01c80fbd5afa1d173156ec93df95bd94076",
    "experiments/F98_multiseed_presentation_closure_kill/PUBLIC_REPLAY_OUTPUT.json": "ee17d7e3ba088f382c0a1c3adec6d1e328ab7a4a814df8d1f6273e41d19c24ab"
  },
  "r01_field_matches": {
    "N": true,
    "carry_state_counts": true,
    "category_stats": true,
    "columns": true,
    "consecutive_selected_pairs": true,
    "degree_two_rows": true,
    "degree_two_with_carry_edge": true,
    "full_nullity": true,
    "full_rank": true,
    "largest_no_carry_prime": true,
    "largest_prime": true,
    "n": true,
    "prime_rows": true,
    "public_bound": true,
    "row_class_counts": true,
    "two_zero_carry_selected_pairs": true
  },
  "status": "complete",
  "verifier_status": "PASS"
}
stderr:
