factor_bits	modulus_bits	cohort	index	p	q	N	B	H	parity	capacity	cleanup	cleanup_divisor	queries	leaves	central_cover	shifted_cover	proper_bits	saturated_bits	nondirect_bits	first_name	first_divisor	first_block	first_leaf	first_nondirect	control_central_root_factors	control_shifted_root_factors	control_tree_factors	control_tree_merges	control_tree_state_words	control_oracle_calls_central	control_oracle_calls_shifted	control_recompute_factors_central	control_recompute_factors_shifted	control_oracle_covers_central	control_oracle_covers_shifted
16	31	random	0	34439	45523	1567766597	39595	19797	odd	2	0		270	60240	1	1	1000700000806800000200800000001c40000	0000000000000000000000000000000000000	0000000000000000000000800000000000000	central.u0	34439	16618:961	29159	0	19797	19796	19797	19796	39593	14	14	19799	19793	1	1
16	31	random	1	39209	39443	1546520587	39325	19662	odd	26	0		270	60240	1	1	1000700020000000000200000000001c40000	0000000000000000000000000000000000000	0000000020000000000000000000000000000	central.projection14	39209	19630:32	1305	1	19662	19661	19662	19661	39323	14	14	19661	19655	1	1
16	31	random	2	37747	43801	1653356347	40661	20330	odd	6	0		270	60240	1	1	1008700000806800000200000000001c40001	0000000000000000000000000000000000000	0008000000000000000000000000000000001	central.transfer_r2	43801	11559:31	670	1	20330	20329	20330	20329	40659	15	14	20335	20326	1	1
16	32	random	3	62207	65521	4075864847	63842	31921	even	2	0		240	61200	1	0	1000700000000000000000000000000000000	0000000000000000000000000000000000000	0000000000000000000000000000000000000	central.u0	62207	30897:1024	30600	0	31921	31920	31921	31920	63841	15	15	31924	31919	1	1
16	32	random	4	40591	57149	2319735059	48163	24081	odd	2	0		240	61200	0	1	0000000004000000000200000000001c40000	0000000000000000000000000000000000000	0000000004000000000000000000000000000	central.product_hash03	40591	9280:8	48	1	24081	24080	24081	24080	48161	15	15	24082	24080	1	1
16	31	random	5	35327	39157	1383299339	37192	18596	even	2	0		270	60240	1	0	1000700000806800400000000000000000000	0000000000000000000000000000000000000	0000000000000000400000000000000000000	central.u0	35327	17622:512	15193	0	18596	18595	18596	18595	37191	14	14	18595	18592	1	1
16	32	random	6	41081	54347	2232629107	47250	23625	even	2	0		240	61200	1	1	1000700000a06800000200000000201c40000	0000000000000000000000000000000000000	0000000000200000000000000000200000000	central.product_hash06	54347	11796:32	744	1	23625	23624	23625	23624	47249	14	15	23626	23623	1	1
16	32	random	7	36847	59281	2184327007	46736	23368	even	6	0		238	61072	0	0	0000000000000000000000001000000000000	0000000000000000000000000000000000000	0000000000000000000000001000000000000	shifted.projection03	36847	20062:256	37776	1	23368	23367	23368	23367	46735	14	15	23365	23365	1	1
16	32	random	8	45763	58963	2698323769	51945	25972	odd	6	0		240	61200	1	0	1000700200806800000000000000000000000	0000000000000000000000000000000000000	0000000200000000000000000000000000000	central.projection10	58963	6491:8	32	1	25972	25971	25972	25971	51943	15	15	25968	25971	1	1
16	32	random	9	42307	62723	2653621961	51513	25756	odd	22	0		240	61200	0	0	0000000000000000000000000000800000000	0000000000000000000000000000000000000	0000000000000000000000000000800000000	shifted.product_hash06	62723	0:256	34832	1	25756	25755	25756	25755	51511	15	15	25753	25754	1	1
16	31	random	10	33703	34757	1171415171	34225	17112	odd	2	0		270	60240	1	1	1000700000200000000200000000001c40000	0000000000000000000000000000000000000	0000000000200000000000000000000000000	central.u0	33703	16600:512	15705	0	17112	17111	17112	17111	34223	14	14	17111	17107	1	1
16	31	random	11	36493	42073	1535369989	39183	19591	odd	12	0		270	60240	0	0	0000000000000000000000000000400000000	0000000000000000000000000000000000000	0000000000000000000000000000400000000	shifted.product_hash05	42073	4895:8	30168	1	19591	19590	19591	19590	39181	14	15	19589	19591	1	1
16	32	random	12	41333	62539	2584924487	50842	25421	even	2	0		240	61200	0	0	0000000000000000000000000000000000000	0000000000000000000000000000000000000	0000000000000000000000000000000000000				0	0	25421	25420	25421	25420	50841	14	15	25417	25422	1	1
16	31	random	13	33871	52069	1763629099	41995	20997	odd	6	0		270	60240	1	1	1000700004806800000200000000001c40000	0000000000000000000000000000000000000	0000000004000000000000000000000000000	central.product_hash03	33871	5233:64	1689	1	20997	20996	20997	20996	41993	15	15	21001	20996	1	1
16	32	random	14	54949	64151	3525033299	59371	29685	odd	2	0		240	61200	1	0	1000700000806800000000000000000000000	0000000000000000000000000000000000000	0000000000000000000000000000000000000	central.u0	54949	26543:1024	29576	0	29685	29684	29685	29684	59369	15	15	29688	29683	1	1
16	31	random	15	34819	45523	1585065337	39812	19906	even	6	0		270	60240	1	1	1000700000806800000200000000005c40000	0000000000000000000000000000000000000	0000000000000000000000000000000000000	central.u0	34819	16604:961	29159	0	19906	19905	19906	19905	39811	14	14	19907	19901	1	1
16	32	random	16	41201	61547	2535797947	50356	25178	even	2	0		240	61200	0	1	0000000002000000000200000000001c40000	0000000000000000000000000000000000000	0000000002000000000000000000000000000	central.product_hash02	41201	9686:32	680	1	25178	25177	25178	25177	50355	15	14	25180	25175	1	1
16	32	random	17	42611	52957	2256550727	47503	23751	odd	2	0		240	61200	0	0	0000000000000000000000000000000000000	0000000000000000000000000000000000000	0000000000000000000000000000000000000				0	0	23751	23750	23751	23750	47501	14	15	23750	23749	1	1
16	32	random	18	50387	52457	2643150859	51411	25705	odd	2	0		240	61200	1	1	1100700004000000000200000000101c40000	0000000000000000000000000000000000000	0000000004000000000000000000100000000	central.product_hash03	52457	18313:64	1608	1	25705	25704	25705	25704	51409	15	15	25708	25703	1	1
16	32	random	19	43801	52183	2285667583	47808	23904	even	6	0		240	61200	1	0	1000700000806800000000000002300000000	0000000000000000000000000000000000000	0000000000000000000000000002300000000	central.u0	43801	21838:256	7304	0	23904	23903	23904	23903	47807	14	15	23901	23903	1	1
16	31	random	20	34757	54851	1906456207	43662	21831	even	2	0		270	60240	1	1	1000700000806800000200000004011c40000	0000000000000000000000000000000000000	0000000000000000000000000004010000000	central.u0	34757	16607:961	27237	0	21831	21830	21831	21830	43661	15	14	21834	21828	1	1
16	31	random	21	37363	48479	1811320877	42559	21279	odd	2	0		270	60240	0	1	0000000880000000000200000000001c40000	0000000000000000000000000000000000000	0000000880000000000000000000000000000	central.projection12	37363	9996:128	3033	1	21279	21278	21279	21278	42557	14	14	21277	21278	1	1
16	32	random	22	56999	62869	3583470131	59862	29931	even	2	0		240	61200	0	0	0000000000000000000000000000000000000	0000000000000000000000000000000000000	0000000000000000000000000000000000000				0	0	29931	29930	29931	29930	59861	15	15	29932	29931	1	1
16	31	random	23	39541	46199	1826754659	42740	21370	even	2	0		270	60240	0	0	0000000001000000000000000000000000000	0000000000000000000000000000000000000	0000000001000000000000000000000000000	central.product_hash01	39541	5278:256	5721	1	21370	21369	21370	21369	42739	15	14	21372	21364	1	1
16	31	random	24	38711	49009	1897187399	43556	21778	even	2	0		270	60240	0	0	0000000000000000000000000002000000000	0000000000000000000000000000000000000	0000000000000000000000000002000000000	shifted.product_hash00	38711	8401:512	42241	1	21778	21777	21778	21777	43555	15	15	21778	21779	1	1
16	32	random	25	38593	65239	2517768727	50177	25088	odd	6	0		240	61200	0	0	0000000000000000000000000000000000000	0000000000000000000000000000000000000	0000000000000000000000000000000000000				0	0	25088	25087	25088	25087	50175	14	15	25087	25086	1	1
16	32	random	26	41183	62081	2556681823	50563	25281	odd	2	0		240	61200	1	0	1000700100806800000000000000000000000	0000000000000000000000000000000000000	0000000100000000000000000000000000000	central.projection09	62081	12632:16	248	1	25281	25280	25281	25280	50561	15	15	25279	25284	1	1
16	32	random	27	39659	65111	2582237149	50815	25407	odd	2	0		240	61200	1	1	1000700080000000000200000000001c40000	0000000000000000000000000000000000000	0000000080000000000000000000000000000	central.u0	39659	19829:8	112	0	25407	25406	25407	25406	50813	15	15	25409	25406	1	1
16	31	random	28	40063	45337	1816336231	42618	21309	even	6	0		270	60240	0	0	0000000000000000000000000000000000000	0000000000000000000000000000000000000	0000000000000000000000000000000000000				0	0	21309	21308	21309	21308	42617	15	15	21312	21311	1	1
16	31	random	29	42793	47903	2049913079	45275	22637	odd	2	0		270	60240	0	0	0000000000000000000000000000000000000	0000000000000000000000000000000000000	0000000000000000000000000000000000000				0	0	22637	22636	22637	22636	45273	15	15	22637	22637	1	1
16	31	random	30	35531	51347	1824410257	42713	21356	odd	2	0		270	60240	0	0	0000000000000000000000000000000000000	0000000000000000000000000000000000000	0000000000000000000000000000000000000				0	0	21356	21355	21356	21355	42711	15	15	21358	21353	1	1
16	32	random	31	50599	56269	2847155131	53358	26679	even	54	0		240	61200	0	0	0000000000000000000000000000000000000	0000000000000000000000000000000000000	0000000000000000000000000000000000000				0	0	26679	26678	26679	26678	53357	15	15	26680	26678	1	1
16	32	random	32	38611	57977	2238549947	47313	23656	odd	2	0		240	61200	0	0	0000000000000001000000000000000000000	0000000000000000000000000000000000000	0000000000000001000000000000000000000	central.pair_projection_diff01	57977	0,14192:256	30600	1	23656	23655	23656	23655	47311	15	15	23655	23657	1	1
16	31	random	33	39829	40771	1623868159	40297	20148	odd	6	0		270	60240	1	1	1000700000806800000200000000001c40000	0000000000000000000000000000000000000	0000000000000000000000000000000000000	central.u0	39829	19804:256	7769	0	20148	20147	20148	20147	40295	14	14	20145	20144	1	1
16	32	random	34	55103	61643	3396714229	58281	29140	odd	2	0		240	61200	0	1	0000000000000000000200000000001c40000	0000000000000000000000000000000000000	0000000000000000000000000000000000000	shifted.v0	55103	2339:1024	51984	0	29140	29139	29140	29139	58279	15	15	29141	29139	1	1
16	32	random	35	61151	61253	3745682203	61201	30600	odd	2	0		240	61200	1	1	1000780000000000000200000002001c40000	0000000000000000000000000000000000000	0000080000000000000000000002000000000	central.u0	61151	30568:32	840	0	30600	30599	30600	30599	61199	15	15	30603	30594	1	1
16	31	random	36	34613	34949	1209689737	34780	17390	even	4	0		270	60240	1	1	1000700000400000000200000000001c40000	0000000000000000000000000000000000000	0000200000400000000000000000000000000	central.transfer_det02	34613	9516:31	732	1	17390	17389	17390	17389	34779	14	14	17390	17387	1	1
16	32	random	37	44381	51343	2278653683	47735	23867	odd	2	0		240	61200	0	0	0000000000000000000000000000000000000	0000000000000000000000000000000000000	0000000000000000000000000000000000000				0	0	23867	23866	23867	23866	47733	14	15	23865	23864	1	1
16	32	random	38	42181	56663	2390102003	48888	24444	even	2	0		240	61200	1	1	1000700000806800000200000200001c40000	0000000000000000000000000000000000000	0000000000000000000000000200000000000	central.u0	42181	21015:1024	27528	0	24444	24443	24444	24443	48887	15	15	24444	24440	1	1
16	31	random	39	34361	52543	1805430023	42490	21245	even	2	0		270	60240	0	0	0000000000000000000000000000000000000	0000000000000000000000000000000000000	0000000000000000000000000000000000000				0	0	21245	21244	21245	21244	42489	14	15	21244	21248	1	1
16	31	random	40	33053	49459	1634768327	40432	20216	even	2	0		270	60240	0	0	0000020000000000100000000000100000000	0000000000000000000000000000000000000	0000020000000000100000000000100000000	central.projection02	49459	0:961	17627	1	20216	20215	20216	20215	40431	15	14	20218	20214	1	1
16	32	random	41	63559	65353	4153771327	64449	32224	odd	6	0		240	61200	1	1	1000700000000000000200000002001c40000	0000000000000000000000000000000000000	0000000000000000000000000002000000000	central.u0	63559	31712:512	15240	0	32224	32223	32224	32223	64447	15	15	32225	32217	1	1
16	31	random	42	43627	44959	1961426293	44287	22143	odd	6	0		270	60240	1	1	1000700000000000000200000000001c40000	0000000000000000000000000000000000000	0000000000000000000000000000000000000	central.u0	43627	21631:512	15705	0	22143	22142	22143	22142	44285	15	14	22144	22138	1	1
16	31	random	43	35831	43177	1547075087	39332	19666	even	2	0		268	59216	0	1	0000000000000000000200000008001c40000	0000000000000000000000000000000000000	0000000000000000000000000008000000000	shifted.product_hash02	43177	17590:31	30914	1	19666	19665	19666	19665	39331	15	14	19668	19665	1	1
16	32	random	44	56951	62987	3587172637	59893	29946	odd	2	0		240	61200	1	0	1000700000a06800000000000000000000000	0000000000000000000000000000000000000	0000000000200000000000000000000000000	central.product_hash06	56951	12542:128	3080	1	29946	29945	29946	29945	59891	15	15	29948	29944	1	1
16	32	random	45	44699	61169	2734193131	52289	26144	odd	2	0		240	61200	0	0	0000000000000000000000000000800000000	0000000000000000000000000000000000000	0000000000000000000000000000800000000	shifted.product_hash06	61169	26135:8	30720	1	26144	26143	26144	26143	52287	15	15	26145	26143	1	1
16	31	random	46	36523	37781	1379875463	37146	18573	even	2	0		270	60240	1	1	1000700004000000000200000004001c40000	0000000000000000000000000000000000000	0000000004000000000000000004000000000	central.u0	36523	18061:512	15705	0	18573	18572	18573	18572	37145	15	14	18578	18569	1	1
16	32	random	47	44839	55381	2483228659	49832	24916	even	6	0		240	61200	0	0	0000000000000000000000000000000000000	0000000000000000000000000000000000000	0000000000000000000000000000000000000				0	0	24916	24915	24916	24915	49831	15	14	24914	24912	1	1
16	32	random	48	53353	56473	3013003969	54890	27445	even	312	0		240	61200	1	0	1000700000000000000000000000000000000	0000000000000000000000000000000000000	0000000000000000000000000000000000000	central.u0	53353	26421:1024	30600	0	27445	27444	27445	27444	54889	15	15	27448	27444	1	1
16	32	random	49	48029	49537	2379212573	48777	24388	odd	4	0		240	61200	1	1	1000700000000000000280000000201c40000	0000000000000000000000000000000000000	0000000000000000000080000000200000000	central.u0	48029	23876:512	15240	0	24388	24387	24388	24387	48775	14	14	24387	24385	1	1
16	31	random	50	33521	44711	1498757431	38713	19356	odd	10	0		270	60240	0	1	0000000000000000000200000002011c40000	0000000000000000000000000000000000000	0000000000000000000000000002010000000	shifted.product_hash00	44711	4830:32	31073	1	19356	19355	19356	19355	38711	14	14	19356	19351	1	1
16	31	random	51	35117	46771	1642457207	40527	20263	odd	2	0		270	60240	0	1	2000000000000000000200000000101c40000	0000000000000000000000000000000000000	2000000000000000000000000000100000000	central.u1	46771	12664:64	2073	1	20263	20262	20263	20262	40525	14	15	20265	20263	1	1
16	31	random	52	39857	52067	2075234419	45554	22777	even	2	0		270	60240	0	1	0000000000000000000200004000005c40000	0000000000000000000000000000000000000	0000000000000000000000004000000000000	shifted.v0	39857	5692:8	30168	0	22777	22776	22777	22776	45553	15	14	22782	22769	1	1
16	32	random	53	48383	54667	2644953461	51429	25714	odd	2	0		240	61200	0	0	0000000004000000000000000000000000000	0000000000000000000000000000000000000	0000000004000000000000000000000000000	central.product_hash03	54667	16958:8	112	1	25714	25713	25714	25713	51427	15	15	25715	25711	1	1
16	32	random	54	47701	55511	2647930211	51458	25729	even	10	0		240	61200	1	1	1000700000806800000200000000001c40000	0000000000000000000000000000000000000	0000000000000000000000000000000000000	central.u0	47701	22877:1024	29576	0	25729	25728	25729	25728	51457	15	15	25730	25728	1	1
16	31	random	55	36821	37549	1382591729	37183	18591	odd	28	0		270	60240	1	1	1000700000000000000200000000001c40000	0000000000000000000000000000000000000	0000000000000000000000000000000000000	central.u0	36821	18335:256	8025	0	18591	18590	18591	18590	37181	14	15	18591	18587	1	1
16	32	random	56	44927	57389	2578315603	50777	25388	odd	2	0		240	61200	0	0	0000000000000000000000000000000000000	0000000000000000000000000000000000000	0000000000000000000000000000000000000				0	0	25388	25387	25388	25387	50775	15	14	25387	25386	1	1
16	31	random	57	40897	50777	2076626969	45570	22785	even	8	0		270	60240	0	0	0000000000000001000000000000000000000	0000000000000000000000000000000000000	0000000000000001000000000000000000000	central.pair_projection_diff01	40897	0,7617:16	30120	1	22785	22784	22785	22784	45569	14	14	22785	22781	1	1
16	32	random	58	41627	57223	2382021821	48805	24402	odd	2	0		240	61200	0	1	0000000000000000000200000000001c40000	0000000000000000000000000000000000000	0000000000000000000000000000000000000	shifted.v0	41627	6345:1024	56080	0	24402	24401	24402	24401	48803	14	14	24400	24400	1	1
16	31	random	59	36013	48157	1734278041	41644	20822	even	12	0		270	60240	0	1	0000000000000000000200000000001c40000	0000000000000000000000000000000000000	0000000000000000000000000000000000000	shifted.v0	36013	4965:961	51591	0	20822	20821	20822	20821	41643	14	15	20826	20817	1	1
16	31	random	60	42643	45971	1960341353	44275	22137	odd	2	0		270	60240	1	1	1000700000000000000210000000101c40000	0000000000000000000000000000000000000	0000000000000000000010000000100000000	central.u0	42643	21176:961	30120	0	22137	22136	22137	22136	44273	14	14	22135	22134	1	1
16	32	random	61	50539	64591	3264364549	57134	28567	even	6	0		240	61200	0	0	0000000008000000000000000000000000000	0000000000000000000000000000000000000	0000000008000000000000000000000000000	central.product_hash04	64591	0:64	968	1	28567	28566	28567	28566	57133	15	15	28564	28567	1	1
16	32	random	62	47737	61837	2951912869	54331	27165	odd	12	0		240	61200	1	1	1000700000806800000200000000001c40000	0000000000000000000000000000000000000	0000000000000000000000000000000000000	central.u0	47737	23850:128	3336	0	27165	27164	27165	27164	54329	14	15	27165	27164	1	1
16	32	random	63	53173	55487	2950410251	54317	27158	odd	2	0		240	61200	1	1	1000700000400000000200000006001c40000	0000000000000000000000000000000000000	0000000000400000000000000006000000000	central.product_hash07	55487	27030:128	3720	1	27158	27157	27158	27157	54315	15	15	27159	27154	1	1
16	32	random	64	45971	64951	2985862421	54643	27321	odd	10	0		240	61200	0	0	0000000000000000000000000000000000000	0000000000000000000000000000000000000	0000000000000000000000000000000000000				0	0	27321	27320	27321	27320	54641	15	15	27324	27319	1	1
16	31	random	65	35797	54193	1939946821	44044	22022	even	12	0		270	60240	0	1	000000000c000000000200000000001c40000	0000000000000000000000000000000000000	000000000c000000000000000000000000000	central.product_hash03	54193	20074:31	794	1	22022	22021	22022	22021	44043	14	14	22019	22017	1	1
16	32	random	66	43321	65287	2828298127	53181	26590	odd	6	0		240	61200	0	0	0000000000000000000000000000000000000	0000000000000000000000000000000000000	0000000000000000000000000000000000000				0	0	26590	26589	26590	26589	53179	15	14	26588	26587	1	1
16	31	random	67	38671	53699	2076594029	45569	22784	odd	2	0		270	60240	1	1	1000700000806800000200000000001c40000	0000000000000000000000000000000000000	0000000000000000000000000000000000000	central.u0	38671	19244:128	4057	0	22784	22783	22784	22783	45567	14	14	22780	22780	1	1
16	31	random	68	42463	45161	1917671543	43791	21895	odd	2	0		270	60240	1	0	1000700000500000000000000000000000000	0000000000000000000000000000000000000	0000000000500000000000000000000000000	central.product_hash07	42463	5339:32	1017	1	21895	21894	21895	21894	43789	14	14	21892	21890	1	1
16	31	random	69	32843	39761	1305870523	36136	18068	even	2	0		270	60240	0	0	0000000000000000000000000000000000000	0000000000000000000000000000000000000	0000000000000000000000000000000000000				0	0	18068	18067	18068	18067	36135	14	14	18066	18067	1	1
16	31	random	70	35437	49433	1751757221	41853	20926	odd	4	0		270	60240	0	1	0000000000000000000200000000201c40000	0000000000000000000000000000000000000	0000000000000000000000000000200000000	shifted.v0	35437	6132:512	41217	0	20926	20925	20926	20925	41851	14	14	20925	20921	1	1
16	32	random	71	46187	61417	2836666979	53260	26630	even	2	0		240	61200	0	1	0000000000000000000200000000001c40000	0000000000000000000000000000000000000	0000000000000000000000000000000000000	shifted.v0	46187	6079:1024	51984	0	26630	26629	26630	26629	53259	15	15	26633	26628	1	1
16	32	random	72	45613	50821	2318098273	48146	24073	even	84	0		240	61200	1	0	1000700000806800000000000000000000000	0000000000000000000000000000000000000	0000000000000000000000000000000000000	central.u0	45613	22726:128	3592	0	24073	24072	24073	24072	48145	15	14	24073	24072	1	1
16	32	random	73	44089	59621	2628630269	51270	25635	even	44	0		240	61200	0	0	0000000000014000000000000000000000000	0000000000000000000000000000000000000	0000000000014000000000000000000000000	central.adj_du1	44089	6392:64	1224	1	25635	25634	25635	25634	51269	14	15	25633	25639	1	1
16	31	random	74	39869	50129	1998593101	44705	22352	odd	4	0		270	60240	0	1	0000000000000000000200000002001c40000	0000000000000000000000000000000000000	0000000000000000000000000002000000000	shifted.v0	39869	4823:16	30336	0	22352	22351	22352	22351	44703	15	14	22351	22349	1	1
16	31	random	75	36919	52999	1956670081	44234	22117	even	6	0		270	60240	0	1	0000000001000000000200000000801c40000	0000000000000000000000000000000000000	0000000001000000000000000000800000000	central.product_hash01	36919	5401:512	10073	1	22117	22116	22117	22116	44233	14	14	22121	22114	1	1
16	31	random	76	39301	50387	1980259487	44500	22250	even	2	0		270	60240	1	1	1040700000806800000200000000001c40000	0000000000000000000000000000000000000	0040000000000000000000000000000000000	central.u0	39301	19643:8	112	0	22250	22249	22250	22249	44499	15	15	22249	22252	1	1
16	32	random	77	47339	53299	2523121361	50230	25115	even	2	0		240	61200	1	0	1000700000806800000000000000000000000	0000000000000000000000000000000000000	0000000000000000000000000000000000000	central.u0	47339	23586:128	3592	0	25115	25114	25115	25114	50229	15	15	25116	25117	1	1
16	31	random	78	40847	42019	1716350093	41428	20714	even	2	0		270	60240	1	1	1000702000806800000200000000001c40000	0000000000000000000000000000000000000	0000002000000000000000000000000000000	central.u0	40847	20266:256	7769	0	20714	20713	20714	20713	41427	15	15	20717	20712	1	1
16	32	random	79	43517	61651	2682866567	51796	25898	even	2	0		240	61200	0	0	0000000000000000000000000000000000000	0000000000000000000000000000000000000	0000000000000000000000000000000000000				0	0	25898	25897	25898	25897	51795	15	15	25899	25898	1	1
16	31	random	80	35509	46229	1641545561	40515	20257	odd	4	0		270	60240	1	1	1000700000806800000200000000101c40000	0000000000000000000000000000000000000	0000000000000000000000000000100000000	central.u0	35509	17340:961	29159	0	20257	20256	20257	20256	40513	14	14	20256	20257	1	1
16	31	random	81	35603	42337	1507324211	38824	19412	even	14	0		270	60240	1	0	1000700004806800000000000000000000000	0000000000000000000000000000000000000	0000000004000000000000000000000000000	central.product_hash03	42337	6155:8	64	1	19412	19411	19412	19411	38823	14	15	19410	19412	1	1
16	31	random	82	37493	50929	1909480997	43697	21848	odd	4	0		270	60240	0	0	0000000000000000000000000000000000000	0000000000000000000000000000000000000	0000000000000000000000000000000000000				0	0	21848	21847	21848	21847	43695	15	14	21850	21845	1	1
16	32	random	83	44111	57923	2555041453	50547	25273	odd	2	0		240	61200	0	1	0000000000000000000200000000001c40000	0000000000000000000000000000000000000	0000000000000000000000000000000000000	shifted.v0	44111	6254:256	36368	0	25273	25272	25273	25272	50545	15	15	25276	25268	1	1
16	32	random	84	55807	60317	3366110819	58018	29009	even	2	0		240	61200	1	1	1000700000806800000200000000001c40000	0000000000000000000000000000000000000	0000000000000000000000000000000000000	central.u0	55807	27856:128	3592	0	29009	29008	29009	29008	58017	14	15	29009	29007	1	1
16	31	random	85	41077	50129	2059148933	45377	22688	odd	4	0		268	60178	0	0	0000000020000000000000000000000000000	0000000000000000000000000000000000000	0000000020000000000000000000000000000	central.projection14	50129	15831:31	732	1	22688	22687	22688	22687	45375	14	14	22688	22682	1	1
16	32	random	86	47599	61441	2924530159	54078	27039	even	6	0		240	61200	0	1	0000000000000000000200000000001c40000	0000000000000000000000000000000000000	0000000000000000000000000000000000000	shifted.v0	47599	6257:512	41232	0	27039	27038	27039	27038	54077	15	15	27041	27040	1	1
16	32	random	87	46499	59833	2782174667	52746	26373	even	2	0		240	61200	0	0	0000000000000000000000000000000000000	0000000000000000000000000000000000000	0000000000000000000000000000000000000				0	0	26373	26372	26373	26372	52745	14	15	26373	26375	1	1
16	32	random	88	44453	57973	2577073769	50764	25382	even	4	0		240	61200	0	1	0000000001100000000200000000001c40000	0000000000000000000000000000000000000	0000000001100000000000000000000000000	central.product_hash01	57973	2876:16	184	1	25382	25381	25382	25381	50763	15	14	25379	25383	1	1
16	32	random	89	62533	65519	4097099627	64008	32004	even	2	0		240	61200	1	0	1000700000000000000000000008000000000	0000000000000000000000000000000000000	0000000000000000000000000008000000000	central.u0	62533	30980:1024	30600	0	32004	32003	32004	32003	64007	15	15	32004	32002	1	1
16	32	random	90	35401	63031	2231360431	47237	23618	odd	30	0		240	61200	1	1	1000702000806800000200000000001c40000	0000000000000000000000000000000000000	0000002000000000000000000000000000000	central.projection06	35401	5648:1024	21384	1	23618	23617	23618	23617	47235	15	15	23621	23615	1	1
16	32	random	91	58451	63521	3712865971	60933	30466	odd	10	0		240	61200	0	0	0000000000000000000000000000000000000	0000000000000000000000000000000000000	0000000000000000000000000000000000000				0	0	30466	30465	30466	30465	60931	15	15	30469	30465	1	1
16	32	random	92	40939	58997	2415278183	49145	24572	odd	2	0		240	61200	0	1	0000000000000000000200000000001c40000	0000000000000000000000000000000000000	0000000000000000000000000000000000000	shifted.v0	40939	8028:256	36880	0	24572	24571	24572	24571	49143	15	14	24572	24569	1	1
16	32	random	93	38791	57973	2248830643	47421	23710	odd	6	0		240	61200	1	0	1000700000806800000000000000000000000	0000000000000000000000000000000000000	0000000000000000000000000000000000000	central.u0	38791	18505:1024	27528	0	23710	23709	23710	23709	47419	15	15	23711	23709	1	1
16	31	random	94	32957	36691	1209225287	34773	17386	odd	2	0		270	60240	1	1	1000700000000000000a00000000801c40000	0000000000000000000000000000000000000	0000000000000000000800000000800000000	central.u0	32957	16425:961	30120	0	17386	17385	17386	17385	34771	14	15	17386	17389	1	1
16	31	random	95	34381	55793	1918219133	43797	21898	odd	4	0		270	60240	0	0	0000000000000000000000008000400000000	0000000000000000000000000000000000000	0000000000000000000000008000400000000	shifted.product_hash05	34381	13006:8	30216	1	21898	21897	21898	21897	43795	15	14	21899	21891	1	1
16	32	random	96	45439	58049	2637688511	51358	25679	even	2	0		240	61200	0	0	0000000000000000000000008000000000001	0000000000000000000000000000000000000	0000000000000000000000008000000000001	shifted.projection06	45439	1316:128	32912	1	25679	25678	25679	25678	51357	14	15	25676	25678	1	1
16	31	random	97	34061	58763	2001526543	44738	22369	even	2	0		270	60240	0	0	0000000000000000000000000000000000000	0000000000000000000000000000000000000	0000000000000000000000000000000000000				0	0	22369	22368	22369	22368	44737	15	15	22370	22367	1	1
16	31	random	98	33071	36767	1215921457	34870	17435	even	2	0		270	60240	1	0	1000700001806800000000000000000000000	0000000000000000000000000000000000000	0000000001000000000000000000000000000	central.u0	33071	16043:512	15193	0	17435	17434	17435	17434	34869	14	14	17434	17432	1	1
16	32	random	99	52009	64231	3340590079	57797	28898	odd	6	0		240	61200	1	0	1000700000806800000000000000000000000	0000000000000000000000000000000000000	0000000000000000000000000000000000000	central.u0	52009	25985:128	3080	0	28898	28897	28898	28897	57795	14	15	28896	28895	1	1
16	32	random	100	46021	54083	2488953743	49889	24944	odd	2	0		240	61200	1	0	1000700000806800000000000002000000000	0000000000000000000000000000000000000	0000000000000000000000000002000000000	central.u0	46021	22195:1024	29576	0	24944	24943	24944	24943	49887	14	15	24941	24942	1	1
16	32	random	101	39191	58831	2305645721	48017	24008	odd	10	0		240	61200	1	0	1000701004806800000000000000000000000	0000000000000000000000000000000000000	0000001004000000000000000000000000000	central.projection05	39191	0:256	4232	1	24008	24007	24008	24007	48015	15	14	24008	24008	1	1
16	31	random	102	38431	40483	1555802173	39443	19721	odd	18	0		270	60240	1	1	1000700000200000000200000000001c40000	0000000000000000000000000000000000000	0000000000200000000000000000000000000	central.u0	38431	19209:512	15705	0	19721	19720	19721	19720	39441	14	14	19722	19717	1	1
16	32	random	103	49459	60133	2974118047	54535	27267	odd	6	0		238	60944	0	0	0000000000000000000000000000000000000	0000000000000000000000000000000000000	0000000000000000000000000000000000000				0	0	27267	27266	27267	27266	54533	14	15	27264	27268	1	1
16	31	random	104	33613	51257	1722901541	41507	20753	odd	4	0		270	60240	1	1	1000700000886a00000200000000001c40000	0000000000000000000000000000000000000	0000000000080200000000000000000000000	central.adj_dv1	33613	1927:8	32	1	20753	20752	20753	20752	41505	14	14	20757	20748	1	1
16	31	random	105	36607	51817	1896864919	43553	21776	odd	6	0		270	60240	0	0	0000084000000000000000000000200000000	0000000000000000000000000000000000000	0000084000000000000000000000200000000	central.projection04	36607	21520:256	8025	1	21776	21775	21776	21775	43551	14	15	21774	21775	1	1
16	32	random	106	48619	52301	2542822319	50426	25213	even	2	0		240	61200	1	0	1020700000000000000000000000000000000	0000000000000000000000000000000000000	0020000000000000000000000000000000000	central.jet_resultant	48619	6301:8	48	1	25213	25212	25213	25212	50425	15	15	25214	25211	1	1
16	32	random	107	46747	62047	2900511109	53856	26928	even	18	0		240	61200	0	1	0000000000000000000240000000001c40000	0000000000000000000000000000000000000	0000000000000000000040000000000000000	shifted.jet_det12	62047	5315:8	30648	1	26928	26927	26928	26927	53855	15	15	26929	26926	1	1
16	32	random	108	42677	52673	2247925621	47412	23706	even	4	0		240	61200	1	0	1000700000806800000000000000800000000	0000000000000000000000000000000000000	0000000000000000000000000000800000000	central.u0	42677	21182:1024	29576	0	23706	23705	23706	23705	47411	15	15	23710	23705	1	1
16	31	random	109	34141	34159	1166222419	34149	17074	odd	6	0		270	60240	1	1	1100700000100000000600000000001c40000	0000000000000000000000000000000000000	0000000000100000000400000000000000000	central.u0	34141	17066:8	120	0	17074	17073	17074	17073	34147	14	14	17079	17067	1	1
16	32	random	110	57383	61583	3533817289	59445	29722	odd	2	0		240	61200	0	0	0000000000000000000000000000010000000	0000000000000000000000000000000000000	0000000000000000000000000000010000000	shifted.product_hash07	57383	7302:512	41232	1	29722	29721	29722	29721	59443	15	15	29725	29718	1	1
16	32	random	111	38861	56929	2212317869	47035	23517	odd	4	0		240	61200	1	0	1000700000806800000000000000000000000	0000000000000000000000000000000000000	0000000000000000000000000000000000000	central.u0	38861	19372:256	5768	0	23517	23516	23517	23516	47033	14	15	23516	23515	1	1
16	32	random	112	44269	49121	2174537549	46631	23315	odd	4	0		240	61200	1	0	1000700004806800000000000000000000000	0000000000000000000000000000000000000	0000000004000000000000000000000000000	central.product_hash03	49121	21012:64	1736	1	23315	23314	23315	23314	46629	15	14	23315	23313	1	1
16	31	random	113	44203	44383	1961861749	44292	22146	even	6	0		270	60240	1	1	1000700000000000000200000000011c40000	0000000000000000000000000000000000000	0000000000000000000000000000010000000	central.u0	44203	22082:64	2265	0	22146	22145	22146	22145	44291	15	14	22153	22141	1	1
16	32	random	114	56417	56897	3209958049	56656	28328	even	32	0		240	61200	1	1	1000700000000000000200000000001c40000	0000000000000000000000000000000000000	0000000000000000000000000000000000000	central.u0	56417	28200:128	3720	0	28328	28327	28328	28327	56655	15	15	28332	28322	1	1
16	32	random	115	61379	62981	3865710799	62174	31087	even	2	0		240	61200	1	1	1400700000000000000200000000001c40000	0000000000000000000000000000000000000	0400000000000000000000000000000000000	central.jet_det01	61379	15511:64	1480	1	31087	31086	31087	31086	62173	15	15	31088	31082	1	1
16	32	random	116	48799	57487	2805308113	52965	26482	odd	6	0		240	61200	0	1	0000000000000000000200000000001c40000	0000000000000000000000000000000000000	0000000000000000000000000000000000000	shifted.v0	48799	3959:512	40208	0	26482	26481	26482	26481	52963	14	14	26482	26477	1	1
16	32	random	117	44633	50077	2235086741	47276	23638	even	4	0		240	61200	0	1	0000000000400000000200000000001c40000	0000000000000000000000000000000000000	0000000000400000000000000000000000000	central.product_hash07	50077	11803:32	680	1	23638	23637	23638	23637	47275	15	15	23639	23637	1	1
16	32	random	118	43969	58937	2591400953	50905	25452	odd	8	0		240	61200	0	1	0000000000000000000200000000001c40000	0000000000000000000000000000000000000	0000000000000000000000000000000000000	shifted.v0	43969	6106:1024	49936	0	25452	25451	25452	25451	50903	15	15	25454	25450	1	1
16	31	random	119	37307	47017	1754063219	41881	20940	odd	2	0		270	60240	0	1	0000000000000400000200000000001e40000	0000000000000000000000000000000000000	0000000000000400000000000000000200000	central.adj_v_det12	47017	4994:961	23393	1	20940	20939	20940	20939	41879	15	14	20938	20939	1	1
16	32	random	120	54623	58603	3201071669	56578	28289	even	2	0		240	61200	1	1	1000700000806800000200100000001c40020	0000000000000000000000000000000000000	0000000000000000000000100000000000020	central.u0	54623	26871:512	14728	0	28289	28288	28289	28288	56577	15	14	28292	28287	1	1
16	31	random	121	34897	50159	1750398623	41837	20918	odd	2	0		270	60240	1	0	1000700000806800000000000000000000000	0000000000000000000000000000000000000	0000000000000000000000000000000000000	central.u0	34897	17329:256	7769	0	20918	20917	20918	20917	41835	15	15	20920	20917	1	1
16	31	random	122	45341	46817	2122729597	46073	23036	odd	4	0		270	60240	1	1	1000700000000000000200000000001c40000	0000000000000000000000000000000000000	0000000000000000000000000000000000000	central.u0	45341	22524:512	15705	0	23036	23035	23036	23035	46071	14	14	23037	23029	1	1
16	32	random	123	43499	62497	2718557003	52139	26069	odd	14	0		240	61200	0	0	0000000000000000000000000000000000000	0000000000000000000000000000000000000	0000000000000000000000000000000000000				0	0	26069	26068	26069	26068	52137	14	15	26069	26067	1	1
16	32	random	124	49697	51431	2555966407	50556	25278	even	2	0		240	61200	1	1	1000700000000000000200000000001c40000	0000000000000000000000000000000000000	0000000000000000000000000000000000000	central.u0	49697	24766:512	15240	0	25278	25277	25278	25277	50555	14	15	25279	25272	1	1
16	32	random	125	59029	63317	3737539193	61135	30567	odd	4	0		240	61200	1	1	1000700000806808000200000000001c40000	0000000000000000000000000000000000000	0000000000000008000000000000000000000	central.u0	59029	29119:1024	29576	0	30567	30566	30567	30566	61133	15	15	30570	30561	1	1
16	32	random	126	47681	51263	2444271103	49439	24719	odd	2	0		240	61200	1	0	1000700000000000000000000000000000000	0000000000000000000000000000000000000	0000000000000000000000000000000000000	central.u0	47681	23695:1024	30600	0	24719	24718	24719	24718	49437	14	15	24716	24715	1	1
16	32	random	127	62483	63671	3978355093	63074	31537	even	2	0		240	61200	1	1	1000700000000000000200000008001c40001	0000000000000000000000000000000000000	0000000000000000000000000008000000000	central.u0	62483	31025:512	15240	0	31537	31536	31537	31536	63073	15	15	31540	31534	1	1
16	32	consecutive	0	65519	65521	4292870399	65519	32759	odd	2	1	65519	0	0	0	0	0000000000000000000000000000000000000	0000000000000000000000000000000000000	0000000000000000000000000000000000000				0	0	32759	32758	32759	32758	65517	0	14	0	32745	0	0
16	32	consecutive	1	51421	51427	2644427767	51423	25711	odd	6	0		240	61200	1	1	1000700000000000000200000000001c40000	0000000000000000000000000000000000000	0000000000000000000000000000000000000	central.u0	51421	25703:8	120	0	25711	25710	25711	25710	51421	15	15	25717	25704	1	1
16	32	consecutive	2	57977	57991	3362144207	57983	28991	odd	2	0		240	61200	1	1	1000700000000000000200000000301c40000	0000000000000000000000000000000000000	0000000000000000000000000000300000000	central.u0	57977	28983:8	120	0	28991	28990	28991	28990	57981	15	15	28996	28984	1	1
16	32	consecutive	3	51131	51133	2614481423	51131	25565	odd	2	1	51131	0	0	0	0	0000000000000000000000000000000000000	0000000000000000000000000000000000000	0000000000000000000000000000000000000				0	0	25565	25564	25565	25564	51129	0	14	0	25555	0	0
16	32	consecutive	4	57559	57571	3313729189	57564	28782	even	6	0		240	61200	1	1	1000700000000000000200000000005c40000	0000000000000000000000000000000000000	0000000000000000000000000000000000000	central.u0	57559	28774:8	120	0	28782	28781	28782	28781	57563	15	15	28788	28776	1	1
16	32	consecutive	5	46757	46769	2186778133	46762	23381	even	4	0		240	61200	1	1	1000700000000000000200000008805c40040	0000000000000000000000000000000000000	0000000000000000000000000008800000000	central.u0	46757	23373:8	120	0	23381	23380	23381	23380	46761	14	15	23385	23375	1	1
16	32	consecutive	6	57047	57059	3255044773	57052	28526	even	2	0		240	61200	1	1	1000700000000000000204000002005c40000	0000000000000000000000000000000000000	0000000000000000000004000002000000000	central.u0	57047	28518:8	120	0	28526	28525	28526	28525	57051	15	15	28529	28516	1	1
16	31	consecutive	7	43969	43973	1933448837	43970	21985	even	4	0		270	60240	1	1	1000700000000000000200000000000000000	0000000000000000000000000000000000000	0000000000000000000000000000000000000	central.u0	43969	21977:8	120	0	21985	21984	21985	21984	43969	15	14	21992	21977	1	1
16	32	consecutive	8	62219	62233	3872075027	62225	31112	odd	2	0		238	61072	1	1	1000700000000000000200000000001c40000	0000000000000000000000000000000000000	0000000000000000000000000000000000000	central.u0	62219	31104:8	120	0	31112	31111	31112	31111	62223	15	15	31117	31105	1	1
16	31	consecutive	9	39119	39133	1530843827	39125	19562	odd	2	0		270	60240	1	1	1000700000014000000200000002001c40000	0000000000000000000000000000000000000	0000000000014000000000000000000000000	central.u0	39119	19554:8	120	0	19562	19561	19562	19561	39123	14	14	19567	19555	1	1
16	32	consecutive	10	46591	46601	2171187191	46595	23297	odd	10	0		240	61200	1	1	1000700000000000000200000000001c40000	0000000000000000000000000000000000000	0000000000000000000000000000000000000	central.u0	46591	23289:8	120	0	23297	23296	23297	23296	46593	15	15	23306	23294	1	1
16	31	consecutive	11	33317	33329	1110422293	33322	16661	even	4	0		270	60240	1	1	1000700000200000000200000000005c40000	0000000000000000000000000000000000000	0000000000200000000000000000000000000	central.u0	33317	16653:8	120	0	16661	16660	16661	16660	33321	14	14	16669	16656	1	1
16	31	consecutive	12	40237	40241	1619177117	40238	20119	even	4	0		270	60240	1	1	1000700000000000000200000000000000000	0000000000000000000000000000000000000	0000000000000000000000000000000000000	central.u0	40237	20111:8	120	0	20119	20118	20119	20118	40237	15	14	20125	20110	1	1
16	32	consecutive	13	51817	51827	2685519659	51821	25910	odd	2	0		240	61200	1	1	1000700009400000000200000040001c40000	0000000000000000000000000000000000000	0000000009000000000000000040000000000	central.u0	51817	25902:8	120	0	25910	25909	25910	25909	51819	15	14	25916	25901	1	1
16	32	consecutive	14	49369	49391	2438384279	49379	24689	odd	22	0		240	61200	1	1	1000700000000000008200400000001c40000	0000000000000000000000000000000000000	0000000000000000008000400000000000000	central.u0	49369	24681:8	120	0	24689	24688	24689	24688	49377	15	14	24697	24683	1	1
16	32	consecutive	15	49537	49547	2454409739	49541	24770	odd	2	0		240	61200	1	1	1000700000400000000200000002001c40001	0000000000000000000000000000000000000	0000000000400000000000000002000000000	central.u0	49537	24762:8	120	0	24770	24769	24770	24769	49539	15	14	24779	24764	1	1
16	32	consecutive	16	47779	47791	2283406189	47784	23892	even	6	0		238	60176	1	1	1000700000000000000200000000005c40000	0000000000000000000000000000000000000	0000000000000000000000000000000000000	central.u0	47779	23884:8	120	0	23892	23891	23892	23891	47783	14	15	23895	23885	1	1
16	32	consecutive	17	62459	62467	3901626353	62462	31231	even	2	0		240	61200	1	1	1000700000000000000200000000011c40000	0000000000000000000000000000000000000	0000000000000000000000000000010000000	central.u0	62459	31223:8	120	0	31231	31230	31231	31230	62461	15	15	31233	31220	1	1
16	32	consecutive	18	65357	65371	4272452447	65363	32681	odd	2	0		240	61200	1	1	1000740000000000000200000000001c40000	0000000000000000000000000000000000000	0000040000000000000000000000000000000	central.u0	65357	32673:8	120	0	32681	32680	32681	32680	65361	15	15	32685	32673	1	1
16	32	consecutive	19	63391	63397	4018799227	63393	31696	odd	6	0		240	61200	1	1	1000700000000000000200000000001c40000	0000000000000000000000000000000000000	0000000000000000000000000000000000000	central.u0	63391	31688:8	120	0	31696	31695	31696	31695	63391	15	15	31698	31685	1	1
16	32	consecutive	20	58169	58171	3383748899	58169	29084	odd	2	1	58169	0	0	0	0	0000000000000000000000000000000000000	0000000000000000000000000000000000000	0000000000000000000000000000000000000				0	0	29084	29083	29084	29083	58167	0	14	0	29074	0	0
16	32	consecutive	21	65203	65213	4252083239	65207	32603	odd	2	0		240	61200	1	1	1000700000000000000200000000001c40000	0000000000000000000000000000000000000	0000000000000000000000000000000000000	central.u0	65203	32595:8	120	0	32603	32602	32603	32602	65205	15	15	32606	32594	1	1
16	31	consecutive	22	40009	40013	1600880117	40010	20005	even	4	0		268	60224	1	1	1000700000000002000200000000000000000	0000000000000000000000000000000000000	0000000000000002000000000000000000000	central.u0	40009	19997:8	104	0	20005	20004	20005	20004	40009	15	14	20013	19998	1	1
16	32	consecutive	23	51061	51071	2607736331	51065	25532	odd	10	0		240	61200	1	1	1100700000008000000200000000801c40000	0000000000000000000000000000000000000	0100000000008000000000000000800000000	central.u0	51061	25524:8	120	0	25532	25531	25532	25531	51063	15	14	25536	25521	1	1
16	31	consecutive	24	41897	41903	1755609991	41899	20949	odd	2	0		270	60240	1	1	1000700000000000000200000000001c40000	0000000000000000000000000000000000000	0000000000000000000000000000000000000	central.u0	41897	20941:8	120	0	20949	20948	20949	20948	41897	15	14	20956	20941	1	1
16	32	consecutive	25	53597	53609	2873281573	53602	26801	even	4	0		240	61200	1	1	1000700000000000000200000000005c40000	0000000000000000000000000000000000000	0000000000000000000000000000000000000	central.u0	53597	26793:8	120	0	26801	26800	26801	26800	53601	15	15	26809	26796	1	1
16	31	consecutive	26	46187	46199	2133793213	46192	23096	even	2	0		270	60240	1	1	1000700000000000000200000000005c40000	0000000000000000000000000000000000000	0000000000000000000000000000000000000	central.u0	46187	23088:8	120	0	23096	23095	23096	23095	46191	14	15	23099	23089	1	1
16	32	consecutive	27	58271	58309	3397723739	58289	29144	odd	2	0		240	61200	1	1	1000700000000000058200400000001c40000	0000000000000000000000000000000000000	0000000000000000058000400000000000000	central.u0	58271	29128:16	360	0	29144	29143	29144	29143	58287	15	15	29147	29136	1	1
16	31	consecutive	28	44483	44491	1979093153	44486	22243	even	2	0		270	60240	1	1	1000700000000000000200000000001c40000	0000000000000000000000000000000000000	0000000000000000000000000000000000000	central.u0	44483	22235:8	120	0	22243	22242	22243	22242	44485	15	14	22249	22235	1	1
16	32	consecutive	29	46679	46681	2179022399	46679	23339	odd	2	1	46679	0	0	0	0	0000000000000000000000000000000000000	0000000000000000000000000000000000000	0000000000000000000000000000000000000				0	0	23339	23338	23339	23338	46677	0	14	0	23330	0	0
16	32	consecutive	30	57139	57143	3265093877	57140	28570	even	2	0		240	61200	1	1	1000700000000000000200000000000000000	0000000000000000000000000000000000000	0000000000000000000000000000000000000	central.u0	57139	28562:8	120	0	28570	28569	28570	28569	57139	15	14	28574	28559	1	1
16	32	consecutive	31	56897	56909	3237951373	56902	28451	even	4	0		240	61200	1	1	1000700001000000000200000000005c40000	0000000000000000000000000000000000000	0000000001000000000000000000000000000	central.u0	56897	28443:8	120	0	28451	28450	28451	28450	56901	15	15	28457	28444	1	1
16	31	consecutive	32	33811	33827	1143724697	33818	16909	even	2	0		270	60240	1	1	1100700000000000000600000000001c40000	0000000000000000000000000000000000000	0000000000000000000400000000000000000	central.u0	33811	16901:8	120	0	16909	16908	16909	16908	33817	14	14	16916	16904	1	1
16	32	consecutive	33	58229	58231	3390732899	58229	29114	odd	2	1	58229	0	0	0	0	0000000000000000000000000000000000000	0000000000000000000000000000000000000	0000000000000000000000000000000000000				0	0	29114	29113	29114	29113	58227	0	14	0	29104	0	0
16	31	consecutive	34	39293	39301	1544254193	39296	19648	even	4	0		270	60240	1	1	1000700000000000000200000000001c40000	0000000000000000000000000000000000000	0000400000000000000000000000000000000	central.u0	39293	19640:8	120	0	19648	19647	19648	19647	39295	15	14	19652	19637	1	1
16	32	consecutive	35	56827	56843	3230217161	56834	28417	even	2	0		240	61200	1	1	1100700000000000000600000000001c40000	0000000000000000000000000000000000000	0000000000000000000400000000000000000	central.u0	56827	28409:8	120	0	28417	28416	28417	28416	56833	15	14	28425	28411	1	1
16	31	consecutive	36	41947	41953	1759802491	41949	20974	odd	6	0		270	60240	1	1	1000700000000000000200000002801c40000	0000000000000000000000000000000000000	0000000000000000000000000002800000000	central.u0	41947	20966:8	120	0	20974	20973	20974	20973	41947	15	14	20979	20964	1	1
16	31	consecutive	37	39451	39461	1556775911	39455	19727	odd	10	0		270	60240	1	1	1004700008000000000200000000801c40000	0000000000000000000000000000000000000	0004000008000000000000000000800000000	central.u0	39451	19719:8	120	0	19727	19726	19727	19726	39453	15	14	19734	19719	1	1
16	32	consecutive	38	55381	55399	3068052019	55389	27694	odd	6	0		240	61200	1	1	1100700000000000000600000000801c40000	0000000000000000000000000000000000000	0000000000000000000400000000800000000	central.u0	55381	27686:8	120	0	27694	27693	27694	27693	55387	15	15	27700	27688	1	1
16	31	consecutive	39	34631	34649	1199929519	34639	17319	odd	2	0		270	60240	1	1	1100700000000000000604000008001c40000	0000000000000000000000000000000000000	0000000000000000000404000008000000000	central.u0	34631	17311:8	120	0	17319	17318	17319	17318	34637	14	14	17323	17311	1	1
16	32	consecutive	40	62201	62207	3869337607	62203	31101	odd	2	0		240	61200	1	1	1000700000000000000200000000001c40000	0000000000000000000000000000000000000	0000000000000000000000000000000000000	central.u0	62201	31093:8	120	0	31101	31100	31101	31100	62201	15	15	31105	31092	1	1
16	32	consecutive	41	59629	59651	3556929479	59639	29819	odd	2	0		240	61200	1	1	1000700000000000008200400000001c40000	0000000000000000000000000000000000000	0000000000000000008000400000000000000	central.u0	59629	29811:8	120	0	29819	29818	29819	29818	59637	15	15	29824	29811	1	1
16	32	consecutive	42	59999	60013	3600719987	60005	30002	odd	2	0		240	61200	1	1	1000700000000000000200000000001c40000	0000000000000000000000000000000000000	0000000000000000000000000000000000000	central.u0	59999	29994:8	120	0	30002	30001	30002	30001	60003	15	15	30008	29996	1	1
16	32	consecutive	43	61381	61403	3768977543	61391	30695	odd	22	0		240	61200	1	1	1000700000000000008200400000001c40000	0000000000000000000000000000000000000	0000000000000000008000400000000000000	central.u0	61381	30687:8	120	0	30695	30694	30695	30694	61389	15	15	30698	30685	1	1
16	32	consecutive	44	47237	47251	2231995487	47243	23621	odd	14	0		240	61200	1	1	1000700004000000000200000000001c40000	0000000000000000000000000000000000000	0000000004000000000000000000000000000	central.u0	47237	23613:8	120	0	23621	23620	23621	23620	47241	14	14	23627	23616	1	1
16	31	consecutive	45	38677	38693	1496529161	38684	19342	even	4	0		270	60240	1	1	1100700000000000000600000000015c40000	0000000000000000000000000000000000000	0000000000000000000400000000010000000	central.u0	38677	19334:8	120	0	19342	19341	19342	19341	38683	14	14	19345	19335	1	1
16	32	consecutive	46	53897	53899	2904994403	53897	26948	odd	2	1	53897	0	0	0	0	0000000000000000000000000000000000000	0000000000000000000000000000000000000	0000000000000000000000000000000000000				0	0	26948	26947	26948	26947	53895	0	14	0	26940	0	0
16	32	consecutive	47	64013	64019	4098048247	64015	32007	odd	2	0		240	61200	1	1	1000700000000000000200000004001c40000	0000000000000000000000000000000000000	0000000000000000000000000000000000000	central.u0	64013	31999:8	120	0	32007	32006	32007	32006	64013	15	15	32013	32000	1	1
16	32	consecutive	48	62003	62011	3844868033	62006	31003	even	2	0		240	61200	1	1	1000700000000000000200000000801c40000	0000000000000000000000000000000000000	0000000000000000000000000000800000000	central.u0	62003	30995:8	120	0	31003	31002	31003	31002	62005	15	15	31009	30996	1	1
16	32	consecutive	49	52321	52361	2739579881	52340	26170	even	40	0		240	61200	1	1	1000700000100000000200000000201c40000	0000000000000000000000000000000000000	0000000000100000000000000000200000000	central.product_hash05	52321	24421:8	112	1	26170	26169	26170	26169	52339	14	14	26172	26163	1	1
16	32	consecutive	50	62213	62219	3870830647	62215	31107	odd	2	0		240	61200	1	1	1000700000000000000200000000001c44000	0000000000000000000000000000000000000	0000000000000000000000000000000000000	central.u0	62213	31099:8	120	0	31107	31106	31107	31106	62213	15	15	31114	31101	1	1
16	32	consecutive	51	62827	62851	3948739777	62838	31419	even	6	0		240	61200	1	1	1000700008100000000200000008001c40000	0000000000000000000000000000000000000	0000000008100000000000000000000000000	central.u0	62827	31411:8	120	0	31419	31418	31419	31418	62837	15	15	31423	31412	1	1
16	31	consecutive	52	43441	43451	1887554891	43445	21722	odd	10	0		270	60240	1	1	1000700004000000000200000004801c40000	0000000000000000000000000000000000000	0000000004000000000000000004800000000	central.u0	43441	21714:8	120	0	21722	21721	21722	21721	43443	15	15	21728	21716	1	1
16	31	consecutive	53	35327	35339	1248420853	35332	17666	even	2	0		270	60240	1	1	1000700000000000000200000000005c40000	0000000000000000000000000000000000000	0000000000000000000000000000000000000	central.u0	35327	17658:8	120	0	17666	17665	17666	17665	35331	14	14	17674	17661	1	1
16	32	consecutive	54	58427	58439	3414415453	58432	29216	even	2	0		240	61200	1	1	1000700002000000000200000000005c40000	0000000000000000000000000000000000000	0000000000000000000000000000000000000	central.u0	58427	29208:8	120	0	29216	29215	29216	29215	58431	15	15	29221	29209	1	1
16	32	consecutive	55	57301	57329	3285009029	57314	28657	even	4	0		240	61200	1	1	1000700000000000000200000008001c40000	0000000000000000000000000000000000000	0000000000000000000000000008000000000	central.u0	57301	28649:8	120	0	28657	28656	28657	28656	57313	14	15	28658	28650	1	1
16	32	consecutive	56	59393	59399	3527884807	59395	29697	odd	2	0		240	61200	1	1	1100700000400000000200000000001c40000	0000000000000000000000000000000000000	0100000000400000000000000000000000000	central.u0	59393	29689:8	120	0	29697	29696	29697	29696	59393	15	15	29707	29694	1	1
16	32	consecutive	57	50989	50993	2600082077	50990	25495	even	4	0		240	61200	1	1	1000700000000000000200000000000000000	0000000000000000000000000000000000000	0000000000000000000000000000000000000	central.u0	50989	25487:8	120	0	25495	25494	25495	25494	50989	15	14	25501	25486	1	1
16	31	consecutive	58	42979	42989	1847624231	42983	21491	odd	2	0		270	60240	1	1	1000700000000000000200000004001c40000	0000000000000000000000000000000000000	0000000000000000000000000004000000000	central.u0	42979	21483:8	120	0	21491	21490	21491	21490	42981	15	15	21496	21484	1	1
16	32	consecutive	59	56989	56993	3247974077	56990	28495	even	4	0		240	61200	1	1	100270000020000000020000000c000000000	0000000000000000000000000000000000000	000200000020000000000000000c000000000	central.u0	56989	28487:8	120	0	28495	28494	28495	28494	56989	15	14	28499	28484	1	1
16	31	consecutive	60	38299	38303	1466966597	38300	19150	even	2	0		270	60240	1	1	1000700000000000000200000000100000000	0000000000000000000000000000000000000	0000000000000000000000000000100000000	central.u0	38299	19142:8	120	0	19150	19149	19150	19149	38299	15	14	19156	19141	1	1
16	32	consecutive	61	50551	50581	2556920131	50565	25282	odd	30	0		240	61200	1	1	1000700000400000000200000000401c40000	0000000000000000000000000000000000000	0000000000400000000000000000400000000	central.u0	50551	25274:8	120	0	25282	25281	25282	25281	50563	14	15	25287	25277	1	1
16	32	consecutive	62	58379	58391	3408808189	58384	29192	even	2	0		240	61200	1	1	1000700000000000000200000000005c40000	0000000000000000000000000000000000000	0000000000000000000000000000000000000	central.u0	58379	29184:8	120	0	29192	29191	29192	29191	58383	15	15	29199	29187	1	1
16	32	consecutive	63	48563	48571	2358753473	48566	24283	even	2	0		240	61200	1	1	1000700000400000000200000000001c40000	0000000000000000000000000000000000000	0000000000400000000000000000000000000	central.u0	48563	24275:8	120	0	24283	24282	24283	24282	48565	15	14	24287	24273	1	1
16	32	safe_safe	0	55103	58067	3199665901	56565	28282	odd	2	0		240	61200	1	0	1000700000000000000000000000000000000	0000000000000000000000000000000000000	0000000000000000000000000000000000000	central.u0	55103	27258:1024	30600	0	28282	28281	28282	28281	56563	15	15	28284	28280	1	1
16	32	safe_safe	1	49367	51203	2527738501	50276	25138	even	2	0		240	61200	1	1	1000700004000000000200000000001c40000	0000000000000000000000000000000000000	0000000004000000000000000000000000000	central.product_hash03	49367	0:8	16	1	25138	25137	25138	25137	50275	15	15	25143	25136	1	1
16	31	safe_safe	2	34319	39419	1352820661	36780	18390	even	2	0		270	60240	0	1	0000000000000000000200000000001c40000	0000000000000000000000000000000000000	0000000000000000000000000000000000000	shifted.v0	34319	2454:32	31073	0	18390	18389	18390	18389	36779	14	14	18390	18386	1	1
16	31	safe_safe	3	39827	47123	1876767721	43321	21660	odd	2	0		270	60240	0	0	0000000000000000000000000000000000000	0000000000000000000000000000000000000	0000000000000000000000000000000000000				0	0	21660	21659	21660	21659	43319	14	14	21658	21653	1	1
16	32	safe_safe	4	48947	61343	3002555821	54795	27397	odd	2	0		240	61200	0	0	0000000000100000000000000000000000000	0000000000000000000000000000000000000	0000000000100000000000000000000000000	central.product_hash05	61343	0:256	4232	1	27397	27396	27397	27396	54793	14	15	27397	27399	1	1
16	32	safe_safe	5	35339	65267	2306470513	48025	24012	odd	2	0		240	61200	0	0	0000000000400000000000000000000000000	0000000000000000000000000000000000000	0000000000400000000000000000000000000	central.product_hash07	65267	23884:128	3720	1	24012	24011	24012	24011	48023	15	15	24016	24012	1	1
16	32	safe_safe	6	40499	62939	2548966561	50487	25243	odd	2	0		240	61200	0	0	0000000080000000000000000000000000000	0000000000000000000000000000000000000	0000000080000000000000000000000000000	central.product_hash00	40499	9333:32	552	1	25243	25242	25243	25242	50485	15	14	25244	25242	1	1
16	32	safe_safe	7	42359	65147	2759561773	52531	26265	odd	2	0		240	61200	0	0	0000000000000000000000000000200000000	0000000000000000000000000000000000000	0000000000000000000000000000200000000	shifted.product_hash04	42359	26256:8	30720	1	26265	26264	26265	26264	52529	15	14	26268	26259	1	1
16	32	safe_safe	8	44699	63443	2835838657	53252	26626	even	2	0		240	61200	1	1	1000700000a06800000200000000001c40000	0000000000000000000000000000000000000	0000000000200000000000000000000000000	central.product_hash06	63443	10502:16	216	1	26626	26625	26626	26625	53251	15	15	26625	26625	1	1
16	32	safe_safe	9	45083	57287	2582669821	50819	25409	odd	2	0		240	61200	0	0	0400000000400000000000000000000000000	0000000000000000000000000000000000000	0400000000400000000000000000000000000	central.product_hash07	45083	0:128	2056	1	25409	25408	25409	25408	50817	14	15	25411	25407	1	1
16	32	safe_safe	10	55967	65123	3644738941	60371	30185	odd	2	0		240	61200	0	1	0000000000000000000200000000801c40000	0000000000000000000000000000000000000	0000000000000000000000000000800000000	shifted.product_hash06	65123	12555:32	31216	1	30185	30184	30185	30184	60369	15	15	30190	30185	1	1
16	32	safe_safe	11	37607	65063	2446824241	49465	24732	odd	2	0		240	61200	0	1	0000000000000000000200000000001c40000	0000000000000000000000000000000000000	0000000000000000000000000000000000000	shifted.v0	37607	11853:1024	56080	0	24732	24731	24732	24731	49463	15	14	24728	24728	1	1
16	32	safe_safe	12	56003	60647	3396413941	58278	29139	even	2	0		240	61200	1	1	1000700000806800000200000000001c40000	0000000000000000000000000000000000000	0000000000000000000000000000000000000	central.u0	56003	27961:512	14728	0	29139	29138	29139	29138	58277	15	15	29141	29139	1	1
16	32	safe_safe	13	58403	61967	3619058701	60158	30079	even	2	0		240	61200	1	0	1000700000000000000000000000000000000	0000000000000000000000000000000000000	0000000000000000000000000000000000000	central.u0	58403	29055:1024	30600	0	30079	30078	30079	30078	60157	15	15	30078	30077	1	1
16	31	safe_safe	14	34667	51203	1775054401	42131	21065	odd	2	0		270	60240	1	1	1000700000806800000200000000001c40000	0000000000000000000000000000000000000	0000000000000000000000000000000000000	central.u0	34667	17296:256	7257	0	21065	21064	21065	21064	42129	15	15	21066	21065	1	1
16	31	safe_safe	15	36263	44939	1629622957	40368	20184	even	2	0		270	60240	0	0	0000000000000000000000000000000000000	0000000000000000000000000000000000000	0000000000000000000000000000000000000				0	0	20184	20183	20184	20183	40367	15	14	20184	20181	1	1
16	32	bounded_capacity	0	49537	56711	2809292807	53002	26501	even	2	0		240	61200	0	0	0000000080000000000000001000000000000	0000000000000000000000000000000000000	0000000080000000000000001000000000000	central.product_hash00	56711	25477:1024	30600	1	26501	26500	26501	26500	53001	15	15	26502	26502	1	1
16	31	bounded_capacity	1	35279	60821	2145704059	46321	23160	odd	2	0		270	60240	0	0	0000000000000000000000000000000000000	0000000000000000000000000000000000000	0000000000000000000000000000000000000				0	0	23160	23159	23160	23159	46319	15	14	23159	23157	1	1
16	31	bounded_capacity	2	36187	36497	1320716939	36341	18170	odd	2	0		270	60240	1	1	1000700000000000000200000000401c40000	0000000000000000000000000000000000000	0000000000000000000000000000400000000	central.u0	36187	18042:128	4185	0	18170	18169	18170	18169	36339	14	14	18171	18164	1	1
16	31	bounded_capacity	3	40697	42787	1741302539	41728	20864	even	2	0		270	60240	1	1	1000708000200000000200000000001c40000	0000000000000000000000000000000000000	0000008000200000000000000000000000000	central.product_hash06	42787	4352:8	32	1	20864	20863	20864	20863	41727	15	15	20865	20860	1	1
16	31	bounded_capacity	4	38567	49871	1923374857	43856	21928	even	2	0		270	60240	0	1	0000000000000000000200000004401c40000	0000000000000000000000000000000000000	0000000000000000000000000004400000000	shifted.product_hash01	38567	15250:31	30852	1	21928	21927	21928	21927	43855	14	14	21924	21926	1	1
16	31	bounded_capacity	5	36017	46957	1691250269	41124	20562	even	4	0		270	60240	0	1	0000000000000000000200000000001c40000	0000000000000000000000000000000000000	0000000000000000000000000000000000000	shifted.v0	36017	5076:256	35329	0	20562	20561	20562	20561	41123	14	14	20560	20562	1	1
16	32	bounded_capacity	6	42157	63719	2686201883	51828	25914	even	2	0		240	61200	0	0	0000000000000000000000000010000000000	0000000000000000000000000000000000000	0000000000000000000000000010000000000	shifted.projection11	42157	12940:32	31280	1	25914	25913	25914	25913	51827	15	15	25915	25913	1	1
16	31	bounded_capacity	7	34843	47279	1647342197	40587	20293	odd	2	0		270	60240	1	1	1000700000806800000200000004001c40000	0000000000000000000000000000000000000	0000000000000000000000000004000000000	central.u0	34843	17415:32	1209	0	20293	20292	20293	20292	40585	15	14	20299	20289	1	1
16	32	bounded_capacity	8	42239	51343	2168676977	46569	23284	odd	2	0		240	61200	0	0	0000000080000000000000000008000000000	0000000000000000000000000000000000000	0000000080000000000000000008000000000	central.product_hash00	42239	13825:1024	29576	1	23284	23283	23284	23283	46567	14	15	23282	23283	1	1
16	32	bounded_capacity	9	41299	56999	2354001701	48518	24259	even	2	0		240	61200	0	0	0000000000000000000000000004000000000	0000000000000000000000000000000000000	0000000000000000000000000004000000000	shifted.product_hash01	56999	6905:32	31152	1	24259	24258	24259	24258	48517	15	14	24260	24254	1	1
16	31	bounded_capacity	10	34469	35419	1220857511	34940	17470	even	2	0		270	60240	1	1	1000700004000000000200000000001c40000	0000000000000000000000000000000000000	0000100004000000000000000000000000000	central.product_hash03	34469	17462:8	120	1	17470	17469	17470	17469	34939	14	14	17468	17465	1	1
16	32	bounded_capacity	11	44647	51973	2320438531	48170	24085	even	6	0		240	61200	0	0	0000000100000000000000000000800000000	0000000000000000000000000000000000000	0000000100000000000000000000800000000	central.projection09	51973	20769:16	344	1	24085	24084	24085	24084	48169	15	15	24088	24084	1	1
16	31	bounded_capacity	12	32993	45191	1490986663	38613	19306	odd	2	0		270	60240	0	1	0000000000000000000200000000001c40000	0000000000000000000000000000000000000	0000000000000000000000000000000000000	shifted.v0	32993	5604:128	33665	0	19306	19305	19306	19305	38611	14	14	19305	19300	1	1
16	32	bounded_capacity	13	46511	57667	2682149837	51789	25894	odd	2	0		240	61200	0	0	0000000000000000000000000000000000000	0000000000000000000000000000000000000	0000000000000000000000000000000000000				0	0	25894	25893	25894	25893	51787	15	15	25895	25893	1	1
16	32	bounded_capacity	14	49597	59779	2964859063	54450	27225	even	6	0		240	61200	1	0	1000700000806800000000000000000000000	0000000000000000000000000000000000000	0000000000000000000000000000000000000	central.u0	49597	24469:1024	29576	0	27225	27224	27225	27224	54449	15	15	27225	27227	1	1
16	32	bounded_capacity	15	56519	56711	3205249009	56614	28307	even	2	0		240	61200	1	1	1000700000000000000200000000001c40001	0000000000000000000000000000000000000	0000000000000000000000000000000000000	central.u0	56519	28243:64	1800	0	28307	28306	28307	28306	56613	15	15	28312	28304	1	1
16	32	bounded_capacity	16	50993	57143	2913892999	53980	26990	even	2	0		240	61200	0	1	0000000000000000000200000002001c40000	0000000000000000000000000000000000000	0000000000000000000000000002000000000	shifted.product_hash00	50993	13267:32	31216	1	26990	26989	26990	26989	53979	15	15	26990	26988	1	1
16	32	bounded_capacity	17	40763	55147	2247957161	47412	23706	even	2	0		240	61200	0	1	0000000000000000000200000000001c40000	0000000000000000000000000000000000000	0000000000000000000000000000000000000	shifted.v0	40763	5670:1024	51984	0	23706	23705	23706	23705	47411	15	14	23706	23703	1	1
16	31	bounded_capacity	18	41539	45247	1879515133	43353	21676	odd	6	0		270	60240	1	0	1000700000020800000000000000000000000	0000000000000000000000000000000000000	0000000000020800000000000000000000000	central.adj_du2	41539	5387:128	3033	1	21676	21675	21676	21675	43351	14	15	21673	21675	1	1
16	32	bounded_capacity	19	40277	60443	2434462711	49340	24670	even	2	0		238	60944	0	0	0000000000000000000000000000000000000	0000000000000000000000000000000000000	0000000000000000000000000000000000000				0	0	24670	24669	24670	24669	49339	15	15	24669	24668	1	1
16	32	bounded_capacity	20	41647	52103	2169933641	46582	23291	even	2	0		240	61200	1	0	100070000c806800000000000000000000000	0000000000000000000000000000000000000	000000000c000000000000000000000000000	central.product_hash04	41647	10409:8	48	1	23291	23290	23291	23290	46581	15	14	23295	23286	1	1
16	32	bounded_capacity	21	46271	48593	2248446703	47417	23708	odd	2	0		240	61200	1	0	1000700000806800000000000000000000000	0000000000000000000000000000000000000	0000000000000000000000000000000000000	central.u0	46271	23113:128	3336	0	23708	23707	23708	23707	47415	15	15	23711	23705	1	1
16	32	bounded_capacity	22	59063	60509	3573843067	59781	29890	odd	2	0		240	61200	1	1	1040700000100000000200000002201c40001	0000000000000000000000000000000000000	0040000000100000000000000002200000000	central.transfer_f0	59063	16931:32	680	1	29890	29889	29890	29889	59779	15	15	29897	29888	1	1
16	31	bounded_capacity	23	39181	51539	2019349559	44937	22468	odd	2	0		270	60240	0	1	0000001004000000000200000000001c40000	0000000000000000000000000000000000000	0000001004000000000000000000000000000	central.product_hash03	51539	4664:961	21471	1	22468	22467	22468	22467	44935	14	14	22467	22465	1	1
16	32	bounded_capacity	24	46337	56041	2596771817	50958	25479	even	8	0		240	61200	1	0	1000700000806800000000000000000000000	0000000000000000000000000000000000000	0000000000000000000000000000000000000	central.u0	46337	22210:1024	29576	0	25479	25478	25479	25478	50957	15	15	25478	25477	1	1
16	32	bounded_capacity	25	59119	61609	3642262471	60351	30175	odd	6	0		240	61200	1	0	1000700000000000000000000008000000000	0000000000000000000000000000000000000	0000000000000000000000000008000000000	central.u0	59119	29151:1024	30600	0	30175	30174	30175	30174	60349	15	15	30176	30173	1	1
16	32	bounded_capacity	26	50329	54583	2747107807	52412	26206	even	6	0		240	61200	0	0	0000000000000000000000000000000000000	0000000000000000000000000000000000000	0000000000000000000000000000000000000				0	0	26206	26205	26206	26205	52411	15	15	26210	26206	1	1
16	32	bounded_capacity	27	44657	57089	2549423473	50491	25245	odd	16	0		240	61200	1	0	1000700000806800000000000000000000000	0000000000000000000000000000000000000	0000000000000000000000000000000000000	central.u0	44657	21374:1024	29576	0	25245	25244	25245	25244	50489	14	15	25245	25243	1	1
16	31	bounded_capacity	28	36871	53819	1984360349	44546	22273	even	2	0		270	60240	1	0	1000700000806800000000000000010000000	0000000000000000000000000000000000000	0000000000000000000000000000010000000	central.u0	36871	18406:64	2201	0	22273	22272	22273	22272	44545	14	14	22273	22270	1	1
16	32	bounded_capacity	29	52081	63059	3284175779	57307	28653	odd	2	0		240	61200	0	0	0000000000000000000000000000000000000	0000000000000000000000000000000000000	0000000000000000000000000000000000000				0	0	28653	28652	28653	28652	57305	15	14	28656	28651	1	1
16	32	bounded_capacity	30	52259	55079	2878373461	53650	26825	even	2	0		240	61200	1	0	1000720000806800000000000000000000000	0000000000000000000000000000000000000	0000020000000000000000000000000000000	central.projection02	52259	0:256	4232	1	26825	26824	26825	26824	53649	14	14	26824	26819	1	1
16	32	bounded_capacity	31	54251	64013	3472769263	58930	29465	even	2	0		240	61200	0	0	0000000000000000000000000004000000000	0000000000000000000000000000000000000	0000000000000000000000000004000000000	shifted.product_hash01	54251	0:1024	47888	1	29465	29464	29465	29464	58929	15	15	29469	29464	1	1
16	32	bounded_capacity	32	39863	54547	2174407061	46630	23315	even	2	0		240	61200	1	0	1000700000806800000000000000000000000	0000000000000000000000000000000000000	0000000000000000000000000000000000000	central.u0	39863	19057:1024	29576	0	23315	23314	23315	23314	46629	15	15	23316	23314	1	1
16	32	bounded_capacity	33	39623	60289	2388831047	48875	24437	odd	2	0		240	61200	0	0	0000000000000000000004000000000000000	0000000000000000000000000000000000000	0000000000000000000004000000000000000	shifted.transfer_f2	60289	24372:64	32400	1	24437	24436	24437	24436	48873	15	15	24440	24434	1	1
16	32	bounded_capacity	34	46523	57803	2689168969	51857	25928	odd	2	0		240	61200	0	0	0000000000000002000000000000000000000	0000000000000000000000000000000000000	0000000000000002000000000000000000000	central.pair_projection_diff02	46523	0,25920:8	30600	1	25928	25927	25928	25927	51855	14	14	25925	25924	1	1
16	32	bounded_capacity	35	48179	49463	2383077877	48816	24408	even	2	0		240	61200	1	1	1000700000000000000200000000001c40000	0000000000000000000000000000000000000	0000000000000000000000000000000000000	central.u0	48179	23896:512	15240	0	24408	24407	24408	24407	48815	15	14	24410	24402	1	1
16	32	bounded_capacity	36	49891	55813	2784566383	52768	26384	even	6	0		240	61200	1	1	1000700008806800000200000000801c40000	0000000000000000000000000000000000000	0000000008000000000000000000800000000	central.product_hash04	55813	10757:8	64	1	26384	26383	26384	26383	52767	15	15	26380	26381	1	1
16	31	bounded_capacity	37	33427	45751	1529318677	39106	19553	even	6	0		270	60240	0	0	0000000000000000000000000000000000000	0000000000000000000000000000000000000	0000000000000000000000000000000000000				0	0	19553	19552	19553	19552	39105	15	15	19554	19552	1	1
16	32	bounded_capacity	38	50023	63443	3173609189	56334	28167	even	2	0		240	61200	0	0	0000000000000000000000000000000000000	0000000000000000000000000000000000000	0000000000000000000000000000000000000				0	0	28167	28166	28167	28166	56333	15	15	28167	28168	1	1
16	31	bounded_capacity	39	37649	52631	1981504519	44514	22257	even	2	0		270	60240	0	0	0000000000000000000000000000000000000	0000000000000000000000000000000000000	0000000000000000000000000000000000000				0	0	22257	22256	22257	22256	44513	15	15	22260	22259	1	1
16	31	bounded_capacity	40	38873	49783	1935214559	43991	21995	odd	2	0		270	60240	0	0	0000000000000000000000000008000000000	0000000000000000000000000000000000000	0000000000000000000000000008000000000	shifted.product_hash02	49783	5466:128	33409	1	21995	21994	21995	21994	43989	15	14	21997	21991	1	1
16	32	bounded_capacity	41	50549	61949	3131460001	55959	27979	odd	4	0		240	61200	0	0	0000000000000000000000000000000000000	0000000000000000000000000000000000000	0000000000000000000000000000000000000				0	0	27979	27978	27979	27978	55957	15	15	27982	27974	1	1
16	32	bounded_capacity	42	45737	60961	2788173257	52803	26401	odd	8	0		240	61200	0	1	0000000002000000000200000028001c40000	0000000000000000000000000000000000000	0000000002000000000000000028000000000	central.product_hash02	45737	21546:32	808	1	26401	26400	26401	26400	52801	15	15	26402	26400	1	1
16	32	bounded_capacity	43	48239	57131	2755942309	52497	26248	odd	2	0		240	61200	1	0	1000700000806800000000000000000000000	0000000000000000000000000000000000000	0000000000000000000000000000000000000	central.u0	48239	24008:128	3336	0	26248	26247	26248	26247	52495	14	15	26245	26246	1	1
16	32	bounded_capacity	44	55903	58757	3284692571	57312	28656	even	2	0		240	61200	1	1	1000700080806800000200000000001c40000	0000000000000000000000000000000000000	0000000080000000000000000000000000000	central.u0	55903	27886:512	14728	0	28656	28655	28656	28655	57311	15	15	28656	28652	1	1
16	31	bounded_capacity	45	33773	49603	1675242119	40929	20464	odd	2	0		270	60240	0	1	0000000000400000000200000000001c40000	0000000000000000000000000000000000000	0000000000400000000000000000000000000	central.product_hash07	49603	5052:256	5721	1	20464	20463	20464	20463	40927	14	14	20461	20463	1	1
16	32	bounded_capacity	46	39341	62731	2467900271	49677	24838	odd	10	0		240	61200	0	1	0000000000000000008200000000401c40000	0000000000000000000000000000000000000	0000000000000000008000000000400000000	shifted.product_hash05	39341	0:64	31568	1	24838	24837	24838	24837	49675	14	15	24837	24836	1	1
16	32	bounded_capacity	47	56921	62467	3555684107	59629	29814	odd	2	0		240	61200	0	0	0000000000000000000000000000010000000	0000000000000000000000000000000000000	0000000000000000000000000000010000000	shifted.product_hash07	62467	12821:8	30680	1	29814	29813	29814	29813	59627	15	15	29814	29809	1	1
16	31	bounded_capacity	48	33647	49939	1680297533	40991	20495	odd	2	0		270	60240	1	0	1000700000806800000000000000100000000	0000000000000000000000000000000000000	0000000000000000000000000000100000000	central.u0	33647	15923:961	27237	0	20495	20494	20495	20494	40989	14	15	20493	20496	1	1
16	31	bounded_capacity	49	36467	56099	2045762233	45230	22615	even	2	0		270	60240	1	0	1000700000806800000000000000000000000	0000000000000000000000000000000000000	0000000000000000000000000000000000000	central.u0	36467	18086:256	7257	0	22615	22614	22615	22614	45229	15	15	22616	22615	1	1
16	32	bounded_capacity	50	48017	48611	2334154387	48313	24156	odd	2	0		240	61200	1	1	1000700000000000000200000100001c40000	0000000000000000000000000000000000000	0000000000000000000000000100000000000	central.u0	48017	23900:256	7560	0	24156	24155	24156	24155	48311	14	15	24156	24152	1	1
16	32	bounded_capacity	51	49207	50647	2492186929	49921	24960	odd	6	0		240	61200	1	1	1000700000000000000200000000001c40000	0000000000000000000000000000000000000	0000000000000000000000000000000000000	central.u0	49207	24448:512	15240	0	24960	24959	24960	24959	49919	14	15	24956	24956	1	1
16	32	bounded_capacity	52	51991	56113	2917370983	54012	27006	even	6	0		240	61200	1	0	1000700000000000000000000000000000000	0000000000000000000000000000000000000	0000000000000000000000000000000000000	central.u0	51991	25982:1024	30600	0	27006	27005	27006	27005	54011	15	15	27004	27003	1	1
16	32	bounded_capacity	53	52579	63617	3344918243	57835	28917	odd	2	0		240	61200	0	0	0000000000000000000000000000000000000	0000000000000000000000000000000000000	0000000000000000000000000000000000000				0	0	28917	28916	28917	28916	57833	14	15	28917	28917	1	1
16	32	bounded_capacity	54	59539	60223	3585617197	59880	29940	even	6	0		240	61200	1	1	1000700000000000000200000000101c40000	0000000000000000000000000000000000000	0000000000000000000000000000100000000	central.u0	59539	29684:256	7560	0	29940	29939	29940	29939	59879	15	15	29941	29937	1	1
16	31	bounded_capacity	55	40193	48497	1949239921	44150	22075	even	16	0		270	60240	1	0	1000700000906800000000000002000000000	0000000000000000000000000000000000000	0000000000100000000000000002000000000	central.u0	40193	20033:64	2201	0	22075	22074	22075	22074	44149	14	14	22072	22071	1	1
16	31	bounded_capacity	56	33547	49559	1662555773	40774	20387	even	2	0		270	60240	0	0	0000000000001010000000000000000000000	0000000000000000000000000000000000000	0000000000001010000000000000000000000	central.adj_dv2	33547	17510:512	15193	1	20387	20386	20387	20386	40773	14	14	20384	20383	1	1
16	32	bounded_capacity	57	39779	55529	2208888091	46998	23499	even	2	0		240	61200	0	1	0000000000000000000200000000001c40000	0000000000000000000000000000000000000	0000000000000000000000000000000000000	shifted.v0	39779	6502:1024	54032	0	23499	23498	23499	23498	46997	15	14	23500	23497	1	1
16	32	bounded_capacity	58	40847	58217	2377989799	48764	24382	even	2	0		240	61200	0	0	0000000000000000000000000000000000000	0000000000000000000000000000000000000	0000000000000000000000000000000000000				0	0	24382	24381	24382	24381	48763	15	15	24383	24382	1	1
16	32	bounded_capacity	59	53849	58411	3145373939	56083	28041	odd	2	0		240	61200	1	1	1000700000806800000200000000001c40000	0000000000000000000000000000000000000	0000000000000000000000000000000000000	central.u0	53849	26806:1024	29576	0	28041	28040	28041	28040	56081	14	15	28042	28039	1	1
16	32	bounded_capacity	60	50551	56467	2854463317	53427	26713	odd	6	0		240	61200	0	0	0000400000000000000000000000000000000	0000000000000000000000000000000000000	0000400000000000000000000000000000000	central.transfer_det12	56467	25689:1024	30600	1	26713	26712	26713	26712	53425	15	15	26716	26714	1	1
16	31	bounded_capacity	61	35977	46751	1681960727	41011	20505	odd	2	0		270	60240	0	1	0000000000000000000200000000001c40000	0000000000000000000000000000000000000	0000000000000000000000000000000000000	shifted.v0	35977	4998:512	40193	0	20505	20504	20505	20504	41009	14	15	20506	20507	1	1
16	32	bounded_capacity	62	48857	52667	2573151619	50726	25363	even	2	0		240	61200	1	0	1000700000000000000000000000010000000	0000000000000000000000000000000000000	0000000000000000000000000000010000000	central.u0	48857	24339:1024	30600	0	25363	25362	25363	25362	50725	15	15	25367	25360	1	1
16	31	bounded_capacity	63	38833	45953	1784492849	42243	21121	odd	16	0		270	60240	0	0	0000000000400000000000000000000000000	0000000000000000000000000000000000000	0000000000400000000000000000000000000	central.product_hash07	38833	10304:512	13145	1	21121	21120	21121	21120	42241	15	14	21124	21119	1	1
24	47	random	0	9429269	10718921	101071589498749	10053436	5026718	even	4	0		330	190320	0	0	0000000000000000000000000000000000000	0000000000000000000000000000000000000	0000000000000000000000000000000000000				0	0	5026718	5026717	5026718	5026717	10053435	22	22	5026716	5026717	1	1
24	48	random	1	10765439	14031607	151056409230473	12290500	6145250	even	2	0		330	193200	0	0	0000000000000000000000000000000000000	0000000000000000000000000000000000000	0000000000000000000000000000000000000				0	0	6145250	6145249	6145250	6145249	12290499	22	22	6145247	6145241	1	1
24	48	random	2	11181403	14948029	167139936304687	12928261	6464130	odd	18	0		330	193200	0	0	0000000000000000000000000000000000000	0000000000000000000000000000000000000	0000000000000000000000000000000000000				0	0	6464130	6464129	6464130	6464129	12928259	23	23	6464129	6464129	1	1
24	47	random	3	8819089	9745877	85949756646053	9270909	4635454	odd	4	0		330	190320	0	0	0000000000000000000000000000000000000	0000000000000000000000000000000000000	0000000000000000000000000000000000000				0	0	4635454	4635453	4635454	4635453	9270907	22	22	4635453	4635455	1	1
24	48	random	4	9634151	16443013	158414470136963	12586281	6293140	odd	2	0		330	193200	0	0	0000000000000000000000000000000000000	0000000000000000000000000000000000000	0000000000000000000000000000000000000				0	0	6293140	6293139	6293140	6293139	12586279	23	23	6293140	6293137	1	1
24	48	random	5	11208671	12901957	144613791269147	12025547	6012773	odd	2	0		330	193200	0	0	0000000000000000000000000000000000000	0000000000000000000000000000000000000	0000000000000000000000000000000000000				0	0	6012773	6012772	6012773	6012772	12025545	22	22	6012770	6012770	1	1
24	48	random	6	12455057	15243367	189857004856919	13778860	6889430	even	2	0		330	193200	0	0	0000000000000000000000000000000000000	0000000000000000000000000000000000000	0000000000000000000000000000000000000				0	0	6889430	6889429	6889430	6889429	13778859	23	22	6889431	6889426	1	1
24	48	random	7	9120647	16040917	146303541513299	12095600	6047800	even	2	0		330	193200	0	0	0000000000000000000000000000000000000	0000000000000000000000000000000000000	0000000000000000000000000000000000000				0	0	6047800	6047799	6047800	6047799	12095599	23	23	6047796	6047797	1	1
24	47	random	8	10284707	12127799	124730859269893	11168297	5584148	odd	2	0		330	190320	0	0	0000000000000000000000000000000000000	0000000000000000000000000000000000000	0000000000000000000000000000000000000				0	0	5584148	5584147	5584148	5584147	11168295	23	22	5584151	5584142	1	1
24	48	random	9	9045011	16634297	150457399342267	12266107	6133053	odd	2	0		330	193200	0	0	0000000000000000000000000000000000000	0000000000000000000000000000000000000	0000000000000000000000000000000000000				0	0	6133053	6133052	6133053	6133052	12266105	22	22	6133050	6133049	1	1
24	47	random	10	9784051	11126209	108859396292659	10433570	5216785	even	6	0		330	190320	0	0	0000000000000000000000000000000000000	0000000000000000000000000000000000000	0000000000000000000000000000000000000				0	0	5216785	5216784	5216785	5216784	10433569	23	23	5216786	5216792	1	1
24	47	random	11	11306357	12017567	135874902773419	11656539	5828269	odd	2	0		330	190320	0	0	0000000000000000000000000000000000000	0000000000000000000000000000000000000	0000000000000000000000000000000000000				0	0	5828269	5828268	5828269	5828268	11656537	23	22	5828272	5828264	1	1
24	47	random	12	11034407	12012461	132550383745627	11513052	5756526	even	2	0		330	190320	0	0	0000000000000000000000000000000000000	0000000000000000000000000000000000000	0000000000000000000000000000000000000				0	0	5756526	5756525	5756526	5756525	11513051	23	23	5756529	5756525	1	1
24	48	random	13	10013359	15207893	152282092242587	12340263	6170131	odd	2	0		330	193200	0	0	0000000000000000000000000000000000000	0000000000000000000000000000000000000	0000000000000000000000000000000000000				0	0	6170131	6170130	6170131	6170130	12340261	23	23	6170139	6170127	1	1
24	48	random	14	15287513	15739369	240615808199297	15511795	7755897	odd	8	0		330	193200	0	0	0000000000000000000000000000000000000	0000000000000000000000000000000000000	0000000000000000000000000000000000000				0	0	7755897	7755896	7755897	7755896	15511793	23	23	7755900	7755893	1	1
24	48	random	15	15364049	16508809	253642150407641	15926146	7963073	even	8	0		330	193200	0	0	0000000000000000000000000000000000000	0000000000000000000000000000000000000	0000000000000000000000000000000000000				0	0	7963073	7963072	7963073	7963072	15926145	23	23	7963080	7963069	1	1
24	48	random	16	10349953	13717439	141974848930367	11915319	5957659	odd	2	0		330	193200	0	0	0000000000000000000000000000000000000	0000000000000000000000000000000000000	0000000000000000000000000000000000000				0	0	5957659	5957658	5957659	5957658	11915317	23	22	5957662	5957652	1	1
24	48	random	17	14796191	16392451	242545835954141	15573883	7786941	odd	10	0		330	193200	0	0	0000000000000000000000000000000000000	0000000000000000000000000000000000000	0000000000000000000000000000000000000				0	0	7786941	7786940	7786941	7786940	15573881	23	23	7786943	7786937	1	1
24	47	random	18	8698973	11968471	104113406080283	10203597	5101798	odd	2	0		330	190320	0	0	0000000000000000000000000000000000000	0000000000000000000000000000000000000	0000000000000000000000000000000000000				0	0	5101798	5101797	5101798	5101797	10203595	22	23	5101793	5101798	1	1
24	48	random	19	11336387	14729843	166983200697241	12922197	6461098	odd	2	0		330	193200	0	0	0000000000000000000000000000000000000	0000000000000000000000000000000000000	0000000000000000000000000000000000000				0	0	6461098	6461097	6461098	6461097	12922195	23	22	6461097	6461098	1	1
24	48	random	20	8968109	16212019	145391153502071	12057825	6028912	odd	2	0		330	193200	0	0	0000000000000000000000000000000000000	0000000000000000000000000000000000000	0000000000000000000000000000000000000				0	0	6028912	6028911	6028912	6028911	12057823	23	22	6028914	6028910	1	1
24	48	random	21	12062623	15932473	192187415256679	13863167	6931583	odd	6	0		330	193200	0	0	0000000000000000000000000000000000000	0000000000000000000000000000000000000	0000000000000000000000000000000000000				0	0	6931583	6931582	6931583	6931582	13863165	23	23	6931580	6931586	1	1
24	48	random	22	9910529	14740889	146090007920281	12086769	6043384	odd	8	0		330	193200	0	0	0000000000000000000000000000000000000	0000000000000000000000000000000000000	0000000000000000000000000000000000000				0	0	6043384	6043383	6043384	6043383	12086767	23	23	6043386	6043386	1	1
24	48	random	23	12163519	14704969	178864169825911	13374010	6687005	even	6	0		330	193200	0	0	0000000000000000000000000000000000000	0000000000000000000000000000000000000	0000000000000000000000000000000000000				0	0	6687005	6687004	6687005	6687004	13374009	22	22	6687006	6687004	1	1
24	48	random	24	12936529	13216081	170970215122849	13075557	6537778	odd	48	0		330	193200	0	0	0000000000000000000000000000000000000	0000000000000000000000000000000000000	0000000000000000000000000000000000000				0	0	6537778	6537777	6537778	6537777	13075555	23	23	6537782	6537777	1	1
24	48	random	25	14028379	16033243	224920409403097	14997346	7498673	even	6	0		330	193200	0	0	0000000000000000000000000000000000000	0000000000000000000000000000000000000	0000000000000000000000000000000000000				0	0	7498673	7498672	7498673	7498672	14997345	23	23	7498679	7498672	1	1
24	48	random	26	9745019	14468119	140992094549261	11874009	5937004	odd	2	0		330	193200	0	0	0000000000000000000000000000000000000	0000000000000000000000000000000000000	0000000000000000000000000000000000000				0	0	5937004	5937003	5937004	5937003	11874007	23	22	5937000	5937002	1	1
24	47	random	27	9843959	13641239	134283797425201	11588088	5794044	even	2	0		330	190320	0	0	0000000000000000000000000000000000000	0000000000000000000000000000000000000	0000000000000000000000000000000000000				0	0	5794044	5794043	5794044	5794043	11588087	23	23	5794044	5794043	1	1
24	48	random	28	13657543	16167353	220806318793679	14859553	7429776	odd	2	0		330	193200	0	0	0000000000000000000000000000000000000	0000000000000000000000000000000000000	0000000000000000000000000000000000000				0	0	7429776	7429775	7429776	7429775	14859551	23	22	7429776	7429771	1	1
24	48	random	29	12929963	15889631	205452340913653	14333608	7166804	even	2	0		330	193200	0	0	0000000000000000000000000000000000000	0000000000000000000000000000000000000	0000000000000000000000000000000000000				0	0	7166804	7166803	7166804	7166803	14333607	23	23	7166802	7166799	1	1
24	48	random	30	10434551	14896487	155438153322337	12467483	6233741	odd	2	0		330	193200	0	0	0000000000000000000000000000000000000	0000000000000000000000000000000000000	0000000000000000000000000000000000000				0	0	6233741	6233740	6233741	6233740	12467481	23	23	6233742	6233740	1	1
24	48	random	31	11209739	15817097	177305529107683	13315612	6657806	even	2	0		330	193200	0	0	0000000000000000000000000000000000000	0000000000000000000000000000000000000	0000000000000000000000000000000000000				0	0	6657806	6657805	6657806	6657805	13315611	23	23	6657807	6657804	1	1
24	47	random	32	9294247	12892387	119825029197589	10946461	5473230	odd	78	0		330	190320	0	0	0000000000000000000000000000000000000	0000000000000000000000000000000000000	0000000000000000000000000000000000000				0	0	5473230	5473229	5473230	5473229	10946459	23	23	5473229	5473228	1	1
24	48	random	33	12258511	12361187	151529746812557	12309741	6154870	odd	2	0		330	193200	0	0	0000000000000000000000000000000000000	0000000000000000000000000000000000000	0000000000000000000000000000000000000				0	0	6154870	6154869	6154870	6154869	12309739	23	22	6154875	6154857	1	1
24	48	random	34	8913727	16454261	146668790540747	12110689	6055344	odd	2	0		330	193200	0	0	0000000000000000000000000000000000000	0000000000000000000000000000000000000	0000000000000000000000000000000000000				0	0	6055344	6055343	6055344	6055343	12110687	23	22	6055345	6055341	1	1
24	48	random	35	12297689	14029139	172525988359771	13134914	6567457	even	2	0		330	193200	0	0	0000000000000000000000000000000000000	0000000000000000000000000000000000000	0000000000000000000000000000000000000				0	0	6567457	6567456	6567457	6567456	13134913	23	22	6567465	6567449	1	1
24	48	random	36	11087777	13843213	153490458707501	12389126	6194563	even	4	0		330	193200	0	0	0000000000000000000000000000000000000	0000000000000000000000000000000000000	0000000000000000000000000000000000000				0	0	6194563	6194562	6194563	6194562	12389125	23	23	6194562	6194564	1	1
24	48	random	37	14753701	15247279	224953795429579	14998459	7499229	odd	18	0		330	193200	0	0	0000000000000000000000000000000000000	0000000000000000000000000000000000000	0000000000000000000000000000000000000				0	0	7499229	7499228	7499229	7499228	14998457	23	23	7499229	7499225	1	1
24	47	random	38	10121959	13475333	136396768137347	11678902	5839451	even	2	0		330	190320	0	0	0000000000000000000000000000000000000	0000000000000000000000000000000000000	0000000000000000000000000000000000000				0	0	5839451	5839450	5839451	5839450	11678901	22	23	5839455	5839445	1	1
24	47	random	39	8869369	15456229	137086998349501	11708415	5854207	odd	12	0		330	190320	0	0	0000000000000000000000000000000000000	0000000000000000000000000000000000000	0000000000000000000000000000000000000				0	0	5854207	5854206	5854207	5854206	11708413	23	23	5854212	5854206	1	1
24	47	random	40	8893921	12355271	109886804207591	10482690	5241345	even	10	0		330	190320	0	0	0000000000000000000000000000000000000	0000000000000000000000000000000000000	0000000000000000000000000000000000000				0	0	5241345	5241344	5241345	5241344	10482689	23	23	5241347	5241345	1	1
24	47	random	41	9540301	11252023	107347686278923	10360872	5180436	even	6	0		330	190320	0	0	0000000000000000000000000000000000000	0000000000000000000000000000000000000	0000000000000000000000000000000000000				0	0	5180436	5180435	5180436	5180435	10360871	22	23	5180436	5180433	1	1
24	48	random	42	10905241	13048157	142293296690837	11928675	5964337	odd	4	0		330	193200	0	0	0000000000000000000000000000000000000	0000000000000000000000000000000000000	0000000000000000000000000000000000000				0	0	5964337	5964336	5964337	5964336	11928673	23	23	5964338	5964341	1	1
24	48	random	43	9986407	16630829	166082227141403	12887289	6443644	odd	2	0		330	193200	0	0	0000000000000000000000000000000000000	0000000000000000000000000000000000000	0000000000000000000000000000000000000				0	0	6443644	6443643	6443644	6443643	12887287	23	23	6443639	6443646	1	1
24	48	random	44	8483659	16744121	142051412818739	11918532	5959266	even	2	0		330	193200	0	0	0000000000000000000000000000000000000	0000000000000000000000000000000000000	0000000000000000000000000000000000000				0	0	5959266	5959265	5959266	5959265	11918531	22	23	5959265	5959269	1	1
24	48	random	45	11237071	15493871	174105728491841	13194912	6597456	even	10	0		330	193200	0	0	0000000000000000000000000000000000000	0000000000000000000000000000000000000	0000000000000000000000000000000000000				0	0	6597456	6597455	6597456	6597455	13194911	23	22	6597454	6597454	1	1
24	47	random	46	10143923	13045943	132337041254389	11503783	5751891	odd	2	0		330	190320	0	0	0000000000000000000000000000000000000	0000000000000000000000000000000000000	0000000000000000000000000000000000000				0	0	5751891	5751890	5751891	5751890	11503781	22	22	5751892	5751887	1	1
24	48	random	47	12567007	13662751	171699887456257	13103430	6551715	even	6	0		330	193200	0	0	0000000000000000000000000000000000000	0000000000000000000000000000000000000	0000000000000000000000000000000000000				0	0	6551715	6551714	6551715	6551714	13103429	23	22	6551717	6551710	1	1
24	48	random	48	11604521	13826179	160446184555259	12666735	6333367	odd	2	0		330	193200	0	0	0000000000000000000000000000000000000	0000000000000000000000000000000000000	0000000000000000000000000000000000000				0	0	6333367	6333366	6333367	6333366	12666733	23	22	6333366	6333367	1	1
24	48	random	49	11901811	12541247	149263551498317	12217346	6108673	even	2	0		330	193200	0	0	0000000000000000000000000000000000000	0000000000000000000000000000000000000	0000000000000000000000000000000000000				0	0	6108673	6108672	6108673	6108672	12217345	22	23	6108673	6108672	1	1
24	48	random	50	10970879	13303481	145950880329799	12081013	6040506	odd	2	0		330	193200	0	0	0000000000000000000000000000000000000	0000000000000000000000000000000000000	0000000000000000000000000000000000000				0	0	6040506	6040505	6040506	6040505	12081011	22	23	6040506	6040503	1	1
24	47	random	51	9187289	9308069	85515919934941	9247481	4623740	odd	44	0		330	190320	0	0	0000000000000000000000000000000000000	0000000000000000000000000000000000000	0000000000000000000000000000000000000				0	0	4623740	4623739	4623740	4623739	9247479	22	22	4623739	4623735	1	1
24	48	random	52	14177651	14777993	209517227234443	14474709	7237354	odd	2	0		330	193200	0	0	0000000000000000000000000000000000000	0000000000000000000000000000000000000	0000000000000000000000000000000000000				0	0	7237354	7237353	7237354	7237353	14474707	23	23	7237356	7237349	1	1
24	48	random	53	9740321	16662043	162293647335803	12739452	6369726	even	2	0		330	193200	0	0	0000000000000000000000000000000000000	0000000000000000000000000000000000000	0000000000000000000000000000000000000				0	0	6369726	6369725	6369726	6369725	12739451	23	23	6369733	6369722	1	1
24	47	random	54	9532451	11774549	112240311389599	10594352	5297176	even	2	0		330	190320	0	0	0000000000000000000000000000000000000	0000000000000000000000000000000000000	0000000000000000000000000000000000000				0	0	5297176	5297175	5297176	5297175	10594351	23	23	5297173	5297173	1	1
24	47	random	55	9096433	11852209	107812825070497	10383295	5191647	odd	48	0		330	190320	0	0	0000000000000000000000000000000000000	0000000000000000000000000000000000000	0000000000000000000000000000000000000				0	0	5191647	5191646	5191647	5191646	10383293	22	22	5191643	5191647	1	1
24	48	random	56	10676329	15515117	165644493565493	12870295	6435147	odd	4	0		330	193200	0	0	0000000000000000000000000000000000000	0000000000000000000000000000000000000	0000000000000000000000000000000000000				0	0	6435147	6435146	6435147	6435146	12870293	23	23	6435145	6435150	1	1
24	47	random	57	9485893	12539173	118945253386489	10906202	5453101	even	12	0		330	190320	0	0	0000000000000000000000000000000000000	0000000000000000000000000000000000000	0000000000000000000000000000000000000				0	0	5453101	5453100	5453101	5453100	10906201	22	22	5453101	5453097	1	1
24	48	random	58	12930221	15699899	203003163747679	14247917	7123958	odd	2	0		330	193200	0	0	0000000000000000000000000000000000000	0000000000000000000000000000000000000	0000000000000000000000000000000000000				0	0	7123958	7123957	7123958	7123957	14247915	22	22	7123952	7123953	1	1
24	47	random	59	8577397	14159903	121455109512491	11020667	5510333	odd	2	0		330	190320	0	0	0000000000000000000000000000000000000	0000000000000000000000000000000000000	0000000000000000000000000000000000000				0	0	5510333	5510332	5510333	5510332	11020665	22	23	5510335	5510331	1	1
24	48	random	60	12190007	16166707	197072271496949	14038243	7019121	odd	2	0		330	193200	0	0	0000000000000000000000000000000000000	0000000000000000000000000000000000000	0000000000000000000000000000000000000				0	0	7019121	7019120	7019121	7019120	14038241	23	23	7019123	7019121	1	1
24	48	random	61	11712397	12758791	149436025432027	12224402	6112201	even	6	0		330	193200	0	0	0000000000000000000000000000000000000	0000000000000000000000000000000000000	0000000000000000000000000000000000000				0	0	6112201	6112200	6112201	6112200	12224401	22	23	6112202	6112202	1	1
24	47	random	62	9108067	13326281	121376660208827	11017107	5508553	odd	22	0		330	190320	0	0	0000000000000000000000000000000000000	0000000000000000000000000000000000000	0000000000000000000000000000000000000				0	0	5508553	5508552	5508553	5508552	11017105	23	22	5508556	5508550	1	1
24	47	random	63	9234679	11909813	109983300005027	10487292	5243646	even	2	0		330	190320	0	0	0000000000000000000000000000000000000	0000000000000000000000000000000000000	0000000000000000000000000000000000000				0	0	5243646	5243645	5243646	5243645	10487291	22	22	5243645	5243641	1	1
24	48	random	64	10772093	13950091	150271677610463	12258534	6129267	even	2	0		330	193200	0	0	0000000000000000000000000000000000000	0000000000000000000000000000000000000	0000000000000000000000000000000000000				0	0	6129267	6129266	6129267	6129266	12258533	22	23	6129266	6129265	1	1
24	48	random	65	12930371	13137749	169875968674879	13033647	6516823	odd	2	0		330	193200	0	0	0000000000000000000000000000000000000	0000000000000000000000000000000000000	0000000000000000000000000000000000000				0	0	6516823	6516822	6516823	6516822	13033645	23	22	6516833	6516816	1	1
24	48	random	66	11432497	14645647	167436315390559	12939718	6469859	even	6	0		330	193200	0	0	0000000000000000000000000000000000000	0000000000000000000000000000000000000	0000000000000000000000000000000000000				0	0	6469859	6469858	6469859	6469858	12939717	23	23	6469860	6469854	1	1
24	47	random	67	10885657	12734429	138622626184853	11773811	5886905	odd	4	0		330	190320	0	0	0000000000000000000000000000000000000	0000000000000000000000000000000000000	0000000000000000000000000000000000000				0	0	5886905	5886904	5886905	5886904	11773809	22	23	5886904	5886907	1	1
24	48	random	68	9938959	15677449	155817522835591	12482688	6241344	even	6	0		330	193200	0	0	0000000000000000000000000000000000000	0000000000000000000000000000000000000	0000000000000000000000000000000000000				0	0	6241344	6241343	6241344	6241343	12482687	23	22	6241344	6241340	1	1
24	47	random	69	9297257	9817531	91276108812467	9553853	4776926	odd	2	0		330	190320	0	0	0000000000000000000000000000000000000	0000000000000000000000000000000000000	0000000000000000000000000000000000000				0	0	4776926	4776925	4776926	4776925	9553851	22	22	4776927	4776919	1	1
24	47	random	70	8484239	13720039	116404089965321	10789072	5394536	even	2	0		330	190320	0	0	0000000000000000000000000000000000000	0000000000000000000000000000000000000	0000000000000000000000000000000000000				0	0	5394536	5394535	5394536	5394535	10789071	22	23	5394535	5394536	1	1
24	48	random	71	10860079	14282141	155105179549139	12454122	6227061	even	2	0		330	193200	0	0	0000000000000000000000000000000000000	0000000000000000000000000000000000000	0000000000000000000000000000000000000				0	0	6227061	6227060	6227061	6227060	12454121	23	23	6227067	6227055	1	1
24	48	random	72	12206191	14865287	181448532391817	13470283	6735141	odd	2	0		330	193200	0	0	0000000000000000000000000000000000000	0000000000000000000000000000000000000	0000000000000000000000000000000000000				0	0	6735141	6735140	6735141	6735140	13470281	23	23	6735147	6735136	1	1
24	48	random	73	11990437	12237833	146736965603021	12113503	6056751	odd	4	0		330	193200	0	0	0000000000000000000000000000000000000	0000000000000000000000000000000000000	0000000000000000000000000000000000000				0	0	6056751	6056750	6056751	6056750	12113501	22	23	6056751	6056747	1	1
24	48	random	74	15005261	15554783	233403578713363	15277551	7638775	odd	2	0		330	193200	0	0	0000000000000000000000000000000000000	0000000000000000000000000000000000000	0000000000000000000000000000000000000				0	0	7638775	7638774	7638775	7638774	15277549	23	23	7638782	7638769	1	1
24	47	random	75	8910763	14255237	127025038415831	11270538	5635269	even	2	0		330	190320	0	0	0000000000000000000000000000000000000	0000000000000000000000000000000000000	0000000000000000000000000000000000000				0	0	5635269	5635268	5635269	5635268	11270537	22	23	5635269	5635270	1	1
24	48	random	76	11746529	12831667	150727548533843	12277114	6138557	even	2	0		330	193200	0	0	0000000000000000000000000000000000000	0000000000000000000000000000000000000	0000000000000000000000000000000000000				0	0	6138557	6138556	6138557	6138556	12277113	22	23	6138559	6138552	1	1
24	48	random	77	11373623	15175231	172597356331913	13137631	6568815	odd	2	0		330	193200	0	0	0000000000000000000000000000000000000	0000000000000000000000000000000000000	0000000000000000000000000000000000000				0	0	6568815	6568814	6568815	6568814	13137629	22	23	6568816	6568819	1	1
24	48	random	78	11953301	12574321	150304643783621	12259879	6129939	odd	20	0		330	193200	0	0	0000000000000000000000000000000000000	0000000000000000000000000000000000000	0000000000000000000000000000000000000				0	0	6129939	6129938	6129939	6129938	12259877	23	22	6129943	6129937	1	1
24	47	random	79	10279813	13687439	140704313368907	11861884	5930942	even	2	0		330	190320	0	0	0000000000000000000000000000000000000	0000000000000000000000000000000000000	0000000000000000000000000000000000000				0	0	5930942	5930941	5930942	5930941	11861883	23	23	5930943	5930939	1	1
24	48	random	80	14100551	15565001	219475090415551	14814691	7407345	odd	50	0		330	193200	0	0	0000000000000000000000000000000000000	0000000000000000000000000000000000000	0000000000000000000000000000000000000				0	0	7407345	7407344	7407345	7407344	14814689	23	22	7407350	7407341	1	1
24	48	random	81	11540447	12418331	143313090733957	11971344	5985672	even	2	0		330	193200	0	0	0000000000000000000000000000000000000	0000000000000000000000000000000000000	0000000000000000000000000000000000000				0	0	5985672	5985671	5985672	5985671	11971343	22	23	5985666	5985669	1	1
24	48	random	82	11016953	16022683	176521145544899	13286126	6643063	even	2	0		330	193200	0	0	0000000000000000000000000000000000000	0000000000000000000000000000000000000	0000000000000000000000000000000000000				0	0	6643063	6643062	6643063	6643062	13286125	23	22	6643062	6643062	1	1
24	47	random	83	9045247	11985353	108410478267191	10412035	5206017	odd	2	0		330	190320	0	0	0000000000000000000000000000000000000	0000000000000000000000000000000000000	0000000000000000000000000000000000000				0	0	5206017	5206016	5206017	5206016	10412033	23	22	5206020	5206015	1	1
24	48	random	84	13467301	16169537	217760021809637	14756694	7378347	even	4	0		330	193200	0	0	0000000000000000000000000000000000000	0000000000000000000000000000000000000	0000000000000000000000000000000000000				0	0	7378347	7378346	7378347	7378346	14756693	23	23	7378348	7378344	1	1
24	48	random	85	11116837	14872673	165337081495301	12858346	6429173	even	4	0		330	193200	0	0	0000000000000000000000000000000000000	0000000000000000000000000000000000000	0000000000000000000000000000000000000				0	0	6429173	6429172	6429173	6429172	12858345	23	23	6429178	6429170	1	1
24	47	random	86	8959337	9946109	89110542369733	9439838	4719919	even	4	0		330	190320	0	0	0000000000000000000000000000000000000	0000000000000000000000000000000000000	0000000000000000000000000000000000000				0	0	4719919	4719918	4719919	4719918	9439837	22	22	4719919	4719914	1	1
24	48	random	87	13861417	14769199	204722026094983	14308110	7154055	even	6	0		330	193200	0	0	0000000000000000000000000000000000000	0000000000000000000000000000000000000	0000000000000000000000000000000000000				0	0	7154055	7154054	7154055	7154054	14308109	22	23	7154048	7154052	1	1
24	47	random	88	10763983	11763751	126624815780233	11252769	5626384	odd	6	0		330	190320	0	0	0000000000000000000000000000000000000	0000000000000000000000000000000000000	0000000000000000000000000000000000000				0	0	5626384	5626383	5626384	5626383	11252767	22	22	5626384	5626379	1	1
24	48	random	89	9616573	14822111	142537912445603	11938924	5969462	even	2	0		330	193200	0	0	0000000000000000000000000000000000000	0000000000000000000000000000000000000	0000000000000000000000000000000000000				0	0	5969462	5969461	5969462	5969461	11938923	22	22	5969459	5969453	1	1
24	47	random	90	10047031	12973117	130341308665627	11416711	5708355	odd	6	0		330	190320	0	0	0000000000000000000000000000000000000	0000000000000000000000000000000000000	0000000000000000000000000000000000000				0	0	5708355	5708354	5708355	5708354	11416709	23	23	5708356	5708355	1	1
24	48	random	91	10940879	14429159	157867682690761	12564540	6282270	even	2	0		330	193200	0	0	0000000000000000000000000000000000000	0000000000000000000000000000000000000	0000000000000000000000000000000000000				0	0	6282270	6282269	6282270	6282269	12564539	23	22	6282273	6282263	1	1
24	48	random	92	11952907	13588181	162418263792167	12744342	6372171	even	2	0		330	193200	0	0	0000000000000000000000000000000000000	0000000000000000000000000000000000000	0000000000000000000000000000000000000				0	0	6372171	6372170	6372171	6372170	12744341	23	23	6372169	6372173	1	1
24	47	random	93	9054673	11698289	105924181554497	10291947	5145973	odd	16	0		330	190320	0	0	0000000000000000000000000000000000000	0000000000000000000000000000000000000	0000000000000000000000000000000000000				0	0	5145973	5145972	5145973	5145972	10291945	22	22	5145971	5145971	1	1
24	48	random	94	9644093	15463243	149128953573599	12211836	6105918	even	2	0		330	193200	0	0	0000000000000000000000000000000000000	0000000000000000000000000000000000000	0000000000000000000000000000000000000				0	0	6105918	6105917	6105918	6105917	12211835	23	23	6105917	6105919	1	1
24	47	random	95	10812031	11247367	121606880672377	11027550	5513775	even	6	0		330	190320	0	0	0000000000000000000000000000000000000	0000000000000000000000000000000000000	0000000000000000000000000000000000000				0	0	5513775	5513774	5513775	5513774	11027549	23	22	5513784	5513766	1	1
24	48	random	96	13755827	16703251	229767031093577	15158068	7579034	even	2	0		330	193200	0	0	0000000000000000000000000000000000000	0000000000000000000000000000000000000	0000000000000000000000000000000000000				0	0	7579034	7579033	7579034	7579033	15158067	23	23	7579032	7579038	1	1
24	47	random	97	11434879	12226397	139807370300963	11824016	5912008	even	182	0		330	190320	0	0	0000000000000000000000000000000000000	0000000000000000000000000000000000000	0000000000000000000000000000000000000				0	0	5912008	5912007	5912008	5912007	11824015	22	23	5912003	5912004	1	1
24	47	random	98	8449139	12437743	105088219453277	10251254	5125627	even	2	0		330	190320	0	0	0000000000000000000000000000000000000	0000000000000000000000000000000000000	0000000000000000000000000000000000000				0	0	5125627	5125626	5125627	5125626	10251253	22	22	5125630	5125622	1	1
24	47	random	99	11440601	12065167	138032761645367	11748734	5874367	even	2	0		330	190320	0	0	0000000000000000000000000000000000000	0000000000000000000000000000000000000	0000000000000000000000000000000000000				0	0	5874367	5874366	5874367	5874366	11748733	22	22	5874365	5874362	1	1
24	47	random	100	9721937	12706781	123534524354797	11114608	5557304	even	4	0		330	190320	0	0	0000000000000000000000000000000000000	0000000000000000000000000000000000000	0000000000000000000000000000000000000				0	0	5557304	5557303	5557304	5557303	11114607	23	22	5557310	5557300	1	1
24	47	random	101	8647129	11907641	102966907812689	10147261	5073630	odd	8	0		330	190320	0	0	0000000000000000000000000000000000000	0000000000000000000000000000000000000	0000000000000000000000000000000000000				0	0	5073630	5073629	5073630	5073629	10147259	22	22	5073629	5073625	1	1
24	48	random	102	13094749	14666381	192052577933369	13858303	6929151	odd	4	0		330	193200	0	0	0000000000000000000000000000000000000	0000000000000000000000000000000000000	0000000000000000000000000000000000000				0	0	6929151	6929150	6929151	6929150	13858301	23	23	6929152	6929148	1	1
24	48	random	103	13805471	13910921	192046816448791	13858095	6929047	odd	10	0		330	193200	0	0	0000000000000000000000000000000000000	0000000000000000000000000000000000000	0000000000000000000000000000000000000				0	0	6929047	6929046	6929047	6929046	13858093	22	23	6929045	6929046	1	1
24	47	random	104	8495273	11143127	94663905938671	9729537	4864768	odd	2	0		330	190320	0	0	0000000000000000000000000000000000000	0000000000000000000000000000000000000	0000000000000000000000000000000000000				0	0	4864768	4864767	4864768	4864767	9729535	22	23	4864766	4864773	1	1
24	48	random	105	12200939	14629247	178490550262933	13360035	6680017	odd	2	0		330	193200	0	0	0000000000000000000000000000000000000	0000000000000000000000000000000000000	0000000000000000000000000000000000000				0	0	6680017	6680016	6680017	6680016	13360033	23	23	6680022	6680018	1	1
24	48	random	106	11643311	16184891	188445719414101	13727553	6863776	odd	10	0		330	193200	0	0	0000000000000000000000000000000000000	0000000000000000000000000000000000000	0000000000000000000000000000000000000				0	0	6863776	6863775	6863776	6863775	13727551	22	22	6863775	6863773	1	1
24	48	random	107	13122211	15229007	199838243174477	14136415	7068207	odd	2	0		330	193200	0	0	0000000000000000000000000000000000000	0000000000000000000000000000000000000	0000000000000000000000000000000000000				0	0	7068207	7068206	7068207	7068206	14136413	23	23	7068206	7068206	1	1
24	48	random	108	13297147	15154471	201511228594237	14195465	7097732	odd	6	0		330	193200	0	0	0000000000000000000000000000000000000	0000000000000000000000000000000000000	0000000000000000000000000000000000000				0	0	7097732	7097731	7097732	7097731	14195463	23	23	7097733	7097725	1	1
24	47	random	109	9732323	10002959	97352027943757	9866713	4933356	odd	2	0		330	190320	0	0	0000000000000000000000000000000000000	0000000000000000000000000000000000000	0000000000000000000000000000000000000				0	0	4933356	4933355	4933356	4933355	9866711	22	22	4933359	4933351	1	1
24	47	random	110	9799147	10536307	103246821130129	10161044	5080522	even	6	0		330	190320	0	0	0000000000000000000000000000000000000	0000000000000000000000000000000000000	0000000000000000000000000000000000000				0	0	5080522	5080521	5080522	5080521	10161043	22	22	5080524	5080519	1	1
24	47	random	111	11112811	11224613	124737002817143	11168572	5584286	even	2	0		330	190320	0	0	0000000000000000000000000000000000000	0000000000000000000000000000000000000	0000000000000000000000000000000000000				0	0	5584286	5584285	5584286	5584285	11168571	23	23	5584292	5584280	1	1
24	48	random	112	14600723	16442737	240075848298851	15494381	7747190	odd	2	0		330	193200	0	0	0000000000000000000000000000000000000	0000000000000000000000000000000000000	0000000000000000000000000000000000000				0	0	7747190	7747189	7747190	7747189	15494379	23	23	7747191	7747190	1	1
24	48	random	113	11526959	16654217	191972476536103	13855413	6927706	odd	2	0		330	193200	0	0	0000000000000000000000000000000000000	0000000000000000000000000000000000000	0000000000000000000000000000000000000				0	0	6927706	6927705	6927706	6927705	13855411	23	22	6927712	6927701	1	1
24	48	random	114	10351441	15423251	159652872754691	12635381	6317690	odd	10	0		330	193200	0	0	0000000000000000000000000000000000000	0000000000000000000000000000000000000	0000000000000000000000000000000000000				0	0	6317690	6317689	6317690	6317689	12635379	22	23	6317696	6317686	1	1
24	48	random	115	10084471	14106409	142255672474639	11927098	5963549	even	6	0		330	193200	0	0	0000000000000000000000000000000000000	0000000000000000000000000000000000000	0000000000000000000000000000000000000				0	0	5963549	5963548	5963549	5963548	11927097	22	22	5963548	5963549	1	1
24	47	random	116	10355143	13577159	140593422978737	11857209	5928604	odd	14	0		330	190320	0	0	0000000000000000000000000000000000000	0000000000000000000000000000000000000	0000000000000000000000000000000000000				0	0	5928604	5928603	5928604	5928603	11857207	23	23	5928611	5928599	1	1
24	47	random	117	9545171	14681747	140139785693737	11838065	5919032	odd	2	0		330	190320	0	0	0000000000000000000000000000000000000	0000000000000000000000000000000000000	0000000000000000000000000000000000000				0	0	5919032	5919031	5919032	5919031	11838063	23	22	5919033	5919024	1	1
24	47	random	118	10745113	11424341	122755834995533	11079523	5539761	odd	4	0		330	190320	0	0	0000000000000000000000000000000000000	0000000000000000000000000000000000000	0000000000000000000000000000000000000				0	0	5539761	5539760	5539761	5539760	11079521	22	23	5539764	5539761	1	1
24	47	random	119	8604241	13139909	113058943754069	10632917	5316458	odd	4	0		330	190320	0	0	0000000000000000000000000000000000000	0000000000000000000000000000000000000	0000000000000000000000000000000000000				0	0	5316458	5316457	5316458	5316457	10632915	22	22	5316456	5316454	1	1
24	47	random	120	9201919	9872693	90847721297867	9531407	4765703	odd	2	0		330	190320	0	0	0000000000000000000000000000000000000	0000000000000000000000000000000000000	0000000000000000000000000000000000000				0	0	4765703	4765702	4765703	4765702	9531405	22	23	4765702	4765706	1	1
24	47	random	121	10142681	13767641	139640790785521	11816970	5908485	even	40	0		330	190320	0	0	0000000000000000000000000000000000000	0000000000000000000000000000000000000	0000000000000000000000000000000000000				0	0	5908485	5908484	5908485	5908484	11816969	23	23	5908489	5908483	1	1
24	48	random	122	12262279	15922567	195246958950193	13973079	6986539	odd	6	0		330	193200	0	0	0000000000000000000000000000000000000	0000000000000000000000000000000000000	0000000000000000000000000000000000000				0	0	6986539	6986538	6986539	6986538	13973077	23	22	6986539	6986542	1	1
24	48	random	123	13903207	16259491	226059069087637	15035260	7517630	even	6	0		330	193200	0	0	0000000000000000000000000000000000000	0000000000000000000000000000000000000	0000000000000000000000000000000000000				0	0	7517630	7517629	7517630	7517629	15035259	23	23	7517631	7517627	1	1
24	48	random	124	10668331	15573073	166138697451163	12889480	6444740	even	6	0		330	193200	0	0	0000000000000000000000000000000000000	0000000000000000000000000000000000000	0000000000000000000000000000000000000				0	0	6444740	6444739	6444740	6444739	12889479	23	23	6444738	6444735	1	1
24	48	random	125	11910499	16696153	198859513610347	14101755	7050877	odd	6	0		330	193200	0	0	0000000000000000000000000000000000000	0000000000000000000000000000000000000	0000000000000000000000000000000000000				0	0	7050877	7050876	7050877	7050876	14101753	23	23	7050877	7050880	1	1
24	47	random	126	9533677	10865849	103591494696773	10177990	5088995	even	4	0		330	190320	0	0	0000000000000000000000000000000000000	0000000000000000000000000000000000000	0000000000000000000000000000000000000				0	0	5088995	5088994	5088995	5088994	10177989	23	22	5088999	5088990	1	1
24	47	random	127	8657827	11734453	101594864013631	10079427	5039713	odd	6	0		330	190320	0	0	0000000000000000000000000000000000000	0000000000000000000000000000000000000	0000000000000000000000000000000000000				0	0	5039713	5039712	5039713	5039712	10079425	23	22	5039719	5039709	1	1
24	48	consecutive	0	16014223	16014239	256455594521297	16014230	8007115	even	2	0		330	193200	1	1	1100700000000000000600000000001c40000	0000000000000000000000000000000000000	0000000000000000000400000000000000000	central.u0	16014223	8007107:8	120	0	8007115	8007114	8007115	8007114	16014229	23	23	8007124	8007104	1	1
24	48	consecutive	1	16585483	16585493	275078412198119	16585487	8292743	odd	2	0		330	193200	1	1	1000700000000000000200000000001c40000	0000000000000000000000000000000000000	0000000000000000000000000000000000000	central.u0	16585483	8292735:8	120	0	8292743	8292742	8292743	8292742	16585485	23	23	8292753	8292733	1	1
24	48	consecutive	2	12329963	12330011	152028579419593	12329986	6164993	even	2	0		330	193200	1	1	1000700000000000000200000000001c40000	0000000000000000000000000000000000000	0000000000000000000000000000000000000	central.u0	12329963	6164977:16	360	0	6164993	6164992	6164993	6164992	12329985	22	23	6165006	6164990	1	1
24	48	consecutive	3	14844031	14844047	220345493833457	14844038	7422019	even	2	0		330	193200	1	1	1100700000000000000600000000001c40000	0000000000000000000000000000000000000	0000000000000000000400000000000000000	central.u0	14844031	7422011:8	120	0	7422019	7422018	7422019	7422018	14844037	23	23	7422034	7422014	1	1
24	47	consecutive	4	9235703	9235711	85298283789833	9235706	4617853	even	2	0		330	190320	1	1	1000700000000000000200000000001c40000	0000000000000000000000000000000000000	0000000000000000000000000000000000000	central.u0	9235703	4617845:8	120	0	4617853	4617852	4617853	4617852	9235705	23	22	4617862	4617839	1	1
24	47	consecutive	5	8880107	8880143	78856620015301	8880124	4440062	even	2	0		330	190320	1	1	1000700000000000008229000000005c40000	0000000000000000000000000000000000000	0000000000000000008029000000000000000	central.u0	8880107	4440046:16	360	0	4440062	4440061	4440062	4440061	8880123	22	22	4440063	4440045	1	1
24	48	consecutive	6	13727543	13727587	188446040828741	13727564	6863782	even	2	0		330	193200	1	1	1000700000000000000200000000001c40000	0000000000000000000000000000000000000	0000000000000000000000000000000000000	central.u0	13727543	6863766:16	360	0	6863782	6863781	6863782	6863781	13727563	23	23	6863791	6863771	1	1
24	48	consecutive	7	15410819	15410887	237494390186453	15410852	7705426	even	2	0		330	193200	1	1	1000700000000000008229000000005c40000	0000000000000000000000000000000000000	0000000000000000008029000000000000000	central.u0	15410819	7705394:32	840	0	7705426	7705425	7705426	7705425	15410851	23	23	7705436	7705416	1	1
24	47	consecutive	8	10768319	10768397	115957534014643	10768357	5384178	odd	2	0		330	190320	1	1	1000700000000000000200000000001c40000	0000000000000000000000000000000000000	0000000000000000000000000000000000000	central.u0	10768319	5384146:32	840	0	5384178	5384177	5384178	5384177	10768355	22	23	5384184	5384171	1	1
24	47	consecutive	9	10535653	10535659	111000047350327	10535655	5267827	odd	6	0		330	190320	1	1	1000700000000000000200000000001c40000	0000000000000000000000000000000000000	0000000000000000000000000000000000000	central.u0	10535653	5267819:8	120	0	5267827	5267826	5267827	5267826	10535653	23	22	5267840	5267817	1	1
24	48	consecutive	10	14224283	14224289	202330312209787	14224285	7112142	odd	2	0		330	193200	1	1	1000700000000000000200000000001c40000	0000000000000000000000000000000000000	0000000000000000000000000000000000000	central.u0	14224283	7112134:8	120	0	7112142	7112141	7112142	7112141	14224283	23	23	7112152	7112131	1	1
24	47	consecutive	11	8981941	8981957	80675407838537	8981948	4490974	even	4	0		330	190320	1	1	1100700000000000000600000000001c40000	0000000000000000000000000000000000000	0000000000000000000400000000000000000	central.u0	8981941	4490966:8	120	0	4490974	4490973	4490974	4490973	8981947	22	22	4490982	4490962	1	1
24	47	consecutive	12	8751749	8751767	76593268090483	8751757	4375878	odd	2	0		330	190320	1	1	1100700000000000000600000000001c40000	0000000000000000000000000000000000000	0000000000000000000400000000000000000	central.u0	8751749	4375870:8	120	0	4375878	4375877	4375878	4375877	8751755	22	22	4375888	4375868	1	1
24	48	consecutive	13	13075243	13075277	170962424067311	13075259	6537629	odd	2	0		330	193200	1	1	1100700000000000000600000000001c40000	0000000000000000000000000000000000000	0000000000000000000400000000000000000	central.u0	13075243	6537621:8	120	0	6537629	6537628	6537629	6537628	13075257	23	22	6537638	6537617	1	1
24	48	consecutive	14	13194199	13194253	174087599738347	13194225	6597112	odd	54	0		330	193200	1	1	1000700000000000000200000000001c40000	0000000000000000000000000000000000000	0000000000000000000000000000000000000	central.u0	13194199	6597096:16	360	0	6597112	6597111	6597112	6597111	13194223	22	22	6597116	6597097	1	1
24	47	consecutive	15	11489759	11489789	132014906570851	11489773	5744886	odd	2	0		330	190320	1	1	1000700000000000000200000000001c40000	0000000000000000000000000000000000000	0000000000000000000000000000000000000	central.u0	11489759	5744878:8	120	0	5744886	5744885	5744886	5744885	11489771	23	23	5744893	5744875	1	1
24	47	consecutive	16	9966091	9966113	99323189074283	9966101	4983050	odd	2	0		330	190320	1	1	1000700000000000008200400000001c40000	0000000000000000000000000000000000000	0000000000000000008000400000000000000	central.u0	9966091	4983042:8	120	0	4983050	4983049	4983050	4983049	9966099	22	22	4983062	4983044	1	1
24	48	consecutive	17	15640327	15640349	244620172754123	15640337	7820168	odd	2	0		330	193200	1	1	1000700000000000008200400000001c40000	0000000000000000000000000000000000000	0000000000000000008000400000000000000	central.u0	15640327	7820160:8	120	0	7820168	7820167	7820168	7820167	15640335	23	23	7820176	7820155	1	1
24	47	consecutive	18	10789039	10789081	116403815683159	10789059	5394529	odd	6	0		330	190320	1	1	1000700000000000000200000000001c40000	0000000000000000000000000000000000000	0000000000000000000000000000000000000	central.u0	10789039	5394513:16	360	0	5394529	5394528	5394529	5394528	10789057	22	23	5394540	5394524	1	1
24	47	consecutive	19	8442607	8442641	71277900005087	8442623	4221311	odd	2	0		330	190320	1	1	1100700000000000000600000000001c40000	0000000000000000000000000000000000000	0000000000000000000400000000000000000	central.u0	8442607	4221303:8	120	0	4221311	4221310	4221311	4221310	8442621	22	22	4221318	4221299	1	1
24	48	consecutive	20	14999221	14999233	224976810597493	14999226	7499613	even	12	0		330	193200	1	1	1000700000000000000200000000005c40000	0000000000000000000000000000000000000	0000000000000000000000000000000000000	central.u0	14999221	7499605:8	120	0	7499613	7499612	7499613	7499612	14999225	23	23	7499621	7499601	1	1
24	48	consecutive	21	13261483	13261499	175867143543017	13261490	6630745	even	2	0		330	193200	1	1	1100700000000000000600000000001c40000	0000000000000000000000000000000000000	0000000000000000000400000000000000000	central.u0	13261483	6630737:8	120	0	6630745	6630744	6630745	6630744	13261489	23	22	6630756	6630733	1	1
24	47	consecutive	22	10768283	10768313	115956241816579	10768297	5384148	odd	2	0		330	190320	1	1	1000700000000000000200000000001c40000	0000000000000000000000000000000000000	0000000000000000000000000000000000000	central.u0	10768283	5384140:8	120	0	5384148	5384147	5384148	5384147	10768295	23	23	5384157	5384138	1	1
24	47	consecutive	23	10962517	10962527	120176888600459	10962521	5481260	odd	2	0		330	190320	1	1	1000700000000000000200000000001c40000	0000000000000000000000000000000000000	0000000000000000000000000000000000000	central.u0	10962517	5481252:8	120	0	5481260	5481259	5481260	5481259	10962519	23	23	5481270	5481250	1	1
24	48	consecutive	24	14555491	14555503	211862492916973	14555496	7277748	even	6	0		330	193200	1	1	1000700000000000000200000000005c40000	0000000000000000000000000000000000000	0000000000000000000000000000000000000	central.u0	14555491	7277740:8	120	0	7277748	7277747	7277748	7277747	14555495	23	23	7277757	7277736	1	1
24	48	consecutive	25	14242561	14242573	202850714749453	14242566	7121283	even	12	0		330	193200	1	1	1000700000000000000200000000005c40000	0000000000000000000000000000000000000	0000000000000000000000000000000000000	central.u0	14242561	7121275:8	120	0	7121283	7121282	7121283	7121282	14242565	23	23	7121295	7121274	1	1
24	48	consecutive	26	13465229	13465259	181312795979311	13465243	6732621	odd	2	0		330	193200	1	1	1000700000000000000200000000001c40000	0000000000000000000000000000000000000	0000000000000000000000000000000000000	central.u0	13465229	6732613:8	120	0	6732621	6732620	6732621	6732620	13465241	22	23	6732627	6732610	1	1
24	47	consecutive	27	9405139	9405211	88457316779329	9405174	4702587	even	6	0		330	190320	1	1	1000700000000000000200000000001c40000	0000000000000000000000000000000000000	0000000000000000000000000000000000000	central.u0	9405139	4702555:32	840	0	4702587	4702586	4702587	4702586	9405173	22	23	4702593	4702580	1	1
24	47	consecutive	28	9066019	9066041	82192899960779	9066029	4533014	odd	2	0		330	190320	1	1	1000700000000000008200400000001c40000	0000000000000000000000000000000000000	0000000000000000008000400000000000000	central.u0	9066019	4533006:8	120	0	4533014	4533013	4533014	4533013	9066027	22	22	4533023	4533004	1	1
24	48	consecutive	29	12534937	12534953	157124846152961	12534944	6267472	even	8	0		330	193200	1	1	1100700000000000000600000000001c40000	0000000000000000000000000000000000000	0000000000000000000400000000000000000	central.u0	12534937	6267464:8	120	0	6267472	6267471	6267472	6267471	12534943	23	23	6267480	6267461	1	1
24	48	consecutive	30	15154067	15154093	229646140646231	15154079	7577039	odd	2	0		330	193200	1	1	1000700000000000000200000000001c40000	0000000000000000000000000000000000000	0000000000000000000000000000000000000	central.u0	15154067	7577031:8	120	0	7577039	7577038	7577039	7577038	15154077	23	23	7577046	7577026	1	1
24	48	consecutive	31	15731371	15731377	247476127927867	15731373	7865686	odd	6	0		330	193200	1	1	1000700000000000000200000000001c40000	0000000000000000000000000000000000000	0000000000000000000000000000000000000	central.u0	15731371	7865678:8	120	0	7865686	7865685	7865686	7865685	15731371	23	23	7865698	7865677	1	1
24	47	consecutive	32	9781117	9781127	95670347578859	9781121	4890560	odd	2	0		330	190320	1	1	1000700000000000000200000000001c40000	0000000000000000000000000000000000000	0000000000000000000000000000000000000	central.u0	9781117	4890552:8	120	0	4890560	4890559	4890560	4890559	9781119	23	22	4890566	4890543	1	1
24	48	consecutive	33	11927743	11927749	142271124640507	11927745	5963872	odd	6	0		330	193200	1	1	1000700000000000000200000000001c40000	0000000000000000000000000000000000000	0000000000000000000000000000000000000	central.u0	11927743	5963864:8	120	0	5963872	5963871	5963872	5963871	11927743	23	22	5963883	5963860	1	1
24	47	consecutive	34	10794803	10794809	116527836577627	10794805	5397402	odd	2	0		330	190320	1	1	1000700000000000000200000000001c40000	0000000000000000000000000000000000000	0000000000000000000000000000000000000	central.u0	10794803	5397394:8	120	0	5397402	5397401	5397402	5397401	10794803	23	22	5397412	5397389	1	1
24	47	consecutive	35	8438519	8438531	71208704175589	8438524	4219262	even	2	0		330	190320	1	1	1000700000000000000200000000005c40000	0000000000000000000000000000000000000	0000000000000000000000000000000000000	central.u0	8438519	4219254:8	120	0	4219262	4219261	4219262	4219261	8438523	22	22	4219272	4219251	1	1
24	48	consecutive	36	13397341	13397353	179488906638373	13397346	6698673	even	12	0		330	193200	1	1	1000700000000000000200000000005c40000	0000000000000000000000000000000000000	0000000000000000000000000000000000000	central.u0	13397341	6698665:8	120	0	6698673	6698672	6698673	6698672	13397345	23	23	6698684	6698663	1	1
24	47	consecutive	37	11438971	11439047	130850926900637	11439008	5719504	even	2	0		330	190320	1	1	1000700000000000000200000000001c40000	0000000000000000000000000000000000000	0000000000000000000000000000000000000	central.u0	11438971	5719472:32	840	0	5719504	5719503	5719504	5719503	11439007	23	23	5719511	5719494	1	1
24	48	consecutive	38	14274593	14274607	203764205159951	14274599	7137299	odd	2	0		330	193200	1	1	1000700000000000000200000000001c40000	0000000000000000000000000000000000000	0000000000000000000000000000000000000	central.u0	14274593	7137291:8	120	0	7137299	7137298	7137299	7137298	14274597	23	23	7137311	7137290	1	1
24	47	consecutive	39	11678993	11679007	136399040999951	11678999	5839499	odd	2	0		330	190320	1	1	1000700000000000000200000000001c40000	0000000000000000000000000000000000000	0000000000000000000000000000000000000	central.u0	11678993	5839491:8	120	0	5839499	5839498	5839499	5839498	11678997	22	22	5839509	5839490	1	1
24	47	consecutive	40	10222403	10222411	104497604873633	10222406	5111203	even	2	0		330	190320	1	1	1000700080000000000200000000001c40000	0000000000000000000000000000000000000	0000000080000000000000000000000000000	central.u0	10222403	5111195:8	120	0	5111203	5111202	5111203	5111202	10222405	23	22	5111211	5111188	1	1
24	48	consecutive	41	12765413	12765427	162955947776351	12765419	6382709	odd	2	0		330	193200	1	1	1000700000000000000200000000001c40000	0000000000000000000000000000000000000	0000000000000000000000000000000000000	central.u0	12765413	6382701:8	120	0	6382709	6382708	6382709	6382708	12765417	23	23	6382721	6382700	1	1
24	48	consecutive	42	16138363	16138393	260447244470659	16138377	8069188	odd	6	0		330	193200	1	1	1000700000000000000200000000001c40000	0000000000000000000000000000000000000	0000000000000000000000000000000000000	central.u0	16138363	8069180:8	120	0	8069188	8069187	8069188	8069187	16138375	23	23	8069200	8069181	1	1
24	48	consecutive	43	13055069	13055083	170435009365727	13055075	6527537	odd	2	0		330	193200	1	1	1000700000000000000200000000001c40000	0000000000000000000000000000000000000	0000000000000000000000000000000000000	central.u0	13055069	6527529:8	120	0	6527537	6527536	6527537	6527536	13055073	23	23	6527549	6527528	1	1
24	48	consecutive	44	15769517	15769529	248677855647493	15769522	7884761	even	4	0		330	193200	1	1	1000700000000000000200000000005c40000	0000000000000000000000000000000000000	0000000000000000000000000000000000000	central.u0	15769517	7884753:8	120	0	7884761	7884760	7884761	7884760	15769521	23	23	7884770	7884750	1	1
24	47	consecutive	45	10314719	10314727	106393510566713	10314722	5157361	even	2	0		330	190320	1	1	1000700000000000000200000000001c40000	0000000000000000000000000000000000000	0000000000000000000000000000000000000	central.u0	10314719	5157353:8	120	0	5157361	5157360	5157361	5157360	10314721	23	22	5157371	5157348	1	1
24	48	consecutive	46	12618061	12618083	159215740997063	12618071	6309035	odd	2	0		330	193200	1	1	1000700000000000008200400000001c40000	0000000000000000000000000000000000000	0000000000000000008000400000000000000	central.u0	12618061	6309027:8	120	0	6309035	6309034	6309035	6309034	12618069	23	22	6309048	6309026	1	1
24	47	consecutive	47	9715049	9715103	94382701685047	9715075	4857537	odd	2	0		330	190320	1	1	1000700000000000000200000000001c40000	0000000000000000000000000000000000000	0000000000000000000000000000000000000	central.u0	9715049	4857521:16	360	0	4857537	4857536	4857537	4857536	9715073	22	23	4857547	4857532	1	1
24	47	consecutive	48	9848249	9848257	96988087151993	9848252	4924126	even	8	0		330	190320	1	1	1000700000000000000200000000001c40000	0000000000000000000000000000000000000	0000000000000000000000000000000000000	central.u0	9848249	4924118:8	120	0	4924126	4924125	4924126	4924125	9848251	23	22	4924136	4924113	1	1
24	48	consecutive	49	12839657	12839677	164857048670789	12839666	6419833	even	4	0		330	193200	1	1	1000700000000000008229000000005c40000	0000000000000000000000000000000000000	0000000000000000008029000000000000000	central.u0	12839657	6419825:8	120	0	6419833	6419832	6419833	6419832	12839665	23	23	6419841	6419821	1	1
24	48	consecutive	50	13230661	13230667	175050469880887	13230663	6615331	odd	6	0		330	193200	1	1	1000700000000000000200000000001c40000	0000000000000000000000000000000000000	0000000000000000000000000000000000000	central.u0	13230661	6615323:8	120	0	6615331	6615330	6615331	6615330	13230661	23	23	6615343	6615322	1	1
24	48	consecutive	51	13054819	13054859	170428821315521	13054838	6527419	even	2	0		330	193200	1	1	1000700000000000000200000000001c40000	0000000000000000000000000000000000000	0000000000000000000000000000000000000	central.u0	13054819	6527403:16	360	0	6527419	6527418	6527419	6527418	13054837	22	22	6527424	6527405	1	1
24	47	consecutive	52	11522219	11522249	132761876350531	11522233	5761116	odd	2	0		330	190320	1	1	1000700000000000000200000000001c40000	0000000000000000000000000000000000000	0000000000000000000000000000000000000	central.u0	11522219	5761108:8	120	0	5761116	5761115	5761116	5761115	11522231	23	23	5761123	5761105	1	1
24	48	consecutive	53	13287451	13287467	176556566676617	13287458	6643729	even	2	0		330	193200	1	1	1100700000000000000600000000001c40000	0000000000000000000000000000000000000	0000000000000000000400000000000000000	central.u0	13287451	6643721:8	120	0	6643729	6643728	6643729	6643728	13287457	23	22	6643744	6643721	1	1
24	48	consecutive	54	16603591	16603607	275679499752737	16603598	8301799	even	2	0		330	193200	1	1	1100700000000000000600000000001c40000	0000000000000000000000000000000000000	0000000000000000000400000000000000000	central.u0	16603591	8301791:8	120	0	8301799	8301798	8301799	8301798	16603597	23	23	8301806	8301786	1	1
24	48	consecutive	55	13046809	13046821	170219381644189	13046814	6523407	even	12	0		330	193200	1	1	1000700000000000000200000000005c40000	0000000000000000000000000000000000000	0000000000000000000000000000000000000	central.u0	13046809	6523399:8	120	0	6523407	6523406	6523407	6523406	13046813	23	23	6523419	6523398	1	1
24	47	consecutive	56	11825797	11825833	139849900413901	11825814	5912907	even	12	0		330	190320	1	1	1000700000000000008229000000005c40000	0000000000000000000000000000000000000	0000000000000000008029000000000000000	central.u0	11825797	5912891:16	360	0	5912907	5912906	5912907	5912906	11825813	22	22	5912916	5912897	1	1
24	47	consecutive	57	8440739	8440787	71246480021593	8440762	4220381	even	2	0		330	190320	1	1	1000700000000000000200000000001c40000	0000000000000000000000000000000000000	0000000000000000000000000000000000000	central.u0	8440739	4220365:16	360	0	4220381	4220380	4220381	4220380	8440761	22	22	4220388	4220370	1	1
24	47	consecutive	58	11032289	11032297	121711488837833	11032292	5516146	even	8	0		330	190320	1	1	1000700000000000000200000000001c40000	0000000000000000000000000000000000000	0000000000000000000000000000000000000	central.u0	11032289	5516138:8	120	0	5516146	5516145	5516146	5516145	11032291	23	22	5516157	5516135	1	1
24	48	consecutive	59	11904863	11904901	141726215433563	11904881	5952440	odd	2	0		330	193200	1	1	1000700000000000008200400000001c40000	0000000000000000000000000000000000000	0000000000000000008000400000000000000	central.u0	11904863	5952424:16	360	0	5952440	5952439	5952440	5952439	11904879	22	23	5952445	5952428	1	1
24	48	consecutive	60	15263429	15263431	232972295364899	15263429	7631714	odd	2	1	15263429	0	0	0	0	0000000000000000000000000000000000000	0000000000000000000000000000000000000	0000000000000000000000000000000000000				0	0	7631714	7631713	7631714	7631713	15263427	0	22	0	7631701	0	0
24	48	consecutive	61	11938543	11938547	142528856717021	11938544	5969272	even	2	0		330	193200	1	1	1000700000000000000200000000000000000	0000000000000000000000000000000000000	0000000000000000000000000000000000000	central.u0	11938543	5969264:8	120	0	5969272	5969271	5969272	5969271	11938543	23	22	5969280	5969257	1	1
24	47	consecutive	62	10531201	10531229	110906489376029	10531214	5265607	even	4	0		330	190320	1	1	1000700000000000000200000000001c40000	0000000000000000000000000000000000000	0000000000000000000000000000000000000	central.u0	10531201	5265599:8	120	0	5265607	5265606	5265607	5265606	10531213	23	22	5265619	5265598	1	1
24	47	consecutive	63	11665007	11665013	136072458300091	11665009	5832504	odd	2	0		330	190320	1	1	1000700000000000000200000000001c40000	0000000000000000000000000000000000000	0000000000000000000000000000000000000	central.u0	11665007	5832496:8	120	0	5832504	5832503	5832504	5832503	11665007	23	22	5832510	5832487	1	1
24	48	safe_safe	0	11987147	11992067	143750669962849	11989606	5994803	even	2	0		330	193200	1	0	1000700000000000000000000000000000000	0000000000000000000000000000000000000	0000000000000000000000000000000000000	central.u0	11987147	5992755:2048	62040	0	5994803	5994802	5994803	5994802	11989605	23	23	5994810	5994800	1	1
24	48	safe_safe	1	12561323	12732323	159934821743329	12646533	6323266	odd	2	0		330	193200	0	0	0000000000000000000000000000000000000	0000000000000000000000000000000000000	0000000000000000000000000000000000000				0	0	6323266	6323265	6323266	6323265	12646531	23	23	6323267	6323266	1	1
24	47	safe_safe	2	8950247	10199459	91287677316373	9554458	4777229	even	2	0		330	190320	0	0	0000000000000000000000000000000000000	0000000000000000000000000000000000000	0000000000000000000000000000000000000				0	0	4777229	4777228	4777229	4777228	9554457	23	22	4777238	4777224	1	1
24	47	safe_safe	3	9092003	13142447	119491167551341	10931201	5465600	odd	2	0		330	190320	0	0	0000000000000000000000000000000000000	0000000000000000000000000000000000000	0000000000000000000000000000000000000				0	0	5465600	5465599	5465600	5465599	10931199	23	23	5465604	5465601	1	1
24	48	safe_safe	4	12879407	15539639	200141335314073	14147131	7073565	odd	2	0		330	193200	0	0	0000000000000000000000000000000000000	0000000000000000000000000000000000000	0000000000000000000000000000000000000				0	0	7073565	7073564	7073565	7073564	14147129	23	22	7073563	7073562	1	1
24	48	safe_safe	5	14317379	14380427	205890023540833	14348868	7174434	even	2	0		330	193200	0	0	0000000000000000000000000000000000000	0000000000000000000000000000000000000	0000000000000000000000000000000000000				0	0	7174434	7174433	7174434	7174433	14348867	22	23	7174438	7174431	1	1
24	48	safe_safe	6	9651119	14816819	142998883370461	11958214	5979107	even	2	0		330	193200	0	0	0000000000000000000000000000000000000	0000000000000000000000000000000000000	0000000000000000000000000000000000000				0	0	5979107	5979106	5979107	5979106	11958213	23	23	5979105	5979108	1	1
24	48	safe_safe	7	13372559	14325863	191573448193417	13841006	6920503	even	2	0		330	193200	0	0	0000000000000000000000000000000000000	0000000000000000000000000000000000000	0000000000000000000000000000000000000				0	0	6920503	6920502	6920503	6920502	13841005	23	22	6920511	6920493	1	1
24	47	safe_safe	8	8993927	11527679	103679103405433	10182293	5091146	odd	2	0		330	190320	0	0	0000000000000000000000000000000000000	0000000000000000000000000000000000000	0000000000000000000000000000000000000				0	0	5091146	5091145	5091146	5091145	10182291	22	22	5091146	5091145	1	1
24	48	safe_safe	9	13836443	16206167	224235705943981	14974501	7487250	odd	2	0		330	193200	0	0	0000000000000000000000000000000000000	0000000000000000000000000000000000000	0000000000000000000000000000000000000				0	0	7487250	7487249	7487250	7487249	14974499	22	23	7487251	7487249	1	1
24	48	safe_safe	10	13343843	13727003	183170972892529	13534067	6767033	odd	2	0		330	193200	0	0	0000000000000000000000000000000000000	0000000000000000000000000000000000000	0000000000000000000000000000000000000				0	0	6767033	6767032	6767033	6767032	13534065	23	23	6767033	6767030	1	1
24	48	safe_safe	11	12800783	13881839	177698408679937	13330356	6665178	even	2	0		330	193200	0	0	0000000000000000000000000000000000000	0000000000000000000000000000000000000	0000000000000000000000000000000000000				0	0	6665178	6665177	6665178	6665177	13330355	23	22	6665179	6665174	1	1
24	47	safe_safe	12	8850587	14425787	127676682886969	11299410	5649705	even	2	0		330	190320	0	0	0000000000000000000000000000000000000	0000000000000000000000000000000000000	0000000000000000000000000000000000000				0	0	5649705	5649704	5649705	5649704	11299409	23	22	5649704	5649704	1	1
24	47	safe_safe	13	8736683	10335323	90296440753609	9502443	4751221	odd	2	0		330	190320	0	0	0000000000000000000000000000000000000	0000000000000000000000000000000000000	0000000000000000000000000000000000000				0	0	4751221	4751220	4751221	4751220	9502441	22	22	4751221	4751219	1	1
24	47	safe_safe	14	9544919	11108387	106028654135653	10297021	5148510	odd	2	0		330	190320	0	0	0000000000000000000000000000000000000	0000000000000000000000000000000000000	0000000000000000000000000000000000000				0	0	5148510	5148509	5148510	5148509	10297019	23	23	5148515	5148513	1	1
24	48	safe_safe	15	14519567	16075883	233414860302661	15277920	7638960	even	2	0		330	193200	0	0	0000000000000000000000000000000000000	0000000000000000000000000000000000000	0000000000000000000000000000000000000				0	0	7638960	7638959	7638960	7638959	15277919	23	22	7638959	7638953	1	1
24	48	safe_safe	16	13880723	15976127	221760193499821	14891614	7445807	even	2	0		330	193200	0	0	0000000000000000000000000000000000000	0000000000000000000000000000000000000	0000000000000000000000000000000000000				0	0	7445807	7445806	7445807	7445806	14891613	23	23	7445810	7445805	1	1
24	48	safe_safe	17	13016567	14187479	184672270964593	13589417	6794708	odd	2	0		330	193200	0	0	0000000000000000000000000000000000000	0000000000000000000000000000000000000	0000000000000000000000000000000000000				0	0	6794708	6794707	6794708	6794707	13589415	23	22	6794710	6794700	1	1
24	48	safe_safe	18	10778147	16133003	173883877885441	13186503	6593251	odd	2	0		330	193200	0	0	0000000000000000000000000000000000000	0000000000000000000000000000000000000	0000000000000000000000000000000000000				0	0	6593251	6593250	6593251	6593250	13186501	23	23	6593251	6593250	1	1
24	48	safe_safe	19	9078263	15702719	142553412897097	11939573	5969786	odd	2	0		330	193200	0	0	0000000000000000000000000000000000000	0000000000000000000000000000000000000	0000000000000000000000000000000000000				0	0	5969786	5969785	5969786	5969785	11939571	23	22	5969783	5969783	1	1
24	47	safe_safe	20	9234539	11303543	104383008671677	10216800	5108400	even	2	0		330	190320	0	0	0000000004000000000000000000000000000	0000000000000000000000000000000000000	0000000004000000000000000000000000000	central.product_hash03	9234539	73787:16	184	1	5108400	5108399	5108400	5108399	10216799	23	22	5108402	5108392	1	1
24	47	safe_safe	21	9483443	11664923	110623632369889	10517776	5258888	even	2	0		330	190320	0	0	0000000000000000000000000000000000000	0000000000000000000000000000000000000	0000000000000000000000000000000000000				0	0	5258888	5258887	5258888	5258887	10517775	23	22	5258889	5258883	1	1
24	48	safe_safe	22	11930663	12266699	146349851891437	12097514	6048757	even	2	0		330	193200	0	0	0000000000000000000000000000000000000	0000000000000000000000000000000000000	0000000000000000000000000000000000000				0	0	6048757	6048756	6048757	6048756	12097513	22	22	6048759	6048755	1	1
24	48	safe_safe	23	9328883	16519367	154107241977061	12413993	6206996	odd	2	0		330	193200	0	0	0000000000000000000000000000000000000	0000000000000000000000000000000000000	0000000000000000000000000000000000000				0	0	6206996	6206995	6206996	6206995	12413991	22	22	6206989	6206999	1	1
24	47	safe_safe	24	9233579	11473223	105938910955117	10292662	5146331	even	2	0		330	190320	0	0	0000000000000000000000000000000000000	0000000000000000000000000000000000000	0000000000000000000000000000000000000				0	0	5146331	5146330	5146331	5146330	10292661	22	23	5146330	5146332	1	1
24	47	safe_safe	25	9368783	13499687	126475638070921	11246138	5623069	even	2	0		330	190320	0	0	0000000000000000000000000000000000000	0000000000000000000000000000000000000	0000000000000000000000000000000000000				0	0	5623069	5623068	5623069	5623068	11246137	22	22	5623067	5623062	1	1
24	48	safe_safe	26	12287147	15181787	186540848591689	13657995	6828997	odd	2	0		330	193200	0	0	0000000000000000000000000000000000000	0000000000000000000000000000000000000	0000000000000000000000000000000000000				0	0	6828997	6828996	6828997	6828996	13657993	23	23	6828999	6828995	1	1
24	48	safe_safe	27	15681179	16577087	259948268545573	16122911	8061455	odd	2	0		330	193200	0	0	0000000000000000000000000000000000000	0000000000000000000000000000000000000	0000000000000000000000000000000000000				0	0	8061455	8061454	8061455	8061454	16122909	23	23	8061460	8061448	1	1
24	48	safe_safe	28	9664247	15236003	147244496284741	12134434	6067217	even	2	0		330	193200	0	0	0000000000000000000000000000000000000	0000000000000000000000000000000000000	0000000000000000000000000000000000000				0	0	6067217	6067216	6067217	6067216	12134433	22	22	6067215	6067215	1	1
24	48	safe_safe	29	9345647	15946439	149029789801033	12207775	6103887	odd	2	0		330	193200	0	0	0000000000000000000000000000000000000	0000000000000000000000000000000000000	0000000000000000000000000000000000000				0	0	6103887	6103886	6103887	6103886	12207773	22	22	6103890	6103878	1	1
24	48	safe_safe	30	15118823	15151847	229078092916081	15135325	7567662	odd	2	0		330	193200	0	0	0000000000000000000000000000000000000	0000000000000000000000000000000000000	0000000000000000000000000000000000000				0	0	7567662	7567661	7567662	7567661	15135323	22	23	7567662	7567657	1	1
24	47	safe_safe	31	9396599	13594223	127739462247577	11302188	5651094	even	2	0		330	190320	0	0	0000000000000000000000000000000000000	0000000000000000000000000000000000000	0000000000000000000000000000000000000				0	0	5651094	5651093	5651094	5651093	11302187	22	23	5651096	5651092	1	1
24	48	bounded_capacity	0	11780297	15818269	186343906845893	13650784	6825392	even	4	0		330	193200	0	0	0000000000000000000000000000000000000	0000000000000000000000000000000000000	0000000000000000000000000000000000000				0	0	6825392	6825391	6825392	6825391	13650783	22	23	6825389	6825389	1	1
24	47	bounded_capacity	1	8989117	11029981	99149789716777	9957398	4978699	even	12	0		330	190320	0	0	0000000000000000000000000000000000000	0000000000000000000000000000000000000	0000000000000000000000000000000000000				0	0	4978699	4978698	4978699	4978698	9957397	22	22	4978700	4978694	1	1
24	48	bounded_capacity	2	13707979	14750069	202193636100551	14219480	7109740	even	2	0		330	193200	0	0	0000000000000000000000000000000000000	0000000000000000000000000000000000000	0000000000000000000000000000000000000				0	0	7109740	7109739	7109740	7109739	14219479	23	23	7109737	7109737	1	1
24	47	bounded_capacity	3	9900931	11977397	118587381256607	10889783	5444891	odd	2	0		330	190320	0	0	0000000000000000000000000000000000000	0000000000000000000000000000000000000	0000000000000000000000000000000000000				0	0	5444891	5444890	5444891	5444890	10889781	23	22	5444895	5444889	1	1
24	48	bounded_capacity	4	10069603	14998409	151028024261627	12289345	6144672	odd	2	0		330	193200	0	0	0000000000000000000000000000000000000	0000000000000000000000000000000000000	0000000000000000000000000000000000000				0	0	6144672	6144671	6144672	6144671	12289343	22	22	6144671	6144672	1	1
24	47	bounded_capacity	5	9247339	9397831	86904929121709	9322281	4661140	odd	6	0		330	190320	0	0	0000000000000000000000000000000000000	0000000000000000000000000000000000000	0000000000000000000000000000000000000				0	0	4661140	4661139	4661140	4661139	9322279	22	22	4661140	4661134	1	1
24	48	bounded_capacity	6	9045977	16717301	151224320348077	12297329	6148664	odd	4	0		330	193200	0	0	0000000000000000000000000000000000000	0000000000000000000000000000000000000	0000000000000000000000000000000000000				0	0	6148664	6148663	6148664	6148663	12297327	23	22	6148662	6148665	1	1
24	48	bounded_capacity	7	13032401	14742557	192130914589357	13861129	6930564	odd	4	0		330	193200	0	0	0000000000000000000000000000000000000	0000000000000000000000000000000000000	0000000000000000000000000000000000000				0	0	6930564	6930563	6930564	6930563	13861127	23	22	6930563	6930555	1	1
24	48	bounded_capacity	8	11150599	15648547	174490672529653	13209491	6604745	odd	6	0		330	193200	0	0	0000000000000000000000000000000000000	0000000000000000000000000000000000000	0000000000000000000000000000000000000				0	0	6604745	6604744	6604745	6604744	13209489	23	22	6604740	6604740	1	1
24	48	bounded_capacity	9	11307733	14853287	167957003568371	12959822	6479911	even	2	0		330	193200	0	0	0000000000000000000000000000000000000	0000000000000000000000000000000000000	0000000000000000000000000000000000000				0	0	6479911	6479910	6479911	6479910	12959821	23	23	6479917	6479910	1	1
24	47	bounded_capacity	10	10978729	12487523	137097130898267	11708848	5854424	even	2	0		330	190320	0	0	0000000000000000000000000000000000000	0000000000000000000000000000000000000	0000000000000000000000000000000000000				0	0	5854424	5854423	5854424	5854423	11708847	23	23	5854420	5854425	1	1
24	48	bounded_capacity	11	11512573	15947443	183596101700839	13549763	6774881	odd	6	0		330	193200	0	0	0000000000000000000000000000000000000	0000000000000000000000000000000000000	0000000000000000000000000000000000000				0	0	6774881	6774880	6774881	6774880	13549761	23	22	6774879	6774877	1	1
24	47	bounded_capacity	12	8864521	15588971	138188760797891	11755371	5877685	odd	10	0		330	190320	0	0	0000000000000000000000000000000000000	0000000000000000000000000000000000000	0000000000000000000000000000000000000				0	0	5877685	5877684	5877685	5877684	11755369	23	22	5877687	5877686	1	1
24	47	bounded_capacity	13	8667299	11014141	95462853275159	9770509	4885254	odd	2	0		330	190320	0	0	0000000000000000000000000000000000000	0000000000000000000000000000000000000	0000000000000000000000000000000000000				0	0	4885254	4885253	4885254	4885253	9770507	22	23	4885251	4885257	1	1
24	48	bounded_capacity	14	13373137	14264963	190767304498931	13811853	6905926	odd	2	0		330	193200	0	0	0000000000000000000000000000000000000	0000000000000000000000000000000000000	0000000000000000000000000000000000000				0	0	6905926	6905925	6905926	6905925	13811851	23	23	6905930	6905924	1	1
24	47	bounded_capacity	15	8950553	14390671	128804463491063	11349205	5674602	odd	2	0		330	190320	0	0	0000000000000000000000000000000000000	0000000000000000000000000000000000000	0000000000000000000000000000000000000				0	0	5674602	5674601	5674602	5674601	11349203	22	22	5674594	5674597	1	1
24	47	bounded_capacity	16	10172203	13468027	136999504653481	11704678	5852339	even	6	0		330	190320	0	0	0000000000000000000000000000000000000	0000000000000000000000000000000000000	0000000000000000000000000000000000000				0	0	5852339	5852338	5852339	5852338	11704677	22	23	5852339	5852333	1	1
24	48	bounded_capacity	17	11364307	12837947	145894370957729	12078674	6039337	even	2	0		330	193200	0	0	0000000000000000000000000000000000000	0000000000000000000000000000000000000	0000000000000000000000000000000000000				0	0	6039337	6039336	6039337	6039336	12078673	22	23	6039337	6039342	1	1
24	48	bounded_capacity	18	15199967	16076327	244359639881209	15632006	7816003	even	2	0		330	193200	0	0	0000000000000000000000000000000000000	0000000000000000000000000000000000000	0000000000000000000000000000000000000				0	0	7816003	7816002	7816003	7816002	15632005	23	23	7816006	7816000	1	1
24	47	bounded_capacity	19	9014017	14187247	127884085641199	11308584	5654292	even	6	0		330	190320	0	0	0000000000000000000000000000000000000	0000000000000000000000000000000000000	0000000000000000000000000000000000000				0	0	5654292	5654291	5654292	5654291	11308583	23	22	5654291	5654290	1	1
24	48	bounded_capacity	20	11116381	16763809	186352887855229	13651113	6825556	odd	12	0		330	193200	0	0	0000000000000000000000000000000000000	0000000000000000000000000000000000000	0000000000000000000000000000000000000				0	0	6825556	6825555	6825556	6825555	13651111	23	22	6825556	6825550	1	1
24	48	bounded_capacity	21	10536997	14682751	154712103238747	12438332	6219166	even	6	0		330	193200	0	0	0000000000000000000000000000000000000	0000000000000000000000000000000000000	0000000000000000000000000000000000000				0	0	6219166	6219165	6219166	6219165	12438331	22	22	6219166	6219164	1	1
24	47	bounded_capacity	22	10390811	10624417	110396309032187	10506964	5253482	even	2	0		330	190320	0	0	0000000000000000000000000000000000000	0000000000000000000000000000000000000	0000000000000000000000000000000000000				0	0	5253482	5253481	5253482	5253481	10506963	22	23	5253482	5253479	1	1
24	47	bounded_capacity	23	10351573	10995071	113816280096683	10668471	5334235	odd	2	0		330	190320	0	0	0000000000000000000000000000000000000	0000000000000000000000000000000000000	0000000000000000000000000000000000000				0	0	5334235	5334234	5334235	5334234	10668469	22	23	5334235	5334238	1	1
24	47	bounded_capacity	24	9935143	10925297	108544388012471	10418463	5209231	odd	2	0		330	190320	0	0	0000000000000000000000000000000000000	0000000000000000000000000000000000000	0000000000000000000000000000000000000				0	0	5209231	5209230	5209231	5209230	10418461	22	23	5209229	5209232	1	1
24	47	bounded_capacity	25	9429863	13331897	125717962240111	11212402	5606201	even	2	0		330	190320	0	0	0000000000000000000000000000000000000	0000000000000000000000000000000000000	0000000000000000000000000000000000000				0	0	5606201	5606200	5606201	5606200	11212401	23	22	5606204	5606199	1	1
24	48	bounded_capacity	26	10752671	14903491	160252335474461	12659081	6329540	odd	10	0		330	193200	0	0	0000000000000000000000000000000000000	0000000000000000000000000000000000000	0000000000000000000000000000000000000				0	0	6329540	6329539	6329540	6329539	12659079	23	23	6329538	6329535	1	1
24	48	bounded_capacity	27	11746877	15957757	187453808674889	13691377	6845688	odd	4	0		330	193200	0	0	0000000000000000000000000000000000000	0000000000000000000000000000000000000	0000000000000000000000000000000000000				0	0	6845688	6845687	6845688	6845687	13691375	23	23	6845689	6845690	1	1
24	48	bounded_capacity	28	12931427	16435729	212537429755283	14578663	7289331	odd	2	0		330	193200	0	0	0000000000000000000000000000000000000	0000000000000000000000000000000000000	0000000000000000000000000000000000000				0	0	7289331	7289330	7289331	7289330	14578661	23	23	7289332	7289331	1	1
24	47	bounded_capacity	29	10094197	13272023	133970414750531	11574558	5787279	even	2	0		330	190320	0	0	0000000000000000000000000000000000000	0000000000000000000000000000000000000	0000000000000000000000000000000000000				0	0	5787279	5787278	5787279	5787278	11574557	23	23	5787283	5787283	1	1
24	48	bounded_capacity	30	15280289	15829837	241884484182893	15552635	7776317	odd	4	0		330	193200	0	0	0000000000000000000000000000000000000	0000000000000000000000000000000000000	0000000000000000000000000000000000000				0	0	7776317	7776316	7776317	7776316	15552633	23	22	7776319	7776312	1	1
24	47	bounded_capacity	31	8771351	15901261	139475541573611	11809976	5904988	even	10	0		330	190320	0	0	0000000000000000000000000000000000000	0000000000000000000000000000000000000	0000000000000000000000000000000000000				0	0	5904988	5904987	5904988	5904987	11809975	23	22	5904985	5904988	1	1
24	48	bounded_capacity	32	11741711	13694179	160793092200269	12680421	6340210	odd	2	0		330	193200	0	0	0000000000000000000000000000000000000	0000000000000000000000000000000000000	0000000000000000000000000000000000000				0	0	6340210	6340209	6340210	6340209	12680419	23	23	6340208	6340210	1	1
24	48	bounded_capacity	33	11131247	16623683	185042321522701	13603026	6801513	even	2	0		330	193200	0	0	0000000000000000000000000000000000000	0000000000000000000000000000000000000	0000000000000000000000000000000000000				0	0	6801513	6801512	6801513	6801512	13603025	23	23	6801515	6801513	1	1
24	47	bounded_capacity	34	8748599	13995173	122438156512627	11065177	5532588	odd	2	0		330	190320	0	0	0000000000000000000000000000000000000	0000000000000000000000000000000000000	0000000000000000000000000000000000000				0	0	5532588	5532587	5532588	5532587	11065175	22	22	5532584	5532588	1	1
24	48	bounded_capacity	35	10370281	13677199	141836396922919	11909508	5954754	even	6	0		330	193200	0	0	0000000000000000000000000000000000000	0000000000000000000000000000000000000	0000000000000000000000000000000000000				0	0	5954754	5954753	5954754	5954753	11909507	23	23	5954758	5954753	1	1
24	48	bounded_capacity	36	13842197	16047037	222126247420289	14903900	7451950	even	4	0		330	193200	0	0	0000000000000000000000000000000000000	0000000000000000000000000000000000000	0000000000000000000000000000000000000				0	0	7451950	7451949	7451950	7451949	14903899	23	23	7451953	7451947	1	1
24	48	bounded_capacity	37	11625221	12736573	148065475907633	12168215	6084107	odd	4	0		330	193200	0	1	0000000000000000000200000000001c40000	0000000000000000000000000000000000000	0000000000000000000000000000000000000	shifted.v0	11625221	542125:2048	136112	0	6084107	6084106	6084107	6084106	12168213	23	22	6084105	6084103	1	1
24	47	bounded_capacity	38	8887679	9286903	82539012768137	9085098	4542549	even	2	0		330	190320	0	0	0000000000000000000000000000000000000	0000000000000000000000000000000000000	0000000000000000000000000000000000000				0	0	4542549	4542548	4542549	4542548	9085097	22	22	4542553	4542546	1	1
24	47	bounded_capacity	39	8977271	10094053	90617049269363	9519298	4759649	even	2	0		330	190320	0	0	0000000000000000000000000000000000000	0000000000000000000000000000000000000	0000000000000000000000000000000000000				0	0	4759649	4759648	4759649	4759648	9519297	22	23	4759647	4759652	1	1
24	47	bounded_capacity	40	8790953	8919161	78407925150433	8854824	4427412	even	8	0		330	190320	0	0	0000000000000000000000000000000000000	0000000000000000000000000000000000000	0000000000000000000000000000000000000				0	0	4427412	4427411	4427412	4427411	8854823	22	22	4427413	4427410	1	1
24	48	bounded_capacity	41	13222873	16030589	211970442462197	14559204	7279602	even	4	0		330	193200	0	0	0000000000000000000000000000000000000	0000000000000000000000000000000000000	0000000000000000000000000000000000000				0	0	7279602	7279601	7279602	7279601	14559203	23	23	7279603	7279604	1	1
24	48	bounded_capacity	42	10553693	16353817	172593163996181	13137471	6568735	odd	4	0		330	193200	0	0	0000000000000000000000000000000000000	0000000000000000000000000000000000000	0000000000000000000000000000000000000				0	0	6568735	6568734	6568735	6568734	13137469	22	23	6568736	6568736	1	1
24	47	bounded_capacity	43	9677891	10277167	99461302014797	9973028	4986514	even	2	0		330	190320	0	0	0000000000000000000000000000000000000	0000000000000000000000000000000000000	0000000000000000000000000000000000000				0	0	4986514	4986513	4986514	4986513	9973027	22	22	4986515	4986512	1	1
24	48	bounded_capacity	44	11779043	15632483	184135689453769	13569660	6784830	even	2	0		330	193200	0	0	0000000000000000000000000000000000000	0000000000000000000000000000000000000	0000000000000000000000000000000000000				0	0	6784830	6784829	6784830	6784829	13569659	22	22	6784825	6784823	1	1
24	48	bounded_capacity	45	11293241	15035113	169795154571233	13030546	6515273	even	8	0		330	193200	0	0	0000000000000000000000000000000000000	0000000000000000000000000000000000000	0000000000000000000000000000000000000				0	0	6515273	6515272	6515273	6515272	13030545	22	23	6515277	6515269	1	1
24	47	bounded_capacity	46	9062453	10766573	97571561783569	9877831	4938915	odd	4	0		330	190320	0	0	0000000000000000000000000000000000000	0000000000000000000000000000000000000	0000000000000000000000000000000000000				0	0	4938915	4938914	4938915	4938914	9877829	22	22	4938911	4938907	1	1
24	48	bounded_capacity	47	10073407	15315361	154277864704927	12420864	6210432	even	6	0		330	193200	0	0	0000000000000000000000000000000000000	0000000000000000000000000000000000000	0000000000000000000000000000000000000				0	0	6210432	6210431	6210432	6210431	12420863	23	23	6210432	6210432	1	1
24	48	bounded_capacity	48	11628013	14937191	173689851131483	13179144	6589572	even	2	0		330	193200	0	0	0000000000000000000000000000000000000	0000000000000000000000000000000000000	0000000000000000000000000000000000000				0	0	6589572	6589571	6589572	6589571	13179143	23	23	6589579	6589565	1	1
24	48	bounded_capacity	49	14745131	16460161	242707230226091	15579063	7789531	odd	10	0		330	193200	0	0	0000000000000000000000000000000000000	0000000000000000000000000000000000000	0000000000000000000000000000000000000				0	0	7789531	7789530	7789531	7789530	15579061	23	23	7789533	7789527	1	1
24	47	bounded_capacity	50	9051221	10280551	93051539102771	9646322	4823161	even	10	0		330	190320	0	0	0000000000000000000000000000000000000	0000000000000000000000000000000000000	0000000000000000000000000000000000000				0	0	4823161	4823160	4823161	4823160	9646321	23	23	4823167	4823166	1	1
24	48	bounded_capacity	51	14599639	15694537	229134574472143	15137191	7568595	odd	6	0		330	193200	0	0	0000000000000000000000000000000000000	0000000000000000000000000000000000000	0000000000000000000000000000000000000				0	0	7568595	7568594	7568595	7568594	15137189	23	23	7568602	7568592	1	1
24	48	bounded_capacity	52	13445219	13828279	185924239548101	13635403	6817701	odd	2	0		330	193200	0	0	0000000000000000000000000000000000000	0000000000000000000000000000000000000	0000000000000000000000000000000000000				0	0	6817701	6817700	6817701	6817700	13635401	22	23	6817700	6817699	1	1
24	47	bounded_capacity	53	10887983	12495277	136048363556291	11663977	5831988	odd	2	0		330	190320	0	0	0000000000000000000000000000000000000	0000000000000000000000000000000000000	0000000000000000000000000000000000000				0	0	5831988	5831987	5831988	5831987	11663975	22	23	5831992	5831982	1	1
24	47	bounded_capacity	54	9277127	9634091	89376685736557	9453924	4726962	even	2	0		330	190320	0	0	0000000000000000000000000000000000000	0000000000000000000000000000000000000	0000000000000000000000000000000000000				0	0	4726962	4726961	4726962	4726961	9453923	22	22	4726965	4726959	1	1
24	47	bounded_capacity	55	8543807	15825883	135213289956581	11628124	5814062	even	2	0		330	190320	0	0	0000000000000000000000000000000000000	0000000000000000000000000000000000000	0000000000000000000000000000000000000				0	0	5814062	5814061	5814062	5814061	11628123	22	22	5814057	5814059	1	1
24	48	bounded_capacity	56	12336673	14193587	175101641516051	13232597	6616298	odd	2	0		330	193200	0	0	0000000000000000000000000000000000000	0000000000000000000000000000000000000	0000000000000000000000000000000000000				0	0	6616298	6616297	6616298	6616297	13232595	23	23	6616305	6616294	1	1
24	48	bounded_capacity	57	15544777	16075219	249885694581163	15807773	7903886	odd	6	0		330	193200	0	0	0000000000000000000000000000000000000	0000000000000000000000000000000000000	0000000000000000000000000000000000000				0	0	7903886	7903885	7903886	7903885	15807771	23	23	7903891	7903876	1	1
24	48	bounded_capacity	58	9412891	15419003	145137394567673	12047298	6023649	even	2	0		330	193200	0	0	0000000000000000000000000000000000000	0000000000000000000000000000000000000	0000000000000000000000000000000000000				0	0	6023649	6023648	6023649	6023648	12047297	22	23	6023645	6023650	1	1
24	48	bounded_capacity	59	10014341	16144123	161672752867943	12715060	6357530	even	2	0		330	193200	0	0	0000000000000000000000000000000000000	0000000000000000000000000000000000000	0000000000000000000000000000000000000				0	0	6357530	6357529	6357530	6357529	12715059	23	22	6357532	6357525	1	1
24	48	bounded_capacity	60	12269717	16380437	200983326326329	14176858	7088429	even	4	0		330	193200	0	0	0000000000000000000000000000000000000	0000000000000000000000000000000000000	0000000000000000000000000000000000000				0	0	7088429	7088428	7088429	7088428	14176857	23	23	7088435	7088428	1	1
24	48	bounded_capacity	61	11009137	16740161	184294725851057	13575519	6787759	odd	16	0		330	193200	0	0	0000000000000000000000000000000000000	0000000000000000000000000000000000000	0000000000000000000000000000000000000				0	0	6787759	6787758	6787759	6787758	13575517	22	23	6787759	6787755	1	1
24	48	bounded_capacity	62	14589389	16600099	242185301749511	15562303	7781151	odd	2	0		330	193200	0	0	0000000000000000000000000000000000000	0000000000000000000000000000000000000	0000000000000000000000000000000000000				0	0	7781151	7781150	7781151	7781150	15562301	23	23	7781158	7781143	1	1
24	48	bounded_capacity	63	8972297	15738337	141209033850089	11883140	5941570	even	8	0		330	193200	0	0	0000000000000000000000000000000000000	0000000000000000000000000000000000000	0000000000000000000000000000000000000				0	0	5941570	5941569	5941570	5941569	11883139	23	23	5941565	5941564	1	1
32	64	random	0	3491321377	3690253057	12883859384443699489	3589409336	1794704668	even	96	0		300	245520	0	0	0000000000000000000000000000000000000	0000000000000000000000000000000000000	0000000000000000000000000000000000000				0	0	1794704668	1794704667	1794704668	1794704667	3589409335	31	31	1794704665	1794704671	1	1
32	63	random	1	2813862563	2950615853	8302627486551011239	2881428029	1440714014	odd	2	0		330	243600	0	0	0000000000000000000000000000000000000	0000000000000000000000000000000000000	0000000000000000000000000000000000000				0	0	1440714014	1440714013	1440714014	1440714013	2881428027	30	30	1440714019	1440714007	1	1
32	64	random	2	2258728301	4193654897	9472327000481139997	3077714574	1538857287	even	4	0		300	245520	0	0	0000000000000000000000000000000000000	0000000000000000000000000000000000000	0000000000000000000000000000000000000				0	0	1538857287	1538857286	1538857287	1538857286	3077714573	31	30	1538857294	1538857281	1	1
32	64	random	3	3353627041	4140525029	13885776701191709189	3726362395	1863181197	odd	4	0		300	245520	0	0	0000000000000000000000000000000000000	0000000000000000000000000000000000000	0000000000000000000000000000000000000				0	0	1863181197	1863181196	1863181197	1863181196	3726362393	31	31	1863181196	1863181202	1	1
32	64	random	4	3049119889	3776625739	11515384654094222971	3393432576	1696716288	even	6	0		300	245520	0	0	0000000000000000000000000000000000000	0000000000000000000000000000000000000	0000000000000000000000000000000000000				0	0	1696716288	1696716287	1696716288	1696716287	3393432575	31	31	1696716287	1696716287	1	1
32	63	random	5	2384984083	2476977187	5907551164949114521	2430545445	1215272722	odd	6	0		330	243600	0	0	0000000000000000000000000000000000000	0000000000000000000000000000000000000	0000000000000000000000000000000000000				0	0	1215272722	1215272721	1215272722	1215272721	2430545443	30	31	1215272720	1215272723	1	1
32	64	random	6	2504718991	4282951549	10727590082313167059	3275299998	1637649999	even	6	0		300	245520	0	0	0000000000000000000000000000000000000	0000000000000000000000000000000000000	0000000000000000000000000000000000000				0	0	1637649999	1637649998	1637649999	1637649998	3275299997	31	31	1637649998	1637649998	1	1
32	64	random	7	2378831671	4232654759	10068773193118072289	3173133024	1586566512	even	2	0		300	245520	0	0	0000000000000000000000000000000000000	0000000000000000000000000000000000000	0000000000000000000000000000000000000				0	0	1586566512	1586566511	1586566512	1586566511	3173133023	31	30	1586566516	1586566508	1	1
32	63	random	8	2323427233	3771511501	8762832530996106733	2960208190	1480104095	even	12	0		330	243600	0	0	0000000000000000000000000000000000000	0000000000000000000000000000000000000	0000000000000000000000000000000000000				0	0	1480104095	1480104094	1480104095	1480104094	2960208189	31	31	1480104095	1480104095	1	1
32	64	random	9	3121615699	4122733253	12869588845354138847	3587420918	1793710459	even	2	0		300	245520	0	0	0000000000000000000000000000000000000	0000000000000000000000000000000000000	0000000000000000000000000000000000000				0	0	1793710459	1793710458	1793710459	1793710458	3587420917	30	31	1793710455	1793710460	1	1
32	64	random	10	2617894619	3592786051	9405535270131159569	3066844513	1533422256	odd	2	0		300	245520	0	0	0000000000000000000000000000000000000	0000000000000000000000000000000000000	0000000000000000000000000000000000000				0	0	1533422256	1533422255	1533422256	1533422255	3066844511	30	30	1533422258	1533422258	1	1
32	64	random	11	3556482079	4109571593	14615617722871981847	3823037761	1911518880	odd	2	0		300	245520	0	0	0000000000000000000000000000000000000	0000000000000000000000000000000000000	0000000000000000000000000000000000000				0	0	1911518880	1911518879	1911518880	1911518879	3823037759	31	31	1911518881	1911518882	1	1
32	63	random	12	2296193267	2331803189	5354270782550928463	2313929727	1156964863	odd	2	0		330	243600	0	0	0000000000000000000000000000000000000	0000000000000000000000000000000000000	0000000000000000000000000000000000000				0	0	1156964863	1156964862	1156964863	1156964862	2313929725	30	30	1156964859	1156964858	1	1
32	64	random	13	3368566603	3773136751	12710062447970526853	3565117452	1782558726	even	6	0		300	245520	0	0	0000000000000000000000000000000000000	0000000000000000000000000000000000000	0000000000000000000000000000000000000				0	0	1782558726	1782558725	1782558726	1782558725	3565117451	31	31	1782558724	1782558728	1	1
32	63	random	14	2541624517	3227396147	8202829173286535999	2864058165	1432029082	odd	2	0		330	243600	0	0	0000000000000000000000000000000000000	0000000000000000000000000000000000000	0000000000000000000000000000000000000				0	0	1432029082	1432029081	1432029082	1432029081	2864058163	30	31	1432029077	1432029081	1	1
32	64	random	15	3216102077	4255170581	13685062943543396737	3699332770	1849666385	even	4	0		300	245520	0	0	0000000000000000000000000000000000000	0000000000000000000000000000000000000	0000000000000000000000000000000000000				0	0	1849666385	1849666384	1849666385	1849666384	3699332769	31	31	1849666391	1849666383	1	1
32	64	random	16	3889897213	4268244473	16603032279925353749	4074681862	2037340931	even	4	0		300	245520	0	0	0000000000000000000000000000000000000	0000000000000000000000000000000000000	0000000000000000000000000000000000000				0	0	2037340931	2037340930	2037340931	2037340930	4074681861	31	31	2037340934	2037340922	1	1
32	64	random	17	2472806821	3829564351	9469772848611238171	3077299603	1538649801	odd	30	0		300	245520	0	0	0000000000000000000000000000000000000	0000000000000000000000000000000000000	0000000000000000000000000000000000000				0	0	1538649801	1538649800	1538649801	1538649800	3077299601	31	30	1538649804	1538649794	1	1
32	63	random	18	2350332409	2611979869	6139020937766274421	2477704772	1238852386	even	12	0		330	243600	0	0	0000000000000000000000000000000000000	0000000000000000000000000000000000000	0000000000000000000000000000000000000				0	0	1238852386	1238852385	1238852386	1238852385	2477704771	30	30	1238852391	1238852376	1	1
32	64	random	19	3576680743	3897514987	13940166799556795341	3733653277	1866826638	odd	6	0		300	245520	0	0	0000000000000000000000000000000000000	0000000000000000000000000000000000000	0000000000000000000000000000000000000				0	0	1866826638	1866826637	1866826638	1866826637	3733653275	31	31	1866826639	1866826635	1	1
32	63	random	20	2612831323	3102985087	8107576630115480101	2847380661	1423690330	odd	6	0		330	243600	0	0	0000000000000000000000000000000000000	0000000000000000000000000000000000000	0000000000000000000000000000000000000				0	0	1423690330	1423690329	1423690330	1423690329	2847380659	31	31	1423690332	1423690326	1	1
32	63	random	21	2178440093	2741771909	5972785852426747537	2443928364	1221964182	even	4	0		330	243600	0	0	0000000000000000000000000000000000000	0000000000000000000000000000000000000	0000000000000000000000000000000000000				0	0	1221964182	1221964181	1221964182	1221964181	2443928363	30	31	1221964177	1221964183	1	1
32	63	random	22	2609737601	3401893541	8878049488546735141	2979605592	1489802796	even	20	0		330	243600	0	0	0000000000000000000000000000000000000	0000000000000000000000000000000000000	0000000000000000000000000000000000000				0	0	1489802796	1489802795	1489802796	1489802795	2979605591	31	30	1489802793	1489802798	1	1
32	63	random	23	2409824303	3516322583	8473719617701134649	2910965409	1455482704	odd	2	0		330	243600	0	0	0000000000000000000000000000000000000	0000000000000000000000000000000000000	0000000000000000000000000000000000000				0	0	1455482704	1455482703	1455482704	1455482703	2910965407	30	31	1455482702	1455482705	1	1
32	64	random	24	2524822871	3770214439	9519123644161634369	3085307706	1542653853	even	2	0		300	245520	0	0	0000000000000000000000000000000000000	0000000000000000000000000000000000000	0000000000000000000000000000000000000				0	0	1542653853	1542653852	1542653853	1542653852	3085307705	31	30	1542653854	1542653852	1	1
32	64	random	25	2858511239	3799554793	10861070078986818527	3295613763	1647806881	odd	22	0		300	245520	0	0	0000000000000000000000000000000000000	0000000000000000000000000000000000000	0000000000000000000000000000000000000				0	0	1647806881	1647806880	1647806881	1647806880	3295613761	31	31	1647806884	1647806880	1	1
32	64	random	26	3392746793	3682055297	12492281300545412521	3534442148	1767221074	even	8	0		300	245520	0	0	0000000000000000000000000000000000000	0000000000000000000000000000000000000	0000000000000000000000000000000000000				0	0	1767221074	1767221073	1767221074	1767221073	3534442147	31	31	1767221083	1767221070	1	1
32	63	random	27	2469016139	2779383979	6862343900629037081	2619607585	1309803792	odd	2	0		330	243600	0	0	0000000000000000000000000000000000000	0000000000000000000000000000000000000	0000000000000000000000000000000000000				0	0	1309803792	1309803791	1309803792	1309803791	2619607583	31	30	1309803787	1309803787	1	1
32	64	random	28	3178508933	3785122361	12031045236936550813	3468579714	1734289857	even	692	0		300	245520	0	0	0000000000000000000000000000000000000	0000000000000000000000000000000000000	0000000000000000000000000000000000000				0	0	1734289857	1734289856	1734289857	1734289856	3468579713	30	31	1734289855	1734289857	1	1
32	64	random	29	2784438317	3370673543	9385432567227347131	3063565335	1531782667	odd	106	0		300	245520	0	0	0000000000000000000000000000000000000	0000000000000000000000000000000000000	0000000000000000000000000000000000000				0	0	1531782667	1531782666	1531782667	1531782666	3063565333	30	31	1531782666	1531782663	1	1
32	64	random	30	2770759813	3471072193	9617507340386179909	3101210624	1550605312	even	12	0		300	245520	0	0	0000000000000000000000000000000000000	0000000000000000000000000000000000000	0000000000000000000000000000000000000				0	0	1550605312	1550605311	1550605312	1550605311	3101210623	30	31	1550605306	1550605311	1	1
32	64	random	31	2718113791	4028221739	10949165061981902549	3308952260	1654476130	even	2	0		300	245520	0	0	0000000000000000000000000000000000000	0000000000000000000000000000000000000	0000000000000000000000000000000000000				0	0	1654476130	1654476129	1654476130	1654476129	3308952259	30	30	1654476121	1654476132	1	1
32	64	random	32	2983338401	3484061153	10394133429177236353	3223993397	1611996698	odd	32	0		300	245520	0	0	0000000000000000000000000000000000000	0000000000000000000000000000000000000	0000000000000000000000000000000000000				0	0	1611996698	1611996697	1611996698	1611996697	3223993395	30	30	1611996696	1611996698	1	1
32	64	random	33	2626451959	3801530533	9984537315596164147	3159831849	1579915924	odd	6	0		300	245520	0	0	0000000000000000000000000000000000000	0000000000000000000000000000000000000	0000000000000000000000000000000000000				0	0	1579915924	1579915923	1579915924	1579915923	3159831847	30	31	1579915915	1579915923	1	1
32	64	random	34	3195278897	3386465377	10820701354549249169	3289483447	1644741723	odd	16	0		300	245520	0	0	0000000000000000000000000000000000000	0000000000000000000000000000000000000	0000000000000000000000000000000000000				0	0	1644741723	1644741722	1644741723	1644741722	3289483445	31	31	1644741725	1644741719	1	1
32	63	random	35	2475171701	2661234403	6587012084033229503	2566517501	1283258750	odd	2	0		330	243600	0	0	0000000000000000000000000000000000000	0000000000000000000000000000000000000	0000000000000000000000000000000000000				0	0	1283258750	1283258749	1283258750	1283258749	2566517499	31	30	1283258754	1283258741	1	1
32	63	random	36	2340389171	3366843229	7879723433606273159	2807084507	1403542253	odd	14	0		330	243600	0	0	0000000000000000000000000000000000000	0000000000000000000000000000000000000	0000000000000000000000000000000000000				0	0	1403542253	1403542252	1403542253	1403542252	2807084505	30	31	1403542254	1403542254	1	1
32	64	random	37	2541381127	3879806269	9860066428452885163	3140074271	1570037135	odd	6	0		300	245520	0	0	0000000000000000000000000000000000000	0000000000000000000000000000000000000	0000000000000000000000000000000000000				0	0	1570037135	1570037134	1570037135	1570037134	3140074269	31	31	1570037135	1570037139	1	1
32	63	random	38	2537812699	2563978031	6506896007028815669	2550861816	1275430908	even	2	0		330	243600	0	0	0000000000000000000000000000000000000	0000000000000000000000000000000000000	0000000000000000000000000000000000000				0	0	1275430908	1275430907	1275430908	1275430907	2550861815	31	30	1275430914	1275430904	1	1
32	63	random	39	2734589279	3147904183	8608225030151054057	2933977680	1466988840	even	2	0		330	243600	0	0	0000000000000000000000000000000000000	0000000000000000000000000000000000000	0000000000000000000000000000000000000				0	0	1466988840	1466988839	1466988840	1466988839	2933977679	30	31	1466988840	1466988834	1	1
32	64	random	40	2477489429	3861118561	9565880418993191669	3092875752	1546437876	even	4	0		300	245520	0	0	0000000000000000000000000000000000000	0000000000000000000000000000000000000	0000000000000000000000000000000000000				0	0	1546437876	1546437875	1546437876	1546437875	3092875751	30	30	1546437870	1546437873	1	1
32	64	random	41	3190312733	3976369291	12685861580187482303	3561721715	1780860857	odd	2	0		300	245520	0	0	0000000000000000000000000000000000000	0000000000000000000000000000000000000	0000000000000000000000000000000000000				0	0	1780860857	1780860856	1780860857	1780860856	3561721713	31	31	1780860857	1780860857	1	1
32	64	random	42	2396795231	4274323981	10244679333409734611	3200731062	1600365531	even	10	0		300	245520	0	0	0000000000000000000000000000000000000	0000000000000000000000000000000000000	0000000000000000000000000000000000000				0	0	1600365531	1600365530	1600365531	1600365530	3200731061	31	30	1600365537	1600365523	1	1
32	63	random	43	2675353453	3374182997	9027132132077838641	3004518619	1502259309	odd	4	0		330	243600	0	0	0000000000000000000000000000000000000	0000000000000000000000000000000000000	0000000000000000000000000000000000000				0	0	1502259309	1502259308	1502259309	1502259308	3004518617	30	31	1502259308	1502259312	1	1
32	64	random	44	3286414697	3684822773	12109855717027494781	3479921797	1739960898	odd	4	0		300	245520	0	0	0000000000000000000000000000000000000	0000000000000000000000000000000000000	0000000000000000000000000000000000000				0	0	1739960898	1739960897	1739960898	1739960897	3479921795	30	30	1739960894	1739960893	1	1
32	64	random	45	2590881443	3934701313	10194344615599434659	3192858377	1596429188	odd	2	0		300	245520	0	0	0000000000000000000000000000000000000	0000000000000000000000000000000000000	0000000000000000000000000000000000000				0	0	1596429188	1596429187	1596429188	1596429187	3192858375	31	30	1596429192	1596429180	1	1
32	64	random	46	3232359241	3906081203	12625857672613446923	3553288290	1776644145	even	2	0		300	245520	0	0	0000000000000000000000000000000000000	0000000000000000000000000000000000000	0000000000000000000000000000000000000				0	0	1776644145	1776644144	1776644145	1776644144	3553288289	31	31	1776644146	1776644142	1	1
32	64	random	47	4133829367	4209121099	17399788408305514333	4171305360	2085652680	even	18	0		300	245520	0	0	0000000000000000000000000000000000000	0000000000000000000000000000000000000	0000000000000000000000000000000000000				0	0	2085652680	2085652679	2085652680	2085652679	4171305359	31	31	2085652679	2085652674	1	1
32	64	random	48	2507451721	3881811931	9733456006984283251	3119848715	1559924357	odd	30	0		300	245520	0	0	0000000000000000000000000000000000000	0000000000000000000000000000000000000	0000000000000000000000000000000000000				0	0	1559924357	1559924356	1559924357	1559924356	3119848713	31	31	1559924365	1559924353	1	1
32	63	random	49	2741472203	2814498173	7715868506673785119	2777745219	1388872609	odd	2	0		330	243600	0	0	0000000000000000000000000000000000000	0000000000000000000000000000000000000	0000000000000000000000000000000000000				0	0	1388872609	1388872608	1388872609	1388872608	2777745217	31	30	1388872614	1388872608	1	1
32	64	random	50	2958825539	3356391851	9930977927630282689	3151345415	1575672707	odd	2	0		300	245520	0	0	0000000000000000000000000000000000000	0000000000000000000000000000000000000	0000000000000000000000000000000000000				0	0	1575672707	1575672706	1575672707	1575672706	3151345413	30	31	1575672705	1575672706	1	1
32	63	random	51	2150678093	3269927767	7032562014179308331	2651897813	1325948906	odd	2	0		330	243600	0	0	0000000000000000000000000000000000000	0000000000000000000000000000000000000	0000000000000000000000000000000000000				0	0	1325948906	1325948905	1325948906	1325948905	2651897811	31	31	1325948907	1325948902	1	1
32	63	random	52	2402541151	3280171859	7880747873599669709	2807266975	1403633487	odd	2	0		330	243600	0	0	0000000000000000000000000000000000000	0000000000000000000000000000000000000	0000000000000000000000000000000000000				0	0	1403633487	1403633486	1403633487	1403633486	2807266973	31	30	1403633495	1403633479	1	1
32	63	random	53	2217652189	2941419113	6523044534710888357	2554025163	1277012581	odd	4	0		330	243600	0	0	0000000000000000000000000000000000000	0000000000000000000000000000000000000	0000000000000000000000000000000000000				0	0	1277012581	1277012580	1277012581	1277012580	2554025161	30	30	1277012580	1277012580	1	1
32	64	random	54	3529915993	3862821337	13635434815577942641	3692618964	1846309482	even	24	0		300	245520	0	0	0000000000000000000000000000000000000	0000000000000000000000000000000000000	0000000000000000000000000000000000000				0	0	1846309482	1846309481	1846309482	1846309481	3692618963	30	30	1846309484	1846309476	1	1
32	63	random	55	2310227221	3235243399	7474147366930364179	2733888689	1366944344	odd	6	0		330	243600	0	0	0000000000000000000000000000000000000	0000000000000000000000000000000000000	0000000000000000000000000000000000000				0	0	1366944344	1366944343	1366944344	1366944343	2733888687	30	30	1366944343	1366944343	1	1
32	63	random	56	2351885363	3026827351	7118750943144963413	2668098750	1334049375	even	2	0		330	243600	0	0	0000000000000000000000000000000000000	0000000000000000000000000000000000000	0000000000000000000000000000000000000				0	0	1334049375	1334049374	1334049375	1334049374	2668098749	31	31	1334049375	1334049375	1	1
32	64	random	57	2939305657	3581255141	10526403495101632637	3244441938	1622220969	even	4	0		300	245520	0	0	0000000000000000000000000000000000000	0000000000000000000000000000000000000	0000000000000000000000000000000000000				0	0	1622220969	1622220968	1622220969	1622220968	3244441937	31	31	1622220973	1622220969	1	1
32	63	random	58	2160389501	3766236839	8136538525255027339	2852461835	1426230917	odd	2	0		330	243600	0	0	0000000000000000000000000000000000000	0000000000000000000000000000000000000	0000000000000000000000000000000000000				0	0	1426230917	1426230916	1426230917	1426230916	2852461833	30	31	1426230920	1426230920	1	1
32	64	random	59	3676933681	4006904009	14733120307226027129	3838374696	1919187348	even	8	0		300	245520	0	0	0000000000000000000000000000000000000	0000000000000000000000000000000000000	0000000000000000000000000000000000000				0	0	1919187348	1919187347	1919187348	1919187347	3838374695	30	31	1919187347	1919187343	1	1
32	64	random	60	2685491357	4292245127	11526787190683867339	3395112250	1697556125	even	2	0		300	245520	0	0	0000000000000000000000000000000000000	0000000000000000000000000000000000000	0000000000000000000000000000000000000				0	0	1697556125	1697556124	1697556125	1697556124	3395112249	31	30	1697556128	1697556124	1	1
32	64	random	61	2652385157	3835136881	10172260138227675317	3189398084	1594699042	even	4	0		300	245520	0	0	0000000000000000000000000000000000000	0000000000000000000000000000000000000	0000000000000000000000000000000000000				0	0	1594699042	1594699041	1594699042	1594699041	3189398083	30	31	1594699042	1594699041	1	1
32	63	random	62	2452706743	3746513989	9189100123564127827	3031352853	1515676426	odd	6	0		330	243600	0	0	0000000000000000000000000000000000000	0000000000000000000000000000000000000	0000000000000000000000000000000000000				0	0	1515676426	1515676425	1515676426	1515676425	3031352851	30	31	1515676416	1515676432	1	1
32	64	random	63	3033155137	3559660441	10797002352594835417	3285879235	1642939617	odd	24	0		300	245520	0	0	0000000000000000000000000000000000000	0000000000000000000000000000000000000	0000000000000000000000000000000000000				0	0	1642939617	1642939616	1642939617	1642939616	3285879233	31	31	1642939625	1642939608	1	1
32	63	random	64	2830691323	3134602841	8873093063069848643	2978773751	1489386875	odd	2	0		330	243600	0	0	0000000000000000000000000000000000000	0000000000000000000000000000000000000	0000000000000000000000000000000000000				0	0	1489386875	1489386874	1489386875	1489386874	2978773749	30	30	1489386878	1489386873	1	1
32	63	random	65	2401993381	3386052883	8133276612681967423	2851890007	1425945003	odd	6	0		330	243600	0	0	0000000000000000000000000000000000000	0000000000000000000000000000000000000	0000000000000000000000000000000000000				0	0	1425945003	1425945002	1425945003	1425945002	2851890005	30	31	1425945003	1425945002	1	1
32	64	random	66	3762773477	4255872791	16013885259460764307	4001735281	2000867640	odd	2	0		300	245520	0	0	0000000000000000000000000000000000000	0000000000000000000000000000000000000	0000000000000000000000000000000000000				0	0	2000867640	2000867639	2000867640	2000867639	4001735279	31	31	2000867638	2000867640	1	1
32	64	random	67	2963926241	3771758083	11179212756907556003	3343532975	1671766487	odd	2	0		300	245520	0	0	0000000000000000000000000000000000000	0000000000000000000000000000000000000	0000000000000000000000000000000000000				0	0	1671766487	1671766486	1671766487	1671766486	3343532973	30	31	1671766489	1671766485	1	1
32	64	random	68	3684374251	3837867073	14140138622521937323	3760337567	1880168783	odd	6	0		300	245520	0	0	0000000000000000000000000000000000000	0000000000000000000000000000000000000	0000000000000000000000000000000000000				0	0	1880168783	1880168782	1880168783	1880168782	3760337565	31	31	1880168784	1880168786	1	1
32	63	random	69	2254569791	2704269521	6096964368768640111	2469203184	1234601592	even	10	0		330	243600	0	0	0000000000000000000000000000000000000	0000000000000000000000000000000000000	0000000000000000000000000000000000000				0	0	1234601592	1234601591	1234601592	1234601591	2469203183	30	31	1234601599	1234601589	1	1
32	63	random	70	2537990981	2749991887	6979454607029171147	2641865743	1320932871	odd	2	0		330	243600	0	0	0000000000000000000000000000000000000	0000000000000000000000000000000000000	0000000000000000000000000000000000000				0	0	1320932871	1320932870	1320932871	1320932870	2641865741	31	30	1320932876	1320932863	1	1
32	63	random	71	2164864549	2782517513	6023773520865346637	2454337694	1227168847	even	4	0		330	243600	0	0	0000000000000000000000000000000000000	0000000000000000000000000000000000000	0000000000000000000000000000000000000				0	0	1227168847	1227168846	1227168847	1227168846	2454337693	30	30	1227168846	1227168845	1	1
32	63	random	72	2882202503	3002000783	8652374170770559849	2941491827	1470745913	odd	2	0		330	243600	0	0	0000000000000000000000000000000000000	0000000000000000000000000000000000000	0000000000000000000000000000000000000				0	0	1470745913	1470745912	1470745913	1470745912	2941491825	30	30	1470745914	1470745913	1	1
32	63	random	73	2382793793	3419687443	8148410013180441299	2854541997	1427270998	odd	2	0		330	243600	0	0	0000000000000000000000000000000000000	0000000000000000000000000000000000000	0000000000000000000000000000000000000				0	0	1427270998	1427270997	1427270998	1427270997	2854541995	30	31	1427270999	1427270996	1	1
32	64	random	74	4034426677	4129902037	16661786951469441049	4081885220	2040942610	even	12	0		300	245520	0	0	0000000000000000000000000000000000000	0000000000000000000000000000000000000	0000000000000000000000000000000000000				0	0	2040942610	2040942609	2040942610	2040942609	4081885219	31	31	2040942607	2040942606	1	1
32	63	random	75	2306493773	3795842731	8755087622338814063	2958899731	1479449865	odd	2	0		330	243600	0	0	0000000000000000000000000000000000000	0000000000000000000000000000000000000	0000000000000000000000000000000000000				0	0	1479449865	1479449864	1479449865	1479449864	2958899729	30	31	1479449858	1479449872	1	1
32	63	random	76	2328186361	2424812981	5645416510339952141	2376008524	1188004262	even	20	0		330	243600	0	0	0000000000000000000000000000000000000	0000000000000000000000000000000000000	0000000000000000000000000000000000000				0	0	1188004262	1188004261	1188004262	1188004261	2376008523	30	31	1188004265	1188004255	1	1
32	64	random	77	2760247829	3389507683	9355881223379570207	3058738501	1529369250	odd	2	0		300	245520	0	0	0000000000000000000000000000000000000	0000000000000000000000000000000000000	0000000000000000000000000000000000000				0	0	1529369250	1529369249	1529369250	1529369249	3058738499	30	30	1529369248	1529369249	1	1
32	64	random	78	2356715947	4191835657	9878965940055122179	3143082235	1571541117	odd	6	0		300	245520	0	0	0000000000000000000000000000000000000	0000000000000000000000000000000000000	0000000000000000000000000000000000000				0	0	1571541117	1571541116	1571541117	1571541116	3143082233	31	31	1571541121	1571541112	1	1
32	64	random	79	3112038973	3780176329	11764056060660070117	3429876974	1714938487	even	36	0		300	245520	0	0	0000000000000000000000000000000000000	0000000000000000000000000000000000000	0000000000000000000000000000000000000				0	0	1714938487	1714938486	1714938487	1714938486	3429876973	31	30	1714938490	1714938485	1	1
32	63	random	80	2363089013	3827142923	9043879392522004999	3007304339	1503652169	odd	2	0		330	243600	0	0	0000000000000000000000000000000000000	0000000000000000000000000000000000000	0000000000000000000000000000000000000				0	0	1503652169	1503652168	1503652169	1503652168	3007304337	31	30	1503652167	1503652167	1	1
32	64	random	81	3007767911	3665800667	11025877614324996637	3320523695	1660261847	odd	2	0		300	245520	0	0	0000000000000000000000000000000000000	0000000000000000000000000000000000000	0000000000000000000000000000000000000				0	0	1660261847	1660261846	1660261847	1660261846	3320523693	31	31	1660261851	1660261838	1	1
32	64	random	82	2953510381	3162373777	9340103778971679037	3056158336	1528079168	even	36	0		300	245520	0	0	0000000000000000000000000000000000000	0000000000000000000000000000000000000	0000000000000000000000000000000000000				0	0	1528079168	1528079167	1528079168	1528079167	3056158335	31	30	1528079175	1528079154	1	1
32	63	random	83	2851349147	3025752049	8627475523949652203	2937256462	1468628231	even	2	0		330	243600	0	0	0000000000000000000000000000000000000	0000000000000000000000000000000000000	0000000000000000000000000000000000000				0	0	1468628231	1468628230	1468628231	1468628230	2937256461	31	31	1468628233	1468628228	1	1
32	64	random	84	2636073043	4230532073	11151991555182208139	3339459769	1669729884	odd	2	0		300	245520	0	0	0000000000000000000000000000000000000	0000000000000000000000000000000000000	0000000000000000000000000000000000000				0	0	1669729884	1669729883	1669729884	1669729883	3339459767	31	31	1669729881	1669729883	1	1
32	64	random	85	2412338569	4250049077	10252557308589950813	3201961478	1600980739	even	4	0		300	245520	0	0	0000000000000000000000000000000000000	0000000000000000000000000000000000000	0000000000000000000000000000000000000				0	0	1600980739	1600980738	1600980739	1600980738	3201961477	30	31	1600980743	1600980741	1	1
32	64	random	86	2904030221	4016284079	11663410341537151459	3415173544	1707586772	even	2	0		300	245520	0	0	0000000000000000000000000000000000000	0000000000000000000000000000000000000	0000000000000000000000000000000000000				0	0	1707586772	1707586771	1707586772	1707586771	3415173543	31	31	1707586773	1707586774	1	1
32	64	random	87	2337813001	4084496167	9548788241747267167	3090111363	1545055681	odd	6	0		300	245520	0	0	0000000000000000000000000000000000000	0000000000000000000000000000000000000	0000000000000000000000000000000000000				0	0	1545055681	1545055680	1545055681	1545055680	3090111361	30	30	1545055681	1545055677	1	1
32	64	random	88	4039459783	4131829903	16690360723365291049	4085383791	2042691895	odd	6	0		300	245520	0	0	0000000000000000000000000000000000000	0000000000000000000000000000000000000	0000000000000000000000000000000000000				0	0	2042691895	2042691894	2042691895	2042691894	4085383789	31	31	2042691896	2042691891	1	1
32	64	random	89	3978013997	4187447843	16657726131161458471	4081387770	2040693885	even	2	0		300	245520	0	0	0000000000000000000000000000000000000	0000000000000000000000000000000000000	0000000000000000000000000000000000000				0	0	2040693885	2040693884	2040693885	2040693884	4081387769	31	31	2040693884	2040693885	1	1
32	64	random	90	3432645157	4034324141	13848403224371835137	3721344276	1860672138	even	4	0		300	245520	0	0	0000000000000000000000000000000000000	0000000000000000000000000000000000000	0000000000000000000000000000000000000				0	0	1860672138	1860672137	1860672138	1860672137	3721344275	31	30	1860672136	1860672135	1	1
32	64	random	91	3180144349	3839433053	12209951326861767497	3494274077	1747137038	odd	4	0		300	245520	0	0	0000000000000000000000000000000000000	0000000000000000000000000000000000000	0000000000000000000000000000000000000				0	0	1747137038	1747137037	1747137038	1747137037	3494274075	31	31	1747137039	1747137038	1	1
32	63	random	92	2237950369	2693041853	6026894008653793757	2454973321	1227486660	odd	4	0		330	243600	0	0	0000000000000000000000000000000000000	0000000000000000000000000000000000000	0000000000000000000000000000000000000				0	0	1227486660	1227486659	1227486660	1227486659	2454973319	30	30	1227486660	1227486654	1	1
32	63	random	93	2152511237	2707300987	5827495796458690919	2414020670	1207010335	even	2	0		330	243600	0	0	0000000000000000000000000000000000000	0000000000000000000000000000000000000	0000000000000000000000000000000000000				0	0	1207010335	1207010334	1207010335	1207010334	2414020669	30	30	1207010332	1207010340	1	1
32	63	random	94	2435826479	2689904267	6552140039533685893	2559714835	1279857417	odd	2	0		330	243600	0	0	0000000000000000000000000000000000000	0000000000000000000000000000000000000	0000000000000000000000000000000000000				0	0	1279857417	1279857416	1279857417	1279857416	2559714833	30	30	1279857419	1279857416	1	1
32	64	random	95	3746856749	3932430881	14734255186450865869	3838522526	1919261263	even	4	0		300	245520	0	0	0000000000000000000000000000000000000	0000000000000000000000000000000000000	0000000000000000000000000000000000000				0	0	1919261263	1919261262	1919261263	1919261262	3838522525	31	31	1919261269	1919261251	1	1
32	64	random	96	3094286201	4143887183	12822372928857661783	3580834110	1790417055	even	2	0		300	245520	0	0	0000000000000000000000000000000000000	0000000000000000000000000000000000000	0000000000000000000000000000000000000				0	0	1790417055	1790417054	1790417055	1790417054	3580834109	31	31	1790417054	1790417061	1	1
32	64	random	97	3795560563	4123838177	15652277552815013651	3956295938	1978147969	even	2	0		300	245520	0	0	0000000000000000000000000000000000000	0000000000000000000000000000000000000	0000000000000000000000000000000000000				0	0	1978147969	1978147968	1978147969	1978147968	3956295937	31	31	1978147968	1978147964	1	1
32	63	random	98	2315086619	3791465549	8777571158889388831	2962696602	1481348301	even	26	0		330	243600	0	0	0000000000000000000000000000000000000	0000000000000000000000000000000000000	0000000000000000000000000000000000000				0	0	1481348301	1481348300	1481348301	1481348300	2962696601	30	31	1481348300	1481348302	1	1
32	63	random	99	2254806919	2328570931	5250477846601071589	2291392119	1145696059	odd	42	0		330	243600	0	0	0000000000000000000000000000000000000	0000000000000000000000000000000000000	0000000000000000000000000000000000000				0	0	1145696059	1145696058	1145696059	1145696058	2291392117	30	30	1145696060	1145696055	1	1
32	64	random	100	4002494429	4227434363	16920282486870663727	4113427097	2056713548	odd	2	0		300	245520	0	0	0000000000000000000000000000000000000	0000000000000000000000000000000000000	0000000000000000000000000000000000000				0	0	2056713548	2056713547	2056713548	2056713547	4113427095	31	31	2056713547	2056713547	1	1
32	64	random	101	2696638801	3905728259	10532338369381577459	3245356431	1622678215	odd	2	0		300	245520	0	0	0000000000000000000000000000000000000	0000000000000000000000000000000000000	0000000000000000000000000000000000000				0	0	1622678215	1622678214	1622678215	1622678214	3245356429	31	31	1622678218	1622678215	1	1
32	63	random	102	2620463371	2983715281	7818716603353472251	2796196810	1398098405	even	210	0		330	243600	0	0	0000000000000000000000000000000000000	0000000000000000000000000000000000000	0000000000000000000000000000000000000				0	0	1398098405	1398098404	1398098405	1398098404	2796196809	31	30	1398098413	1398098396	1	1
32	64	random	103	2558000359	3659788403	9361740048738036677	3059696071	1529848035	odd	2	0		300	245520	0	0	0000000000000000000000000000000000000	0000000000000000000000000000000000000	0000000000000000000000000000000000000				0	0	1529848035	1529848034	1529848035	1529848034	3059696069	30	31	1529848037	1529848033	1	1
32	64	random	104	3130270243	4027698691	12607785360207351913	3550744338	1775372169	even	6	0		300	245520	0	0	0000000000000000000000000000000000000	0000000000000000000000000000000000000	0000000000000000000000000000000000000				0	0	1775372169	1775372168	1775372169	1775372168	3550744337	31	31	1775372172	1775372169	1	1
32	64	random	105	3149164483	4251319063	13388102999100439429	3658975676	1829487838	even	6	0		300	245520	0	0	0000000000000000000000000000000000000	0000000000000000000000000000000000000	0000000000000000000000000000000000000				0	0	1829487838	1829487837	1829487838	1829487837	3658975675	31	31	1829487835	1829487833	1	1
32	64	random	106	2892470983	3512384171	10159469295766010093	3187392240	1593696120	even	2	0		300	245520	0	0	0000000000000000000000000000000000000	0000000000000000000000000000000000000	0000000000000000000000000000000000000				0	0	1593696120	1593696119	1593696120	1593696119	3187392239	31	30	1593696113	1593696120	1	1
32	64	random	107	3165146213	3614221903	11439540769222103339	3382239017	1691119508	odd	2	0		300	245520	0	0	0000000000000000000000000000000000000	0000000000000000000000000000000000000	0000000000000000000000000000000000000				0	0	1691119508	1691119507	1691119508	1691119507	3382239015	31	31	1691119510	1691119500	1	1
32	64	random	108	3041826017	3094266941	9412221684676803997	3067934432	1533967216	even	4	0		300	245520	0	0	0000000000000000000000000000000000000	0000000000000000000000000000000000000	0000000000000000000000000000000000000				0	0	1533967216	1533967215	1533967216	1533967215	3067934431	31	31	1533967218	1533967215	1	1
32	64	random	109	3549652019	3911209817	13883433823646670523	3726048016	1863024008	even	2	0		300	245520	0	0	0000000000000000000000000000000000000	0000000000000000000000000000000000000	0000000000000000000000000000000000000				0	0	1863024008	1863024007	1863024008	1863024007	3726048015	31	30	1863024012	1863024004	1	1
32	64	random	110	2994231217	3401280431	10184220044271414527	3191272480	1595636240	even	2	0		300	245520	0	0	0000000000000000000000000000000000000	0000000000000000000000000000000000000	0000000000000000000000000000000000000				0	0	1595636240	1595636239	1595636240	1595636239	3191272479	30	31	1595636240	1595636243	1	1
32	64	random	111	3378700163	3536590817	11949079969862203171	3456744128	1728372064	even	2	0		300	245520	0	0	0000000000000000000000000000000000000	0000000000000000000000000000000000000	0000000000000000000000000000000000000				0	0	1728372064	1728372063	1728372064	1728372063	3456744127	31	30	1728372060	1728372056	1	1
32	64	random	112	3496748473	3766305311	13169822345091040103	3629024985	1814512492	odd	2	0		300	245520	0	0	0000000000000000000000000000000000000	0000000000000000000000000000000000000	0000000000000000000000000000000000000				0	0	1814512492	1814512491	1814512492	1814512491	3629024983	31	30	1814512496	1814512486	1	1
32	64	random	113	3083928823	4212607433	12991381482612741359	3604355903	1802177951	odd	2	0		300	245520	0	0	0000000000000000000000000000000000000	0000000000000000000000000000000000000	0000000000000000000000000000000000000				0	0	1802177951	1802177950	1802177951	1802177950	3604355901	31	31	1802177951	1802177952	1	1
32	64	random	114	2926288207	4280874113	12527071432523485391	3539360314	1769680157	even	2	0		300	245520	0	0	0000000000000000000000000000000000000	0000000000000000000000000000000000000	0000000000000000000000000000000000000				0	0	1769680157	1769680156	1769680157	1769680156	3539360313	31	31	1769680159	1769680159	1	1
32	63	random	115	2795610899	3164468393	8846622329011815307	2974327206	1487163603	even	2	0		330	243600	0	0	0000000000000000000000000000000000000	0000000000000000000000000000000000000	0000000000000000000000000000000000000				0	0	1487163603	1487163602	1487163603	1487163602	2974327205	30	30	1487163602	1487163604	1	1
32	63	random	116	2175274183	3095528851	6733623992311953733	2594922733	1297461366	odd	6	0		330	243600	0	0	0000000000000000000000000000000000000	0000000000000000000000000000000000000	0000000000000000000000000000000000000				0	0	1297461366	1297461365	1297461366	1297461365	2594922731	30	31	1297461366	1297461361	1	1
32	64	random	117	3522857489	4009658339	14125454907877450771	3758384614	1879192307	even	2	0		300	245520	0	0	0000000000000000000000000000000000000	0000000000000000000000000000000000000	0000000000000000000000000000000000000				0	0	1879192307	1879192306	1879192307	1879192306	3758384613	31	30	1879192309	1879192297	1	1
32	64	random	118	3455142893	3879481817	13404164028530276581	3661169762	1830584881	even	4	0		300	245520	0	0	0000000000000000000000000000000000000	0000000000000000000000000000000000000	0000000000000000000000000000000000000				0	0	1830584881	1830584880	1830584881	1830584880	3661169761	31	31	1830584884	1830584882	1	1
32	63	random	119	2231027551	2331076591	5200696098012158641	2280503474	1140251737	even	270	0		330	243600	0	0	0000000000000000000000000000000000000	0000000000000000000000000000000000000	0000000000000000000000000000000000000				0	0	1140251737	1140251736	1140251737	1140251736	2280503473	30	30	1140251738	1140251732	1	1
32	64	random	120	3055130101	4193836303	12812715527961856603	3579485371	1789742685	odd	6	0		300	245520	0	0	0000000000000000000000000000000000000	0000000000000000000000000000000000000	0000000000000000000000000000000000000				0	0	1789742685	1789742684	1789742685	1789742684	3579485369	31	31	1789742686	1789742681	1	1
32	64	random	121	3554036851	3964609303	14090367562679424853	3753713836	1876856918	even	6	0		300	245520	0	0	0000000000000000000000000000000000000	0000000000000000000000000000000000000	0000000000000000000000000000000000000				0	0	1876856918	1876856917	1876856918	1876856917	3753713835	31	31	1876856916	1876856918	1	1
32	64	random	122	3814766257	4092304373	15611184635493941861	3951099168	1975549584	even	292	0		300	245520	0	0	0000000000000000000000000000000000000	0000000000000000000000000000000000000	0000000000000000000000000000000000000				0	0	1975549584	1975549583	1975549584	1975549583	3951099167	31	31	1975549582	1975549581	1	1
32	63	random	123	2526207161	3113959369	7866506457030841409	2804729301	1402364650	odd	8	0		330	243600	0	0	0000000000000000000000000000000000000	0000000000000000000000000000000000000	0000000000000000000000000000000000000				0	0	1402364650	1402364649	1402364650	1402364649	2804729299	31	31	1402364655	1402364645	1	1
32	63	random	124	2758302733	3047193049	8405080915035302917	2899151757	1449575878	odd	12	0		330	243600	0	0	0000000000000000000000000000000000000	0000000000000000000000000000000000000	0000000000000000000000000000000000000				0	0	1449575878	1449575877	1449575878	1449575877	2899151755	30	31	1449575872	1449575884	1	1
32	64	random	125	2429231789	4110526193	9985420897552749277	3159971660	1579985830	even	4	0		300	245520	0	0	0000000000000000000000000000000000000	0000000000000000000000000000000000000	0000000000000000000000000000000000000				0	0	1579985830	1579985829	1579985830	1579985829	3159971659	31	30	1579985831	1579985828	1	1
32	64	random	126	4146152909	4228186681	17530708507223205029	4186968892	2093484446	even	4	0		300	245520	0	0	0000000000000000000000000000000000000	0000000000000000000000000000000000000	0000000000000000000000000000000000000				0	0	2093484446	2093484445	2093484446	2093484445	4186968891	31	31	2093484444	2093484447	1	1
32	63	random	127	2565696347	2891459617	7418607376834919099	2723712058	1361856029	even	2	0		330	243600	0	0	0000000000000000000000000000000000000	0000000000000000000000000000000000000	0000000000000000000000000000000000000				0	0	1361856029	1361856028	1361856029	1361856028	2723712057	30	31	1361856025	1361856032	1	1
32	63	consecutive	0	2434844383	2434844389	5928467184035716987	2434844385	1217422192	odd	6	0		330	243600	1	1	1000700000000000000200000000001c40000	0000000000000000000000000000000000000	0000000000000000000000000000000000000	central.u0	2434844383	1217422184:8	120	0	1217422192	1217422191	1217422192	1217422191	2434844383	31	30	1217422208	1217422177	1	1
32	64	consecutive	1	3410728021	3410728093	11633065878806993953	3410728056	1705364028	even	36	0		300	245520	1	1	1000700000000000000200000000001c40000	0000000000000000000000000000000000000	0000000000000000000000000000000000000	central.u0	3410728021	1705363996:32	840	0	1705364028	1705364027	1705364028	1705364027	3410728055	31	30	1705364040	1705364010	1	1
32	64	consecutive	2	3761284559	3761284607	14147261714313483313	3761284582	1880642291	even	2	0		300	245520	1	1	1000700000000000000200000000001c40000	0000000000000000000000000000000000000	0000000000000000000000000000000000000	central.u0	3761284559	1880642275:16	360	0	1880642291	1880642290	1880642291	1880642290	3761284581	31	31	1880642307	1880642279	1	1
32	64	consecutive	3	4071024941	4071024943	16573244078386103363	4071024941	2035512470	odd	2	1	4071024941	0	0	0	0	0000000000000000000000000000000000000	0000000000000000000000000000000000000	0000000000000000000000000000000000000				0	0	2035512470	2035512469	2035512470	2035512469	4071024939	0	30	0	2035512452	0	0
32	64	consecutive	4	3885030913	3885030923	15093465233815922699	3885030917	1942515458	odd	2	0		300	245520	1	1	1000700000000000000200000000001c40000	0000000000000000000000000000000000000	0000000000000000000000000000000000000	central.u0	3885030913	1942515450:8	120	0	1942515458	1942515457	1942515458	1942515457	3885030915	31	31	1942515473	1942515445	1	1
32	64	consecutive	5	3554019241	3554019263	12631052843586639383	3554019251	1777009625	odd	2	0		300	245520	1	1	1000700000000000008200400000001c40000	0000000000000000000000000000000000000	0000000000000000008000400000000000000	central.u0	3554019241	1777009617:8	120	0	1777009625	1777009624	1777009625	1777009624	3554019249	31	31	1777009638	1777009612	1	1
32	63	consecutive	6	2420584379	2420584399	5859228784270503221	2420584388	1210292194	even	2	0		330	243600	1	1	1000700000000000008229000000005c40000	0000000000000000000000000000000000000	0000000000000000008029000000000000000	central.u0	2420584379	1210292186:8	120	0	1210292194	1210292193	1210292194	1210292193	2420584387	30	31	1210292207	1210292183	1	1
32	64	consecutive	7	3862886857	3862886887	14921894985869944159	3862886871	1931443435	odd	6	0		300	245520	1	1	1000700000000000000200000000001c40000	0000000000000000000000000000000000000	0000000000000000000000000000000000000	central.u0	3862886857	1931443427:8	120	0	1931443435	1931443434	1931443435	1931443434	3862886869	31	31	1931443445	1931443417	1	1
32	64	consecutive	8	3449890603	3449890627	11901745255465078081	3449890614	1724945307	even	6	0		300	245520	1	1	1000700000000000000200000000001c40000	0000000000000000000000000000000000000	0000000000000000000000000000000000000	central.u0	3449890603	1724945299:8	120	0	1724945307	1724945306	1724945307	1724945306	3449890613	31	31	1724945321	1724945293	1	1
32	63	consecutive	9	2632521217	2632521223	6930167973750288391	2632521219	1316260609	odd	6	0		330	243600	1	1	1000700000000000000200000000001c40000	0000000000000000000000000000000000000	0000000000000000000000000000000000000	central.u0	2632521217	1316260601:8	120	0	1316260609	1316260608	1316260609	1316260608	2632521217	31	30	1316260627	1316260596	1	1
32	64	consecutive	10	3148376971	3148376977	9912277570413396667	3148376973	1574188486	odd	6	0		300	245520	1	1	1000700000000000000200000000001c40000	0000000000000000000000000000000000000	0000000000000000000000000000000000000	central.u0	3148376971	1574188478:8	120	0	1574188486	1574188485	1574188486	1574188485	3148376971	31	30	1574188499	1574188468	1	1
32	64	consecutive	11	3788245091	3788245093	14350800877062088463	3788245091	1894122545	odd	2	1	3788245091	0	0	0	0	0000000000000000000000000000000000000	0000000000000000000000000000000000000	0000000000000000000000000000000000000				0	0	1894122545	1894122544	1894122545	1894122544	3788245089	0	30	0	1894122533	0	0
32	63	consecutive	12	2856967829	2856967871	8162265295933622059	2856967849	1428483924	odd	2	0		330	243600	1	1	1000700000000000000200000000001c40000	0000000000000000000000000000000000000	0000000000000000000000000000000000000	central.u0	2856967829	1428483908:16	360	0	1428483924	1428483923	1428483924	1428483923	2856967847	30	31	1428483933	1428483911	1	1
32	64	consecutive	13	4093395151	4093395181	16755883985032167331	4093395165	2046697582	odd	30	0		300	245520	1	1	1000700000000000000200000000001c40000	0000000000000000000000000000000000000	0000000000000000000000000000000000000	central.u0	4093395151	2046697574:8	120	0	2046697582	2046697581	2046697582	2046697581	4093395163	31	31	2046697594	2046697567	1	1
32	64	consecutive	14	3122822537	3122822557	9752020660051567109	3122822546	1561411273	even	4	0		300	245520	1	1	1000700000000000008229000000005c40000	0000000000000000000000000000000000000	0000000000000000008029000000000000000	central.u0	3122822537	1561411265:8	120	0	1561411273	1561411272	1561411273	1561411272	3122822545	31	30	1561411288	1561411259	1	1
32	63	consecutive	15	2238944723	2238944749	5012873530862109527	2238944735	1119472367	odd	2	0		330	243600	1	1	1000700000000000000200000000001c40000	0000000000000000000000000000000000000	0000000000000000000000000000000000000	central.u0	2238944723	1119472359:8	120	0	1119472367	1119472366	1119472367	1119472366	2238944733	30	30	1119472376	1119472349	1	1
32	64	consecutive	16	4075208593	4075208623	16607325198717297439	4075208607	2037604303	odd	6	0		300	245520	1	1	1000700000000000000200000000001c40000	0000000000000000000000000000000000000	0000000000000000000000000000000000000	central.u0	4075208593	2037604295:8	120	0	2037604303	2037604302	2037604303	2037604302	4075208605	31	31	2037604312	2037604285	1	1
32	63	consecutive	17	2843806187	2843806193	8087233646282316091	2843806189	1421903094	odd	2	0		330	243600	1	1	1000700000000000000200000000001c40000	0000000000000000000000000000000000000	0000000000000000000000000000000000000	central.u0	2843806187	1421903086:8	120	0	1421903094	1421903093	1421903094	1421903093	2843806187	31	30	1421903111	1421903080	1	1
32	64	consecutive	18	3276010889	3276010919	10732247443126896991	3276010903	1638005451	odd	2	0		300	245520	1	1	1000700000000000000200000000001c40000	0000000000000000000000000000000000000	0000000000000000000000000000000000000	central.u0	3276010889	1638005443:8	120	0	1638005451	1638005450	1638005451	1638005450	3276010901	30	31	1638005462	1638005436	1	1
32	64	consecutive	19	3404987653	3404987657	11593940930702399021	3404987654	1702493827	even	4	0		300	245520	1	1	1000700000000000000200000000000000000	0000000000000000000000000000000000000	0000000000000000000000000000000000000	central.u0	3404987653	1702493819:8	120	0	1702493827	1702493826	1702493827	1702493826	3404987653	31	30	1702493839	1702493808	1	1
32	64	consecutive	20	3190346623	3190346651	10178311664217209573	3190346636	1595173318	even	2	0		300	245520	1	1	1000700000000000000200000000001c40000	0000000000000000000000000000000000000	0000000000000000000000000000000000000	central.u0	3190346623	1595173310:8	120	0	1595173318	1595173317	1595173318	1595173317	3190346635	31	31	1595173332	1595173306	1	1
32	64	consecutive	21	4281507809	4281507821	18331309169906074189	4281507814	2140753907	even	4	0		300	245520	1	1	1000700000000000000200000000005c40000	0000000000000000000000000000000000000	0000000000000000000000000000000000000	central.u0	4281507809	2140753899:8	120	0	2140753907	2140753906	2140753907	2140753906	4281507813	31	31	2140753916	2140753888	1	1
32	64	consecutive	22	3718378429	3718378459	13826338252803860911	3718378443	1859189221	odd	6	0		300	245520	1	1	1000700000000000000200000000001c40000	0000000000000000000000000000000000000	0000000000000000000000000000000000000	central.u0	3718378429	1859189213:8	120	0	1859189221	1859189220	1859189221	1859189220	3718378441	30	30	1859189230	1859189204	1	1
32	64	consecutive	23	3082445881	3082445903	9501472677107675543	3082445891	1541222945	odd	2	0		300	245520	1	1	1000700000000000008200400000001c40000	0000000000000000000000000000000000000	0000000000000000008000400000000000000	central.u0	3082445881	1541222937:8	120	0	1541222945	1541222944	1541222945	1541222944	3082445889	31	31	1541222960	1541222933	1	1
32	63	consecutive	24	2311543189	2311543207	5343231956220067123	2311543197	1155771598	odd	18	0		330	243600	1	1	1100700000000000000600000000001c40000	0000000000000000000000000000000000000	0000000000000000000400000000000000000	central.u0	2311543189	1155771590:8	120	0	1155771598	1155771597	1155771598	1155771597	2311543195	30	30	1155771609	1155771581	1	1
32	64	consecutive	25	3587119517	3587119559	12867426579901333003	3587119537	1793559768	odd	2	0		300	245520	1	1	1000700000000000000200000000001c40000	0000000000000000000000000000000000000	0000000000000000000000000000000000000	central.u0	3587119517	1793559752:16	360	0	1793559768	1793559767	1793559768	1793559767	3587119535	31	30	1793559779	1793559749	1	1
32	64	consecutive	26	3998831077	3998831101	15990650078352925777	3998831088	1999415544	even	12	0		300	245520	1	1	1000700000000000000200000000001c40000	0000000000000000000000000000000000000	0000000000000000000000000000000000000	central.u0	3998831077	1999415536:8	120	0	1999415544	1999415543	1999415544	1999415543	3998831087	31	31	1999415555	1999415527	1	1
32	64	consecutive	27	3291732887	3291732889	10835505405940820543	3291732887	1645866443	odd	2	1	3291732887	0	0	0	0	0000000000000000000000000000000000000	0000000000000000000000000000000000000	0000000000000000000000000000000000000				0	0	1645866443	1645866442	1645866443	1645866442	3291732885	0	30	0	1645866426	0	0
32	63	consecutive	28	2878089343	2878089371	8283398346876673253	2878089356	1439044678	even	2	0		330	243600	1	1	1000700000000000000200000000001c40000	0000000000000000000000000000000000000	0000000000000000000000000000000000000	central.u0	2878089343	1439044670:8	120	0	1439044678	1439044677	1439044678	1439044677	2878089355	31	30	1439044694	1439044666	1	1
32	63	consecutive	29	2910253337	2910253343	8469574502981155591	2910253339	1455126669	odd	2	0		330	243600	1	1	1000700000000000000200000000001c40000	0000000000000000000000000000000000000	0000000000000000000000000000000000000	central.u0	2910253337	1455126661:8	120	0	1455126669	1455126668	1455126669	1455126668	2910253337	31	30	1455126682	1455126651	1	1
32	63	consecutive	30	2989016867	2989016887	8934221890990833029	2989016876	1494508438	even	2	0		330	243600	1	1	1000700000000000008229000000005c40000	0000000000000000000000000000000000000	0000000000000000008029000000000000000	central.u0	2989016867	1494508430:8	120	0	1494508438	1494508437	1494508438	1494508437	2989016875	31	30	1494508454	1494508425	1	1
32	63	consecutive	31	2350753297	2350753313	5526041100968422961	2350753304	1175376652	even	16	0		330	243600	1	1	1100700000000000000600000000001c40000	0000000000000000000000000000000000000	0000000000000000000400000000000000000	central.u0	2350753297	1175376644:8	120	0	1175376652	1175376651	1175376652	1175376651	2350753303	30	30	1175376665	1175376637	1	1
32	63	consecutive	32	2715622873	2715622879	7374607604654511367	2715622875	1357811437	odd	6	0		330	243600	1	1	1000700000000000000200000000001c40000	0000000000000000000000000000000000000	0000000000000000000000000000000000000	central.u0	2715622873	1357811429:8	120	0	1357811437	1357811436	1357811437	1357811436	2715622873	31	30	1357811450	1357811419	1	1
32	63	consecutive	33	2414413621	2414413633	5829393162243295093	2414413626	1207206813	even	12	0		330	243600	1	1	1000700000000000000200000000005c40000	0000000000000000000000000000000000000	0000000000000000000000000000000000000	central.u0	2414413621	1207206805:8	120	0	1207206813	1207206812	1207206813	1207206812	2414413625	30	30	1207206825	1207206796	1	1
32	63	consecutive	34	2795494883	2795494903	7814791696789081349	2795494892	1397747446	even	2	0		330	243600	1	1	1000700000000000008229000000005c40000	0000000000000000000000000000000000000	0000000000000000008029000000000000000	central.u0	2795494883	1397747438:8	120	0	1397747446	1397747445	1397747446	1397747445	2795494891	31	31	1397747455	1397747427	1	1
32	63	consecutive	35	3012488207	3012488221	9075085239488909747	3012488213	1506244106	odd	14	0		330	243600	1	1	1000700000000000000200000000001c40000	0000000000000000000000000000000000000	0000000000000000000000000000000000000	central.u0	3012488207	1506244098:8	120	0	1506244106	1506244105	1506244106	1506244105	3012488211	30	30	1506244118	1506244091	1	1
32	63	consecutive	36	2378627201	2378627219	5657867404152384019	2378627209	1189313604	odd	2	0		330	243600	1	1	1100700000000000000600000000001c40000	0000000000000000000000000000000000000	0000000000000000000400000000000000000	central.u0	2378627201	1189313596:8	120	0	1189313604	1189313603	1189313604	1189313603	2378627207	30	30	1189313615	1189313587	1	1
32	64	consecutive	37	3458435833	3458435873	11960778549315837209	3458435852	1729217926	even	8	0		300	245520	1	1	1000700000000000000200000000001c40000	0000000000000000000000000000000000000	0000000000000000000000000000000000000	central.u0	3458435833	1729217910:16	360	0	1729217926	1729217925	1729217926	1729217925	3458435851	30	30	1729217938	1729217913	1	1
32	64	consecutive	38	4203953423	4203953447	17673224483648299081	4203953434	2101976717	even	2	0		300	245520	1	1	1000700000000000000200000000001c40000	0000000000000000000000000000000000000	0000000000000000000000000000000000000	central.u0	4203953423	2101976709:8	120	0	2101976717	2101976716	2101976717	2101976716	4203953433	31	31	2101976730	2101976703	1	1
32	64	consecutive	39	3996243947	3996243961	15969965739881554067	3996243953	1998121976	odd	2	0		300	245520	1	1	1000700000000000000200000000001c40000	0000000000000000000000000000000000000	0000000000000000000000000000000000000	central.u0	3996243947	1998121968:8	120	0	1998121976	1998121975	1998121976	1998121975	3996243951	31	31	1998121985	1998121957	1	1
32	63	consecutive	40	2296001837	2296001843	5271624449283385591	2296001839	1148000919	odd	2	0		330	243600	1	1	1000700000000000000200000000001c40000	0000000000000000000000000000000000000	0000000000000000000000000000000000000	central.u0	2296001837	1148000911:8	120	0	1148000919	1148000918	1148000919	1148000918	2296001837	31	30	1148000935	1148000904	1	1
32	64	consecutive	41	3958475243	3958475267	15669526344447314881	3958475254	1979237627	even	2	0		300	245520	1	1	1000700000000000000200000000001c40000	0000000000000000000000000000000000000	0000000000000000000000000000000000000	central.u0	3958475243	1979237619:8	120	0	1979237627	1979237626	1979237627	1979237626	3958475253	31	31	1979237638	1979237610	1	1
32	63	consecutive	42	2459607679	2459607691	6049669964111059189	2459607684	1229803842	even	6	0		330	243600	1	1	1000700000000000000200000000005c40000	0000000000000000000000000000000000000	0000000000000000000000000000000000000	central.u0	2459607679	1229803834:8	120	0	1229803842	1229803841	1229803842	1229803841	2459607683	30	30	1229803858	1229803830	1	1
32	63	consecutive	43	2903751223	2903751269	8431771298646551987	2903751245	1451875622	odd	2	0		330	243600	1	1	1000700000000000000200000000001c40000	0000000000000000000000000000000000000	0000000000000000000000000000000000000	central.u0	2903751223	1451875606:16	360	0	1451875622	1451875621	1451875622	1451875621	2903751243	30	30	1451875632	1451875607	1	1
32	63	consecutive	44	2447401487	2447401493	5989774053254220091	2447401489	1223700744	odd	2	0		330	243600	1	1	1000700000000000000200000000001c40000	0000000000000000000000000000000000000	0000000000000000000000000000000000000	central.u0	2447401487	1223700736:8	120	0	1223700744	1223700743	1223700744	1223700743	2447401487	31	30	1223700762	1223700731	1	1
32	64	consecutive	45	3260993573	3260993581	10634079109235254913	3260993576	1630496788	even	4	0		300	245520	1	1	1000700000000000000200000000001c40000	0000000000000000000000000000000000000	0000000000000000000000000000000000000	central.u0	3260993573	1630496780:8	120	0	1630496788	1630496787	1630496788	1630496787	3260993575	31	31	1630496804	1630496775	1	1
32	64	consecutive	46	3099417743	3099417749	9606390364219720507	3099417745	1549708872	odd	2	0		300	245520	1	1	1000700000000000000200000000001c40000	0000000000000000000000000000000000000	0000000000000000000000000000000000000	central.u0	3099417743	1549708864:8	120	0	1549708872	1549708871	1549708872	1549708871	3099417743	31	30	1549708884	1549708853	1	1
32	63	consecutive	47	2467299943	2467299977	6087569092616001311	2467299959	1233649979	odd	2	0		330	243600	1	1	1100700000000000000600000000001c40000	0000000000000000000000000000000000000	0000000000000000000400000000000000000	central.u0	2467299943	1233649971:8	120	0	1233649979	1233649978	1233649979	1233649978	2467299957	30	30	1233649997	1233649970	1	1
32	64	consecutive	48	3361024561	3361024573	11296486139977537453	3361024566	1680512283	even	12	0		300	245520	1	1	1000700000000000000200000000005c40000	0000000000000000000000000000000000000	0000000000000000000000000000000000000	central.u0	3361024561	1680512275:8	120	0	1680512283	1680512282	1680512283	1680512282	3361024565	31	31	1680512300	1680512271	1	1
32	63	consecutive	49	2981169713	2981169727	8887372899444878351	2981169719	1490584859	odd	2	0		330	243600	1	1	1000700000000000000200000000001c40000	0000000000000000000000000000000000000	0000000000000000000000000000000000000	central.u0	2981169713	1490584851:8	120	0	1490584859	1490584858	1490584859	1490584858	2981169717	30	30	1490584874	1490584847	1	1
32	64	consecutive	50	3107613853	3107613857	9657263871787961021	3107613854	1553806927	even	4	0		300	245520	1	1	1000700000000000000200000000000000000	0000000000000000000000000000000000000	0000000000000000000000000000000000000	central.u0	3107613853	1553806919:8	120	0	1553806927	1553806926	1553806927	1553806926	3107613853	31	30	1553806940	1553806909	1	1
32	63	consecutive	51	2406390013	2406390017	5790712904291700221	2406390014	1203195007	even	4	0		330	243600	1	1	1000700000000000000200000000000000000	0000000000000000000000000000000000000	0000000000000000000000000000000000000	central.u0	2406390013	1203194999:8	120	0	1203195007	1203195006	1203195007	1203195006	2406390013	31	30	1203195018	1203194987	1	1
32	64	consecutive	52	3729684869	3729684877	13910549251885026113	3729684872	1864842436	even	4	0		300	245520	1	1	1000700000000000000200000000001c40000	0000000000000000000000000000000000000	0000000000000000000000000000000000000	central.u0	3729684869	1864842428:8	120	0	1864842436	1864842435	1864842436	1864842435	3729684871	31	31	1864842448	1864842419	1	1
32	63	consecutive	53	2418260417	2418260447	5847983516976826399	2418260431	1209130215	odd	2	0		330	243600	1	1	1000700000000000000200000000001c40000	0000000000000000000000000000000000000	0000000000000000000000000000000000000	central.u0	2418260417	1209130207:8	120	0	1209130215	1209130214	1209130215	1209130214	2418260429	31	30	1209130231	1209130201	1	1
32	64	consecutive	54	3112828793	3112828799	9689703113206809607	3112828795	1556414397	odd	2	0		300	245520	1	1	1000700000000000000200000000001c40000	0000000000000000000000000000000000000	0000000000000000000000000000000000000	central.u0	3112828793	1556414389:8	120	0	1556414397	1556414396	1556414397	1556414396	3112828793	31	30	1556414407	1556414376	1	1
32	64	consecutive	55	3653774329	3653774339	13350066883797143531	3653774333	1826887166	odd	2	0		300	245520	1	1	1000700000000000000200000000001c40000	0000000000000000000000000000000000000	0000000000000000000000000000000000000	central.u0	3653774329	1826887158:8	120	0	1826887166	1826887165	1826887166	1826887165	3653774331	31	30	1826887178	1826887147	1	1
32	64	consecutive	56	3621737227	3621737237	13116980577655021799	3621737231	1810868615	odd	2	0		300	245520	1	1	1000700000000000000200000000001c40000	0000000000000000000000000000000000000	0000000000000000000000000000000000000	central.u0	3621737227	1810868607:8	120	0	1810868615	1810868614	1810868615	1810868614	3621737229	31	30	1810868626	1810868595	1	1
32	64	consecutive	57	3106461203	3106461233	9650101298938043299	3106461217	1553230608	odd	2	0		300	245520	1	1	1000700000000000000200000000001c40000	0000000000000000000000000000000000000	0000000000000000000000000000000000000	central.u0	3106461203	1553230600:8	120	0	1553230608	1553230607	1553230608	1553230607	3106461215	31	31	1553230622	1553230596	1	1
32	64	consecutive	58	3727872763	3727872787	13897035426586200481	3727872774	1863936387	even	6	0		300	245520	1	1	1000700000000000000200000000001c40000	0000000000000000000000000000000000000	0000000000000000000000000000000000000	central.u0	3727872763	1863936379:8	120	0	1863936387	1863936386	1863936387	1863936386	3727872773	31	31	1863936401	1863936375	1	1
32	64	consecutive	59	3279239707	3279239713	10753413075640884091	3279239709	1639619854	odd	6	0		300	245520	1	1	1000700000000000000200000000001c40000	0000000000000000000000000000000000000	0000000000000000000000000000000000000	central.u0	3279239707	1639619846:8	120	0	1639619854	1639619853	1639619854	1639619853	3279239707	31	31	1639619868	1639619839	1	1
32	64	consecutive	60	3948828109	3948828127	15593243505507421843	3948828117	1974414058	odd	6	0		300	245520	1	1	1100700000000000000600000000001c40000	0000000000000000000000000000000000000	0000000000000000000400000000000000000	central.u0	3948828109	1974414050:8	120	0	1974414058	1974414057	1974414058	1974414057	3948828115	31	30	1974414069	1974414038	1	1
32	63	consecutive	61	2602901549	2602901557	6775096494609811793	2602901552	1301450776	even	4	0		330	243600	1	1	1000700000000000000200000000001c40000	0000000000000000000000000000000000000	0000000000000000000000000000000000000	central.u0	2602901549	1301450768:8	120	0	1301450776	1301450775	1301450776	1301450775	2602901551	31	30	1301450793	1301450762	1	1
32	63	consecutive	62	2500360813	2500360853	6251804295200453489	2500360832	1250180416	even	4	0		330	243600	1	1	1000700000000000000200000000001c40000	0000000000000000000000000000000000000	0000000000000000000000000000000000000	central.u0	2500360813	1250180400:16	360	0	1250180416	1250180415	1250180416	1250180415	2500360831	30	30	1250180427	1250180400	1	1
32	64	consecutive	63	3557878417	3557878433	12658498887080480561	3557878424	1778939212	even	16	0		300	245520	1	1	1100700000000000000600000000001c40000	0000000000000000000000000000000000000	0000000000000000000400000000000000000	central.u0	3557878417	1778939204:8	120	0	1778939212	1778939211	1778939212	1778939211	3557878423	31	30	1778939228	1778939198	1	1
32	63	safe_safe	0	2538932927	2614611047	6638322078526244569	2576494144	1288247072	even	2	0		330	243600	0	0	0000000000000000000000000000000000000	0000000000000000000000000000000000000	0000000000000000000000000000000000000				0	0	1288247072	1288247071	1288247072	1288247071	2576494143	31	30	1288247073	1288247069	1	1
32	63	safe_safe	1	2525853923	3438202583	8684397482339283109	2946930179	1473465089	odd	2	0		330	243600	0	0	0000000000000000000000000000000000000	0000000000000000000000000000000000000	0000000000000000000000000000000000000				0	0	1473465089	1473465088	1473465089	1473465088	2946930177	31	31	1473465094	1473465081	1	1
32	64	safe_safe	2	2455438619	3851577047	9457311025257778093	3075274138	1537637069	even	2	0		300	245520	0	0	0000000000000000000000000000000000000	0000000000000000000000000000000000000	0000000000000000000000000000000000000				0	0	1537637069	1537637068	1537637069	1537637068	3075274137	30	31	1537637072	1537637066	1	1
32	64	safe_safe	3	3088825907	3798669527	11733428847129035989	3425409296	1712704648	even	2	0		300	245520	0	0	0000000000000000000000000000000000000	0000000000000000000000000000000000000	0000000000000000000000000000000000000				0	0	1712704648	1712704647	1712704648	1712704647	3425409295	31	31	1712704642	1712704645	1	1
32	64	safe_safe	4	2918747003	3583082267	10458110628308695801	3233900219	1616950109	odd	2	0		300	245520	0	0	0000000000000000000000000000000000000	0000000000000000000000000000000000000	0000000000000000000000000000000000000				0	0	1616950109	1616950108	1616950109	1616950108	3233900217	31	31	1616950111	1616950107	1	1
32	64	safe_safe	5	3775449347	4180027343	15781481502571495021	3972591283	1986295641	odd	2	0		300	245520	0	0	0000000000000000000000000000000000000	0000000000000000000000000000000000000	0000000000000000000000000000000000000				0	0	1986295641	1986295640	1986295641	1986295640	3972591281	31	31	1986295651	1986295636	1	1
32	63	safe_safe	6	2174726999	4039103759	8783947996459689241	2963772595	1481886297	odd	2	0		330	243600	0	0	0000000000000000000000000000000000000	0000000000000000000000000000000000000	0000000000000000000000000000000000000				0	0	1481886297	1481886296	1481886297	1481886296	2963772593	31	31	1481886298	1481886292	1	1
32	63	safe_safe	7	2926041527	3137261423	9179757204753112921	3029811414	1514905707	even	2	0		330	243600	0	0	0000000000000000000000000000000000000	0000000000000000000000000000000000000	0000000000000000000000000000000000000				0	0	1514905707	1514905706	1514905707	1514905706	3029811413	31	31	1514905710	1514905703	1	1
32	63	safe_safe	8	2501904599	3198342803	8001948568004250997	2828771565	1414385782	odd	2	0		330	243600	0	0	0000000000000000000000000000000000000	0000000000000000000000000000000000000	0000000000000000000000000000000000000				0	0	1414385782	1414385781	1414385782	1414385781	2828771563	30	30	1414385781	1414385781	1	1
32	63	safe_safe	9	2165663519	2695314899	5837145148981469581	2416018449	1208009224	odd	2	0		330	243600	0	0	0000000000000000000000000000000000000	0000000000000000000000000000000000000	0000000000000000000000000000000000000				0	0	1208009224	1208009223	1208009224	1208009223	2416018447	31	31	1208009226	1208009223	1	1
32	64	safe_safe	10	3098900327	3966814667	12292763268714696109	3506103716	1753051858	even	2	0		300	245520	0	0	0000000000000000000000000000000000000	0000000000000000000000000000000000000	0000000000000000000000000000000000000				0	0	1753051858	1753051857	1753051858	1753051857	3506103715	30	31	1753051853	1753051860	1	1
32	64	safe_safe	11	2897366243	3636822647	10537207169195705221	3246106463	1623053231	odd	2	0		300	245520	0	0	0000000000000000000000000000000000000	0000000000000000000000000000000000000	0000000000000000000000000000000000000				0	0	1623053231	1623053230	1623053231	1623053230	3246106461	31	31	1623053235	1623053223	1	1
32	64	safe_safe	12	3547820267	3552149639	12602388480660933613	3549984293	1774992146	odd	2	0		300	245520	0	0	0000000000000000000000000000000000000	0000000000000000000000000000000000000	0000000000000000000000000000000000000				0	0	1774992146	1774992145	1774992146	1774992145	3549984291	31	31	1774992149	1774992147	1	1
32	63	safe_safe	13	2152200959	3881516579	8353803703698199261	2890294743	1445147371	odd	2	0		330	243600	0	0	0000000000000000000000000000000000000	0000000000000000000000000000000000000	0000000000000000000000000000000000000				0	0	1445147371	1445147370	1445147371	1445147370	2890294741	30	30	1445147372	1445147370	1	1
32	63	safe_safe	14	2177291063	2883667547	6278583578746232461	2505710194	1252855097	even	2	0		330	243600	0	0	0000000000000000000000000000000000000	0000000000000000000000000000000000000	0000000000000000000000000000000000000				0	0	1252855097	1252855096	1252855097	1252855096	2505710193	30	30	1252855093	1252855090	1	1
32	64	safe_safe	15	3896014583	4257765419	16588316163417105277	4072875662	2036437831	even	2	0		300	245520	0	0	0000000000000000000000000000000000000	0000000000000000000000000000000000000	0000000000000000000000000000000000000				0	0	2036437831	2036437830	2036437831	2036437830	4072875661	31	31	2036437824	2036437821	1	1
32	64	safe_safe	16	2964229187	3986973527	11818303296529732549	3437775922	1718887961	even	2	0		300	245520	0	0	0000000000000000000000000000000000000	0000000000000000000000000000000000000	0000000000000000000000000000000000000				0	0	1718887961	1718887960	1718887961	1718887960	3437775921	31	31	1718887963	1718887959	1	1
32	64	safe_safe	17	3252506723	4228353023	13752746634524873629	3708469581	1854234790	odd	2	0		300	245520	0	0	0000000000000000000000000000000000000	0000000000000000000000000000000000000	0000000000000000000000000000000000000				0	0	1854234790	1854234789	1854234790	1854234789	3708469579	31	31	1854234791	1854234793	1	1
32	64	safe_safe	18	2874106883	4049010947	11637290232115048201	3411347275	1705673637	odd	2	0		300	245520	0	0	0000000000000000000000000000000000000	0000000000000000000000000000000000000	0000000000000000000000000000000000000				0	0	1705673637	1705673636	1705673637	1705673636	3411347273	31	31	1705673644	1705673630	1	1
32	64	safe_safe	19	2630439107	3936365219	10354369011492219433	3217820537	1608910268	odd	2	0		300	245520	0	0	0000000000000000000000000000000000000	0000000000000000000000000000000000000	0000000000000000000000000000000000000				0	0	1608910268	1608910267	1608910268	1608910267	3217820535	31	30	1608910267	1608910267	1	1
32	64	safe_safe	20	3257325959	4265007707	13892520319346166013	3727267138	1863633569	even	2	0		300	245520	0	0	0000000000000000000000000000000000000	0000000000000000000000000000000000000	0000000000000000000000000000000000000				0	0	1863633569	1863633568	1863633569	1863633568	3727267137	31	31	1863633572	1863633567	1	1
32	64	safe_safe	21	3433806287	3892548587	13366257810493566469	3655989306	1827994653	even	2	0		300	245520	0	0	0000000000000000000000000000000000000	0000000000000000000000000000000000000	0000000000000000000000000000000000000				0	0	1827994653	1827994652	1827994653	1827994652	3655989305	31	31	1827994655	1827994652	1	1
32	63	safe_safe	22	2159142023	2604744323	5624012926959985429	2371500142	1185750071	even	2	0		330	243600	0	0	0000000000000000000000000000000000000	0000000000000000000000000000000000000	0000000000000000000000000000000000000				0	0	1185750071	1185750070	1185750071	1185750070	2371500141	30	30	1185750066	1185750069	1	1
32	63	safe_safe	23	2164552043	2433711503	5267895205891250629	2295189579	1147594789	odd	2	0		330	243600	0	0	0000000000000000000000000000000000000	0000000000000000000000000000000000000	0000000000000000000000000000000000000				0	0	1147594789	1147594788	1147594789	1147594788	2295189577	30	30	1147594790	1147594786	1	1
32	64	safe_safe	24	2436147683	4011612467	9772880416575963961	3126160651	1563080325	odd	2	0		300	245520	0	0	0000000000000000000000000000000000000	0000000000000000000000000000000000000	0000000000000000000000000000000000000				0	0	1563080325	1563080324	1563080325	1563080324	3126160649	31	31	1563080327	1563080325	1	1
32	64	safe_safe	25	3916075847	3988522247	15619355636698868209	3952133048	1976066524	even	2	0		300	245520	0	0	0000000000000000000000000000000000000	0000000000000000000000000000000000000	0000000000000000000000000000000000000				0	0	1976066524	1976066523	1976066524	1976066523	3952133047	31	31	1976066525	1976066518	1	1
32	64	safe_safe	26	4020750947	4083110723	16417171306208104681	4051810867	2025905433	odd	2	0		300	245520	0	0	0000000000000000000000000000000000000	0000000000000000000000000000000000000	0000000000000000000000000000000000000				0	0	2025905433	2025905432	2025905433	2025905432	4051810865	31	31	2025905434	2025905435	1	1
32	64	safe_safe	27	3373167839	4018441223	13554876696335427097	3681694813	1840847406	odd	2	0		300	245520	0	0	0000000000000000000000000000000000000	0000000000000000000000000000000000000	0000000000000000000000000000000000000				0	0	1840847406	1840847405	1840847406	1840847405	3681694811	31	31	1840847404	1840847411	1	1
32	63	safe_safe	28	2312923007	3419857223	7909866451731829561	2812448479	1406224239	odd	2	0		330	243600	0	0	0000000000000000000000000000000000000	0000000000000000000000000000000000000	0000000000000000000000000000000000000				0	0	1406224239	1406224238	1406224239	1406224238	2812448477	30	30	1406224244	1406224232	1	1
32	63	safe_safe	29	2341504379	2705539559	6335032724956228861	2516949090	1258474545	even	2	0		330	243600	0	0	0000000000000000000000000000000000000	0000000000000000000000000000000000000	0000000000000000000000000000000000000				0	0	1258474545	1258474544	1258474545	1258474544	2516949089	30	30	1258474545	1258474537	1	1
32	63	safe_safe	30	2388536027	3643823879	8703404611034388733	2950153319	1475076659	odd	2	0		330	243600	0	0	0000000000000000000000000000000000000	0000000000000000000000000000000000000	0000000000000000000000000000000000000				0	0	1475076659	1475076658	1475076659	1475076658	2950153317	31	30	1475076664	1475076657	1	1
32	64	safe_safe	31	3646689947	3868001087	14105400678947972389	3755715734	1877857867	even	2	0		300	245520	0	0	0000000000000000000000000000000000000	0000000000000000000000000000000000000	0000000000000000000000000000000000000				0	0	1877857867	1877857866	1877857867	1877857866	3755715733	31	31	1877857861	1877857868	1	1
32	63	bounded_capacity	0	2165626247	2697800927	5842428496692130969	2417111602	1208555801	even	2	0		330	243600	0	0	0000000000000000000000000000000000000	0000000000000000000000000000000000000	0000000000000000000000000000000000000				0	0	1208555801	1208555800	1208555801	1208555800	2417111601	30	30	1208555801	1208555798	1	1
32	64	bounded_capacity	1	2280518749	4283722337	9769109105038596413	3125557407	1562778703	odd	4	0		300	245520	0	0	0000000000000000000000000000000000000	0000000000000000000000000000000000000	0000000000000000000000000000000000000				0	0	1562778703	1562778702	1562778703	1562778702	3125557405	30	31	1562778699	1562778698	1	1
32	63	bounded_capacity	2	2315486629	2867455537	6639554955175514773	2576733388	1288366694	even	12	0		330	243600	0	0	0000000000000000000000000000000000000	0000000000000000000000000000000000000	0000000000000000000000000000000000000				0	0	1288366694	1288366693	1288366694	1288366693	2576733387	30	31	1288366692	1288366698	1	1
32	64	bounded_capacity	3	3126428293	4180908773	13071311478359114489	3615426873	1807713436	odd	4	0		300	245520	0	0	0000000000000000000000000000000000000	0000000000000000000000000000000000000	0000000000000000000000000000000000000				0	0	1807713436	1807713435	1807713436	1807713435	3615426871	31	31	1807713432	1807713437	1	1
32	64	bounded_capacity	4	4138158529	4193306899	17352568708811391571	4165641452	2082820726	even	6	0		300	245520	0	0	0000000000000000000000000000000000000	0000000000000000000000000000000000000	0000000000000000000000000000000000000				0	0	2082820726	2082820725	2082820726	2082820725	4165641451	31	31	2082820732	2082820721	1	1
32	63	bounded_capacity	5	2171379703	3124021441	6783436748724212023	2604503167	1302251583	odd	6	0		330	243600	0	0	0000000000000000000000000000000000000	0000000000000000000000000000000000000	0000000000000000000000000000000000000				0	0	1302251583	1302251582	1302251583	1302251582	2604503165	30	30	1302251583	1302251573	1	1
32	64	bounded_capacity	6	3447132193	4294089691	14802294813475522363	3847375054	1923687527	even	6	0		300	245520	0	0	0000000000000000000000000000000000000	0000000000000000000000000000000000000	0000000000000000000000000000000000000				0	0	1923687527	1923687526	1923687527	1923687526	3847375053	31	31	1923687524	1923687524	1	1
32	64	bounded_capacity	7	2719437923	3961498921	10773050397690981083	3282232532	1641116266	even	2	0		300	245520	0	0	0000000000000000000000000000000000000	0000000000000000000000000000000000000	0000000000000000000000000000000000000				0	0	1641116266	1641116265	1641116266	1641116265	3282232531	31	31	1641116268	1641116266	1	1
32	64	bounded_capacity	8	3378237851	3570353599	12061503669595875749	3472967559	1736483779	odd	2	0		300	245520	0	0	0000000000000000000000000000000000000	0000000000000000000000000000000000000	0000000000000000000000000000000000000				0	0	1736483779	1736483778	1736483779	1736483778	3472967557	31	31	1736483780	1736483778	1	1
32	63	bounded_capacity	9	2177663177	3810097091	8297108135865518107	2880470124	1440235062	even	2	0		330	243600	0	0	0000000000000000000000000000000000000	0000000000000000000000000000000000000	0000000000000000000000000000000000000				0	0	1440235062	1440235061	1440235062	1440235061	2880470123	31	30	1440235056	1440235058	1	1
32	63	bounded_capacity	10	2272064759	2709430679	6156001962709341361	2481129170	1240564585	even	2	0		330	243600	0	0	0000000000000000000000000000000000000	0000000000000000000000000000000000000	0000000000000000000000000000000000000				0	0	1240564585	1240564584	1240564585	1240564584	2481129169	30	30	1240564584	1240564583	1	1
32	63	bounded_capacity	11	2455651931	2534308853	6223380428619845143	2494670404	1247335202	even	2	0		330	243600	0	0	0000000000000000000000000000000000000	0000000000000000000000000000000000000	0000000000000000000000000000000000000				0	0	1247335202	1247335201	1247335202	1247335201	2494670403	30	31	1247335210	1247335201	1	1
32	63	bounded_capacity	12	2284079747	3221103337	7357256895035815739	2712426385	1356213192	odd	2	0		330	243600	0	0	0000000000000000000000000000000000000	0000000000000000000000000000000000000	0000000000000000000000000000000000000				0	0	1356213192	1356213191	1356213192	1356213191	2712426383	30	30	1356213189	1356213189	1	1
32	64	bounded_capacity	13	2375818171	3908115793	9284972515381474603	3047125287	1523562643	odd	6	0		300	245520	0	0	0000000000000000000000000000000000000	0000000000000000000000000000000000000	0000000000000000000000000000000000000				0	0	1523562643	1523562642	1523562643	1523562642	3047125285	31	31	1523562647	1523562639	1	1
32	64	bounded_capacity	14	3781998461	3916681687	14812884112460883707	3848750980	1924375490	even	2	0		300	245520	0	0	0000000000000000000000000000000000000	0000000000000000000000000000000000000	0000000000000000000000000000000000000				0	0	1924375490	1924375489	1924375490	1924375489	3848750979	31	30	1924375495	1924375483	1	1
32	64	bounded_capacity	15	3080287879	4172686411	12853075374671312269	3585118599	1792559299	odd	6	0		300	245520	0	0	0000000000000000000000000000000000000	0000000000000000000000000000000000000	0000000000000000000000000000000000000				0	0	1792559299	1792559298	1792559299	1792559298	3585118597	30	31	1792559298	1792559297	1	1
32	64	bounded_capacity	16	2866255229	3962787641	11358360797432824789	3370216728	1685108364	even	4	0		300	245520	0	0	0000000000000000000000000000000000000	0000000000000000000000000000000000000	0000000000000000000000000000000000000				0	0	1685108364	1685108363	1685108364	1685108363	3370216727	31	31	1685108366	1685108359	1	1
32	64	bounded_capacity	17	2959481237	3557140781	10527291398737026097	3244578770	1622289385	even	4	0		300	245520	0	0	0000000000000000000000000000000000000	0000000000000000000000000000000000000	0000000000000000000000000000000000000				0	0	1622289385	1622289384	1622289385	1622289384	3244578769	30	31	1622289384	1622289385	1	1
32	64	bounded_capacity	18	4021742093	4094509319	16467060478403064667	4057962601	2028981300	odd	2	0		300	245520	0	0	0000000000000000000000000000000000000	0000000000000000000000000000000000000	0000000000000000000000000000000000000				0	0	2028981300	2028981299	2028981300	2028981299	4057962599	31	31	2028981301	2028981296	1	1
32	64	bounded_capacity	19	2848423021	4027634389	11472406513798869169	3387094110	1693547055	even	12	0		300	245520	0	0	0000000000000000000000000000000000000	0000000000000000000000000000000000000	0000000000000000000000000000000000000				0	0	1693547055	1693547054	1693547055	1693547054	3387094109	31	31	1693547061	1693547056	1	1
32	64	bounded_capacity	20	2835170171	3602804539	10214563960916206169	3196023147	1598011573	odd	2	0		300	245520	0	0	0000000000000000000000000000000000000	0000000000000000000000000000000000000	0000000000000000000000000000000000000				0	0	1598011573	1598011572	1598011573	1598011572	3196023145	30	31	1598011567	1598011576	1	1
32	64	bounded_capacity	21	3294575579	3356081471	11056864055490996709	3325186318	1662593159	even	14	0		300	245520	0	0	0000000000000000000000000000000000000	0000000000000000000000000000000000000	0000000000000000000000000000000000000				0	0	1662593159	1662593158	1662593159	1662593158	3325186317	31	30	1662593163	1662593155	1	1
32	64	bounded_capacity	22	3085025939	4045268561	12479758440906203779	3532670157	1766335078	odd	2	0		300	245520	0	0	0000000000000000000000000000000000000	0000000000000000000000000000000000000	0000000000000000000000000000000000000				0	0	1766335078	1766335077	1766335078	1766335077	3532670155	31	31	1766335087	1766335075	1	1
32	64	bounded_capacity	23	2645444339	4171318061	11034989750640906679	3321895505	1660947752	odd	2	0		300	245520	0	0	0000000000000000000000000000000000000	0000000000000000000000000000000000000	0000000000000000000000000000000000000				0	0	1660947752	1660947751	1660947752	1660947751	3321895503	31	30	1660947755	1660947742	1	1
32	63	bounded_capacity	24	2597916163	2877027931	7474277363347348753	2733912464	1366956232	even	6	0		330	243600	0	0	0000000000000000000000000000000000000	0000000000000000000000000000000000000	0000000000000000000000000000000000000				0	0	1366956232	1366956231	1366956232	1366956231	2733912463	30	30	1366956230	1366956224	1	1
32	64	bounded_capacity	25	3237727751	3304680163	10699654671924303413	3271032661	1635516330	odd	2	0		300	245520	0	0	0000000000000000000000000000000000000	0000000000000000000000000000000000000	0000000000000000000000000000000000000				0	0	1635516330	1635516329	1635516330	1635516329	3271032659	30	31	1635516330	1635516327	1	1
32	63	bounded_capacity	26	2343149591	2671647841	6260070545935183031	2502013298	1251006649	even	10	0		330	243600	0	0	0000000000000000000000000000000000000	0000000000000000000000000000000000000	0000000000000000000000000000000000000				0	0	1251006649	1251006648	1251006649	1251006648	2502013297	30	31	1251006656	1251006642	1	1
32	64	bounded_capacity	27	3454781857	4064702099	14042659065735017843	3747353608	1873676804	even	2	0		300	245520	0	0	0000000000000000000000000000000000000	0000000000000000000000000000000000000	0000000000000000000000000000000000000				0	0	1873676804	1873676803	1873676804	1873676803	3747353607	31	31	1873676802	1873676803	1	1
32	63	bounded_capacity	28	2536241891	3014147173	7644606325801824143	2764888121	1382444060	odd	2	0		330	243600	0	0	0000000000000000000000000000000000000	0000000000000000000000000000000000000	0000000000000000000000000000000000000				0	0	1382444060	1382444059	1382444060	1382444059	2764888119	30	30	1382444054	1382444052	1	1
32	63	bounded_capacity	29	2171301983	3758059439	8159881912132567537	2856550701	1428275350	odd	2	0		330	243600	0	0	0000000000000000000000000000000000000	0000000000000000000000000000000000000	0000000000000000000000000000000000000				0	0	1428275350	1428275349	1428275350	1428275349	2856550699	30	30	1428275350	1428275346	1	1
32	64	bounded_capacity	30	2886025151	3957261977	11420757594717983527	3379461139	1689730569	odd	2	0		300	245520	0	0	0000000000000000000000000000000000000	0000000000000000000000000000000000000	0000000000000000000000000000000000000				0	0	1689730569	1689730568	1689730569	1689730568	3379461137	30	31	1689730572	1689730571	1	1
32	64	bounded_capacity	31	2333077667	4223259811	9853193146982740937	3138979634	1569489817	even	2	0		300	245520	0	0	0000000000000000000000000000000000000	0000000000000000000000000000000000000	0000000000000000000000000000000000000				0	0	1569489817	1569489816	1569489817	1569489816	3138979633	31	31	1569489818	1569489815	1	1
32	64	bounded_capacity	32	3321378407	3456014851	11478733100382722357	3388027907	1694013953	odd	2	0		300	245520	0	0	0000000000000000000000000000000000000	0000000000000000000000000000000000000	0000000000000000000000000000000000000				0	0	1694013953	1694013952	1694013953	1694013952	3388027905	31	31	1694013960	1694013952	1	1
32	63	bounded_capacity	33	2182786379	2564837153	5598491601921538987	2366113184	1183056592	even	2	0		330	243600	0	0	0000000000000000000000000000000000000	0000000000000000000000000000000000000	0000000000000000000000000000000000000				0	0	1183056592	1183056591	1183056592	1183056591	2366113183	30	31	1183056590	1183056595	1	1
32	63	bounded_capacity	34	2300404853	3406433501	7836176157122180353	2799317087	1399658543	odd	4	0		330	243600	0	0	0000000000000000000000000000000000000	0000000000000000000000000000000000000	0000000000000000000000000000000000000				0	0	1399658543	1399658542	1399658543	1399658542	2799317085	31	30	1399658543	1399658545	1	1
32	64	bounded_capacity	35	2781445309	3467914991	9645815883727727219	3105771383	1552885691	odd	2	0		300	245520	0	0	0000000000000000000000000000000000000	0000000000000000000000000000000000000	0000000000000000000000000000000000000				0	0	1552885691	1552885690	1552885691	1552885690	3105771381	30	30	1552885690	1552885690	1	1
32	63	bounded_capacity	36	2163021457	3592514951	7770686923606303607	2787595186	1393797593	even	2	0		330	243600	0	0	0000000000000000000000000000000000000	0000000000000000000000000000000000000	0000000000000000000000000000000000000				0	0	1393797593	1393797592	1393797593	1393797592	2787595185	31	31	1393797590	1393797593	1	1
32	64	bounded_capacity	37	2816021833	3852419771	10848498185016860243	3293705843	1646852921	odd	2	0		300	245520	0	0	0000000000000000000000000000000000000	0000000000000000000000000000000000000	0000000000000000000000000000000000000				0	0	1646852921	1646852920	1646852921	1646852920	3293705841	31	31	1646852926	1646852914	1	1
32	64	bounded_capacity	38	3882319759	4136024153	16057368292893139127	4007164620	2003582310	even	2	0		300	245520	0	0	0000000000000000000000000000000000000	0000000000000000000000000000000000000	0000000000000000000000000000000000000				0	0	2003582310	2003582309	2003582310	2003582309	4007164619	31	31	2003582309	2003582309	1	1
32	63	bounded_capacity	39	2309041739	2676492193	6180132187744643627	2485987165	1242993582	odd	2	0		330	243600	0	0	0000000000000000000000000000000000000	0000000000000000000000000000000000000	0000000000000000000000000000000000000				0	0	1242993582	1242993581	1242993582	1242993581	2485987163	30	30	1242993582	1242993579	1	1
32	64	bounded_capacity	40	2939797547	4091986957	12029613218544594479	3468373281	1734186640	odd	2	0		300	245520	0	0	0000000000000000000000000000000000000	0000000000000000000000000000000000000	0000000000000000000000000000000000000				0	0	1734186640	1734186639	1734186640	1734186639	3468373279	30	31	1734186639	1734186642	1	1
32	64	bounded_capacity	41	2687755069	3633062611	9764782448709625159	3124865188	1562432594	even	6	0		300	245520	0	0	0000000000000000000000000000000000000	0000000000000000000000000000000000000	0000000000000000000000000000000000000				0	0	1562432594	1562432593	1562432594	1562432593	3124865187	30	30	1562432593	1562432593	1	1
32	63	bounded_capacity	42	2257901671	3646092809	8232519046062183839	2869236666	1434618333	even	2	0		330	243600	0	0	0000000000000000000000000000000000000	0000000000000000000000000000000000000	0000000000000000000000000000000000000				0	0	1434618333	1434618332	1434618333	1434618332	2869236665	31	30	1434618332	1434618333	1	1
32	64	bounded_capacity	43	3821331391	4199636377	16048202318215610407	4006020758	2003010379	even	6	0		300	245520	0	0	0000000000000000000000000000000000000	0000000000000000000000000000000000000	0000000000000000000000000000000000000				0	0	2003010379	2003010378	2003010379	2003010378	4006020757	31	31	2003010374	2003010375	1	1
32	64	bounded_capacity	44	3048092441	3726744757	11359462523348081837	3370380174	1685190087	even	4	0		300	245520	0	0	0000000000000000000000000000000000000	0000000000000000000000000000000000000	0000000000000000000000000000000000000				0	0	1685190087	1685190086	1685190087	1685190086	3370380173	31	30	1685190086	1685190081	1	1
32	64	bounded_capacity	45	2832345643	3689602181	10450228661758647383	3232681342	1616340671	even	2	0		300	245520	0	0	0000000000000000000000000000000000000	0000000000000000000000000000000000000	0000000000000000000000000000000000000				0	0	1616340671	1616340670	1616340671	1616340670	3232681341	31	31	1616340667	1616340671	1	1
32	64	bounded_capacity	46	2444542123	3849643289	9410615178484762547	3067672599	1533836299	odd	2	0		300	245520	0	0	0000000000000000000000000000000000000	0000000000000000000000000000000000000	0000000000000000000000000000000000000				0	0	1533836299	1533836298	1533836299	1533836298	3067672597	30	31	1533836299	1533836298	1	1
32	64	bounded_capacity	47	3425770571	3618917839	12397582231713116069	3521020055	1760510027	odd	2	0		300	245520	0	0	0000000000000000000000000000000000000	0000000000000000000000000000000000000	0000000000000000000000000000000000000				0	0	1760510027	1760510026	1760510027	1760510026	3521020053	31	31	1760510028	1760510022	1	1
32	63	bounded_capacity	48	2685900457	2849032903	7652218776175736671	2766264408	1383132204	even	6	0		330	243600	0	0	0000000000000000000000000000000000000	0000000000000000000000000000000000000	0000000000000000000000000000000000000				0	0	1383132204	1383132203	1383132204	1383132203	2766264407	30	31	1383132200	1383132205	1	1
32	63	bounded_capacity	49	2213425757	3579277139	7922464210903869223	2814687231	1407343615	odd	2	0		330	243600	0	0	0000000000000000000000000000000000000	0000000000000000000000000000000000000	0000000000000000000000000000000000000				0	0	1407343615	1407343614	1407343615	1407343614	2814687229	31	30	1407343620	1407343613	1	1
32	64	bounded_capacity	50	2540090279	3761763547	9555219017631259613	3091151729	1545575864	odd	2	0		300	245520	0	0	0000000000000000000000000000000000000	0000000000000000000000000000000000000	0000000000000000000000000000000000000				0	0	1545575864	1545575863	1545575864	1545575863	3091151727	31	31	1545575865	1545575868	1	1
32	64	bounded_capacity	51	3265100647	4230288457	13812317577947331679	3716492644	1858246322	even	6	0		300	245520	0	0	0000000000000000000000000000000000000	0000000000000000000000000000000000000	0000000000000000000000000000000000000				0	0	1858246322	1858246321	1858246322	1858246321	3716492643	31	31	1858246319	1858246323	1	1
32	64	bounded_capacity	52	3152924029	3742052057	11798405848284177653	3434880761	1717440380	odd	4	0		300	245520	0	0	0000000000000000000000000000000000000	0000000000000000000000000000000000000	0000000000000000000000000000000000000				0	0	1717440380	1717440379	1717440380	1717440379	3434880759	31	31	1717440381	1717440376	1	1
32	64	bounded_capacity	53	3328532677	3539346179	11780829412016591183	3432321286	1716160643	even	2	0		300	245520	0	0	0000000000000000000000000000000000000	0000000000000000000000000000000000000	0000000000000000000000000000000000000				0	0	1716160643	1716160642	1716160643	1716160642	3432321285	30	31	1716160639	1716160646	1	1
32	64	bounded_capacity	54	3654311273	4051348933	14804890076718421709	3847712317	1923856158	odd	4	0		300	245520	0	0	0000000000000000000000000000000000000	0000000000000000000000000000000000000	0000000000000000000000000000000000000				0	0	1923856158	1923856157	1923856158	1923856157	3847712315	31	31	1923856158	1923856151	1	1
32	63	bounded_capacity	55	2197217471	4159212839	9138695115458310169	3023027475	1511513737	odd	2	0		330	243600	0	0	0000000000000000000000000000000000000	0000000000000000000000000000000000000	0000000000000000000000000000000000000				0	0	1511513737	1511513736	1511513737	1511513736	3023027473	31	30	1511513735	1511513734	1	1
32	64	bounded_capacity	56	3461844601	3902555707	13510041404379687907	3675600822	1837800411	even	6	0		300	245520	0	0	0000000000000000000000000000000000000	0000000000000000000000000000000000000	0000000000000000000000000000000000000				0	0	1837800411	1837800410	1837800411	1837800410	3675600821	31	30	1837800413	1837800403	1	1
32	64	bounded_capacity	57	3748050473	4040508293	15144029018739072589	3891532990	1945766495	even	4	0		300	245520	0	0	0000000000000000000000000000000000000	0000000000000000000000000000000000000	0000000000000000000000000000000000000				0	0	1945766495	1945766494	1945766495	1945766494	3891532989	30	31	1945766489	1945766491	1	1
32	64	bounded_capacity	58	2466876163	4101292739	10117381295324080457	3180783126	1590391563	even	2	0		300	245520	0	0	0000000000000000000000000000000000000	0000000000000000000000000000000000000	0000000000000000000000000000000000000				0	0	1590391563	1590391562	1590391563	1590391562	3180783125	31	31	1590391564	1590391563	1	1
32	63	bounded_capacity	59	2613567223	3250487183	8495366760270402809	2914681245	1457340622	odd	2	0		330	243600	0	0	0000000000000000000000000000000000000	0000000000000000000000000000000000000	0000000000000000000000000000000000000				0	0	1457340622	1457340621	1457340622	1457340621	2914681243	30	31	1457340617	1457340618	1	1
32	63	bounded_capacity	60	2311028323	2896659043	6694261090447074889	2587327016	1293663508	even	6	0		330	243600	0	0	0000000000000000000000000000000000000	0000000000000000000000000000000000000	0000000000000000000000000000000000000				0	0	1293663508	1293663507	1293663508	1293663507	2587327015	31	30	1293663512	1293663503	1	1
32	64	bounded_capacity	61	2955293639	4028944919	11906715291002070241	3450610857	1725305428	odd	2	0		300	245520	0	0	0000000000000000000000000000000000000	0000000000000000000000000000000000000	0000000000000000000000000000000000000				0	0	1725305428	1725305427	1725305428	1725305427	3450610855	30	30	1725305421	1725305426	1	1
32	63	bounded_capacity	62	2839994933	2889222053	8205375990831857449	2864502747	1432251373	odd	4	0		330	243600	0	0	0000000000000000000000000000000000000	0000000000000000000000000000000000000	0000000000000000000000000000000000000				0	0	1432251373	1432251372	1432251373	1432251372	2864502745	31	31	1432251378	1432251368	1	1
32	64	bounded_capacity	63	3355611563	4149681391	13924718858405524133	3731583961	1865791980	odd	2	0		300	245520	0	0	0000000000000000000000000000000000000	0000000000000000000000000000000000000	0000000000000000000000000000000000000				0	0	1865791980	1865791979	1865791980	1865791979	3731583959	31	31	1865791983	1865791977	1	1
