version	split	shape	factor_bits	case_index	N	family	eligible	resource_reject	reject_reason	low_complete	rows	blocks	gcd_free_steps	rank	kernel_dim	low_dim	residual_dim	low_relations	residual_relations	useful_singletons	useful_support_two	singleton_square_tests	support_two_squareclass_tests	any_factor	earlier_factor	strict_factor	first_factor_label	first_factor	s1_tests	s1_unit	s1_full	s1_proper	s2_tests	s2_unit	s2_full	s2_proper	s3_tests	s3_unit	s3_full	s3_proper	s4_tests	s4_unit	s4_full	s4_proper	s5_tests	s5_unit	s5_full	s5_proper	s6_tests	s6_unit	s6_full	s6_proper	s7_tests	s7_unit	s7_full	s7_proper	s8_tests	s8_unit	s8_full	s8_proper
F268-D04	discovery	random	12	0	12767327	0	1	0	-	1	24	31	41	24	0	0	0	0	0	0	0	24	276	1	1	0	ROW_PLUS_ONE	3433	24	24	0	0	216	198	0	18	2208	2101	0	107	0	0	0	0	0	0	0	0	0	0	0	0	0	0	0	0	0	0	0	0
F268-D04	discovery	random	12	0	12767327	1	1	0	-	1	24	29	19	24	0	0	0	0	0	0	0	24	276	1	1	0	PAIR_ROW_MINUS	3433	24	24	0	0	408	408	0	0	2208	2204	0	4	0	0	0	0	0	0	0	0	0	0	0	0	0	0	0	0	0	0	0	0
F268-D04	discovery	random	12	0	12767327	2	1	0	-	1	24	32	59	24	0	0	0	0	0	0	0	24	276	1	1	0	ROW_MINUS_ONE	3433	24	24	0	0	456	271	15	170	2208	1652	34	522	0	0	0	0	0	0	0	0	0	0	0	0	0	0	0	0	0	0	0	0
F268-D04	discovery	random	12	0	12767327	3	1	0	-	1	24	30	46	24	0	0	0	0	0	0	0	24	276	1	1	0	ROW_MINUS_ONE	3433	24	24	0	0	264	225	0	39	2208	2041	2	165	0	0	0	0	0	0	0	0	0	0	0	0	0	0	0	0	0	0	0	0
F268-D04	discovery	random	12	0	12767327	4	1	0	-	1	24	33	46	24	0	0	0	0	0	0	0	24	276	1	1	0	PAIR_BASE_MINUS	3719	24	24	0	0	456	456	0	0	2208	2202	0	6	0	0	0	0	0	0	0	0	0	0	0	0	0	0	0	0	0	0	0	0
F268-D04	discovery	random	12	0	12767327	5	1	0	-	1	24	31	49	24	0	0	0	0	0	0	0	24	276	1	1	0	ROW_MINUS_ONE	3719	24	24	0	0	216	176	0	40	2208	2044	36	128	12	12	0	0	0	0	0	0	0	0	0	0	0	0	0	0	0	0	0	0
F268-D04	discovery	random	12	0	12767327	6	1	0	-	1	24	34	43	24	0	0	0	0	0	0	0	24	276	1	1	0	PAIR_BASE_MINUS	3719	24	24	0	0	408	408	0	0	2208	2200	0	8	16	16	0	0	0	0	0	0	0	0	0	0	0	0	0	0	0	0	0	0
F268-D04	discovery	random	12	0	12767327	7	1	0	-	1	24	34	52	24	0	0	0	0	0	0	0	24	276	1	1	0	ROW_MINUS_ONE	3433	24	24	0	0	456	270	0	186	2208	1656	40	512	36	36	0	0	0	0	0	0	0	0	0	0	0	0	0	0	0	0	0	0
F268-D04	discovery	random	12	0	12767327	8	1	0	-	1	24	32	57	24	0	0	0	0	0	0	0	24	276	1	1	0	ROW_PLUS_ONE	3433	24	24	0	0	264	248	0	16	2208	2040	6	162	24	24	0	0	0	0	0	0	0	0	0	0	0	0	0	0	0	0	0	0
F268-D04	discovery	random	12	0	12767327	9	1	0	-	1	24	33	47	24	0	0	0	0	0	0	0	24	276	1	1	0	PAIR_ROW_MINUS	3433	24	24	0	0	456	456	0	0	2208	2186	18	4	6	6	0	0	0	0	0	0	0	0	0	0	0	0	0	0	0	0	0	0
F268-D04	discovery	random	12	0	12767327	10	1	0	-	1	20	26	42	20	0	0	0	0	0	0	0	20	190	1	1	0	ROW_MINUS_ONE	3433	4	4	0	0	300	268	0	32	1520	1447	40	33	16	16	0	0	0	0	0	0	0	0	0	0	0	0	0	0	0	0	0	0
F268-D04	discovery	random	12	0	12767327	11	1	0	-	1	24	34	51	24	0	0	0	0	0	0	0	24	276	1	1	0	ROW_MINUS_ONE	3433	26	26	0	0	356	303	5	48	2208	2143	8	57	0	0	0	0	0	0	0	0	0	0	0	0	0	0	0	0	0	0	0	0
F268-D04	discovery	random	12	1	6694967	0	1	0	-	1	24	34	51	24	0	0	0	0	0	0	0	24	276	1	1	0	PAIR_ROW_PLUS	2897	24	24	0	0	216	216	0	0	2208	2207	0	1	0	0	0	0	0	0	0	0	0	0	0	0	0	0	0	0	0	0	0	0
F268-D04	discovery	random	12	1	6694967	1	1	0	-	1	24	32	43	24	0	0	0	0	0	0	0	24	276	1	1	0	PAIR_HIGH_PLUS	2311	24	24	0	0	312	312	0	0	2208	2197	0	11	0	0	0	0	0	0	0	0	0	0	0	0	0	0	0	0	0	0	0	0
F268-D04	discovery	random	12	1	6694967	2	1	0	-	1	24	31	43	24	0	0	0	0	0	0	0	24	276	1	1	0	ROW_MINUS_ONE	2311	24	24	0	0	360	346	0	14	2208	2200	0	8	0	0	0	0	0	0	0	0	0	0	0	0	0	0	0	0	0	0	0	0
F268-D04	discovery	random	12	1	6694967	3	1	0	-	1	24	30	40	24	0	0	0	0	0	0	0	24	276	1	1	0	PAIR_HIGH_MINUS	2311	24	24	0	0	264	264	0	0	2208	2202	0	6	0	0	0	0	0	0	0	0	0	0	0	0	0	0	0	0	0	0	0	0
F268-D04	discovery	random	12	1	6694967	4	1	0	-	1	24	33	46	24	0	0	0	0	0	0	0	24	276	1	1	0	PAIR_ROW_MINUS	2311	24	24	0	0	360	360	0	0	2208	2193	0	15	0	0	0	0	0	0	0	0	0	0	0	0	0	0	0	0	0	0	0	0
F268-D04	discovery	random	12	1	6694967	5	1	0	-	1	24	32	45	24	0	0	0	0	0	0	0	24	276	1	1	0	PAIR_HIGH_MINUS	2897	24	24	0	0	216	216	0	0	2208	2171	36	1	12	12	0	0	0	0	0	0	0	0	0	0	0	0	0	0	0	0	0	0
F268-D04	discovery	random	12	1	6694967	6	1	0	-	1	24	31	45	24	0	0	0	0	0	0	0	24	276	1	1	0	ROW_PLUS_ONE	2897	24	24	0	0	312	310	0	2	2208	2202	0	6	16	16	0	0	0	0	0	0	0	0	0	0	0	0	0	0	0	0	0	0
F268-D04	discovery	random	12	1	6694967	7	1	0	-	1	24	31	47	24	0	0	0	0	0	0	0	24	276	1	1	0	PAIR_HIGH_MINUS	2897	24	24	0	0	360	360	0	0	2208	2180	0	28	36	36	0	0	0	0	0	0	0	0	0	0	0	0	0	0	0	0	0	0
F268-D04	discovery	random	12	1	6694967	8	1	0	-	1	24	32	43	24	0	0	0	0	0	0	0	24	276	0	0	0	-	0	24	24	0	0	264	264	0	0	2208	2208	0	0	24	24	0	0	0	0	0	0	0	0	0	0	0	0	0	0	0	0	0	0
F268-D04	discovery	random	12	1	6694967	9	1	0	-	1	24	31	43	24	0	0	0	0	0	0	0	24	276	1	1	0	PAIR_ROW_MINUS	2311	24	24	0	0	360	360	0	0	2208	2169	18	21	6	6	0	0	0	0	0	0	0	0	0	0	0	0	0	0	0	0	0	0
F268-D04	discovery	random	12	1	6694967	10	1	0	-	1	20	29	37	20	0	0	0	0	0	0	0	20	190	1	1	0	PAIR_ROW_PLUS	2897	4	4	0	0	252	252	0	0	1520	1475	40	5	16	16	0	0	0	0	0	0	0	0	0	0	0	0	0	0	0	0	0	0
F268-D04	discovery	random	12	1	6694967	11	1	0	-	1	24	36	48	24	0	0	0	0	0	0	0	24	276	1	1	0	ROW_MINUS_ONE	2311	26	26	0	0	300	293	0	7	2208	2207	0	1	0	0	0	0	0	0	0	0	0	0	0	0	0	0	0	0	0	0	0	0
F268-D04	discovery	random	12	2	8114713	0	1	0	-	1	24	31	36	24	0	0	0	0	0	0	0	24	276	0	0	0	-	0	24	24	0	0	312	312	0	0	2208	2208	0	0	0	0	0	0	0	0	0	0	0	0	0	0	0	0	0	0	0	0	0	0
F268-D04	discovery	random	12	2	8114713	1	1	0	-	1	24	30	44	24	0	0	0	0	0	0	0	24	276	0	0	0	-	0	24	24	0	0	216	216	0	0	2208	2208	0	0	0	0	0	0	0	0	0	0	0	0	0	0	0	0	0	0	0	0	0	0
F268-D04	discovery	random	12	2	8114713	2	1	0	-	1	24	31	38	24	0	0	0	0	0	0	0	24	276	1	1	0	PAIR_BASE_MINUS	2543	24	24	0	0	360	360	0	0	2208	2205	0	3	0	0	0	0	0	0	0	0	0	0	0	0	0	0	0	0	0	0	0	0
F268-D04	discovery	random	12	2	8114713	3	1	0	-	1	24	36	60	24	0	0	0	0	0	0	0	24	276	0	0	0	-	0	24	24	0	0	360	360	0	0	2208	2208	0	0	0	0	0	0	0	0	0	0	0	0	0	0	0	0	0	0	0	0	0	0
F268-D04	discovery	random	12	2	8114713	4	1	0	-	1	24	30	31	24	0	0	0	0	0	0	0	24	276	1	1	0	PAIR_HIGH_MINUS	3191	24	24	0	0	264	264	0	0	2208	2207	0	1	0	0	0	0	0	0	0	0	0	0	0	0	0	0	0	0	0	0	0	0
F268-D04	discovery	random	12	2	8114713	5	1	0	-	1	24	30	43	24	0	0	0	0	0	0	0	24	276	0	0	0	-	0	24	24	0	0	312	312	0	0	2208	2172	36	0	12	12	0	0	0	0	0	0	0	0	0	0	0	0	0	0	0	0	0	0
F268-D04	discovery	random	12	2	8114713	6	1	0	-	1	24	34	44	24	0	0	0	0	0	0	0	24	276	0	0	0	-	0	24	24	0	0	216	216	0	0	2208	2208	0	0	16	16	0	0	0	0	0	0	0	0	0	0	0	0	0	0	0	0	0	0
F268-D04	discovery	random	12	2	8114713	7	1	0	-	1	24	34	42	24	0	0	0	0	0	0	0	24	276	0	0	0	-	0	24	24	0	0	360	360	0	0	2208	2208	0	0	36	36	0	0	0	0	0	0	0	0	0	0	0	0	0	0	0	0	0	0
F268-D04	discovery	random	12	2	8114713	8	1	0	-	1	24	30	35	24	0	0	0	0	0	0	0	24	276	0	0	0	-	0	24	24	0	0	360	360	0	0	2208	2208	0	0	24	24	0	0	0	0	0	0	0	0	0	0	0	0	0	0	0	0	0	0
F268-D04	discovery	random	12	2	8114713	9	1	0	-	1	24	29	45	24	0	0	0	0	0	0	0	24	276	1	1	0	AFFINE_0	3191	28	26	0	2	264	264	0	0	2208	2189	18	1	6	6	0	0	0	0	0	0	0	0	0	0	0	0	0	0	0	0	0	0
F268-D04	discovery	random	12	2	8114713	10	1	0	-	1	20	28	47	20	0	0	0	0	0	0	0	20	190	0	0	0	-	0	4	4	0	0	252	252	0	0	1520	1480	40	0	16	16	0	0	0	0	0	0	0	0	0	0	0	0	0	0	0	0	0	0
F268-D04	discovery	random	12	2	8114713	11	1	0	-	1	24	33	45	24	0	0	0	0	0	0	0	24	276	0	0	0	-	0	26	26	0	0	304	304	0	0	2208	2208	0	0	0	0	0	0	0	0	0	0	0	0	0	0	0	0	0	0	0	0	0	0
F268-D04	discovery	random	12	3	5874613	0	1	0	-	1	24	29	47	24	0	0	0	0	0	0	0	24	276	1	1	0	PAIR_ROW_MINUS	2137	24	24	0	0	264	264	0	0	2208	2201	0	7	0	0	0	0	0	0	0	0	0	0	0	0	0	0	0	0	0	0	0	0
F268-D04	discovery	random	12	3	5874613	1	1	0	-	1	24	31	47	24	0	0	0	0	0	0	0	24	276	0	0	0	-	0	24	24	0	0	216	216	0	0	2208	2208	0	0	0	0	0	0	0	0	0	0	0	0	0	0	0	0	0	0	0	0	0	0
F268-D04	discovery	random	12	3	5874613	2	1	0	-	1	24	30	34	24	0	0	0	0	0	0	0	24	276	1	1	0	PAIR_ROW_MINUS	2137	24	24	0	0	312	312	0	0	2208	2196	0	12	0	0	0	0	0	0	0	0	0	0	0	0	0	0	0	0	0	0	0	0
F268-D04	discovery	random	12	3	5874613	3	1	0	-	1	24	32	41	24	0	0	0	0	0	0	0	24	276	1	1	0	PAIR_ROW_MINUS	2137	24	24	0	0	312	312	0	0	2208	2203	0	5	0	0	0	0	0	0	0	0	0	0	0	0	0	0	0	0	0	0	0	0
F268-D04	discovery	random	12	3	5874613	4	1	0	-	1	24	32	38	24	0	0	0	0	0	0	0	24	276	1	1	0	PAIR_BASE_MINUS	2749	24	24	0	0	264	264	0	0	2208	2200	0	8	0	0	0	0	0	0	0	0	0	0	0	0	0	0	0	0	0	0	0	0
F268-D04	discovery	random	12	3	5874613	5	1	0	-	1	24	34	43	24	0	0	0	0	0	0	0	24	276	1	1	0	COMPLEMENT_BASE	2749	25	24	0	1	264	264	0	0	2208	2160	36	12	12	12	0	0	0	0	0	0	0	0	0	0	0	0	0	0	0	0	0	0
F268-D04	discovery	random	12	3	5874613	6	1	0	-	1	24	35	45	24	0	0	0	0	0	0	0	24	276	1	1	0	PAIR_ROW_PLUS	2137	24	24	0	0	216	216	0	0	2208	2202	0	6	16	16	0	0	0	0	0	0	0	0	0	0	0	0	0	0	0	0	0	0
F268-D04	discovery	random	12	3	5874613	7	1	0	-	1	24	31	60	24	0	0	0	0	0	0	0	24	276	1	1	0	PAIR_ROW_MINUS	2749	24	24	0	0	312	312	0	0	2208	2195	0	13	36	36	0	0	0	0	0	0	0	0	0	0	0	0	0	0	0	0	0	0
F268-D04	discovery	random	12	3	5874613	8	1	0	-	1	24	29	36	24	0	0	0	0	0	0	0	24	276	1	1	0	PAIR_ROW_MINUS	2137	24	24	0	0	312	312	0	0	2208	2192	0	16	24	24	0	0	0	0	0	0	0	0	0	0	0	0	0	0	0	0	0	0
F268-D04	discovery	random	12	3	5874613	9	1	0	-	1	24	33	49	24	0	0	0	0	0	0	0	24	276	0	0	0	-	0	24	24	0	0	264	264	0	0	2208	2190	18	0	6	6	0	0	0	0	0	0	0	0	0	0	0	0	0	0	0	0	0	0
F268-D04	discovery	random	12	3	5874613	10	1	0	-	1	20	29	46	20	0	0	0	0	0	0	0	20	190	0	0	0	-	0	4	4	0	0	228	228	0	0	1520	1480	40	0	16	16	0	0	0	0	0	0	0	0	0	0	0	0	0	0	0	0	0	0
F268-D04	discovery	random	12	3	5874613	11	1	0	-	1	24	32	46	24	0	0	0	0	0	0	0	24	276	1	1	0	PAIR_ROW_MINUS	2137	26	26	0	0	274	274	0	0	2208	2204	0	4	0	0	0	0	0	0	0	0	0	0	0	0	0	0	0	0	0	0	0	0
F268-D04	discovery	random	12	4	8798227	0	1	0	-	1	24	32	48	24	0	0	0	0	0	0	0	24	276	1	1	0	PAIR_ROW_PLUS	3881	24	24	0	0	216	216	0	0	2208	2206	0	2	0	0	0	0	0	0	0	0	0	0	0	0	0	0	0	0	0	0	0	0
F268-D04	discovery	random	12	4	8798227	1	1	0	-	1	24	30	49	24	0	0	0	0	0	0	0	24	276	1	1	0	PAIR_BASE_PLUS	2267	24	24	0	0	264	264	0	0	2208	2205	0	3	0	0	0	0	0	0	0	0	0	0	0	0	0	0	0	0	0	0	0	0
F268-D04	discovery	random	12	4	8798227	2	1	0	-	1	24	30	47	24	0	0	0	0	0	0	0	24	276	1	1	0	PAIR_HIGH_MINUS	3881	24	24	0	0	312	312	0	0	2208	2207	0	1	0	0	0	0	0	0	0	0	0	0	0	0	0	0	0	0	0	0	0	0
F268-D04	discovery	random	12	4	8798227	3	1	0	-	1	24	31	41	24	0	0	0	0	0	0	0	24	276	1	1	0	PAIR_ROW_PLUS	3881	24	24	0	0	264	264	0	0	2208	2207	0	1	0	0	0	0	0	0	0	0	0	0	0	0	0	0	0	0	0	0	0	0
F268-D04	discovery	random	12	4	8798227	4	1	0	-	1	24	28	52	24	0	0	0	0	0	0	0	24	276	0	0	0	-	0	24	24	0	0	312	312	0	0	2208	2208	0	0	0	0	0	0	0	0	0	0	0	0	0	0	0	0	0	0	0	0	0	0
F268-D04	discovery	random	12	4	8798227	5	1	0	-	1	24	32	41	24	0	0	0	0	0	0	0	24	276	0	0	0	-	0	24	24	0	0	216	216	0	0	2208	2172	36	0	12	12	0	0	0	0	0	0	0	0	0	0	0	0	0	0	0	0	0	0
F268-D04	discovery	random	12	4	8798227	6	1	0	-	1	24	32	39	24	0	0	0	0	0	0	0	24	276	1	1	0	PAIR_HIGH_PLUS	3881	24	24	0	0	264	264	0	0	2208	2206	0	2	16	16	0	0	0	0	0	0	0	0	0	0	0	0	0	0	0	0	0	0
F268-D04	discovery	random	12	4	8798227	7	1	0	-	1	24	32	29	24	0	0	0	0	0	0	0	24	276	1	1	0	PAIR_ROW_MINUS	3881	24	24	0	0	312	312	0	0	2208	2205	0	3	36	36	0	0	0	0	0	0	0	0	0	0	0	0	0	0	0	0	0	0
F268-D04	discovery	random	12	4	8798227	8	1	0	-	1	24	30	34	24	0	0	0	0	0	0	0	24	276	0	0	0	-	0	24	24	0	0	264	264	0	0	2208	2208	0	0	24	24	0	0	0	0	0	0	0	0	0	0	0	0	0	0	0	0	0	0
F268-D04	discovery	random	12	4	8798227	9	1	0	-	1	24	32	44	24	0	0	0	0	0	0	0	24	276	1	1	0	PAIR_ROW_MINUS	3881	24	24	0	0	312	312	0	0	2208	2186	18	4	6	6	0	0	0	0	0	0	0	0	0	0	0	0	0	0	0	0	0	0
F268-D04	discovery	random	12	4	8798227	10	1	0	-	1	20	25	36	20	0	0	0	0	0	0	0	20	190	1	1	0	PAIR_HIGH_PLUS	3881	4	4	0	0	228	228	0	0	1520	1479	40	1	16	16	0	0	0	0	0	0	0	0	0	0	0	0	0	0	0	0	0	0
F268-D04	discovery	random	12	4	8798227	11	1	0	-	1	24	31	42	24	0	0	0	0	0	0	0	24	276	1	1	0	PAIR_BASE_PLUS	3881	26	26	0	0	272	272	0	0	2208	2205	0	3	0	0	0	0	0	0	0	0	0	0	0	0	0	0	0	0	0	0	0	0
F268-D04	discovery	random	12	5	6002543	0	1	0	-	1	24	30	53	24	0	0	0	0	0	0	0	24	276	1	1	0	PAIR_ROW_MINUS	2143	24	24	0	0	216	216	0	0	2208	2196	0	12	0	0	0	0	0	0	0	0	0	0	0	0	0	0	0	0	0	0	0	0
F268-D04	discovery	random	12	5	6002543	1	1	0	-	1	24	31	45	24	0	0	0	0	0	0	0	24	276	1	1	0	PAIR_ROW_MINUS	2801	24	24	0	0	360	360	0	0	2208	2194	0	14	0	0	0	0	0	0	0	0	0	0	0	0	0	0	0	0	0	0	0	0
F268-D04	discovery	random	12	5	6002543	2	1	0	-	1	24	30	40	24	0	0	0	0	0	0	0	24	276	1	1	0	PAIR_ROW_MINUS	2143	24	24	0	0	408	408	0	0	2208	2177	0	31	0	0	0	0	0	0	0	0	0	0	0	0	0	0	0	0	0	0	0	0
F268-D04	discovery	random	12	5	6002543	3	1	0	-	1	24	30	41	24	0	0	0	0	0	0	0	24	276	1	1	0	ROW_PLUS_ONE	2801	24	24	0	0	264	257	0	7	2208	2199	0	9	0	0	0	0	0	0	0	0	0	0	0	0	0	0	0	0	0	0	0	0
F268-D04	discovery	random	12	5	6002543	4	1	0	-	1	24	35	34	24	0	0	0	0	0	0	0	24	276	1	1	0	PAIR_ROW_MINUS	2801	24	24	0	0	408	408	0	0	2208	2206	0	2	0	0	0	0	0	0	0	0	0	0	0	0	0	0	0	0	0	0	0	0
F268-D04	discovery	random	12	5	6002543	5	1	0	-	1	24	31	48	24	0	0	0	0	0	0	0	24	276	1	1	0	PAIR_HIGH_MINUS	2801	24	24	0	0	216	216	0	0	2208	2159	36	13	12	12	0	0	0	0	0	0	0	0	0	0	0	0	0	0	0	0	0	0
F268-D04	discovery	random	12	5	6002543	6	1	0	-	1	24	33	59	24	0	0	0	0	0	0	0	24	276	1	1	0	ROW_MINUS_ONE	2801	24	24	0	0	360	356	0	4	2208	2205	0	3	16	16	0	0	0	0	0	0	0	0	0	0	0	0	0	0	0	0	0	0
F268-D04	discovery	random	12	5	6002543	7	1	0	-	1	24	30	38	24	0	0	0	0	0	0	0	24	276	1	1	0	ROW_MINUS_ONE	2801	24	24	0	0	408	371	0	37	2208	2165	2	41	36	36	0	0	0	0	0	0	0	0	0	0	0	0	0	0	0	0	0	0
F268-D04	discovery	random	12	5	6002543	8	1	0	-	1	24	32	42	24	0	0	0	0	0	0	0	24	276	1	1	0	INVERSE_BASE	2801	25	24	0	1	264	264	0	0	2208	2198	0	10	24	24	0	0	0	0	0	0	0	0	0	0	0	0	0	0	0	0	0	0
F268-D04	discovery	random	12	5	6002543	9	1	0	-	1	24	33	37	24	0	0	0	0	0	0	0	24	276	0	0	0	-	0	24	24	0	0	408	408	0	0	2208	2190	18	0	6	6	0	0	0	0	0	0	0	0	0	0	0	0	0	0	0	0	0	0
F268-D04	discovery	random	12	5	6002543	10	1	0	-	1	20	26	44	20	0	0	0	0	0	0	0	20	190	1	1	0	ROW_MINUS_ONE	2801	4	4	0	0	276	268	0	8	1520	1478	40	2	16	16	0	0	0	0	0	0	0	0	0	0	0	0	0	0	0	0	0	0
F268-D04	discovery	random	12	5	6002543	11	1	0	-	1	24	32	52	24	0	0	0	0	0	0	0	24	276	1	1	0	PAIR_ROW_MINUS	2143	26	26	0	0	328	328	0	0	2208	2202	0	6	0	0	0	0	0	0	0	0	0	0	0	0	0	0	0	0	0	0	0	0
F268-D04	discovery	random	12	6	10844693	0	1	0	-	1	24	31	39	24	0	0	0	0	0	0	0	24	276	1	1	0	PAIR_BASE_PLUS	3847	24	24	0	0	264	264	0	0	2208	2205	0	3	0	0	0	0	0	0	0	0	0	0	0	0	0	0	0	0	0	0	0	0
F268-D04	discovery	random	12	6	10844693	1	1	0	-	1	24	30	46	24	0	0	0	0	0	0	0	24	276	1	1	0	PAIR_BASE_MINUS	3847	24	24	0	0	216	216	0	0	2208	2201	0	7	0	0	0	0	0	0	0	0	0	0	0	0	0	0	0	0	0	0	0	0
F268-D04	discovery	random	12	6	10844693	2	1	0	-	1	24	34	45	24	0	0	0	0	0	0	0	24	276	1	1	0	PAIR_BASE_MINUS	2819	24	24	0	0	312	312	0	0	2208	2205	0	3	0	0	0	0	0	0	0	0	0	0	0	0	0	0	0	0	0	0	0	0
F268-D04	discovery	random	12	6	10844693	3	1	0	-	1	24	31	41	24	0	0	0	0	0	0	0	24	276	1	1	0	PAIR_HIGH_MINUS	3847	24	24	0	0	312	312	0	0	2208	2206	0	2	0	0	0	0	0	0	0	0	0	0	0	0	0	0	0	0	0	0	0	0
F268-D04	discovery	random	12	6	10844693	4	1	0	-	1	24	33	51	24	0	0	0	0	0	0	0	24	276	1	1	0	PAIR_HIGH_MINUS	2819	24	24	0	0	264	264	0	0	2208	2204	0	4	0	0	0	0	0	0	0	0	0	0	0	0	0	0	0	0	0	0	0	0
F268-D04	discovery	random	12	6	10844693	5	1	0	-	1	24	31	43	24	0	0	0	0	0	0	0	24	276	0	0	0	-	0	24	24	0	0	264	264	0	0	2208	2172	36	0	12	12	0	0	0	0	0	0	0	0	0	0	0	0	0	0	0	0	0	0
F268-D04	discovery	random	12	6	10844693	6	1	0	-	1	24	36	44	24	0	0	0	0	0	0	0	24	276	0	0	0	-	0	24	24	0	0	216	216	0	0	2208	2208	0	0	16	16	0	0	0	0	0	0	0	0	0	0	0	0	0	0	0	0	0	0
F268-D04	discovery	random	12	6	10844693	7	1	0	-	1	24	31	41	24	0	0	0	0	0	0	0	24	276	1	1	0	PAIR_BASE_MINUS	3847	24	24	0	0	312	312	0	0	2208	2205	0	3	36	36	0	0	0	0	0	0	0	0	0	0	0	0	0	0	0	0	0	0
F268-D04	discovery	random	12	6	10844693	8	1	0	-	1	24	30	46	24	0	0	0	0	0	0	0	24	276	0	0	0	-	0	24	24	0	0	312	312	0	0	2208	2208	0	0	24	24	0	0	0	0	0	0	0	0	0	0	0	0	0	0	0	0	0	0
F268-D04	discovery	random	12	6	10844693	9	1	0	-	1	24	33	40	24	0	0	0	0	0	0	0	24	276	1	1	0	PAIR_ROW_MINUS	3847	24	24	0	0	264	264	0	0	2208	2187	18	3	6	6	0	0	0	0	0	0	0	0	0	0	0	0	0	0	0	0	0	0
F268-D04	discovery	random	12	6	10844693	10	1	0	-	1	20	26	32	20	0	0	0	0	0	0	0	20	190	0	0	0	-	0	4	4	0	0	228	228	0	0	1520	1480	40	0	16	16	0	0	0	0	0	0	0	0	0	0	0	0	0	0	0	0	0	0
F268-D04	discovery	random	12	6	10844693	11	1	0	-	1	24	33	65	24	0	0	0	0	0	0	0	24	276	1	1	0	ROW_MINUS_ONE	2819	26	26	0	0	274	268	0	6	2208	2205	0	3	0	0	0	0	0	0	0	0	0	0	0	0	0	0	0	0	0	0	0	0
F268-D04	discovery	random	12	7	8839549	0	1	0	-	1	24	32	25	24	0	0	0	0	0	0	0	24	276	1	1	0	PAIR_ROW_MINUS	2557	24	24	0	0	264	264	0	0	2208	2183	0	25	0	0	0	0	0	0	0	0	0	0	0	0	0	0	0	0	0	0	0	0
F268-D04	discovery	random	12	7	8839549	1	1	0	-	1	24	30	43	24	0	0	0	0	0	0	0	24	276	1	1	0	PAIR_ROW_PLUS	3457	24	24	0	0	216	216	0	0	2208	2207	0	1	0	0	0	0	0	0	0	0	0	0	0	0	0	0	0	0	0	0	0	0
F268-D04	discovery	random	12	7	8839549	2	1	0	-	1	24	33	50	24	0	0	0	0	0	0	0	24	276	1	1	0	ROW_MINUS_ONE	2557	24	24	0	0	312	301	0	11	2208	2179	0	29	0	0	0	0	0	0	0	0	0	0	0	0	0	0	0	0	0	0	0	0
F268-D04	discovery	random	12	7	8839549	3	1	0	-	1	24	31	46	24	0	0	0	0	0	0	0	24	276	1	1	0	ROW_MINUS_ONE	3457	24	24	0	0	312	299	0	13	2208	2173	0	35	0	0	0	0	0	0	0	0	0	0	0	0	0	0	0	0	0	0	0	0
F268-D04	discovery	random	12	7	8839549	4	1	0	-	1	24	32	29	24	0	0	0	0	0	0	0	24	276	1	1	0	PAIR_BASE_PLUS	3457	24	24	0	0	264	264	0	0	2208	2203	0	5	0	0	0	0	0	0	0	0	0	0	0	0	0	0	0	0	0	0	0	0
F268-D04	discovery	random	12	7	8839549	5	1	0	-	1	24	33	56	24	0	0	0	0	0	0	0	24	276	1	1	0	PAIR_ROW_PLUS	3457	24	24	0	0	264	264	0	0	2208	2160	36	12	12	12	0	0	0	0	0	0	0	0	0	0	0	0	0	0	0	0	0	0
F268-D04	discovery	random	12	7	8839549	6	1	0	-	1	24	35	40	24	0	0	0	0	0	0	0	24	276	1	1	0	PAIR_HIGH_PLUS	3457	24	24	0	0	216	216	0	0	2208	2202	0	6	16	16	0	0	0	0	0	0	0	0	0	0	0	0	0	0	0	0	0	0
F268-D04	discovery	random	12	7	8839549	7	1	0	-	1	24	31	37	24	0	0	0	0	0	0	0	24	276	1	1	0	ROW_MINUS_ONE	2557	24	24	0	0	312	291	0	21	2208	2169	0	39	36	36	0	0	0	0	0	0	0	0	0	0	0	0	0	0	0	0	0	0
F268-D04	discovery	random	12	7	8839549	8	1	0	-	1	24	31	46	24	0	0	0	0	0	0	0	24	276	1	1	0	PAIR_ROW_MINUS	2557	24	24	0	0	312	312	0	0	2208	2178	0	30	24	24	0	0	0	0	0	0	0	0	0	0	0	0	0	0	0	0	0	0
F268-D04	discovery	random	12	7	8839549	9	1	0	-	1	24	33	51	24	0	0	0	0	0	0	0	24	276	1	1	0	PAIR_ROW_PLUS	3457	24	24	0	0	264	264	0	0	2208	2188	18	2	6	6	0	0	0	0	0	0	0	0	0	0	0	0	0	0	0	0	0	0
F268-D04	discovery	random	12	7	8839549	10	1	0	-	1	20	28	34	20	0	0	0	0	0	0	0	20	190	1	1	0	PAIR_ROW_MINUS	2557	4	4	0	0	228	228	0	0	1520	1473	40	7	16	16	0	0	0	0	0	0	0	0	0	0	0	0	0	0	0	0	0	0
F268-D04	discovery	random	12	7	8839549	11	1	0	-	1	24	30	46	24	0	0	0	0	0	0	0	24	276	1	1	0	ROW_PLUS_ONE	3457	26	26	0	0	274	272	0	2	2208	2206	0	2	0	0	0	0	0	0	0	0	0	0	0	0	0	0	0	0	0	0	0	0
F268-D04	discovery	random	12	8	9784193	0	1	0	-	1	24	29	28	24	0	0	0	0	0	0	0	24	276	0	0	0	-	0	24	24	0	0	504	504	0	0	2208	2208	0	0	0	0	0	0	0	0	0	0	0	0	0	0	0	0	0	0	0	0	0	0
F268-D04	discovery	random	12	8	9784193	1	1	0	-	1	24	33	46	24	0	0	0	0	0	0	0	24	276	1	1	0	PAIR_ROW_MINUS	3733	24	24	0	0	216	216	0	0	2208	2205	0	3	0	0	0	0	0	0	0	0	0	0	0	0	0	0	0	0	0	0	0	0
F268-D04	discovery	random	12	8	9784193	2	1	0	-	1	24	32	51	24	0	0	0	0	0	0	0	24	276	1	1	0	PAIR_BASE_PLUS	3733	24	24	0	0	552	552	0	0	2208	2205	0	3	0	0	0	0	0	0	0	0	0	0	0	0	0	0	0	0	0	0	0	0
F268-D04	discovery	random	12	8	9784193	3	1	0	-	1	24	34	52	24	0	0	0	0	0	0	0	24	276	1	1	0	PAIR_ROW_MINUS	2621	24	24	0	0	552	552	0	0	2208	2205	0	3	0	0	0	0	0	0	0	0	0	0	0	0	0	0	0	0	0	0	0	0
F268-D04	discovery	random	12	8	9784193	4	1	0	-	1	24	31	51	24	0	0	0	0	0	0	0	24	276	1	1	0	PAIR_ROW_MINUS	3733	24	24	0	0	264	264	0	0	2208	2206	0	2	0	0	0	0	0	0	0	0	0	0	0	0	0	0	0	0	0	0	0	0
F268-D04	discovery	random	12	8	9784193	5	1	0	-	1	24	30	49	24	0	0	0	0	0	0	0	24	276	0	0	0	-	0	24	24	0	0	504	504	0	0	2208	2172	36	0	12	12	0	0	0	0	0	0	0	0	0	0	0	0	0	0	0	0	0	0
F268-D04	discovery	random	12	8	9784193	6	1	0	-	1	24	33	47	24	0	0	0	0	0	0	0	24	276	1	1	0	PAIR_HIGH_MINUS	2621	24	24	0	0	216	216	0	0	2208	2206	0	2	16	16	0	0	0	0	0	0	0	0	0	0	0	0	0	0	0	0	0	0
F268-D04	discovery	random	12	8	9784193	7	1	0	-	1	24	33	37	24	0	0	0	0	0	0	0	24	276	1	1	0	PAIR_ROW_MINUS	3733	24	24	0	0	552	552	0	0	2208	2197	0	11	36	36	0	0	0	0	0	0	0	0	0	0	0	0	0	0	0	0	0	0
F268-D04	discovery	random	12	8	9784193	8	1	0	-	1	24	30	49	24	0	0	0	0	0	0	0	24	276	1	1	0	PAIR_ROW_MINUS	2621	24	24	0	0	552	552	0	0	2208	2204	0	4	24	24	0	0	0	0	0	0	0	0	0	0	0	0	0	0	0	0	0	0
F268-D04	discovery	random	12	8	9784193	9	1	0	-	1	24	30	47	24	0	0	0	0	0	0	0	24	276	1	1	0	PAIR_ROW_MINUS	3733	24	24	0	0	264	264	0	0	2208	2188	18	2	6	6	0	0	0	0	0	0	0	0	0	0	0	0	0	0	0	0	0	0
F268-D04	discovery	random	12	8	9784193	10	1	0	-	1	20	25	27	20	0	0	0	0	0	0	0	20	190	1	1	0	PAIR_HIGH_PLUS	3733	4	4	0	0	348	348	0	0	1520	1479	40	1	16	16	0	0	0	0	0	0	0	0	0	0	0	0	0	0	0	0	0	0
F268-D04	discovery	random	12	8	9784193	11	1	0	-	1	24	33	41	24	0	0	0	0	0	0	0	24	276	1	1	0	PAIR_ROW_MINUS	2621	26	26	0	0	424	424	0	0	2208	2203	0	5	0	0	0	0	0	0	0	0	0	0	0	0	0	0	0	0	0	0	0	0
F268-D04	discovery	random	12	9	9026827	0	1	0	-	1	24	31	41	24	0	0	0	0	0	0	0	24	276	1	1	0	PAIR_ROW_PLUS	2213	24	24	0	0	216	216	0	0	2208	2207	0	1	0	0	0	0	0	0	0	0	0	0	0	0	0	0	0	0	0	0	0	0
F268-D04	discovery	random	12	9	9026827	1	1	0	-	1	24	32	48	24	0	0	0	0	0	0	0	24	276	0	0	0	-	0	24	24	0	0	264	264	0	0	2208	2208	0	0	0	0	0	0	0	0	0	0	0	0	0	0	0	0	0	0	0	0	0	0
F268-D04	discovery	random	12	9	9026827	2	1	0	-	1	24	29	35	24	0	0	0	0	0	0	0	24	276	1	1	0	PAIR_HIGH_PLUS	2213	24	24	0	0	312	312	0	0	2208	2206	0	2	0	0	0	0	0	0	0	0	0	0	0	0	0	0	0	0	0	0	0	0
F268-D04	discovery	random	12	9	9026827	3	1	0	-	1	24	31	32	24	0	0	0	0	0	0	0	24	276	0	0	0	-	0	24	24	0	0	264	264	0	0	2208	2208	0	0	0	0	0	0	0	0	0	0	0	0	0	0	0	0	0	0	0	0	0	0
F268-D04	discovery	random	12	9	9026827	4	1	0	-	1	24	31	50	24	0	0	0	0	0	0	0	24	276	0	0	0	-	0	24	24	0	0	312	312	0	0	2208	2208	0	0	0	0	0	0	0	0	0	0	0	0	0	0	0	0	0	0	0	0	0	0
F268-D04	discovery	random	12	9	9026827	5	1	0	-	1	24	32	43	24	0	0	0	0	0	0	0	24	276	1	1	0	PAIR_BASE_PLUS	2213	24	24	0	0	216	216	0	0	2208	2160	36	12	12	12	0	0	0	0	0	0	0	0	0	0	0	0	0	0	0	0	0	0
F268-D04	discovery	random	12	9	9026827	6	1	0	-	1	24	32	46	24	0	0	0	0	0	0	0	24	276	0	0	0	-	0	24	24	0	0	264	264	0	0	2208	2208	0	0	16	16	0	0	0	0	0	0	0	0	0	0	0	0	0	0	0	0	0	0
F268-D04	discovery	random	12	9	9026827	7	1	0	-	1	24	32	39	24	0	0	0	0	0	0	0	24	276	1	1	0	POWER_CHAIN_0	2213	28	24	0	4	312	312	0	0	2208	2208	0	0	36	36	0	0	0	0	0	0	0	0	0	0	0	0	0	0	0	0	0	0
F268-D04	discovery	random	12	9	9026827	8	1	0	-	1	24	31	42	24	0	0	0	0	0	0	0	24	276	0	0	0	-	0	24	24	0	0	264	264	0	0	2208	2208	0	0	24	24	0	0	0	0	0	0	0	0	0	0	0	0	0	0	0	0	0	0
F268-D04	discovery	random	12	9	9026827	9	1	0	-	1	24	32	43	24	0	0	0	0	0	0	0	24	276	1	1	0	PAIR_HIGH_PLUS	2213	24	24	0	0	312	312	0	0	2208	2189	18	1	6	6	0	0	0	0	0	0	0	0	0	0	0	0	0	0	0	0	0	0
F268-D04	discovery	random	12	9	9026827	10	1	0	-	1	20	28	36	20	0	0	0	0	0	0	0	20	190	1	1	0	PAIR_HIGH_PLUS	2213	4	4	0	0	228	228	0	0	1520	1479	40	1	16	16	0	0	0	0	0	0	0	0	0	0	0	0	0	0	0	0	0	0
F268-D04	discovery	random	12	9	9026827	11	1	0	-	1	24	33	44	24	0	0	0	0	0	0	0	24	276	0	0	0	-	0	26	26	0	0	272	272	0	0	2208	2208	0	0	0	0	0	0	0	0	0	0	0	0	0	0	0	0	0	0	0	0	0	0
F268-D04	discovery	random	12	10	6152197	0	1	0	-	1	24	33	55	24	0	0	0	0	0	0	0	24	276	1	1	0	PAIR_BASE_PLUS	2131	24	24	0	0	264	264	0	0	2208	2205	0	3	0	0	0	0	0	0	0	0	0	0	0	0	0	0	0	0	0	0	0	0
F268-D04	discovery	random	12	10	6152197	1	1	0	-	1	24	31	47	24	0	0	0	0	0	0	0	24	276	1	1	0	PAIR_ROW_MINUS	2887	24	24	0	0	216	216	0	0	2208	2206	0	2	0	0	0	0	0	0	0	0	0	0	0	0	0	0	0	0	0	0	0	0
F268-D04	discovery	random	12	10	6152197	2	1	0	-	1	24	32	38	24	0	0	0	0	0	0	0	24	276	1	1	0	PAIR_ROW_MINUS	2887	24	24	0	0	312	312	0	0	2208	2194	0	14	0	0	0	0	0	0	0	0	0	0	0	0	0	0	0	0	0	0	0	0
F268-D04	discovery	random	12	10	6152197	3	1	0	-	1	24	30	49	24	0	0	0	0	0	0	0	24	276	0	0	0	-	0	24	24	0	0	312	312	0	0	2208	2208	0	0	0	0	0	0	0	0	0	0	0	0	0	0	0	0	0	0	0	0	0	0
F268-D04	discovery	random	12	10	6152197	4	1	0	-	1	24	29	37	24	0	0	0	0	0	0	0	24	276	1	1	0	PAIR_ROW_MINUS	2887	24	24	0	0	264	264	0	0	2208	2202	0	6	0	0	0	0	0	0	0	0	0	0	0	0	0	0	0	0	0	0	0	0
F268-D04	discovery	random	12	10	6152197	5	1	0	-	1	24	33	50	24	0	0	0	0	0	0	0	24	276	1	1	0	PAIR_ROW_MINUS	2131	24	24	0	0	264	264	0	0	2208	2164	36	8	12	12	0	0	0	0	0	0	0	0	0	0	0	0	0	0	0	0	0	0
F268-D04	discovery	random	12	10	6152197	6	1	0	-	1	24	32	46	24	0	0	0	0	0	0	0	24	276	1	1	0	PAIR_ROW_MINUS	2887	24	24	0	0	216	216	0	0	2208	2201	0	7	16	16	0	0	0	0	0	0	0	0	0	0	0	0	0	0	0	0	0	0
F268-D04	discovery	random	12	10	6152197	7	1	0	-	1	24	34	47	24	0	0	0	0	0	0	0	24	276	1	1	0	PAIR_ROW_MINUS	2887	24	24	0	0	312	312	0	0	2208	2197	0	11	36	36	0	0	0	0	0	0	0	0	0	0	0	0	0	0	0	0	0	0
F268-D04	discovery	random	12	10	6152197	8	1	0	-	1	24	30	30	24	0	0	0	0	0	0	0	24	276	1	1	0	PAIR_HIGH_PLUS	2887	24	24	0	0	312	312	0	0	2208	2206	0	2	24	24	0	0	0	0	0	0	0	0	0	0	0	0	0	0	0	0	0	0
F268-D04	discovery	random	12	10	6152197	9	1	0	-	1	24	31	49	24	0	0	0	0	0	0	0	24	276	1	1	0	PAIR_BASE_PLUS	2887	24	24	0	0	264	264	0	0	2208	2181	18	9	6	6	0	0	0	0	0	0	0	0	0	0	0	0	0	0	0	0	0	0
F268-D04	discovery	random	12	10	6152197	10	1	0	-	1	20	26	49	20	0	0	0	0	0	0	0	20	190	1	1	0	PAIR_HIGH_MINUS	2131	4	4	0	0	228	228	0	0	1520	1477	40	3	16	16	0	0	0	0	0	0	0	0	0	0	0	0	0	0	0	0	0	0
F268-D04	discovery	random	12	10	6152197	11	1	0	-	1	24	33	42	24	0	0	0	0	0	0	0	24	276	1	1	0	PAIR_HIGH_PLUS	2131	26	26	0	0	274	274	0	0	2208	2206	0	2	0	0	0	0	0	0	0	0	0	0	0	0	0	0	0	0	0	0	0	0
F268-D04	discovery	random	12	11	8896567	0	1	0	-	1	24	34	50	24	0	0	0	0	0	0	0	24	276	1	1	0	SOURCE_HASH_UNIT	2647	25	24	0	1	216	208	0	8	2208	2194	0	14	0	0	0	0	0	0	0	0	0	0	0	0	0	0	0	0	0	0	0	0
F268-D04	discovery	random	12	11	8896567	1	1	0	-	1	24	32	38	24	0	0	0	0	0	0	0	24	276	1	1	0	ROW_MINUS_ONE	3361	24	24	0	0	312	306	0	6	2208	2206	0	2	0	0	0	0	0	0	0	0	0	0	0	0	0	0	0	0	0	0	0	0
F268-D04	discovery	random	12	11	8896567	2	1	0	-	1	24	32	46	24	0	0	0	0	0	0	0	24	276	1	1	0	ROW_PLUS_ONE	3361	24	24	0	0	360	344	0	16	2208	2125	0	83	0	0	0	0	0	0	0	0	0	0	0	0	0	0	0	0	0	0	0	0
F268-D04	discovery	random	12	11	8896567	3	1	0	-	1	24	34	46	24	0	0	0	0	0	0	0	24	276	1	1	0	ROW_MINUS_ONE	3361	24	24	0	0	264	256	0	8	2208	2184	2	22	0	0	0	0	0	0	0	0	0	0	0	0	0	0	0	0	0	0	0	0
F268-D04	discovery	random	12	11	8896567	4	1	0	-	1	24	31	32	24	0	0	0	0	0	0	0	24	276	1	1	0	PAIR_ROW_MINUS	3361	24	24	0	0	360	360	0	0	2208	2200	0	8	0	0	0	0	0	0	0	0	0	0	0	0	0	0	0	0	0	0	0	0
F268-D04	discovery	random	12	11	8896567	5	1	0	-	1	24	31	41	24	0	0	0	0	0	0	0	24	276	1	1	0	ROW_PLUS_ONE	3361	24	24	0	0	216	212	0	4	2208	2152	36	20	12	12	0	0	0	0	0	0	0	0	0	0	0	0	0	0	0	0	0	0
F268-D04	discovery	random	12	11	8896567	6	1	0	-	1	24	34	38	24	0	0	0	0	0	0	0	24	276	1	1	0	ROW_PLUS_ONE	3361	24	24	0	0	312	310	0	2	2208	2207	0	1	16	16	0	0	0	0	0	0	0	0	0	0	0	0	0	0	0	0	0	0
F268-D04	discovery	random	12	11	8896567	7	1	0	-	1	24	32	32	24	0	0	0	0	0	0	0	24	276	1	1	0	ROW_PLUS_ONE	3361	24	24	0	0	360	329	0	31	2208	2102	5	101	36	36	0	0	0	0	0	0	0	0	0	0	0	0	0	0	0	0	0	0
F268-D04	discovery	random	12	11	8896567	8	1	0	-	1	24	34	56	24	0	0	0	0	0	0	0	24	276	1	1	0	PAIR_ROW_PLUS	3361	24	24	0	0	264	264	0	0	2208	2182	0	26	24	24	0	0	0	0	0	0	0	0	0	0	0	0	0	0	0	0	0	0
F268-D04	discovery	random	12	11	8896567	9	1	0	-	1	24	33	53	24	0	0	0	0	0	0	0	24	276	1	1	0	PAIR_ROW_PLUS	3361	24	24	0	0	360	360	0	0	2208	2187	18	3	6	6	0	0	0	0	0	0	0	0	0	0	0	0	0	0	0	0	0	0
F268-D04	discovery	random	12	11	8896567	10	1	0	-	1	20	31	34	20	0	0	0	0	0	0	0	20	190	1	1	0	HIGH_DIGIT	2647	4	4	0	0	252	251	0	1	1520	1470	40	10	16	16	0	0	0	0	0	0	0	0	0	0	0	0	0	0	0	0	0	0
F268-D04	discovery	random	12	11	8896567	11	1	0	-	1	24	33	50	24	0	0	0	0	0	0	0	24	276	1	1	0	ROW_MINUS_ONE	3361	26	26	0	0	300	291	0	9	2208	2155	0	53	0	0	0	0	0	0	0	0	0	0	0	0	0	0	0	0	0	0	0	0
F268-D04	discovery	neighbor	12	12	4405657	0	1	0	-	1	24	32	39	24	0	0	0	0	0	0	0	24	276	0	0	0	-	0	24	24	0	0	312	312	0	0	2208	2208	0	0	0	0	0	0	0	0	0	0	0	0	0	0	0	0	0	0	0	0	0	0
F268-D04	discovery	neighbor	12	12	4405657	1	1	0	-	1	24	32	65	24	0	0	0	0	0	0	0	24	276	1	1	0	PAIR_BASE_PLUS	2111	24	24	0	0	216	216	0	0	2208	2199	0	9	0	0	0	0	0	0	0	0	0	0	0	0	0	0	0	0	0	0	0	0
F268-D04	discovery	neighbor	12	12	4405657	2	1	0	-	1	24	30	50	24	0	0	0	0	0	0	0	24	276	1	1	0	PAIR_HIGH_MINUS	2087	24	24	0	0	360	360	0	0	2208	2203	0	5	0	0	0	0	0	0	0	0	0	0	0	0	0	0	0	0	0	0	0	0
F268-D04	discovery	neighbor	12	12	4405657	3	1	0	-	1	24	32	44	24	0	0	0	0	0	0	0	24	276	0	0	0	-	0	24	24	0	0	360	360	0	0	2208	2208	0	0	0	0	0	0	0	0	0	0	0	0	0	0	0	0	0	0	0	0	0	0
F268-D04	discovery	neighbor	12	12	4405657	4	1	0	-	1	24	32	53	24	0	0	0	0	0	0	0	24	276	1	1	0	PAIR_HIGH_PLUS	2111	24	24	0	0	264	264	0	0	2208	2207	0	1	0	0	0	0	0	0	0	0	0	0	0	0	0	0	0	0	0	0	0	0
F268-D04	discovery	neighbor	12	12	4405657	5	1	0	-	1	24	30	30	24	0	0	0	0	0	0	0	24	276	0	0	0	-	0	24	24	0	0	312	312	0	0	2208	2172	36	0	12	12	0	0	0	0	0	0	0	0	0	0	0	0	0	0	0	0	0	0
F268-D04	discovery	neighbor	12	12	4405657	6	1	0	-	1	24	30	32	24	0	0	0	0	0	0	0	24	276	1	1	0	ROW_MINUS_ONE	2087	24	24	0	0	216	212	0	4	2208	2204	0	4	16	16	0	0	0	0	0	0	0	0	0	0	0	0	0	0	0	0	0	0
F268-D04	discovery	neighbor	12	12	4405657	7	1	0	-	1	24	29	41	24	0	0	0	0	0	0	0	24	276	1	1	0	PAIR_HIGH_PLUS	2111	24	24	0	0	360	360	0	0	2208	2207	0	1	36	36	0	0	0	0	0	0	0	0	0	0	0	0	0	0	0	0	0	0
F268-D04	discovery	neighbor	12	12	4405657	8	1	0	-	1	24	30	60	24	0	0	0	0	0	0	0	24	276	1	1	0	PAIR_BASE_PLUS	2087	24	24	0	0	360	360	0	0	2208	2196	0	12	24	24	0	0	0	0	0	0	0	0	0	0	0	0	0	0	0	0	0	0
F268-D04	discovery	neighbor	12	12	4405657	9	1	0	-	1	24	33	51	24	0	0	0	0	0	0	0	24	276	0	0	0	-	0	24	24	0	0	264	264	0	0	2208	2190	18	0	6	6	0	0	0	0	0	0	0	0	0	0	0	0	0	0	0	0	0	0
F268-D04	discovery	neighbor	12	12	4405657	10	1	0	-	1	20	28	36	20	0	0	0	0	0	0	0	20	190	0	0	0	-	0	4	4	0	0	252	252	0	0	1520	1480	40	0	16	16	0	0	0	0	0	0	0	0	0	0	0	0	0	0	0	0	0	0
F268-D04	discovery	neighbor	12	12	4405657	11	1	0	-	1	24	30	33	24	0	0	0	0	0	0	0	24	276	1	1	0	PAIR_HIGH_PLUS	2111	26	26	0	0	304	304	0	0	2208	2204	0	4	0	0	0	0	0	0	0	0	0	0	0	0	0	0	0	0	0	0	0	0
F268-D04	discovery	neighbor	12	13	8573063	0	1	0	-	1	24	30	41	24	0	0	0	0	0	0	0	24	276	1	1	0	PAIR_HIGH_MINUS	2917	24	24	0	0	216	216	0	0	2208	2207	0	1	0	0	0	0	0	0	0	0	0	0	0	0	0	0	0	0	0	0	0	0
F268-D04	discovery	neighbor	12	13	8573063	1	1	0	-	1	24	30	42	24	0	0	0	0	0	0	0	24	276	1	1	0	PAIR_ROW_MINUS	2917	24	24	0	0	312	312	0	0	2208	2205	0	3	0	0	0	0	0	0	0	0	0	0	0	0	0	0	0	0	0	0	0	0
F268-D04	discovery	neighbor	12	13	8573063	2	1	0	-	1	24	34	36	24	0	0	0	0	0	0	0	24	276	0	0	0	-	0	24	24	0	0	360	360	0	0	2208	2208	0	0	0	0	0	0	0	0	0	0	0	0	0	0	0	0	0	0	0	0	0	0
F268-D04	discovery	neighbor	12	13	8573063	3	1	0	-	1	24	30	62	24	0	0	0	0	0	0	0	24	276	0	0	0	-	0	24	24	0	0	264	264	0	0	2208	2208	0	0	0	0	0	0	0	0	0	0	0	0	0	0	0	0	0	0	0	0	0	0
F268-D04	discovery	neighbor	12	13	8573063	4	1	0	-	1	24	31	29	24	0	0	0	0	0	0	0	24	276	1	1	0	PAIR_ROW_MINUS	2917	24	24	0	0	360	360	0	0	2208	2201	0	7	0	0	0	0	0	0	0	0	0	0	0	0	0	0	0	0	0	0	0	0
F268-D04	discovery	neighbor	12	13	8573063	5	1	0	-	1	24	34	56	24	0	0	0	0	0	0	0	24	276	1	1	0	PAIR_BASE_PLUS	2939	24	24	0	0	216	216	0	0	2208	2160	36	12	12	12	0	0	0	0	0	0	0	0	0	0	0	0	0	0	0	0	0	0
F268-D04	discovery	neighbor	12	13	8573063	6	1	0	-	1	24	32	37	24	0	0	0	0	0	0	0	24	276	1	1	0	PAIR_HIGH_PLUS	2917	24	24	0	0	312	312	0	0	2208	2207	0	1	16	16	0	0	0	0	0	0	0	0	0	0	0	0	0	0	0	0	0	0
F268-D04	discovery	neighbor	12	13	8573063	7	1	0	-	1	24	32	62	24	0	0	0	0	0	0	0	24	276	1	1	0	PAIR_HIGH_MINUS	2917	24	24	0	0	360	360	0	0	2208	2204	0	4	36	36	0	0	0	0	0	0	0	0	0	0	0	0	0	0	0	0	0	0
F268-D04	discovery	neighbor	12	13	8573063	8	1	0	-	1	24	31	47	24	0	0	0	0	0	0	0	24	276	0	0	0	-	0	24	24	0	0	264	264	0	0	2208	2208	0	0	24	24	0	0	0	0	0	0	0	0	0	0	0	0	0	0	0	0	0	0
F268-D04	discovery	neighbor	12	13	8573063	9	1	0	-	1	24	33	43	24	0	0	0	0	0	0	0	24	276	0	0	0	-	0	24	24	0	0	360	360	0	0	2208	2190	18	0	6	6	0	0	0	0	0	0	0	0	0	0	0	0	0	0	0	0	0	0
F268-D04	discovery	neighbor	12	13	8573063	10	1	0	-	1	20	25	38	20	0	0	0	0	0	0	0	20	190	0	0	0	-	0	4	4	0	0	252	252	0	0	1520	1480	40	0	16	16	0	0	0	0	0	0	0	0	0	0	0	0	0	0	0	0	0	0
F268-D04	discovery	neighbor	12	13	8573063	11	1	0	-	1	24	29	48	24	0	0	0	0	0	0	0	24	276	1	1	0	PAIR_ROW_MINUS	2939	26	26	0	0	300	300	0	0	2208	2203	0	5	0	0	0	0	0	0	0	0	0	0	0	0	0	0	0	0	0	0	0	0
F268-D04	discovery	neighbor	12	14	6471911	0	1	0	-	1	24	34	44	24	0	0	0	0	0	0	0	24	276	0	0	0	-	0	24	24	0	0	216	216	0	0	2208	2208	0	0	0	0	0	0	0	0	0	0	0	0	0	0	0	0	0	0	0	0	0	0
F268-D04	discovery	neighbor	12	14	6471911	1	1	0	-	1	24	35	59	24	0	0	0	0	0	0	0	24	276	1	1	0	PAIR_ROW_MINUS	2539	24	24	0	0	312	312	0	0	2208	2206	0	2	0	0	0	0	0	0	0	0	0	0	0	0	0	0	0	0	0	0	0	0
F268-D04	discovery	neighbor	12	14	6471911	2	1	0	-	1	24	31	40	24	0	0	0	0	0	0	0	24	276	0	0	0	-	0	24	24	0	0	360	360	0	0	2208	2208	0	0	0	0	0	0	0	0	0	0	0	0	0	0	0	0	0	0	0	0	0	0
F268-D04	discovery	neighbor	12	14	6471911	3	1	0	-	1	24	31	38	24	0	0	0	0	0	0	0	24	276	1	1	0	PAIR_HIGH_PLUS	2539	24	24	0	0	264	264	0	0	2208	2207	0	1	0	0	0	0	0	0	0	0	0	0	0	0	0	0	0	0	0	0	0	0
F268-D04	discovery	neighbor	12	14	6471911	4	1	0	-	1	24	33	61	24	0	0	0	0	0	0	0	24	276	1	1	0	PAIR_ROW_MINUS	2549	24	24	0	0	360	360	0	0	2208	2204	0	4	0	0	0	0	0	0	0	0	0	0	0	0	0	0	0	0	0	0	0	0
F268-D04	discovery	neighbor	12	14	6471911	5	1	0	-	1	24	33	39	24	0	0	0	0	0	0	0	24	276	0	0	0	-	0	24	24	0	0	216	216	0	0	2208	2172	36	0	12	12	0	0	0	0	0	0	0	0	0	0	0	0	0	0	0	0	0	0
F268-D04	discovery	neighbor	12	14	6471911	6	1	0	-	1	24	32	46	24	0	0	0	0	0	0	0	24	276	1	1	0	PAIR_ROW_MINUS	2539	24	24	0	0	312	312	0	0	2208	2206	0	2	16	16	0	0	0	0	0	0	0	0	0	0	0	0	0	0	0	0	0	0
F268-D04	discovery	neighbor	12	14	6471911	7	1	0	-	1	24	32	43	24	0	0	0	0	0	0	0	24	276	1	1	0	PAIR_HIGH_PLUS	2549	24	24	0	0	360	360	0	0	2208	2207	0	1	36	36	0	0	0	0	0	0	0	0	0	0	0	0	0	0	0	0	0	0
F268-D04	discovery	neighbor	12	14	6471911	8	1	0	-	1	24	34	49	24	0	0	0	0	0	0	0	24	276	0	0	0	-	0	24	24	0	0	264	264	0	0	2208	2208	0	0	24	24	0	0	0	0	0	0	0	0	0	0	0	0	0	0	0	0	0	0
F268-D04	discovery	neighbor	12	14	6471911	9	1	0	-	1	24	31	49	24	0	0	0	0	0	0	0	24	276	0	0	0	-	0	24	24	0	0	360	360	0	0	2208	2190	18	0	6	6	0	0	0	0	0	0	0	0	0	0	0	0	0	0	0	0	0	0
F268-D04	discovery	neighbor	12	14	6471911	10	1	0	-	1	20	30	37	20	0	0	0	0	0	0	0	20	190	1	1	0	PAIR_HIGH_PLUS	2539	4	4	0	0	252	252	0	0	1520	1479	40	1	16	16	0	0	0	0	0	0	0	0	0	0	0	0	0	0	0	0	0	0
F268-D04	discovery	neighbor	12	14	6471911	11	1	0	-	1	24	31	47	24	0	0	0	0	0	0	0	24	276	1	1	0	PAIR_HIGH_PLUS	2539	26	26	0	0	300	300	0	0	2208	2205	0	3	0	0	0	0	0	0	0	0	0	0	0	0	0	0	0	0	0	0	0	0
F268-D04	discovery	neighbor	12	15	8767457	0	1	0	-	1	24	34	40	24	0	0	0	0	0	0	0	24	276	1	1	0	PAIR_HIGH_PLUS	2953	24	24	0	0	408	408	0	0	2208	2207	0	1	0	0	0	0	0	0	0	0	0	0	0	0	0	0	0	0	0	0	0	0
F268-D04	discovery	neighbor	12	15	8767457	1	1	0	-	1	24	31	46	24	0	0	0	0	0	0	0	24	276	1	1	0	ROW_MINUS_ONE	2953	24	24	0	0	216	212	0	4	2208	2201	0	7	0	0	0	0	0	0	0	0	0	0	0	0	0	0	0	0	0	0	0	0
F268-D04	discovery	neighbor	12	15	8767457	2	1	0	-	1	24	31	43	24	0	0	0	0	0	0	0	24	276	1	1	0	ROW_MINUS_ONE	2953	24	24	0	0	456	449	0	7	2208	2188	0	20	0	0	0	0	0	0	0	0	0	0	0	0	0	0	0	0	0	0	0	0
F268-D04	discovery	neighbor	12	15	8767457	3	1	0	-	1	24	32	52	24	0	0	0	0	0	0	0	24	276	1	1	0	PAIR_HIGH_PLUS	2969	24	24	0	0	456	456	0	0	2208	2207	0	1	0	0	0	0	0	0	0	0	0	0	0	0	0	0	0	0	0	0	0	0
F268-D04	discovery	neighbor	12	15	8767457	4	1	0	-	1	24	31	43	24	0	0	0	0	0	0	0	24	276	1	1	0	ROW_MINUS_ONE	2969	24	24	0	0	264	260	0	4	2208	2186	0	22	0	0	0	0	0	0	0	0	0	0	0	0	0	0	0	0	0	0	0	0
F268-D04	discovery	neighbor	12	15	8767457	5	1	0	-	1	24	31	33	24	0	0	0	0	0	0	0	24	276	0	0	0	-	0	24	24	0	0	408	408	0	0	2208	2172	36	0	12	12	0	0	0	0	0	0	0	0	0	0	0	0	0	0	0	0	0	0
F268-D04	discovery	neighbor	12	15	8767457	6	1	0	-	1	24	32	49	24	0	0	0	0	0	0	0	24	276	1	1	0	PAIR_ROW_PLUS	2969	24	24	0	0	216	216	0	0	2208	2202	0	6	16	16	0	0	0	0	0	0	0	0	0	0	0	0	0	0	0	0	0	0
F268-D04	discovery	neighbor	12	15	8767457	7	1	0	-	1	24	31	45	24	0	0	0	0	0	0	0	24	276	1	1	0	PAIR_ROW_MINUS	2953	24	24	0	0	456	456	0	0	2208	2189	0	19	36	36	0	0	0	0	0	0	0	0	0	0	0	0	0	0	0	0	0	0
F268-D04	discovery	neighbor	12	15	8767457	8	1	0	-	1	24	31	40	24	0	0	0	0	0	0	0	24	276	1	1	0	PAIR_BASE_MINUS	2969	24	24	0	0	456	456	0	0	2208	2202	0	6	24	24	0	0	0	0	0	0	0	0	0	0	0	0	0	0	0	0	0	0
F268-D04	discovery	neighbor	12	15	8767457	9	1	0	-	1	24	31	52	24	0	0	0	0	0	0	0	24	276	1	1	0	PAIR_ROW_PLUS	2969	24	24	0	0	264	264	0	0	2208	2187	18	3	6	6	0	0	0	0	0	0	0	0	0	0	0	0	0	0	0	0	0	0
F268-D04	discovery	neighbor	12	15	8767457	10	1	0	-	1	20	28	28	20	0	0	0	0	0	0	0	20	190	1	1	0	PAIR_ROW_PLUS	2953	4	4	0	0	300	300	0	0	1520	1478	40	2	16	16	0	0	0	0	0	0	0	0	0	0	0	0	0	0	0	0	0	0
F268-D04	discovery	neighbor	12	15	8767457	11	1	0	-	1	24	31	56	24	0	0	0	0	0	0	0	24	276	1	1	0	PAIR_ROW_MINUS	2953	26	26	0	0	364	364	0	0	2208	2198	0	10	0	0	0	0	0	0	0	0	0	0	0	0	0	0	0	0	0	0	0	0
F268-D04	discovery	neighbor	12	16	15444731	0	1	0	-	1	24	31	39	24	0	0	0	0	0	0	0	24	276	1	1	0	PAIR_HIGH_MINUS	3943	24	24	0	0	216	216	0	0	2208	2207	0	1	0	0	0	0	0	0	0	0	0	0	0	0	0	0	0	0	0	0	0	0
F268-D04	discovery	neighbor	12	16	15444731	1	1	0	-	1	24	33	42	24	0	0	0	0	0	0	0	24	276	1	1	0	ROW_MINUS_ONE	3943	24	24	0	0	264	259	0	5	2208	2208	0	0	0	0	0	0	0	0	0	0	0	0	0	0	0	0	0	0	0	0	0	0
F268-D04	discovery	neighbor	12	16	15444731	2	1	0	-	1	24	31	49	24	0	0	0	0	0	0	0	24	276	1	1	0	PAIR_BASE_MINUS	3943	24	24	0	0	312	312	0	0	2208	2205	0	3	0	0	0	0	0	0	0	0	0	0	0	0	0	0	0	0	0	0	0	0
F268-D04	discovery	neighbor	12	16	15444731	3	1	0	-	1	24	31	29	24	0	0	0	0	0	0	0	24	276	0	0	0	-	0	24	24	0	0	264	264	0	0	2208	2208	0	0	0	0	0	0	0	0	0	0	0	0	0	0	0	0	0	0	0	0	0	0
F268-D04	discovery	neighbor	12	16	15444731	4	1	0	-	1	24	32	63	24	0	0	0	0	0	0	0	24	276	1	1	0	PAIR_ROW_MINUS	3943	24	24	0	0	312	312	0	0	2208	2204	0	4	0	0	0	0	0	0	0	0	0	0	0	0	0	0	0	0	0	0	0	0
F268-D04	discovery	neighbor	12	16	15444731	5	1	0	-	1	24	35	46	24	0	0	0	0	0	0	0	24	276	0	0	0	-	0	24	24	0	0	216	216	0	0	2208	2172	36	0	12	12	0	0	0	0	0	0	0	0	0	0	0	0	0	0	0	0	0	0
F268-D04	discovery	neighbor	12	16	15444731	6	1	0	-	1	24	32	47	24	0	0	0	0	0	0	0	24	276	0	0	0	-	0	24	24	0	0	264	264	0	0	2208	2208	0	0	16	16	0	0	0	0	0	0	0	0	0	0	0	0	0	0	0	0	0	0
F268-D04	discovery	neighbor	12	16	15444731	7	1	0	-	1	24	33	43	24	0	0	0	0	0	0	0	24	276	1	1	0	PAIR_ROW_MINUS	3943	24	24	0	0	312	312	0	0	2208	2196	0	12	36	36	0	0	0	0	0	0	0	0	0	0	0	0	0	0	0	0	0	0
F268-D04	discovery	neighbor	12	16	15444731	8	1	0	-	1	24	32	45	24	0	0	0	0	0	0	0	24	276	1	1	0	PAIR_HIGH_MINUS	3943	24	24	0	0	264	264	0	0	2208	2207	0	1	24	24	0	0	0	0	0	0	0	0	0	0	0	0	0	0	0	0	0	0
F268-D04	discovery	neighbor	12	16	15444731	9	1	0	-	1	24	32	40	24	0	0	0	0	0	0	0	24	276	1	1	0	PAIR_HIGH_MINUS	3943	24	24	0	0	312	312	0	0	2208	2189	18	1	6	6	0	0	0	0	0	0	0	0	0	0	0	0	0	0	0	0	0	0
F268-D04	discovery	neighbor	12	16	15444731	10	1	0	-	1	20	27	28	20	0	0	0	0	0	0	0	20	190	0	0	0	-	0	4	4	0	0	228	228	0	0	1520	1480	40	0	16	16	0	0	0	0	0	0	0	0	0	0	0	0	0	0	0	0	0	0
F268-D04	discovery	neighbor	12	16	15444731	11	1	0	-	1	24	32	34	24	0	0	0	0	0	0	0	24	276	1	1	0	PAIR_ROW_MINUS	3917	26	26	0	0	272	272	0	0	2208	2204	0	4	0	0	0	0	0	0	0	0	0	0	0	0	0	0	0	0	0	0	0	0
F268-D04	discovery	neighbor	12	17	7452779	0	1	0	-	1	24	32	44	24	0	0	0	0	0	0	0	24	276	1	1	0	PAIR_BASE_PLUS	2741	24	24	0	0	216	216	0	0	2208	2202	0	6	0	0	0	0	0	0	0	0	0	0	0	0	0	0	0	0	0	0	0	0
F268-D04	discovery	neighbor	12	17	7452779	1	1	0	-	1	24	31	44	24	0	0	0	0	0	0	0	24	276	1	1	0	ROW_MINUS_ONE	2741	24	24	0	0	264	260	0	4	2208	2201	0	7	0	0	0	0	0	0	0	0	0	0	0	0	0	0	0	0	0	0	0	0
F268-D04	discovery	neighbor	12	17	7452779	2	1	0	-	1	24	32	48	24	0	0	0	0	0	0	0	24	276	1	1	0	PAIR_BASE_PLUS	2719	24	24	0	0	312	312	0	0	2208	2197	0	11	0	0	0	0	0	0	0	0	0	0	0	0	0	0	0	0	0	0	0	0
F268-D04	discovery	neighbor	12	17	7452779	3	1	0	-	1	24	32	46	24	0	0	0	0	0	0	0	24	276	1	1	0	PAIR_ROW_MINUS	2741	24	24	0	0	264	264	0	0	2208	2206	0	2	0	0	0	0	0	0	0	0	0	0	0	0	0	0	0	0	0	0	0	0
F268-D04	discovery	neighbor	12	17	7452779	4	1	0	-	1	24	33	43	24	0	0	0	0	0	0	0	24	276	1	1	0	PAIR_ROW_MINUS	2741	24	24	0	0	312	312	0	0	2208	2204	0	4	0	0	0	0	0	0	0	0	0	0	0	0	0	0	0	0	0	0	0	0
F268-D04	discovery	neighbor	12	17	7452779	5	1	0	-	1	24	31	43	24	0	0	0	0	0	0	0	24	276	1	1	0	PAIR_HIGH_MINUS	2719	24	24	0	0	216	216	0	0	2208	2171	36	1	12	12	0	0	0	0	0	0	0	0	0	0	0	0	0	0	0	0	0	0
F268-D04	discovery	neighbor	12	17	7452779	6	1	0	-	1	24	31	40	24	0	0	0	0	0	0	0	24	276	1	1	0	PAIR_HIGH_PLUS	2741	24	24	0	0	264	264	0	0	2208	2204	0	4	16	16	0	0	0	0	0	0	0	0	0	0	0	0	0	0	0	0	0	0
F268-D04	discovery	neighbor	12	17	7452779	7	1	0	-	1	24	32	46	24	0	0	0	0	0	0	0	24	276	1	1	0	ROW_MINUS_ONE	2719	24	24	0	0	312	306	0	6	2208	2200	0	8	36	36	0	0	0	0	0	0	0	0	0	0	0	0	0	0	0	0	0	0
F268-D04	discovery	neighbor	12	17	7452779	8	1	0	-	1	24	32	53	24	0	0	0	0	0	0	0	24	276	1	1	0	PAIR_BASE_MINUS	2719	24	24	0	0	264	264	0	0	2208	2191	0	17	24	24	0	0	0	0	0	0	0	0	0	0	0	0	0	0	0	0	0	0
F268-D04	discovery	neighbor	12	17	7452779	9	1	0	-	1	24	33	48	24	0	0	0	0	0	0	0	24	276	1	1	0	ROW_MINUS_ONE	2719	24	24	0	0	312	294	0	18	2208	2181	18	9	6	6	0	0	0	0	0	0	0	0	0	0	0	0	0	0	0	0	0	0
F268-D04	discovery	neighbor	12	17	7452779	10	1	0	-	1	20	29	44	20	0	0	0	0	0	0	0	20	190	0	0	0	-	0	4	4	0	0	228	228	0	0	1520	1480	40	0	16	16	0	0	0	0	0	0	0	0	0	0	0	0	0	0	0	0	0	0
F268-D04	discovery	neighbor	12	17	7452779	11	1	0	-	1	24	30	34	24	0	0	0	0	0	0	0	24	276	1	1	0	PAIR_HIGH_PLUS	2741	26	26	0	0	272	272	0	0	2208	2207	0	1	0	0	0	0	0	0	0	0	0	0	0	0	0	0	0	0	0	0	0	0
F268-D04	discovery	neighbor	12	18	4392991	0	1	0	-	1	24	31	54	24	0	0	0	0	0	0	0	24	276	1	1	0	PAIR_ROW_MINUS	2111	24	24	0	0	216	216	0	0	2208	2191	0	17	0	0	0	0	0	0	0	0	0	0	0	0	0	0	0	0	0	0	0	0
F268-D04	discovery	neighbor	12	18	4392991	1	1	0	-	1	24	31	42	24	0	0	0	0	0	0	0	24	276	1	1	0	PAIR_ROW_MINUS	2081	24	24	0	0	408	408	0	0	2208	2199	0	9	0	0	0	0	0	0	0	0	0	0	0	0	0	0	0	0	0	0	0	0
F268-D04	discovery	neighbor	12	18	4392991	2	1	0	-	1	24	29	37	24	0	0	0	0	0	0	0	24	276	1	1	0	ROW_MINUS_ONE	2111	24	24	0	0	456	442	0	14	2208	2171	0	37	0	0	0	0	0	0	0	0	0	0	0	0	0	0	0	0	0	0	0	0
F268-D04	discovery	neighbor	12	18	4392991	3	1	0	-	1	24	32	44	24	0	0	0	0	0	0	0	24	276	1	1	0	PAIR_ROW_MINUS	2081	24	24	0	0	264	264	0	0	2208	2204	0	4	0	0	0	0	0	0	0	0	0	0	0	0	0	0	0	0	0	0	0	0
F268-D04	discovery	neighbor	12	18	4392991	4	1	0	-	1	24	32	46	24	0	0	0	0	0	0	0	24	276	1	1	0	ROW_MINUS_ONE	2081	24	24	0	0	456	449	0	7	2208	2199	0	9	0	0	0	0	0	0	0	0	0	0	0	0	0	0	0	0	0	0	0	0
F268-D04	discovery	neighbor	12	18	4392991	5	1	0	-	1	24	31	40	24	0	0	0	0	0	0	0	24	276	1	1	0	PAIR_BASE_PLUS	2111	24	24	0	0	216	216	0	0	2208	2160	36	12	12	12	0	0	0	0	0	0	0	0	0	0	0	0	0	0	0	0	0	0
F268-D04	discovery	neighbor	12	18	4392991	6	1	0	-	1	24	31	32	24	0	0	0	0	0	0	0	24	276	1	1	0	PAIR_ROW_MINUS	2081	24	24	0	0	408	408	0	0	2208	2197	0	11	16	16	0	0	0	0	0	0	0	0	0	0	0	0	0	0	0	0	0	0
F268-D04	discovery	neighbor	12	18	4392991	7	1	0	-	1	24	31	37	24	0	0	0	0	0	0	0	24	276	1	1	0	ROW_MINUS_ONE	2081	24	24	0	0	456	394	0	62	2208	2119	0	89	36	36	0	0	0	0	0	0	0	0	0	0	0	0	0	0	0	0	0	0
F268-D04	discovery	neighbor	12	18	4392991	8	1	0	-	1	24	32	41	24	0	0	0	0	0	0	0	24	276	1	1	0	PAIR_HIGH_PLUS	2081	24	24	0	0	264	264	0	0	2208	2198	0	10	24	24	0	0	0	0	0	0	0	0	0	0	0	0	0	0	0	0	0	0
F268-D04	discovery	neighbor	12	18	4392991	9	1	0	-	1	24	31	43	24	0	0	0	0	0	0	0	24	276	1	1	0	ROW_MINUS_ONE	2081	24	24	0	0	456	444	0	12	2208	2178	18	12	6	6	0	0	0	0	0	0	0	0	0	0	0	0	0	0	0	0	0	0
F268-D04	discovery	neighbor	12	18	4392991	10	1	0	-	1	20	26	32	20	0	0	0	0	0	0	0	20	190	0	0	0	-	0	4	4	0	0	300	300	0	0	1520	1480	40	0	16	16	0	0	0	0	0	0	0	0	0	0	0	0	0	0	0	0	0	0
F268-D04	discovery	neighbor	12	18	4392991	11	1	0	-	1	24	29	32	24	0	0	0	0	0	0	0	24	276	1	1	0	PAIR_ROW_PLUS	2081	26	26	0	0	356	356	0	0	2208	2200	0	8	0	0	0	0	0	0	0	0	0	0	0	0	0	0	0	0	0	0	0	0
F268-D04	discovery	neighbor	12	19	6335093	0	1	0	-	1	24	31	39	24	0	0	0	0	0	0	0	24	276	1	1	0	PAIR_BASE_MINUS	2531	24	24	0	0	264	264	0	0	2208	2205	0	3	0	0	0	0	0	0	0	0	0	0	0	0	0	0	0	0	0	0	0	0
F268-D04	discovery	neighbor	12	19	6335093	1	1	0	-	1	24	31	40	24	0	0	0	0	0	0	0	24	276	1	1	0	PAIR_ROW_MINUS	2503	24	24	0	0	216	216	0	0	2208	2203	0	5	0	0	0	0	0	0	0	0	0	0	0	0	0	0	0	0	0	0	0	0
F268-D04	discovery	neighbor	12	19	6335093	2	1	0	-	1	24	31	53	24	0	0	0	0	0	0	0	24	276	1	1	0	PAIR_ROW_MINUS	2503	24	24	0	0	312	312	0	0	2208	2203	0	5	0	0	0	0	0	0	0	0	0	0	0	0	0	0	0	0	0	0	0	0
F268-D04	discovery	neighbor	12	19	6335093	3	1	0	-	1	24	32	43	24	0	0	0	0	0	0	0	24	276	0	0	0	-	0	24	24	0	0	312	312	0	0	2208	2208	0	0	0	0	0	0	0	0	0	0	0	0	0	0	0	0	0	0	0	0	0	0
F268-D04	discovery	neighbor	12	19	6335093	4	1	0	-	1	24	31	37	24	0	0	0	0	0	0	0	24	276	1	1	0	PAIR_BASE_PLUS	2531	24	24	0	0	264	264	0	0	2208	2205	0	3	0	0	0	0	0	0	0	0	0	0	0	0	0	0	0	0	0	0	0	0
F268-D04	discovery	neighbor	12	19	6335093	5	1	0	-	1	24	34	49	24	0	0	0	0	0	0	0	24	276	1	1	0	PAIR_HIGH_PLUS	2531	24	24	0	0	264	264	0	0	2208	2170	36	2	12	12	0	0	0	0	0	0	0	0	0	0	0	0	0	0	0	0	0	0
F268-D04	discovery	neighbor	12	19	6335093	6	1	0	-	1	24	31	50	24	0	0	0	0	0	0	0	24	276	1	1	0	PAIR_HIGH_MINUS	2503	24	24	0	0	216	216	0	0	2208	2206	0	2	16	16	0	0	0	0	0	0	0	0	0	0	0	0	0	0	0	0	0	0
F268-D04	discovery	neighbor	12	19	6335093	7	1	0	-	1	24	32	35	24	0	0	0	0	0	0	0	24	276	1	1	0	PAIR_HIGH_MINUS	2503	24	24	0	0	312	312	0	0	2208	2203	0	5	36	36	0	0	0	0	0	0	0	0	0	0	0	0	0	0	0	0	0	0
F268-D04	discovery	neighbor	12	19	6335093	8	1	0	-	1	24	34	35	24	0	0	0	0	0	0	0	24	276	0	0	0	-	0	24	24	0	0	312	312	0	0	2208	2208	0	0	24	24	0	0	0	0	0	0	0	0	0	0	0	0	0	0	0	0	0	0
F268-D04	discovery	neighbor	12	19	6335093	9	1	0	-	1	24	34	50	24	0	0	0	0	0	0	0	24	276	0	0	0	-	0	24	24	0	0	264	264	0	0	2208	2190	18	0	6	6	0	0	0	0	0	0	0	0	0	0	0	0	0	0	0	0	0	0
F268-D04	discovery	neighbor	12	19	6335093	10	1	0	-	1	20	26	32	20	0	0	0	0	0	0	0	20	190	0	0	0	-	0	4	4	0	0	228	228	0	0	1520	1480	40	0	16	16	0	0	0	0	0	0	0	0	0	0	0	0	0	0	0	0	0	0
F268-D04	discovery	neighbor	12	19	6335093	11	1	0	-	1	24	31	47	24	0	0	0	0	0	0	0	24	276	1	1	0	PAIR_HIGH_PLUS	2531	26	26	0	0	274	274	0	0	2208	2207	0	1	0	0	0	0	0	0	0	0	0	0	0	0	0	0	0	0	0	0	0	0
F268-D04	discovery	neighbor	12	20	5198351	0	1	0	-	1	24	30	49	24	0	0	0	0	0	0	0	24	276	1	1	0	PAIR_HIGH_MINUS	2273	24	24	0	0	216	216	0	0	2208	2205	0	3	0	0	0	0	0	0	0	0	0	0	0	0	0	0	0	0	0	0	0	0
F268-D04	discovery	neighbor	12	20	5198351	1	1	0	-	1	24	31	45	24	0	0	0	0	0	0	0	24	276	1	1	0	PAIR_ROW_PLUS	2273	24	24	0	0	360	360	0	0	2208	2204	0	4	0	0	0	0	0	0	0	0	0	0	0	0	0	0	0	0	0	0	0	0
F268-D04	discovery	neighbor	12	20	5198351	2	1	0	-	1	24	34	46	24	0	0	0	0	0	0	0	24	276	1	1	0	HIGH_DIGIT	2287	24	24	0	0	408	407	0	1	2208	2180	0	28	0	0	0	0	0	0	0	0	0	0	0	0	0	0	0	0	0	0	0	0
F268-D04	discovery	neighbor	12	20	5198351	3	1	0	-	1	24	32	29	24	0	0	0	0	0	0	0	24	276	1	1	0	PAIR_ROW_PLUS	2273	24	24	0	0	264	264	0	0	2208	2207	0	1	0	0	0	0	0	0	0	0	0	0	0	0	0	0	0	0	0	0	0	0
F268-D04	discovery	neighbor	12	20	5198351	4	1	0	-	1	24	33	42	24	0	0	0	0	0	0	0	24	276	1	1	0	PAIR_ROW_MINUS	2273	24	24	0	0	408	408	0	0	2208	2199	0	9	0	0	0	0	0	0	0	0	0	0	0	0	0	0	0	0	0	0	0	0
F268-D04	discovery	neighbor	12	20	5198351	5	1	0	-	1	24	34	42	24	0	0	0	0	0	0	0	24	276	0	0	0	-	0	24	24	0	0	216	216	0	0	2208	2172	36	0	12	12	0	0	0	0	0	0	0	0	0	0	0	0	0	0	0	0	0	0
F268-D04	discovery	neighbor	12	20	5198351	6	1	0	-	1	24	34	47	24	0	0	0	0	0	0	0	24	276	1	1	0	ROW_MINUS_ONE	2273	24	24	0	0	360	348	0	12	2208	2202	0	6	16	16	0	0	0	0	0	0	0	0	0	0	0	0	0	0	0	0	0	0
F268-D04	discovery	neighbor	12	20	5198351	7	1	0	-	1	24	34	44	24	0	0	0	0	0	0	0	24	276	1	1	0	PAIR_HIGH_MINUS	2287	24	24	0	0	408	408	0	0	2208	2201	0	7	36	36	0	0	0	0	0	0	0	0	0	0	0	0	0	0	0	0	0	0
F268-D04	discovery	neighbor	12	20	5198351	8	1	0	-	1	24	35	42	24	0	0	0	0	0	0	0	24	276	1	1	0	PAIR_HIGH_PLUS	2287	24	24	0	0	264	264	0	0	2208	2206	0	2	24	24	0	0	0	0	0	0	0	0	0	0	0	0	0	0	0	0	0	0
F268-D04	discovery	neighbor	12	20	5198351	9	1	0	-	1	24	32	44	24	0	0	0	0	0	0	0	24	276	1	1	0	ROW_MINUS_ONE	2273	24	24	0	0	408	403	0	5	2208	2175	18	15	6	6	0	0	0	0	0	0	0	0	0	0	0	0	0	0	0	0	0	0
F268-D04	discovery	neighbor	12	20	5198351	10	1	0	-	1	20	29	28	20	0	0	0	0	0	0	0	20	190	1	1	0	PAIR_ROW_PLUS	2273	4	4	0	0	276	276	0	0	1520	1478	40	2	16	16	0	0	0	0	0	0	0	0	0	0	0	0	0	0	0	0	0	0
F268-D04	discovery	neighbor	12	20	5198351	11	1	0	-	1	24	33	40	24	0	0	0	0	0	0	0	24	276	1	1	0	PAIR_ROW_PLUS	2273	26	26	0	0	328	328	0	0	2208	2207	0	1	0	0	0	0	0	0	0	0	0	0	0	0	0	0	0	0	0	0	0	0
F268-D04	discovery	neighbor	12	21	6410903	0	1	0	-	1	24	33	37	24	0	0	0	0	0	0	0	24	276	1	1	0	PAIR_HIGH_PLUS	2521	24	24	0	0	216	216	0	0	2208	2207	0	1	0	0	0	0	0	0	0	0	0	0	0	0	0	0	0	0	0	0	0	0
F268-D04	discovery	neighbor	12	21	6410903	1	1	0	-	1	24	31	44	24	0	0	0	0	0	0	0	24	276	1	1	0	ROW_MINUS_ONE	2521	24	24	0	0	312	302	0	10	2208	2206	0	2	0	0	0	0	0	0	0	0	0	0	0	0	0	0	0	0	0	0	0	0
F268-D04	discovery	neighbor	12	21	6410903	2	1	0	-	1	24	33	49	24	0	0	0	0	0	0	0	24	276	1	1	0	PAIR_ROW_MINUS	2521	24	24	0	0	360	360	0	0	2208	2203	0	5	0	0	0	0	0	0	0	0	0	0	0	0	0	0	0	0	0	0	0	0
F268-D04	discovery	neighbor	12	21	6410903	3	1	0	-	1	24	29	45	24	0	0	0	0	0	0	0	24	276	1	1	0	PAIR_BASE_MINUS	2543	24	24	0	0	264	264	0	0	2208	2205	0	3	0	0	0	0	0	0	0	0	0	0	0	0	0	0	0	0	0	0	0	0
F268-D04	discovery	neighbor	12	21	6410903	4	1	0	-	1	24	34	44	24	0	0	0	0	0	0	0	24	276	1	1	0	PAIR_ROW_MINUS	2521	24	24	0	0	360	360	0	0	2208	2202	0	6	0	0	0	0	0	0	0	0	0	0	0	0	0	0	0	0	0	0	0	0
F268-D04	discovery	neighbor	12	21	6410903	5	1	0	-	1	24	33	46	24	0	0	0	0	0	0	0	24	276	0	0	0	-	0	24	24	0	0	216	216	0	0	2208	2172	36	0	12	12	0	0	0	0	0	0	0	0	0	0	0	0	0	0	0	0	0	0
F268-D04	discovery	neighbor	12	21	6410903	6	1	0	-	1	24	31	32	24	0	0	0	0	0	0	0	24	276	1	1	0	PAIR_ROW_MINUS	2521	24	24	0	0	312	312	0	0	2208	2197	0	11	16	16	0	0	0	0	0	0	0	0	0	0	0	0	0	0	0	0	0	0
F268-D04	discovery	neighbor	12	21	6410903	7	1	0	-	1	24	31	39	24	0	0	0	0	0	0	0	24	276	1	1	0	PAIR_ROW_MINUS	2521	24	24	0	0	360	360	0	0	2208	2195	0	13	36	36	0	0	0	0	0	0	0	0	0	0	0	0	0	0	0	0	0	0
F268-D04	discovery	neighbor	12	21	6410903	8	1	0	-	1	24	33	44	24	0	0	0	0	0	0	0	24	276	0	0	0	-	0	24	24	0	0	264	264	0	0	2208	2208	0	0	24	24	0	0	0	0	0	0	0	0	0	0	0	0	0	0	0	0	0	0
F268-D04	discovery	neighbor	12	21	6410903	9	1	0	-	1	24	34	57	24	0	0	0	0	0	0	0	24	276	1	1	0	PAIR_ROW_MINUS	2521	24	24	0	0	360	360	0	0	2208	2182	18	8	6	6	0	0	0	0	0	0	0	0	0	0	0	0	0	0	0	0	0	0
F268-D04	discovery	neighbor	12	21	6410903	10	1	0	-	1	20	32	44	20	0	0	0	0	0	0	0	20	190	1	1	0	PAIR_ROW_MINUS	2521	4	4	0	0	252	252	0	0	1520	1478	40	2	16	16	0	0	0	0	0	0	0	0	0	0	0	0	0	0	0	0	0	0
F268-D04	discovery	neighbor	12	21	6410903	11	1	0	-	1	24	32	45	24	0	0	0	0	0	0	0	24	276	0	0	0	-	0	26	26	0	0	300	300	0	0	2208	2208	0	0	0	0	0	0	0	0	0	0	0	0	0	0	0	0	0	0	0	0	0	0
F268-D04	discovery	neighbor	12	22	8856047	0	1	0	-	1	24	35	46	24	0	0	0	0	0	0	0	24	276	0	0	0	-	0	24	24	0	0	216	216	0	0	2208	2208	0	0	0	0	0	0	0	0	0	0	0	0	0	0	0	0	0	0	0	0	0	0
F268-D04	discovery	neighbor	12	22	8856047	1	1	0	-	1	24	34	51	24	0	0	0	0	0	0	0	24	276	1	1	0	PAIR_ROW_MINUS	2953	24	24	0	0	360	360	0	0	2208	2197	0	11	0	0	0	0	0	0	0	0	0	0	0	0	0	0	0	0	0	0	0	0
F268-D04	discovery	neighbor	12	22	8856047	2	1	0	-	1	24	32	40	24	0	0	0	0	0	0	0	24	276	1	1	0	PAIR_ROW_MINUS	2953	24	24	0	0	408	408	0	0	2208	2202	0	6	0	0	0	0	0	0	0	0	0	0	0	0	0	0	0	0	0	0	0	0
F268-D04	discovery	neighbor	12	22	8856047	3	1	0	-	1	24	30	34	24	0	0	0	0	0	0	0	24	276	1	1	0	PAIR_BASE_PLUS	2999	24	24	0	0	264	264	0	0	2208	2205	0	3	0	0	0	0	0	0	0	0	0	0	0	0	0	0	0	0	0	0	0	0
F268-D04	discovery	neighbor	12	22	8856047	4	1	0	-	1	24	30	44	24	0	0	0	0	0	0	0	24	276	1	1	0	PAIR_HIGH_MINUS	2953	24	24	0	0	408	408	0	0	2208	2199	0	9	0	0	0	0	0	0	0	0	0	0	0	0	0	0	0	0	0	0	0	0
F268-D04	discovery	neighbor	12	22	8856047	5	1	0	-	1	24	31	42	24	0	0	0	0	0	0	0	24	276	1	1	0	PAIR_BASE_MINUS	2953	24	24	0	0	216	216	0	0	2208	2160	36	12	12	12	0	0	0	0	0	0	0	0	0	0	0	0	0	0	0	0	0	0
F268-D04	discovery	neighbor	12	22	8856047	6	1	0	-	1	24	32	52	24	0	0	0	0	0	0	0	24	276	1	1	0	PAIR_HIGH_PLUS	2999	24	24	0	0	360	360	0	0	2208	2207	0	1	16	16	0	0	0	0	0	0	0	0	0	0	0	0	0	0	0	0	0	0
F268-D04	discovery	neighbor	12	22	8856047	7	1	0	-	1	24	30	50	24	0	0	0	0	0	0	0	24	276	1	1	0	PAIR_ROW_MINUS	2953	24	24	0	0	408	408	0	0	2208	2206	0	2	36	36	0	0	0	0	0	0	0	0	0	0	0	0	0	0	0	0	0	0
F268-D04	discovery	neighbor	12	22	8856047	8	1	0	-	1	24	30	40	24	0	0	0	0	0	0	0	24	276	0	0	0	-	0	24	24	0	0	264	264	0	0	2208	2208	0	0	24	24	0	0	0	0	0	0	0	0	0	0	0	0	0	0	0	0	0	0
F268-D04	discovery	neighbor	12	22	8856047	9	1	0	-	1	24	35	55	24	0	0	0	0	0	0	0	24	276	1	1	0	PAIR_ROW_MINUS	2953	24	24	0	0	408	408	0	0	2208	2180	18	10	6	6	0	0	0	0	0	0	0	0	0	0	0	0	0	0	0	0	0	0
F268-D04	discovery	neighbor	12	22	8856047	10	1	0	-	1	20	26	39	20	0	0	0	0	0	0	0	20	190	1	1	0	PAIR_ROW_MINUS	2999	4	4	0	0	276	276	0	0	1520	1475	40	5	16	16	0	0	0	0	0	0	0	0	0	0	0	0	0	0	0	0	0	0
F268-D04	discovery	neighbor	12	22	8856047	11	1	0	-	1	24	34	44	24	0	0	0	0	0	0	0	24	276	1	1	0	PAIR_ROW_MINUS	2953	26	26	0	0	328	328	0	0	2208	2204	0	4	0	0	0	0	0	0	0	0	0	0	0	0	0	0	0	0	0	0	0	0
F268-D04	discovery	neighbor	12	23	14930327	0	1	0	-	1	24	31	56	24	0	0	0	0	0	0	0	24	276	0	0	0	-	0	24	24	0	0	216	216	0	0	2208	2208	0	0	0	0	0	0	0	0	0	0	0	0	0	0	0	0	0	0	0	0	0	0
F268-D04	discovery	neighbor	12	23	14930327	1	1	0	-	1	24	32	57	24	0	0	0	0	0	0	0	24	276	1	1	0	PAIR_ROW_MINUS	3877	24	24	0	0	312	312	0	0	2208	2206	0	2	0	0	0	0	0	0	0	0	0	0	0	0	0	0	0	0	0	0	0	0
F268-D04	discovery	neighbor	12	23	14930327	2	1	0	-	1	24	33	54	24	0	0	0	0	0	0	0	24	276	1	1	0	ROW_MINUS_ONE	3851	24	24	0	0	360	353	0	7	2208	2203	0	5	0	0	0	0	0	0	0	0	0	0	0	0	0	0	0	0	0	0	0	0
F268-D04	discovery	neighbor	12	23	14930327	3	1	0	-	1	24	32	37	24	0	0	0	0	0	0	0	24	276	1	1	0	PAIR_HIGH_MINUS	3877	24	24	0	0	264	264	0	0	2208	2207	0	1	0	0	0	0	0	0	0	0	0	0	0	0	0	0	0	0	0	0	0	0
F268-D04	discovery	neighbor	12	23	14930327	4	1	0	-	1	24	30	47	24	0	0	0	0	0	0	0	24	276	1	1	0	PAIR_ROW_MINUS	3851	24	24	0	0	360	360	0	0	2208	2206	0	2	0	0	0	0	0	0	0	0	0	0	0	0	0	0	0	0	0	0	0	0
F268-D04	discovery	neighbor	12	23	14930327	5	1	0	-	1	24	31	63	24	0	0	0	0	0	0	0	24	276	0	0	0	-	0	24	24	0	0	216	216	0	0	2208	2172	36	0	12	12	0	0	0	0	0	0	0	0	0	0	0	0	0	0	0	0	0	0
F268-D04	discovery	neighbor	12	23	14930327	6	1	0	-	1	24	30	39	24	0	0	0	0	0	0	0	24	276	1	1	0	PAIR_BASE_PLUS	3851	24	24	0	0	312	312	0	0	2208	2205	0	3	16	16	0	0	0	0	0	0	0	0	0	0	0	0	0	0	0	0	0	0
F268-D04	discovery	neighbor	12	23	14930327	7	1	0	-	1	24	34	47	24	0	0	0	0	0	0	0	24	276	1	1	0	ROW_MINUS_ONE	3851	24	24	0	0	360	332	0	28	2208	2188	0	20	36	36	0	0	0	0	0	0	0	0	0	0	0	0	0	0	0	0	0	0
F268-D04	discovery	neighbor	12	23	14930327	8	1	0	-	1	24	33	45	24	0	0	0	0	0	0	0	24	276	0	0	0	-	0	24	24	0	0	264	264	0	0	2208	2208	0	0	24	24	0	0	0	0	0	0	0	0	0	0	0	0	0	0	0	0	0	0
F268-D04	discovery	neighbor	12	23	14930327	9	1	0	-	1	24	33	43	24	0	0	0	0	0	0	0	24	276	1	1	0	PAIR_ROW_MINUS	3851	24	24	0	0	360	360	0	0	2208	2178	18	12	6	6	0	0	0	0	0	0	0	0	0	0	0	0	0	0	0	0	0	0
F268-D04	discovery	neighbor	12	23	14930327	10	1	0	-	1	20	24	29	20	0	0	0	0	0	0	0	20	190	1	1	0	PAIR_ROW_MINUS	3877	4	4	0	0	252	252	0	0	1520	1478	40	2	16	16	0	0	0	0	0	0	0	0	0	0	0	0	0	0	0	0	0	0
F268-D04	discovery	neighbor	12	23	14930327	11	1	0	-	1	24	31	42	24	0	0	0	0	0	0	0	24	276	0	0	0	-	0	26	26	0	0	300	300	0	0	2208	2208	0	0	0	0	0	0	0	0	0	0	0	0	0	0	0	0	0	0	0	0	0	0
F268-D04	discovery	safe-safe	12	24	6618793	0	1	0	-	1	24	29	43	24	0	0	0	0	0	0	0	24	276	0	0	0	-	0	24	24	0	0	312	312	0	0	2208	2208	0	0	0	0	0	0	0	0	0	0	0	0	0	0	0	0	0	0	0	0	0	0
F268-D04	discovery	safe-safe	12	24	6618793	1	1	0	-	1	24	30	40	24	0	0	0	0	0	0	0	24	276	0	0	0	-	0	24	24	0	0	216	216	0	0	2208	2208	0	0	0	0	0	0	0	0	0	0	0	0	0	0	0	0	0	0	0	0	0	0
F268-D04	discovery	safe-safe	12	24	6618793	2	1	0	-	1	24	34	52	24	0	0	0	0	0	0	0	24	276	0	0	0	-	0	24	24	0	0	360	360	0	0	2208	2208	0	0	0	0	0	0	0	0	0	0	0	0	0	0	0	0	0	0	0	0	0	0
F268-D04	discovery	safe-safe	12	24	6618793	3	1	0	-	1	24	34	54	24	0	0	0	0	0	0	0	24	276	0	0	0	-	0	24	24	0	0	360	360	0	0	2208	2208	0	0	0	0	0	0	0	0	0	0	0	0	0	0	0	0	0	0	0	0	0	0
F268-D04	discovery	safe-safe	12	24	6618793	4	1	0	-	1	24	33	43	24	0	0	0	0	0	0	0	24	276	0	0	0	-	0	24	24	0	0	264	264	0	0	2208	2208	0	0	0	0	0	0	0	0	0	0	0	0	0	0	0	0	0	0	0	0	0	0
F268-D04	discovery	safe-safe	12	24	6618793	5	1	0	-	1	24	31	46	24	0	0	0	0	0	0	0	24	276	0	0	0	-	0	24	24	0	0	312	312	0	0	2208	2172	36	0	12	12	0	0	0	0	0	0	0	0	0	0	0	0	0	0	0	0	0	0
F268-D04	discovery	safe-safe	12	24	6618793	6	1	0	-	1	24	32	31	24	0	0	0	0	0	0	0	24	276	0	0	0	-	0	24	24	0	0	216	216	0	0	2208	2208	0	0	16	16	0	0	0	0	0	0	0	0	0	0	0	0	0	0	0	0	0	0
F268-D04	discovery	safe-safe	12	24	6618793	7	1	0	-	1	24	31	49	24	0	0	0	0	0	0	0	24	276	0	0	0	-	0	24	24	0	0	360	360	0	0	2208	2208	0	0	36	36	0	0	0	0	0	0	0	0	0	0	0	0	0	0	0	0	0	0
F268-D04	discovery	safe-safe	12	24	6618793	8	1	0	-	1	24	32	47	24	0	0	0	0	0	0	0	24	276	0	0	0	-	0	24	24	0	0	360	360	0	0	2208	2208	0	0	24	24	0	0	0	0	0	0	0	0	0	0	0	0	0	0	0	0	0	0
F268-D04	discovery	safe-safe	12	24	6618793	9	1	0	-	1	24	32	49	24	0	0	0	0	0	0	0	24	276	0	0	0	-	0	24	24	0	0	264	264	0	0	2208	2190	18	0	6	6	0	0	0	0	0	0	0	0	0	0	0	0	0	0	0	0	0	0
F268-D04	discovery	safe-safe	12	24	6618793	10	1	0	-	1	20	27	41	20	0	0	0	0	0	0	0	20	190	1	1	0	PAIR_HIGH_MINUS	2207	4	4	0	0	252	252	0	0	1520	1479	40	1	16	16	0	0	0	0	0	0	0	0	0	0	0	0	0	0	0	0	0	0
F268-D04	discovery	safe-safe	12	24	6618793	11	1	0	-	1	24	29	43	24	0	0	0	0	0	0	0	24	276	0	0	0	-	0	26	26	0	0	304	304	0	0	2208	2208	0	0	0	0	0	0	0	0	0	0	0	0	0	0	0	0	0	0	0	0	0	0
F268-D04	discovery	safe-safe	12	25	8115901	0	1	0	-	1	24	32	41	24	0	0	0	0	0	0	0	24	276	1	1	0	PAIR_BASE_MINUS	2879	24	24	0	0	264	264	0	0	2208	2205	0	3	0	0	0	0	0	0	0	0	0	0	0	0	0	0	0	0	0	0	0	0
F268-D04	discovery	safe-safe	12	25	8115901	1	1	0	-	1	24	30	36	24	0	0	0	0	0	0	0	24	276	0	0	0	-	0	24	24	0	0	216	216	0	0	2208	2208	0	0	0	0	0	0	0	0	0	0	0	0	0	0	0	0	0	0	0	0	0	0
F268-D04	discovery	safe-safe	12	25	8115901	2	1	0	-	1	24	31	44	24	0	0	0	0	0	0	0	24	276	0	0	0	-	0	24	24	0	0	312	312	0	0	2208	2208	0	0	0	0	0	0	0	0	0	0	0	0	0	0	0	0	0	0	0	0	0	0
F268-D04	discovery	safe-safe	12	25	8115901	3	1	0	-	1	24	30	40	24	0	0	0	0	0	0	0	24	276	1	1	0	PAIR_HIGH_PLUS	2879	24	24	0	0	312	312	0	0	2208	2207	0	1	0	0	0	0	0	0	0	0	0	0	0	0	0	0	0	0	0	0	0	0
F268-D04	discovery	safe-safe	12	25	8115901	4	1	0	-	1	24	32	54	24	0	0	0	0	0	0	0	24	276	0	0	0	-	0	24	24	0	0	264	264	0	0	2208	2208	0	0	0	0	0	0	0	0	0	0	0	0	0	0	0	0	0	0	0	0	0	0
F268-D04	discovery	safe-safe	12	25	8115901	5	1	0	-	1	24	33	34	24	0	0	0	0	0	0	0	24	276	0	0	0	-	0	24	24	0	0	264	264	0	0	2208	2172	36	0	12	12	0	0	0	0	0	0	0	0	0	0	0	0	0	0	0	0	0	0
F268-D04	discovery	safe-safe	12	25	8115901	6	1	0	-	1	24	34	43	24	0	0	0	0	0	0	0	24	276	1	1	0	PAIR_HIGH_PLUS	2879	24	24	0	0	216	216	0	0	2208	2207	0	1	16	16	0	0	0	0	0	0	0	0	0	0	0	0	0	0	0	0	0	0
F268-D04	discovery	safe-safe	12	25	8115901	7	1	0	-	1	24	32	49	24	0	0	0	0	0	0	0	24	276	1	1	0	PAIR_BASE_MINUS	2879	24	24	0	0	312	312	0	0	2208	2205	0	3	36	36	0	0	0	0	0	0	0	0	0	0	0	0	0	0	0	0	0	0
F268-D04	discovery	safe-safe	12	25	8115901	8	1	0	-	1	24	30	38	24	0	0	0	0	0	0	0	24	276	0	0	0	-	0	24	24	0	0	312	312	0	0	2208	2208	0	0	24	24	0	0	0	0	0	0	0	0	0	0	0	0	0	0	0	0	0	0
F268-D04	discovery	safe-safe	12	25	8115901	9	1	0	-	1	24	30	23	24	0	0	0	0	0	0	0	24	276	1	1	0	PAIR_HIGH_PLUS	2879	24	24	0	0	264	264	0	0	2208	2189	18	1	6	6	0	0	0	0	0	0	0	0	0	0	0	0	0	0	0	0	0	0
F268-D04	discovery	safe-safe	12	25	8115901	10	1	0	-	1	20	25	26	20	0	0	0	0	0	0	0	20	190	1	1	0	PAIR_HIGH_MINUS	2819	4	4	0	0	228	228	0	0	1520	1479	40	1	16	16	0	0	0	0	0	0	0	0	0	0	0	0	0	0	0	0	0	0
F268-D04	discovery	safe-safe	12	25	8115901	11	1	0	-	1	24	35	69	24	0	0	0	0	0	0	0	24	276	1	1	0	PAIR_HIGH_PLUS	2819	26	26	0	0	274	274	0	0	2208	2207	0	1	0	0	0	0	0	0	0	0	0	0	0	0	0	0	0	0	0	0	0	0
F268-D04	discovery	safe-safe	12	26	9002353	0	1	0	-	1	24	31	34	24	0	0	0	0	0	0	0	24	276	1	1	0	PAIR_BASE_MINUS	2207	24	24	0	0	360	360	0	0	2208	2205	0	3	0	0	0	0	0	0	0	0	0	0	0	0	0	0	0	0	0	0	0	0
F268-D04	discovery	safe-safe	12	26	9002353	1	1	0	-	1	24	33	41	24	0	0	0	0	0	0	0	24	276	1	1	0	PAIR_BASE_MINUS	4079	24	24	0	0	216	216	0	0	2208	2202	0	6	0	0	0	0	0	0	0	0	0	0	0	0	0	0	0	0	0	0	0	0
F268-D04	discovery	safe-safe	12	26	9002353	2	1	0	-	1	24	33	38	24	0	0	0	0	0	0	0	24	276	0	0	0	-	0	24	24	0	0	408	408	0	0	2208	2208	0	0	0	0	0	0	0	0	0	0	0	0	0	0	0	0	0	0	0	0	0	0
F268-D04	discovery	safe-safe	12	26	9002353	3	1	0	-	1	24	34	40	24	0	0	0	0	0	0	0	24	276	1	1	0	PAIR_BASE_MINUS	4079	24	24	0	0	408	408	0	0	2208	2205	0	3	0	0	0	0	0	0	0	0	0	0	0	0	0	0	0	0	0	0	0	0
F268-D04	discovery	safe-safe	12	26	9002353	4	1	0	-	1	24	31	33	24	0	0	0	0	0	0	0	24	276	0	0	0	-	0	24	24	0	0	264	264	0	0	2208	2208	0	0	0	0	0	0	0	0	0	0	0	0	0	0	0	0	0	0	0	0	0	0
F268-D04	discovery	safe-safe	12	26	9002353	5	1	0	-	1	24	32	48	24	0	0	0	0	0	0	0	24	276	1	1	0	PAIR_HIGH_PLUS	4079	24	24	0	0	360	360	0	0	2208	2170	36	2	12	12	0	0	0	0	0	0	0	0	0	0	0	0	0	0	0	0	0	0
F268-D04	discovery	safe-safe	12	26	9002353	6	1	0	-	1	24	29	41	24	0	0	0	0	0	0	0	24	276	1	1	0	PAIR_HIGH_PLUS	2207	24	24	0	0	216	216	0	0	2208	2206	0	2	16	16	0	0	0	0	0	0	0	0	0	0	0	0	0	0	0	0	0	0
F268-D04	discovery	safe-safe	12	26	9002353	7	1	0	-	1	24	28	25	24	0	0	0	0	0	0	0	24	276	0	0	0	-	0	24	24	0	0	408	408	0	0	2208	2208	0	0	36	36	0	0	0	0	0	0	0	0	0	0	0	0	0	0	0	0	0	0
F268-D04	discovery	safe-safe	12	26	9002353	8	1	0	-	1	24	38	54	24	0	0	0	0	0	0	0	24	276	0	0	0	-	0	24	24	0	0	408	408	0	0	2208	2208	0	0	24	24	0	0	0	0	0	0	0	0	0	0	0	0	0	0	0	0	0	0
F268-D04	discovery	safe-safe	12	26	9002353	9	1	0	-	1	24	32	39	24	0	0	0	0	0	0	0	24	276	0	0	0	-	0	24	24	0	0	264	264	0	0	2208	2190	18	0	6	6	0	0	0	0	0	0	0	0	0	0	0	0	0	0	0	0	0	0
F268-D04	discovery	safe-safe	12	26	9002353	10	1	0	-	1	20	26	41	20	0	0	0	0	0	0	0	20	190	0	0	0	-	0	4	4	0	0	276	276	0	0	1520	1480	40	0	16	16	0	0	0	0	0	0	0	0	0	0	0	0	0	0	0	0	0	0
F268-D04	discovery	safe-safe	12	26	9002353	11	1	0	-	1	24	29	35	24	0	0	0	0	0	0	0	24	276	0	0	0	-	0	26	26	0	0	334	334	0	0	2208	2208	0	0	0	0	0	0	0	0	0	0	0	0	0	0	0	0	0	0	0	0	0	0
F268-D04	discovery	safe-safe	12	27	9705673	0	1	0	-	1	24	29	31	24	0	0	0	0	0	0	0	24	276	1	1	0	ROW_MINUS_ONE	2459	24	24	0	0	312	306	0	6	2208	2208	0	0	0	0	0	0	0	0	0	0	0	0	0	0	0	0	0	0	0	0	0	0
F268-D04	discovery	safe-safe	12	27	9705673	1	1	0	-	1	24	32	46	24	0	0	0	0	0	0	0	24	276	0	0	0	-	0	24	24	0	0	216	216	0	0	2208	2208	0	0	0	0	0	0	0	0	0	0	0	0	0	0	0	0	0	0	0	0	0	0
F268-D04	discovery	safe-safe	12	27	9705673	2	1	0	-	1	24	31	38	24	0	0	0	0	0	0	0	24	276	1	1	0	PAIR_BASE_PLUS	3947	24	24	0	0	360	360	0	0	2208	2205	0	3	0	0	0	0	0	0	0	0	0	0	0	0	0	0	0	0	0	0	0	0
F268-D04	discovery	safe-safe	12	27	9705673	3	1	0	-	1	24	35	49	24	0	0	0	0	0	0	0	24	276	1	1	0	PAIR_HIGH_MINUS	2459	24	24	0	0	360	360	0	0	2208	2204	0	4	0	0	0	0	0	0	0	0	0	0	0	0	0	0	0	0	0	0	0	0
F268-D04	discovery	safe-safe	12	27	9705673	4	1	0	-	1	24	33	44	24	0	0	0	0	0	0	0	24	276	1	1	0	PAIR_HIGH_PLUS	2459	24	24	0	0	264	264	0	0	2208	2206	0	2	0	0	0	0	0	0	0	0	0	0	0	0	0	0	0	0	0	0	0	0
F268-D04	discovery	safe-safe	12	27	9705673	5	1	0	-	1	24	31	34	24	0	0	0	0	0	0	0	24	276	0	0	0	-	0	24	24	0	0	312	312	0	0	2208	2172	36	0	12	12	0	0	0	0	0	0	0	0	0	0	0	0	0	0	0	0	0	0
F268-D04	discovery	safe-safe	12	27	9705673	6	1	0	-	1	24	32	54	24	0	0	0	0	0	0	0	24	276	1	1	0	PAIR_BASE_MINUS	2459	24	24	0	0	216	216	0	0	2208	2202	0	6	16	16	0	0	0	0	0	0	0	0	0	0	0	0	0	0	0	0	0	0
F268-D04	discovery	safe-safe	12	27	9705673	7	1	0	-	1	24	33	49	24	0	0	0	0	0	0	0	24	276	0	0	0	-	0	24	24	0	0	360	360	0	0	2208	2208	0	0	36	36	0	0	0	0	0	0	0	0	0	0	0	0	0	0	0	0	0	0
F268-D04	discovery	safe-safe	12	27	9705673	8	1	0	-	1	24	31	45	24	0	0	0	0	0	0	0	24	276	0	0	0	-	0	24	24	0	0	360	360	0	0	2208	2208	0	0	24	24	0	0	0	0	0	0	0	0	0	0	0	0	0	0	0	0	0	0
F268-D04	discovery	safe-safe	12	27	9705673	9	1	0	-	1	24	33	56	24	0	0	0	0	0	0	0	24	276	0	0	0	-	0	24	24	0	0	264	264	0	0	2208	2190	18	0	6	6	0	0	0	0	0	0	0	0	0	0	0	0	0	0	0	0	0	0
F268-D04	discovery	safe-safe	12	27	9705673	10	1	0	-	1	20	26	32	20	0	0	0	0	0	0	0	20	190	0	0	0	-	0	4	4	0	0	252	252	0	0	1520	1480	40	0	16	16	0	0	0	0	0	0	0	0	0	0	0	0	0	0	0	0	0	0
F268-D04	discovery	safe-safe	12	27	9705673	11	1	0	-	1	24	31	51	24	0	0	0	0	0	0	0	24	276	1	1	0	PAIR_HIGH_PLUS	3947	26	26	0	0	304	304	0	0	2208	2207	0	1	0	0	0	0	0	0	0	0	0	0	0	0	0	0	0	0	0	0	0	0
F268-D04	discovery	safe-safe	12	28	8979601	0	1	0	-	1	24	35	44	24	0	0	0	0	0	0	0	24	276	0	0	0	-	0	24	24	0	0	360	360	0	0	2208	2208	0	0	0	0	0	0	0	0	0	0	0	0	0	0	0	0	0	0	0	0	0	0
F268-D04	discovery	safe-safe	12	28	8979601	1	1	0	-	1	24	33	54	24	0	0	0	0	0	0	0	24	276	1	1	0	PAIR_HIGH_MINUS	2879	24	24	0	0	216	216	0	0	2208	2204	0	4	0	0	0	0	0	0	0	0	0	0	0	0	0	0	0	0	0	0	0	0
F268-D04	discovery	safe-safe	12	28	8979601	2	1	0	-	1	24	32	37	24	0	0	0	0	0	0	0	24	276	0	0	0	-	0	24	24	0	0	408	408	0	0	2208	2208	0	0	0	0	0	0	0	0	0	0	0	0	0	0	0	0	0	0	0	0	0	0
F268-D04	discovery	safe-safe	12	28	8979601	3	1	0	-	1	24	32	40	24	0	0	0	0	0	0	0	24	276	1	1	0	PAIR_HIGH_PLUS	2879	24	24	0	0	408	408	0	0	2208	2207	0	1	0	0	0	0	0	0	0	0	0	0	0	0	0	0	0	0	0	0	0	0
F268-D04	discovery	safe-safe	12	28	8979601	4	1	0	-	1	24	33	59	24	0	0	0	0	0	0	0	24	276	1	1	0	PAIR_HIGH_MINUS	2879	24	24	0	0	264	264	0	0	2208	2207	0	1	0	0	0	0	0	0	0	0	0	0	0	0	0	0	0	0	0	0	0	0
F268-D04	discovery	safe-safe	12	28	8979601	5	1	0	-	1	24	32	45	24	0	0	0	0	0	0	0	24	276	0	0	0	-	0	24	24	0	0	360	360	0	0	2208	2172	36	0	12	12	0	0	0	0	0	0	0	0	0	0	0	0	0	0	0	0	0	0
F268-D04	discovery	safe-safe	12	28	8979601	6	1	0	-	1	24	29	33	24	0	0	0	0	0	0	0	24	276	1	1	0	PAIR_BASE_PLUS	3119	24	24	0	0	216	216	0	0	2208	2205	0	3	16	16	0	0	0	0	0	0	0	0	0	0	0	0	0	0	0	0	0	0
F268-D04	discovery	safe-safe	12	28	8979601	7	1	0	-	1	24	31	45	24	0	0	0	0	0	0	0	24	276	0	0	0	-	0	24	24	0	0	408	408	0	0	2208	2208	0	0	36	36	0	0	0	0	0	0	0	0	0	0	0	0	0	0	0	0	0	0
F268-D04	discovery	safe-safe	12	28	8979601	8	1	0	-	1	24	30	39	24	0	0	0	0	0	0	0	24	276	0	0	0	-	0	24	24	0	0	408	408	0	0	2208	2208	0	0	24	24	0	0	0	0	0	0	0	0	0	0	0	0	0	0	0	0	0	0
F268-D04	discovery	safe-safe	12	28	8979601	9	1	0	-	1	24	31	39	24	0	0	0	0	0	0	0	24	276	0	0	0	-	0	24	24	0	0	264	264	0	0	2208	2190	18	0	6	6	0	0	0	0	0	0	0	0	0	0	0	0	0	0	0	0	0	0
F268-D04	discovery	safe-safe	12	28	8979601	10	1	0	-	1	20	27	23	20	0	0	0	0	0	0	0	20	190	1	1	0	PAIR_HIGH_PLUS	2879	4	4	0	0	276	276	0	0	1520	1479	40	1	16	16	0	0	0	0	0	0	0	0	0	0	0	0	0	0	0	0	0	0
F268-D04	discovery	safe-safe	12	28	8979601	11	1	0	-	1	24	32	42	24	0	0	0	0	0	0	0	24	276	1	1	0	PAIR_ROW_MINUS	2879	26	26	0	0	334	334	0	0	2208	2205	0	3	0	0	0	0	0	0	0	0	0	0	0	0	0	0	0	0	0	0	0	0
F268-D04	discovery	safe-safe	12	29	11604469	0	1	0	-	1	24	32	49	24	0	0	0	0	0	0	0	24	276	1	1	0	PAIR_HIGH_MINUS	3623	24	24	0	0	264	264	0	0	2208	2207	0	1	0	0	0	0	0	0	0	0	0	0	0	0	0	0	0	0	0	0	0	0
F268-D04	discovery	safe-safe	12	29	11604469	1	1	0	-	1	24	32	50	24	0	0	0	0	0	0	0	24	276	1	1	0	PAIR_BASE_PLUS	3623	24	24	0	0	216	216	0	0	2208	2205	0	3	0	0	0	0	0	0	0	0	0	0	0	0	0	0	0	0	0	0	0	0
F268-D04	discovery	safe-safe	12	29	11604469	2	1	0	-	1	24	30	36	24	0	0	0	0	0	0	0	24	276	0	0	0	-	0	24	24	0	0	312	312	0	0	2208	2208	0	0	0	0	0	0	0	0	0	0	0	0	0	0	0	0	0	0	0	0	0	0
F268-D04	discovery	safe-safe	12	29	11604469	3	1	0	-	1	24	31	41	24	0	0	0	0	0	0	0	24	276	1	1	0	PAIR_HIGH_PLUS	3203	24	24	0	0	312	312	0	0	2208	2207	0	1	0	0	0	0	0	0	0	0	0	0	0	0	0	0	0	0	0	0	0	0
F268-D04	discovery	safe-safe	12	29	11604469	4	1	0	-	1	24	31	31	24	0	0	0	0	0	0	0	24	276	0	0	0	-	0	24	24	0	0	264	264	0	0	2208	2208	0	0	0	0	0	0	0	0	0	0	0	0	0	0	0	0	0	0	0	0	0	0
F268-D04	discovery	safe-safe	12	29	11604469	5	1	0	-	1	24	33	33	24	0	0	0	0	0	0	0	24	276	0	0	0	-	0	24	24	0	0	264	264	0	0	2208	2172	36	0	12	12	0	0	0	0	0	0	0	0	0	0	0	0	0	0	0	0	0	0
F268-D04	discovery	safe-safe	12	29	11604469	6	1	0	-	1	24	32	40	24	0	0	0	0	0	0	0	24	276	0	0	0	-	0	24	24	0	0	216	216	0	0	2208	2208	0	0	16	16	0	0	0	0	0	0	0	0	0	0	0	0	0	0	0	0	0	0
F268-D04	discovery	safe-safe	12	29	11604469	7	1	0	-	1	24	32	44	24	0	0	0	0	0	0	0	24	276	0	0	0	-	0	24	24	0	0	312	312	0	0	2208	2208	0	0	36	36	0	0	0	0	0	0	0	0	0	0	0	0	0	0	0	0	0	0
F268-D04	discovery	safe-safe	12	29	11604469	8	1	0	-	1	24	32	51	24	0	0	0	0	0	0	0	24	276	1	1	0	PAIR_HIGH_MINUS	3623	24	24	0	0	312	312	0	0	2208	2207	0	1	24	24	0	0	0	0	0	0	0	0	0	0	0	0	0	0	0	0	0	0
F268-D04	discovery	safe-safe	12	29	11604469	9	1	0	-	1	24	32	36	24	0	0	0	0	0	0	0	24	276	0	0	0	-	0	24	24	0	0	264	264	0	0	2208	2190	18	0	6	6	0	0	0	0	0	0	0	0	0	0	0	0	0	0	0	0	0	0
F268-D04	discovery	safe-safe	12	29	11604469	10	1	0	-	1	20	24	37	20	0	0	0	0	0	0	0	20	190	0	0	0	-	0	4	4	0	0	228	228	0	0	1520	1480	40	0	16	16	0	0	0	0	0	0	0	0	0	0	0	0	0	0	0	0	0	0
F268-D04	discovery	safe-safe	12	29	11604469	11	1	0	-	1	24	33	61	24	0	0	0	0	0	0	0	24	276	1	1	0	PAIR_ROW_MINUS	3623	26	26	0	0	274	274	0	0	2208	2202	0	6	0	0	0	0	0	0	0	0	0	0	0	0	0	0	0	0	0	0	0	0
F268-D04	discovery	safe-safe	12	30	7982497	0	1	0	-	1	24	30	37	24	0	0	0	0	0	0	0	24	276	1	1	0	PAIR_BASE_MINUS	2099	24	24	0	0	408	408	0	0	2208	2205	0	3	0	0	0	0	0	0	0	0	0	0	0	0	0	0	0	0	0	0	0	0
F268-D04	discovery	safe-safe	12	30	7982497	1	1	0	-	1	24	34	53	24	0	0	0	0	0	0	0	24	276	1	1	0	PAIR_HIGH_MINUS	2099	24	24	0	0	216	216	0	0	2208	2207	0	1	0	0	0	0	0	0	0	0	0	0	0	0	0	0	0	0	0	0	0	0
F268-D04	discovery	safe-safe	12	30	7982497	2	1	0	-	1	24	33	40	24	0	0	0	0	0	0	0	24	276	1	1	0	PAIR_HIGH_MINUS	2099	24	24	0	0	456	456	0	0	2208	2207	0	1	0	0	0	0	0	0	0	0	0	0	0	0	0	0	0	0	0	0	0	0
F268-D04	discovery	safe-safe	12	30	7982497	3	1	0	-	1	24	35	47	24	0	0	0	0	0	0	0	24	276	1	1	0	PAIR_BASE_MINUS	3803	24	24	0	0	456	456	0	0	2208	2205	0	3	0	0	0	0	0	0	0	0	0	0	0	0	0	0	0	0	0	0	0	0
F268-D04	discovery	safe-safe	12	30	7982497	4	1	0	-	1	24	31	46	24	0	0	0	0	0	0	0	24	276	0	0	0	-	0	24	24	0	0	264	264	0	0	2208	2208	0	0	0	0	0	0	0	0	0	0	0	0	0	0	0	0	0	0	0	0	0	0
F268-D04	discovery	safe-safe	12	30	7982497	5	1	0	-	1	24	31	50	24	0	0	0	0	0	0	0	24	276	1	1	0	PAIR_HIGH_MINUS	2099	24	24	0	0	408	408	0	0	2208	2159	36	13	12	12	0	0	0	0	0	0	0	0	0	0	0	0	0	0	0	0	0	0
F268-D04	discovery	safe-safe	12	30	7982497	6	1	0	-	1	24	31	47	24	0	0	0	0	0	0	0	24	276	0	0	0	-	0	24	24	0	0	216	216	0	0	2208	2208	0	0	16	16	0	0	0	0	0	0	0	0	0	0	0	0	0	0	0	0	0	0
F268-D04	discovery	safe-safe	12	30	7982497	7	1	0	-	1	24	32	48	24	0	0	0	0	0	0	0	24	276	0	0	0	-	0	24	24	0	0	456	456	0	0	2208	2208	0	0	36	36	0	0	0	0	0	0	0	0	0	0	0	0	0	0	0	0	0	0
F268-D04	discovery	safe-safe	12	30	7982497	8	1	0	-	1	24	34	49	24	0	0	0	0	0	0	0	24	276	1	1	0	PAIR_HIGH_MINUS	2099	24	24	0	0	456	456	0	0	2208	2205	0	3	24	24	0	0	0	0	0	0	0	0	0	0	0	0	0	0	0	0	0	0
F268-D04	discovery	safe-safe	12	30	7982497	9	1	0	-	1	24	32	43	24	0	0	0	0	0	0	0	24	276	1	1	0	PAIR_HIGH_PLUS	2099	24	24	0	0	264	264	0	0	2208	2188	18	2	6	6	0	0	0	0	0	0	0	0	0	0	0	0	0	0	0	0	0	0
F268-D04	discovery	safe-safe	12	30	7982497	10	1	0	-	1	20	28	29	20	0	0	0	0	0	0	0	20	190	0	0	0	-	0	4	4	0	0	300	300	0	0	1520	1480	40	0	16	16	0	0	0	0	0	0	0	0	0	0	0	0	0	0	0	0	0	0
F268-D04	discovery	safe-safe	12	30	7982497	11	1	0	-	1	24	31	51	24	0	0	0	0	0	0	0	24	276	1	1	0	PAIR_HIGH_MINUS	2099	26	26	0	0	364	364	0	0	2208	2207	0	1	0	0	0	0	0	0	0	0	0	0	0	0	0	0	0	0	0	0	0	0
F268-D04	discovery	safe-safe	12	31	7250461	0	1	0	-	1	24	31	46	24	0	0	0	0	0	0	0	24	276	1	1	0	PAIR_BASE_PLUS	2447	24	24	0	0	264	264	0	0	2208	2201	0	7	0	0	0	0	0	0	0	0	0	0	0	0	0	0	0	0	0	0	0	0
F268-D04	discovery	safe-safe	12	31	7250461	1	1	0	-	1	24	35	39	24	0	0	0	0	0	0	0	24	276	0	0	0	-	0	24	24	0	0	216	216	0	0	2208	2208	0	0	0	0	0	0	0	0	0	0	0	0	0	0	0	0	0	0	0	0	0	0
F268-D04	discovery	safe-safe	12	31	7250461	2	1	0	-	1	24	30	35	24	0	0	0	0	0	0	0	24	276	1	1	0	PAIR_HIGH_MINUS	2963	24	24	0	0	312	312	0	0	2208	2207	0	1	0	0	0	0	0	0	0	0	0	0	0	0	0	0	0	0	0	0	0	0
F268-D04	discovery	safe-safe	12	31	7250461	3	1	0	-	1	24	35	50	24	0	0	0	0	0	0	0	24	276	0	0	0	-	0	24	24	0	0	312	312	0	0	2208	2208	0	0	0	0	0	0	0	0	0	0	0	0	0	0	0	0	0	0	0	0	0	0
F268-D04	discovery	safe-safe	12	31	7250461	4	1	0	-	1	24	33	39	24	0	0	0	0	0	0	0	24	276	1	1	0	PAIR_HIGH_PLUS	2447	24	24	0	0	264	264	0	0	2208	2207	0	1	0	0	0	0	0	0	0	0	0	0	0	0	0	0	0	0	0	0	0	0
F268-D04	discovery	safe-safe	12	31	7250461	5	1	0	-	1	24	33	46	24	0	0	0	0	0	0	0	24	276	0	0	0	-	0	24	24	0	0	264	264	0	0	2208	2172	36	0	12	12	0	0	0	0	0	0	0	0	0	0	0	0	0	0	0	0	0	0
F268-D04	discovery	safe-safe	12	31	7250461	6	1	0	-	1	24	31	36	24	0	0	0	0	0	0	0	24	276	1	1	0	ROW_MINUS_ONE	2447	24	24	0	0	216	212	0	4	2208	2208	0	0	16	16	0	0	0	0	0	0	0	0	0	0	0	0	0	0	0	0	0	0
F268-D04	discovery	safe-safe	12	31	7250461	7	1	0	-	1	24	31	41	24	0	0	0	0	0	0	0	24	276	1	1	0	PAIR_HIGH_MINUS	2447	24	24	0	0	312	312	0	0	2208	2207	0	1	36	36	0	0	0	0	0	0	0	0	0	0	0	0	0	0	0	0	0	0
F268-D04	discovery	safe-safe	12	31	7250461	8	1	0	-	1	24	33	37	24	0	0	0	0	0	0	0	24	276	1	1	0	PAIR_BASE_MINUS	2963	24	24	0	0	312	312	0	0	2208	2201	0	7	24	24	0	0	0	0	0	0	0	0	0	0	0	0	0	0	0	0	0	0
F268-D04	discovery	safe-safe	12	31	7250461	9	1	0	-	1	24	31	42	24	0	0	0	0	0	0	0	24	276	1	1	0	PAIR_HIGH_PLUS	2963	24	24	0	0	264	264	0	0	2208	2189	18	1	6	6	0	0	0	0	0	0	0	0	0	0	0	0	0	0	0	0	0	0
F268-D04	discovery	safe-safe	12	31	7250461	10	1	0	-	1	20	29	33	20	0	0	0	0	0	0	0	20	190	1	1	0	PAIR_ROW_MINUS	2447	4	4	0	0	228	228	0	0	1520	1477	40	3	16	16	0	0	0	0	0	0	0	0	0	0	0	0	0	0	0	0	0	0
F268-D04	discovery	safe-safe	12	31	7250461	11	1	0	-	1	24	31	48	24	0	0	0	0	0	0	0	24	276	1	1	0	PAIR_HIGH_PLUS	2447	26	26	0	0	274	274	0	0	2208	2207	0	1	0	0	0	0	0	0	0	0	0	0	0	0	0	0	0	0	0	0	0	0
F268-D04	discovery	safe-safe	12	32	5320477	0	1	0	-	1	24	33	40	24	0	0	0	0	0	0	0	24	276	1	1	0	HIGH_DIGIT	2063	24	24	0	0	264	263	0	1	2208	2204	0	4	0	0	0	0	0	0	0	0	0	0	0	0	0	0	0	0	0	0	0	0
F268-D04	discovery	safe-safe	12	32	5320477	1	1	0	-	1	24	29	49	24	0	0	0	0	0	0	0	24	276	1	1	0	PAIR_BASE_PLUS	2579	24	24	0	0	216	216	0	0	2208	2201	0	7	0	0	0	0	0	0	0	0	0	0	0	0	0	0	0	0	0	0	0	0
F268-D04	discovery	safe-safe	12	32	5320477	2	1	0	-	1	24	31	53	24	0	0	0	0	0	0	0	24	276	0	0	0	-	0	24	24	0	0	312	312	0	0	2208	2208	0	0	0	0	0	0	0	0	0	0	0	0	0	0	0	0	0	0	0	0	0	0
F268-D04	discovery	safe-safe	12	32	5320477	3	1	0	-	1	24	31	43	24	0	0	0	0	0	0	0	24	276	0	0	0	-	0	24	24	0	0	312	312	0	0	2208	2208	0	0	0	0	0	0	0	0	0	0	0	0	0	0	0	0	0	0	0	0	0	0
F268-D04	discovery	safe-safe	12	32	5320477	4	1	0	-	1	24	32	41	24	0	0	0	0	0	0	0	24	276	1	1	0	PAIR_BASE_MINUS	2063	24	24	0	0	264	264	0	0	2208	2205	0	3	0	0	0	0	0	0	0	0	0	0	0	0	0	0	0	0	0	0	0	0
F268-D04	discovery	safe-safe	12	32	5320477	5	1	0	-	1	24	32	50	24	0	0	0	0	0	0	0	24	276	1	1	0	PAIR_HIGH_PLUS	2579	24	24	0	0	264	264	0	0	2208	2171	36	1	12	12	0	0	0	0	0	0	0	0	0	0	0	0	0	0	0	0	0	0
F268-D04	discovery	safe-safe	12	32	5320477	6	1	0	-	1	24	32	53	24	0	0	0	0	0	0	0	24	276	0	0	0	-	0	24	24	0	0	216	216	0	0	2208	2208	0	0	16	16	0	0	0	0	0	0	0	0	0	0	0	0	0	0	0	0	0	0
F268-D04	discovery	safe-safe	12	32	5320477	7	1	0	-	1	24	29	34	24	0	0	0	0	0	0	0	24	276	1	1	0	PAIR_HIGH_MINUS	2579	24	24	0	0	312	312	0	0	2208	2207	0	1	36	36	0	0	0	0	0	0	0	0	0	0	0	0	0	0	0	0	0	0
F268-D04	discovery	safe-safe	12	32	5320477	8	1	0	-	1	24	30	37	24	0	0	0	0	0	0	0	24	276	0	0	0	-	0	24	24	0	0	312	312	0	0	2208	2208	0	0	24	24	0	0	0	0	0	0	0	0	0	0	0	0	0	0	0	0	0	0
F268-D04	discovery	safe-safe	12	32	5320477	9	1	0	-	1	24	29	34	24	0	0	0	0	0	0	0	24	276	0	0	0	-	0	24	24	0	0	264	264	0	0	2208	2190	18	0	6	6	0	0	0	0	0	0	0	0	0	0	0	0	0	0	0	0	0	0
F268-D04	discovery	safe-safe	12	32	5320477	10	1	0	-	1	20	25	32	20	0	0	0	0	0	0	0	20	190	1	1	0	PAIR_HIGH_MINUS	2579	4	4	0	0	228	228	0	0	1520	1479	40	1	16	16	0	0	0	0	0	0	0	0	0	0	0	0	0	0	0	0	0	0
F268-D04	discovery	safe-safe	12	32	5320477	11	1	0	-	1	24	30	41	24	0	0	0	0	0	0	0	24	276	1	1	0	PAIR_ROW_MINUS	2063	26	26	0	0	274	274	0	0	2208	2205	0	3	0	0	0	0	0	0	0	0	0	0	0	0	0	0	0	0	0	0	0	0
F268-D04	discovery	safe-safe	12	33	8284753	0	1	0	-	1	24	31	48	24	0	0	0	0	0	0	0	24	276	0	0	0	-	0	24	24	0	0	360	360	0	0	2208	2208	0	0	0	0	0	0	0	0	0	0	0	0	0	0	0	0	0	0	0	0	0	0
F268-D04	discovery	safe-safe	12	33	8284753	1	1	0	-	1	24	31	42	24	0	0	0	0	0	0	0	24	276	0	0	0	-	0	24	24	0	0	216	216	0	0	2208	2208	0	0	0	0	0	0	0	0	0	0	0	0	0	0	0	0	0	0	0	0	0	0
F268-D04	discovery	safe-safe	12	33	8284753	2	1	0	-	1	24	32	45	24	0	0	0	0	0	0	0	24	276	1	1	0	PAIR_HIGH_PLUS	3947	24	24	0	0	408	408	0	0	2208	2207	0	1	0	0	0	0	0	0	0	0	0	0	0	0	0	0	0	0	0	0	0	0
F268-D04	discovery	safe-safe	12	33	8284753	3	1	0	-	1	24	31	44	24	0	0	0	0	0	0	0	24	276	1	1	0	PAIR_BASE_PLUS	3947	24	24	0	0	408	408	0	0	2208	2205	0	3	0	0	0	0	0	0	0	0	0	0	0	0	0	0	0	0	0	0	0	0
F268-D04	discovery	safe-safe	12	33	8284753	4	1	0	-	1	24	32	46	24	0	0	0	0	0	0	0	24	276	0	0	0	-	0	24	24	0	0	264	264	0	0	2208	2208	0	0	0	0	0	0	0	0	0	0	0	0	0	0	0	0	0	0	0	0	0	0
F268-D04	discovery	safe-safe	12	33	8284753	5	1	0	-	1	24	34	49	24	0	0	0	0	0	0	0	24	276	1	1	0	PAIR_HIGH_PLUS	3947	24	24	0	0	360	360	0	0	2208	2171	36	1	12	12	0	0	0	0	0	0	0	0	0	0	0	0	0	0	0	0	0	0
F268-D04	discovery	safe-safe	12	33	8284753	6	1	0	-	1	24	32	40	24	0	0	0	0	0	0	0	24	276	0	0	0	-	0	24	24	0	0	216	216	0	0	2208	2208	0	0	16	16	0	0	0	0	0	0	0	0	0	0	0	0	0	0	0	0	0	0
F268-D04	discovery	safe-safe	12	33	8284753	7	1	0	-	1	24	30	46	24	0	0	0	0	0	0	0	24	276	0	0	0	-	0	24	24	0	0	408	408	0	0	2208	2208	0	0	36	36	0	0	0	0	0	0	0	0	0	0	0	0	0	0	0	0	0	0
F268-D04	discovery	safe-safe	12	33	8284753	8	1	0	-	1	24	32	36	24	0	0	0	0	0	0	0	24	276	1	1	0	PAIR_HIGH_PLUS	2099	24	24	0	0	408	408	0	0	2208	2207	0	1	24	24	0	0	0	0	0	0	0	0	0	0	0	0	0	0	0	0	0	0
F268-D04	discovery	safe-safe	12	33	8284753	9	1	0	-	1	24	33	35	24	0	0	0	0	0	0	0	24	276	0	0	0	-	0	24	24	0	0	264	264	0	0	2208	2190	18	0	6	6	0	0	0	0	0	0	0	0	0	0	0	0	0	0	0	0	0	0
F268-D04	discovery	safe-safe	12	33	8284753	10	1	0	-	1	20	25	40	20	0	0	0	0	0	0	0	20	190	0	0	0	-	0	4	4	0	0	276	276	0	0	1520	1480	40	0	16	16	0	0	0	0	0	0	0	0	0	0	0	0	0	0	0	0	0	0
F268-D04	discovery	safe-safe	12	33	8284753	11	1	0	-	1	24	32	36	24	0	0	0	0	0	0	0	24	276	1	1	0	PAIR_HIGH_PLUS	2099	26	26	0	0	334	334	0	0	2208	2207	0	1	0	0	0	0	0	0	0	0	0	0	0	0	0	0	0	0	0	0	0	0
F268-D04	discovery	safe-safe	12	34	6723097	0	1	0	-	1	24	32	39	24	0	0	0	0	0	0	0	24	276	1	1	0	PAIR_BASE_PLUS	2099	24	24	0	0	312	312	0	0	2208	2205	0	3	0	0	0	0	0	0	0	0	0	0	0	0	0	0	0	0	0	0	0	0
F268-D04	discovery	safe-safe	12	34	6723097	1	1	0	-	1	24	30	33	24	0	0	0	0	0	0	0	24	276	0	0	0	-	0	24	24	0	0	216	216	0	0	2208	2208	0	0	0	0	0	0	0	0	0	0	0	0	0	0	0	0	0	0	0	0	0	0
F268-D04	discovery	safe-safe	12	34	6723097	2	1	0	-	1	24	33	47	24	0	0	0	0	0	0	0	24	276	1	1	0	PAIR_BASE_PLUS	3203	24	24	0	0	360	360	0	0	2208	2205	0	3	0	0	0	0	0	0	0	0	0	0	0	0	0	0	0	0	0	0	0	0
F268-D04	discovery	safe-safe	12	34	6723097	3	1	0	-	1	24	30	34	24	0	0	0	0	0	0	0	24	276	0	0	0	-	0	24	24	0	0	360	360	0	0	2208	2208	0	0	0	0	0	0	0	0	0	0	0	0	0	0	0	0	0	0	0	0	0	0
F268-D04	discovery	safe-safe	12	34	6723097	4	1	0	-	1	24	31	48	24	0	0	0	0	0	0	0	24	276	1	1	0	PAIR_BASE_PLUS	3203	24	24	0	0	264	264	0	0	2208	2205	0	3	0	0	0	0	0	0	0	0	0	0	0	0	0	0	0	0	0	0	0	0
F268-D04	discovery	safe-safe	12	34	6723097	5	1	0	-	1	24	31	46	24	0	0	0	0	0	0	0	24	276	0	0	0	-	0	24	24	0	0	312	312	0	0	2208	2172	36	0	12	12	0	0	0	0	0	0	0	0	0	0	0	0	0	0	0	0	0	0
F268-D04	discovery	safe-safe	12	34	6723097	6	1	0	-	1	24	33	56	24	0	0	0	0	0	0	0	24	276	0	0	0	-	0	24	24	0	0	216	216	0	0	2208	2208	0	0	16	16	0	0	0	0	0	0	0	0	0	0	0	0	0	0	0	0	0	0
F268-D04	discovery	safe-safe	12	34	6723097	7	1	0	-	1	24	33	48	24	0	0	0	0	0	0	0	24	276	1	1	0	PAIR_BASE_PLUS	2099	24	24	0	0	360	360	0	0	2208	2204	0	4	36	36	0	0	0	0	0	0	0	0	0	0	0	0	0	0	0	0	0	0
F268-D04	discovery	safe-safe	12	34	6723097	8	1	0	-	1	24	35	40	24	0	0	0	0	0	0	0	24	276	0	0	0	-	0	24	24	0	0	360	360	0	0	2208	2208	0	0	24	24	0	0	0	0	0	0	0	0	0	0	0	0	0	0	0	0	0	0
F268-D04	discovery	safe-safe	12	34	6723097	9	1	0	-	1	24	32	58	24	0	0	0	0	0	0	0	24	276	0	0	0	-	0	24	24	0	0	264	264	0	0	2208	2190	18	0	6	6	0	0	0	0	0	0	0	0	0	0	0	0	0	0	0	0	0	0
F268-D04	discovery	safe-safe	12	34	6723097	10	1	0	-	1	20	25	25	20	0	0	0	0	0	0	0	20	190	0	0	0	-	0	4	4	0	0	252	252	0	0	1520	1480	40	0	16	16	0	0	0	0	0	0	0	0	0	0	0	0	0	0	0	0	0	0
F268-D04	discovery	safe-safe	12	34	6723097	11	1	0	-	1	24	30	51	24	0	0	0	0	0	0	0	24	276	0	0	0	-	0	26	26	0	0	304	304	0	0	2208	2208	0	0	0	0	0	0	0	0	0	0	0	0	0	0	0	0	0	0	0	0	0	0
F268-D04	discovery	safe-safe	12	35	9065977	0	1	0	-	1	24	32	35	24	0	0	0	0	0	0	0	24	276	1	1	0	PAIR_HIGH_PLUS	3023	24	24	0	0	312	312	0	0	2208	2207	0	1	0	0	0	0	0	0	0	0	0	0	0	0	0	0	0	0	0	0	0	0
F268-D04	discovery	safe-safe	12	35	9065977	1	1	0	-	1	24	32	48	24	0	0	0	0	0	0	0	24	276	1	1	0	PAIR_BASE_MINUS	3023	24	24	0	0	216	216	0	0	2208	2205	0	3	0	0	0	0	0	0	0	0	0	0	0	0	0	0	0	0	0	0	0	0
F268-D04	discovery	safe-safe	12	35	9065977	2	1	0	-	1	24	33	40	24	0	0	0	0	0	0	0	24	276	1	1	0	PAIR_HIGH_MINUS	2999	24	24	0	0	360	360	0	0	2208	2207	0	1	0	0	0	0	0	0	0	0	0	0	0	0	0	0	0	0	0	0	0	0
F268-D04	discovery	safe-safe	12	35	9065977	3	1	0	-	1	24	32	36	24	0	0	0	0	0	0	0	24	276	0	0	0	-	0	24	24	0	0	360	360	0	0	2208	2208	0	0	0	0	0	0	0	0	0	0	0	0	0	0	0	0	0	0	0	0	0	0
F268-D04	discovery	safe-safe	12	35	9065977	4	1	0	-	1	24	32	42	24	0	0	0	0	0	0	0	24	276	1	1	0	PAIR_BASE_PLUS	3023	24	24	0	0	264	264	0	0	2208	2202	0	6	0	0	0	0	0	0	0	0	0	0	0	0	0	0	0	0	0	0	0	0
F268-D04	discovery	safe-safe	12	35	9065977	5	1	0	-	1	24	35	50	24	0	0	0	0	0	0	0	24	276	1	1	0	PAIR_HIGH_MINUS	2999	24	24	0	0	312	312	0	0	2208	2171	36	1	12	12	0	0	0	0	0	0	0	0	0	0	0	0	0	0	0	0	0	0
F268-D04	discovery	safe-safe	12	35	9065977	6	1	0	-	1	24	34	30	24	0	0	0	0	0	0	0	24	276	1	1	0	PAIR_HIGH_PLUS	2999	24	24	0	0	216	216	0	0	2208	2207	0	1	16	16	0	0	0	0	0	0	0	0	0	0	0	0	0	0	0	0	0	0
F268-D04	discovery	safe-safe	12	35	9065977	7	1	0	-	1	24	34	52	24	0	0	0	0	0	0	0	24	276	0	0	0	-	0	24	24	0	0	360	360	0	0	2208	2208	0	0	36	36	0	0	0	0	0	0	0	0	0	0	0	0	0	0	0	0	0	0
F268-D04	discovery	safe-safe	12	35	9065977	8	1	0	-	1	24	32	42	24	0	0	0	0	0	0	0	24	276	1	1	0	PAIR_HIGH_MINUS	2999	24	24	0	0	360	360	0	0	2208	2207	0	1	24	24	0	0	0	0	0	0	0	0	0	0	0	0	0	0	0	0	0	0
F268-D04	discovery	safe-safe	12	35	9065977	9	1	0	-	1	24	31	47	24	0	0	0	0	0	0	0	24	276	1	1	0	PAIR_HIGH_PLUS	3023	24	24	0	0	264	264	0	0	2208	2189	18	1	6	6	0	0	0	0	0	0	0	0	0	0	0	0	0	0	0	0	0	0
F268-D04	discovery	safe-safe	12	35	9065977	10	1	0	-	1	20	26	21	20	0	0	0	0	0	0	0	20	190	0	0	0	-	0	4	4	0	0	252	252	0	0	1520	1480	40	0	16	16	0	0	0	0	0	0	0	0	0	0	0	0	0	0	0	0	0	0
F268-D04	discovery	safe-safe	12	35	9065977	11	1	0	-	1	24	31	37	24	0	0	0	0	0	0	0	24	276	0	0	0	-	0	26	26	0	0	304	304	0	0	2208	2208	0	0	0	0	0	0	0	0	0	0	0	0	0	0	0	0	0	0	0	0	0	0
F268-D04	discovery	random	16	36	2427502037	0	1	0	-	1	24	29	44	24	0	0	0	0	0	0	0	24	276	0	0	0	-	0	24	24	0	0	264	264	0	0	2208	2208	0	0	0	0	0	0	0	0	0	0	0	0	0	0	0	0	0	0	0	0	0	0
F268-D04	discovery	random	16	36	2427502037	1	1	0	-	1	24	33	45	24	0	0	0	0	0	0	0	24	276	0	0	0	-	0	24	24	0	0	216	216	0	0	2208	2208	0	0	0	0	0	0	0	0	0	0	0	0	0	0	0	0	0	0	0	0	0	0
F268-D04	discovery	random	16	36	2427502037	2	1	0	-	1	24	31	39	24	0	0	0	0	0	0	0	24	276	0	0	0	-	0	24	24	0	0	312	312	0	0	2208	2208	0	0	0	0	0	0	0	0	0	0	0	0	0	0	0	0	0	0	0	0	0	0
F268-D04	discovery	random	16	36	2427502037	3	1	0	-	1	24	34	48	24	0	0	0	0	0	0	0	24	276	0	0	0	-	0	24	24	0	0	312	312	0	0	2208	2208	0	0	0	0	0	0	0	0	0	0	0	0	0	0	0	0	0	0	0	0	0	0
F268-D04	discovery	random	16	36	2427502037	4	1	0	-	1	24	30	48	24	0	0	0	0	0	0	0	24	276	0	0	0	-	0	24	24	0	0	264	264	0	0	2208	2208	0	0	0	0	0	0	0	0	0	0	0	0	0	0	0	0	0	0	0	0	0	0
F268-D04	discovery	random	16	36	2427502037	5	1	0	-	1	24	32	47	24	0	0	0	0	0	0	0	24	276	0	0	0	-	0	24	24	0	0	264	264	0	0	2208	2172	36	0	12	12	0	0	0	0	0	0	0	0	0	0	0	0	0	0	0	0	0	0
F268-D04	discovery	random	16	36	2427502037	6	1	0	-	1	24	34	43	24	0	0	0	0	0	0	0	24	276	0	0	0	-	0	24	24	0	0	216	216	0	0	2208	2208	0	0	16	16	0	0	0	0	0	0	0	0	0	0	0	0	0	0	0	0	0	0
F268-D04	discovery	random	16	36	2427502037	7	1	0	-	1	24	35	55	24	0	0	0	0	0	0	0	24	276	1	1	0	PAIR_BASE_PLUS	44647	24	24	0	0	312	312	0	0	2208	2205	0	3	36	36	0	0	0	0	0	0	0	0	0	0	0	0	0	0	0	0	0	0
F268-D04	discovery	random	16	36	2427502037	8	1	0	-	1	24	35	42	24	0	0	0	0	0	0	0	24	276	0	0	0	-	0	24	24	0	0	312	312	0	0	2208	2208	0	0	24	24	0	0	0	0	0	0	0	0	0	0	0	0	0	0	0	0	0	0
F268-D04	discovery	random	16	36	2427502037	9	1	0	-	1	24	32	50	24	0	0	0	0	0	0	0	24	276	0	0	0	-	0	24	24	0	0	264	264	0	0	2208	2190	18	0	6	6	0	0	0	0	0	0	0	0	0	0	0	0	0	0	0	0	0	0
F268-D04	discovery	random	16	36	2427502037	10	1	0	-	1	20	28	28	20	0	0	0	0	0	0	0	20	190	0	0	0	-	0	4	4	0	0	228	228	0	0	1520	1480	40	0	16	16	0	0	0	0	0	0	0	0	0	0	0	0	0	0	0	0	0	0
F268-D04	discovery	random	16	36	2427502037	11	1	0	-	1	24	31	41	24	0	0	0	0	0	0	0	24	276	0	0	0	-	0	26	26	0	0	274	274	0	0	2208	2208	0	0	0	0	0	0	0	0	0	0	0	0	0	0	0	0	0	0	0	0	0	0
F268-D04	discovery	random	16	37	1496607103	0	1	0	-	1	24	39	58	24	0	0	0	0	0	0	0	24	276	0	0	0	-	0	24	24	0	0	216	216	0	0	2208	2208	0	0	0	0	0	0	0	0	0	0	0	0	0	0	0	0	0	0	0	0	0	0
F268-D04	discovery	random	16	37	1496607103	1	1	0	-	1	24	28	42	24	0	0	0	0	0	0	0	24	276	1	1	0	PAIR_ROW_MINUS	39373	24	24	0	0	504	504	0	0	2208	2206	0	2	0	0	0	0	0	0	0	0	0	0	0	0	0	0	0	0	0	0	0	0
F268-D04	discovery	random	16	37	1496607103	2	1	0	-	1	24	29	38	24	0	0	0	0	0	0	0	24	276	1	1	0	PAIR_ROW_MINUS	39373	24	24	0	0	552	552	0	0	2208	2202	0	6	0	0	0	0	0	0	0	0	0	0	0	0	0	0	0	0	0	0	0	0
F268-D04	discovery	random	16	37	1496607103	3	1	0	-	1	24	32	44	24	0	0	0	0	0	0	0	24	276	0	0	0	-	0	24	24	0	0	264	264	0	0	2208	2208	0	0	0	0	0	0	0	0	0	0	0	0	0	0	0	0	0	0	0	0	0	0
F268-D04	discovery	random	16	37	1496607103	4	1	0	-	1	24	30	38	24	0	0	0	0	0	0	0	24	276	0	0	0	-	0	24	24	0	0	552	552	0	0	2208	2208	0	0	0	0	0	0	0	0	0	0	0	0	0	0	0	0	0	0	0	0	0	0
F268-D04	discovery	random	16	37	1496607103	5	1	0	-	1	24	30	35	24	0	0	0	0	0	0	0	24	276	0	0	0	-	0	24	24	0	0	216	216	0	0	2208	2172	36	0	12	12	0	0	0	0	0	0	0	0	0	0	0	0	0	0	0	0	0	0
F268-D04	discovery	random	16	37	1496607103	6	1	0	-	1	24	33	46	24	0	0	0	0	0	0	0	24	276	0	0	0	-	0	24	24	0	0	504	504	0	0	2208	2208	0	0	16	16	0	0	0	0	0	0	0	0	0	0	0	0	0	0	0	0	0	0
F268-D04	discovery	random	16	37	1496607103	7	1	0	-	1	24	33	59	24	0	0	0	0	0	0	0	24	276	1	1	0	PAIR_ROW_MINUS	39373	24	24	0	0	552	552	0	0	2208	2206	0	2	36	36	0	0	0	0	0	0	0	0	0	0	0	0	0	0	0	0	0	0
F268-D04	discovery	random	16	37	1496607103	8	1	0	-	1	24	33	41	24	0	0	0	0	0	0	0	24	276	0	0	0	-	0	24	24	0	0	264	264	0	0	2208	2208	0	0	24	24	0	0	0	0	0	0	0	0	0	0	0	0	0	0	0	0	0	0
F268-D04	discovery	random	16	37	1496607103	9	1	0	-	1	24	29	41	24	0	0	0	0	0	0	0	24	276	1	1	0	PAIR_ROW_MINUS	39373	24	24	0	0	552	552	0	0	2208	2186	18	4	6	6	0	0	0	0	0	0	0	0	0	0	0	0	0	0	0	0	0	0
F268-D04	discovery	random	16	37	1496607103	10	1	0	-	1	20	26	29	20	0	0	0	0	0	0	0	20	190	0	0	0	-	0	4	4	0	0	348	348	0	0	1520	1480	40	0	16	16	0	0	0	0	0	0	0	0	0	0	0	0	0	0	0	0	0	0
F268-D04	discovery	random	16	37	1496607103	11	1	0	-	1	24	32	49	24	0	0	0	0	0	0	0	24	276	0	0	0	-	0	26	26	0	0	412	412	0	0	2208	2208	0	0	0	0	0	0	0	0	0	0	0	0	0	0	0	0	0	0	0	0	0	0
F268-D04	discovery	random	16	38	1709479691	0	1	0	-	1	24	33	52	24	0	0	0	0	0	0	0	24	276	0	0	0	-	0	24	24	0	0	216	216	0	0	2208	2208	0	0	0	0	0	0	0	0	0	0	0	0	0	0	0	0	0	0	0	0	0	0
F268-D04	discovery	random	16	38	1709479691	1	1	0	-	1	24	32	36	24	0	0	0	0	0	0	0	24	276	0	0	0	-	0	24	24	0	0	264	264	0	0	2208	2208	0	0	0	0	0	0	0	0	0	0	0	0	0	0	0	0	0	0	0	0	0	0
F268-D04	discovery	random	16	38	1709479691	2	1	0	-	1	24	30	37	24	0	0	0	0	0	0	0	24	276	1	1	0	PAIR_ROW_PLUS	34369	24	24	0	0	312	312	0	0	2208	2207	0	1	0	0	0	0	0	0	0	0	0	0	0	0	0	0	0	0	0	0	0	0
F268-D04	discovery	random	16	38	1709479691	3	1	0	-	1	24	32	40	24	0	0	0	0	0	0	0	24	276	0	0	0	-	0	24	24	0	0	264	264	0	0	2208	2208	0	0	0	0	0	0	0	0	0	0	0	0	0	0	0	0	0	0	0	0	0	0
F268-D04	discovery	random	16	38	1709479691	4	1	0	-	1	24	32	43	24	0	0	0	0	0	0	0	24	276	0	0	0	-	0	24	24	0	0	312	312	0	0	2208	2208	0	0	0	0	0	0	0	0	0	0	0	0	0	0	0	0	0	0	0	0	0	0
F268-D04	discovery	random	16	38	1709479691	5	1	0	-	1	24	31	40	24	0	0	0	0	0	0	0	24	276	0	0	0	-	0	24	24	0	0	216	216	0	0	2208	2172	36	0	12	12	0	0	0	0	0	0	0	0	0	0	0	0	0	0	0	0	0	0
F268-D04	discovery	random	16	38	1709479691	6	1	0	-	1	24	29	37	24	0	0	0	0	0	0	0	24	276	0	0	0	-	0	24	24	0	0	264	264	0	0	2208	2208	0	0	16	16	0	0	0	0	0	0	0	0	0	0	0	0	0	0	0	0	0	0
F268-D04	discovery	random	16	38	1709479691	7	1	0	-	1	24	34	48	24	0	0	0	0	0	0	0	24	276	0	0	0	-	0	24	24	0	0	312	312	0	0	2208	2208	0	0	36	36	0	0	0	0	0	0	0	0	0	0	0	0	0	0	0	0	0	0
F268-D04	discovery	random	16	38	1709479691	8	1	0	-	1	24	34	49	24	0	0	0	0	0	0	0	24	276	0	0	0	-	0	24	24	0	0	264	264	0	0	2208	2208	0	0	24	24	0	0	0	0	0	0	0	0	0	0	0	0	0	0	0	0	0	0
F268-D04	discovery	random	16	38	1709479691	9	1	0	-	1	24	32	45	24	0	0	0	0	0	0	0	24	276	0	0	0	-	0	24	24	0	0	312	312	0	0	2208	2190	18	0	6	6	0	0	0	0	0	0	0	0	0	0	0	0	0	0	0	0	0	0
F268-D04	discovery	random	16	38	1709479691	10	1	0	-	1	20	27	40	20	0	0	0	0	0	0	0	20	190	0	0	0	-	0	4	4	0	0	228	228	0	0	1520	1480	40	0	16	16	0	0	0	0	0	0	0	0	0	0	0	0	0	0	0	0	0	0
F268-D04	discovery	random	16	38	1709479691	11	1	0	-	1	24	36	40	24	0	0	0	0	0	0	0	24	276	0	0	0	-	0	26	26	0	0	272	272	0	0	2208	2208	0	0	0	0	0	0	0	0	0	0	0	0	0	0	0	0	0	0	0	0	0	0
F268-D04	discovery	random	16	39	2658453323	0	1	0	-	1	24	34	41	24	0	0	0	0	0	0	0	24	276	0	0	0	-	0	24	24	0	0	216	216	0	0	2208	2208	0	0	0	0	0	0	0	0	0	0	0	0	0	0	0	0	0	0	0	0	0	0
F268-D04	discovery	random	16	39	2658453323	1	1	0	-	1	24	31	47	24	0	0	0	0	0	0	0	24	276	1	1	0	PAIR_HIGH_PLUS	44851	24	24	0	0	264	264	0	0	2208	2207	0	1	0	0	0	0	0	0	0	0	0	0	0	0	0	0	0	0	0	0	0	0
F268-D04	discovery	random	16	39	2658453323	2	1	0	-	1	24	33	47	24	0	0	0	0	0	0	0	24	276	0	0	0	-	0	24	24	0	0	312	312	0	0	2208	2208	0	0	0	0	0	0	0	0	0	0	0	0	0	0	0	0	0	0	0	0	0	0
F268-D04	discovery	random	16	39	2658453323	3	1	0	-	1	24	36	48	24	0	0	0	0	0	0	0	24	276	0	0	0	-	0	24	24	0	0	264	264	0	0	2208	2208	0	0	0	0	0	0	0	0	0	0	0	0	0	0	0	0	0	0	0	0	0	0
F268-D04	discovery	random	16	39	2658453323	4	1	0	-	1	24	31	55	24	0	0	0	0	0	0	0	24	276	0	0	0	-	0	24	24	0	0	312	312	0	0	2208	2208	0	0	0	0	0	0	0	0	0	0	0	0	0	0	0	0	0	0	0	0	0	0
F268-D04	discovery	random	16	39	2658453323	5	1	0	-	1	24	32	58	24	0	0	0	0	0	0	0	24	276	0	0	0	-	0	24	24	0	0	216	216	0	0	2208	2172	36	0	12	12	0	0	0	0	0	0	0	0	0	0	0	0	0	0	0	0	0	0
F268-D04	discovery	random	16	39	2658453323	6	1	0	-	1	24	31	49	24	0	0	0	0	0	0	0	24	276	1	1	0	ROW_MINUS_ONE	59273	24	24	0	0	264	260	0	4	2208	2206	0	2	16	16	0	0	0	0	0	0	0	0	0	0	0	0	0	0	0	0	0	0
F268-D04	discovery	random	16	39	2658453323	7	1	0	-	1	24	32	39	24	0	0	0	0	0	0	0	24	276	0	0	0	-	0	24	24	0	0	312	312	0	0	2208	2208	0	0	36	36	0	0	0	0	0	0	0	0	0	0	0	0	0	0	0	0	0	0
F268-D04	discovery	random	16	39	2658453323	8	1	0	-	1	24	33	44	24	0	0	0	0	0	0	0	24	276	0	0	0	-	0	24	24	0	0	264	264	0	0	2208	2208	0	0	24	24	0	0	0	0	0	0	0	0	0	0	0	0	0	0	0	0	0	0
F268-D04	discovery	random	16	39	2658453323	9	1	0	-	1	24	32	46	24	0	0	0	0	0	0	0	24	276	0	0	0	-	0	24	24	0	0	312	312	0	0	2208	2190	18	0	6	6	0	0	0	0	0	0	0	0	0	0	0	0	0	0	0	0	0	0
F268-D04	discovery	random	16	39	2658453323	10	1	0	-	1	20	26	37	20	0	0	0	0	0	0	0	20	190	0	0	0	-	0	4	4	0	0	228	228	0	0	1520	1480	40	0	16	16	0	0	0	0	0	0	0	0	0	0	0	0	0	0	0	0	0	0
F268-D04	discovery	random	16	39	2658453323	11	1	0	-	1	24	33	56	24	0	0	0	0	0	0	0	24	276	0	0	0	-	0	26	26	0	0	272	272	0	0	2208	2208	0	0	0	0	0	0	0	0	0	0	0	0	0	0	0	0	0	0	0	0	0	0
F268-D04	discovery	random	16	40	2419868951	0	1	0	-	1	24	30	39	24	0	0	0	0	0	0	0	24	276	1	1	0	PAIR_BASE_PLUS	42043	24	24	0	0	216	216	0	0	2208	2205	0	3	0	0	0	0	0	0	0	0	0	0	0	0	0	0	0	0	0	0	0	0
F268-D04	discovery	random	16	40	2419868951	1	1	0	-	1	24	31	40	24	0	0	0	0	0	0	0	24	276	0	0	0	-	0	24	24	0	0	312	312	0	0	2208	2208	0	0	0	0	0	0	0	0	0	0	0	0	0	0	0	0	0	0	0	0	0	0
F268-D04	discovery	random	16	40	2419868951	2	1	0	-	1	24	32	35	24	0	0	0	0	0	0	0	24	276	1	1	0	PAIR_BASE_MINUS	42043	24	24	0	0	360	360	0	0	2208	2205	0	3	0	0	0	0	0	0	0	0	0	0	0	0	0	0	0	0	0	0	0	0
F268-D04	discovery	random	16	40	2419868951	3	1	0	-	1	24	33	38	24	0	0	0	0	0	0	0	24	276	0	0	0	-	0	24	24	0	0	264	264	0	0	2208	2208	0	0	0	0	0	0	0	0	0	0	0	0	0	0	0	0	0	0	0	0	0	0
F268-D04	discovery	random	16	40	2419868951	4	1	0	-	1	24	31	60	24	0	0	0	0	0	0	0	24	276	0	0	0	-	0	24	24	0	0	360	360	0	0	2208	2208	0	0	0	0	0	0	0	0	0	0	0	0	0	0	0	0	0	0	0	0	0	0
F268-D04	discovery	random	16	40	2419868951	5	1	0	-	1	24	29	41	24	0	0	0	0	0	0	0	24	276	0	0	0	-	0	24	24	0	0	216	216	0	0	2208	2172	36	0	12	12	0	0	0	0	0	0	0	0	0	0	0	0	0	0	0	0	0	0
F268-D04	discovery	random	16	40	2419868951	6	1	0	-	1	24	29	44	24	0	0	0	0	0	0	0	24	276	0	0	0	-	0	24	24	0	0	312	312	0	0	2208	2208	0	0	16	16	0	0	0	0	0	0	0	0	0	0	0	0	0	0	0	0	0	0
F268-D04	discovery	random	16	40	2419868951	7	1	0	-	1	24	32	42	24	0	0	0	0	0	0	0	24	276	0	0	0	-	0	24	24	0	0	360	360	0	0	2208	2208	0	0	36	36	0	0	0	0	0	0	0	0	0	0	0	0	0	0	0	0	0	0
F268-D04	discovery	random	16	40	2419868951	8	1	0	-	1	24	33	47	24	0	0	0	0	0	0	0	24	276	0	0	0	-	0	24	24	0	0	264	264	0	0	2208	2208	0	0	24	24	0	0	0	0	0	0	0	0	0	0	0	0	0	0	0	0	0	0
F268-D04	discovery	random	16	40	2419868951	9	1	0	-	1	24	30	42	24	0	0	0	0	0	0	0	24	276	0	0	0	-	0	24	24	0	0	360	360	0	0	2208	2190	18	0	6	6	0	0	0	0	0	0	0	0	0	0	0	0	0	0	0	0	0	0
F268-D04	discovery	random	16	40	2419868951	10	1	0	-	1	20	26	42	20	0	0	0	0	0	0	0	20	190	0	0	0	-	0	4	4	0	0	252	252	0	0	1520	1480	40	0	16	16	0	0	0	0	0	0	0	0	0	0	0	0	0	0	0	0	0	0
F268-D04	discovery	random	16	40	2419868951	11	1	0	-	1	24	35	42	24	0	0	0	0	0	0	0	24	276	0	0	0	-	0	26	26	0	0	300	300	0	0	2208	2208	0	0	0	0	0	0	0	0	0	0	0	0	0	0	0	0	0	0	0	0	0	0
F268-D04	discovery	random	16	41	1696155077	0	1	0	-	1	24	32	38	24	0	0	0	0	0	0	0	24	276	0	0	0	-	0	24	24	0	0	264	264	0	0	2208	2208	0	0	0	0	0	0	0	0	0	0	0	0	0	0	0	0	0	0	0	0	0	0
F268-D04	discovery	random	16	41	1696155077	1	1	0	-	1	24	33	38	24	0	0	0	0	0	0	0	24	276	0	0	0	-	0	24	24	0	0	216	216	0	0	2208	2208	0	0	0	0	0	0	0	0	0	0	0	0	0	0	0	0	0	0	0	0	0	0
F268-D04	discovery	random	16	41	1696155077	2	1	0	-	1	24	32	44	24	0	0	0	0	0	0	0	24	276	1	1	0	PAIR_BASE_MINUS	44809	24	24	0	0	312	312	0	0	2208	2205	0	3	0	0	0	0	0	0	0	0	0	0	0	0	0	0	0	0	0	0	0	0
F268-D04	discovery	random	16	41	1696155077	3	1	0	-	1	24	30	33	24	0	0	0	0	0	0	0	24	276	0	0	0	-	0	24	24	0	0	312	312	0	0	2208	2208	0	0	0	0	0	0	0	0	0	0	0	0	0	0	0	0	0	0	0	0	0	0
F268-D04	discovery	random	16	41	1696155077	4	1	0	-	1	24	32	49	24	0	0	0	0	0	0	0	24	276	0	0	0	-	0	24	24	0	0	264	264	0	0	2208	2208	0	0	0	0	0	0	0	0	0	0	0	0	0	0	0	0	0	0	0	0	0	0
F268-D04	discovery	random	16	41	1696155077	5	1	0	-	1	24	35	54	24	0	0	0	0	0	0	0	24	276	0	0	0	-	0	24	24	0	0	264	264	0	0	2208	2172	36	0	12	12	0	0	0	0	0	0	0	0	0	0	0	0	0	0	0	0	0	0
F268-D04	discovery	random	16	41	1696155077	6	1	0	-	1	24	35	49	24	0	0	0	0	0	0	0	24	276	0	0	0	-	0	24	24	0	0	216	216	0	0	2208	2208	0	0	16	16	0	0	0	0	0	0	0	0	0	0	0	0	0	0	0	0	0	0
F268-D04	discovery	random	16	41	1696155077	7	1	0	-	1	24	32	37	24	0	0	0	0	0	0	0	24	276	0	0	0	-	0	24	24	0	0	312	312	0	0	2208	2208	0	0	36	36	0	0	0	0	0	0	0	0	0	0	0	0	0	0	0	0	0	0
F268-D04	discovery	random	16	41	1696155077	8	1	0	-	1	24	32	41	24	0	0	0	0	0	0	0	24	276	0	0	0	-	0	24	24	0	0	312	312	0	0	2208	2208	0	0	24	24	0	0	0	0	0	0	0	0	0	0	0	0	0	0	0	0	0	0
F268-D04	discovery	random	16	41	1696155077	9	1	0	-	1	24	31	32	24	0	0	0	0	0	0	0	24	276	0	0	0	-	0	24	24	0	0	264	264	0	0	2208	2190	18	0	6	6	0	0	0	0	0	0	0	0	0	0	0	0	0	0	0	0	0	0
F268-D04	discovery	random	16	41	1696155077	10	1	0	-	1	20	28	35	20	0	0	0	0	0	0	0	20	190	0	0	0	-	0	4	4	0	0	228	228	0	0	1520	1480	40	0	16	16	0	0	0	0	0	0	0	0	0	0	0	0	0	0	0	0	0	0
F268-D04	discovery	random	16	41	1696155077	11	1	0	-	1	24	31	38	24	0	0	0	0	0	0	0	24	276	0	0	0	-	0	26	26	0	0	274	274	0	0	2208	2208	0	0	0	0	0	0	0	0	0	0	0	0	0	0	0	0	0	0	0	0	0	0
F268-D04	discovery	random	16	42	1505899337	0	1	0	-	1	24	36	53	24	0	0	0	0	0	0	0	24	276	0	0	0	-	0	24	24	0	0	312	312	0	0	2208	2208	0	0	0	0	0	0	0	0	0	0	0	0	0	0	0	0	0	0	0	0	0	0
F268-D04	discovery	random	16	42	1505899337	1	1	0	-	1	24	35	65	24	0	0	0	0	0	0	0	24	276	1	1	0	PAIR_ROW_MINUS	38183	24	24	0	0	216	216	0	0	2208	2206	0	2	0	0	0	0	0	0	0	0	0	0	0	0	0	0	0	0	0	0	0	0
F268-D04	discovery	random	16	42	1505899337	2	1	0	-	1	24	33	44	24	0	0	0	0	0	0	0	24	276	0	0	0	-	0	24	24	0	0	360	360	0	0	2208	2208	0	0	0	0	0	0	0	0	0	0	0	0	0	0	0	0	0	0	0	0	0	0
F268-D04	discovery	random	16	42	1505899337	3	1	0	-	1	24	29	32	24	0	0	0	0	0	0	0	24	276	0	0	0	-	0	24	24	0	0	360	360	0	0	2208	2208	0	0	0	0	0	0	0	0	0	0	0	0	0	0	0	0	0	0	0	0	0	0
F268-D04	discovery	random	16	42	1505899337	4	1	0	-	1	24	35	57	24	0	0	0	0	0	0	0	24	276	0	0	0	-	0	24	24	0	0	264	264	0	0	2208	2208	0	0	0	0	0	0	0	0	0	0	0	0	0	0	0	0	0	0	0	0	0	0
F268-D04	discovery	random	16	42	1505899337	5	1	0	-	1	24	31	36	24	0	0	0	0	0	0	0	24	276	0	0	0	-	0	24	24	0	0	312	312	0	0	2208	2172	36	0	12	12	0	0	0	0	0	0	0	0	0	0	0	0	0	0	0	0	0	0
F268-D04	discovery	random	16	42	1505899337	6	1	0	-	1	24	32	39	24	0	0	0	0	0	0	0	24	276	0	0	0	-	0	24	24	0	0	216	216	0	0	2208	2208	0	0	16	16	0	0	0	0	0	0	0	0	0	0	0	0	0	0	0	0	0	0
F268-D04	discovery	random	16	42	1505899337	7	1	0	-	1	24	31	30	24	0	0	0	0	0	0	0	24	276	0	0	0	-	0	24	24	0	0	360	360	0	0	2208	2208	0	0	36	36	0	0	0	0	0	0	0	0	0	0	0	0	0	0	0	0	0	0
F268-D04	discovery	random	16	42	1505899337	8	1	0	-	1	24	29	40	24	0	0	0	0	0	0	0	24	276	0	0	0	-	0	24	24	0	0	360	360	0	0	2208	2208	0	0	24	24	0	0	0	0	0	0	0	0	0	0	0	0	0	0	0	0	0	0
F268-D04	discovery	random	16	42	1505899337	9	1	0	-	1	24	28	47	24	0	0	0	0	0	0	0	24	276	0	0	0	-	0	24	24	0	0	264	264	0	0	2208	2190	18	0	6	6	0	0	0	0	0	0	0	0	0	0	0	0	0	0	0	0	0	0
F268-D04	discovery	random	16	42	1505899337	10	1	0	-	1	20	30	35	20	0	0	0	0	0	0	0	20	190	0	0	0	-	0	4	4	0	0	252	252	0	0	1520	1480	40	0	16	16	0	0	0	0	0	0	0	0	0	0	0	0	0	0	0	0	0	0
F268-D04	discovery	random	16	42	1505899337	11	1	0	-	1	24	34	45	24	0	0	0	0	0	0	0	24	276	0	0	0	-	0	26	26	0	0	304	304	0	0	2208	2208	0	0	0	0	0	0	0	0	0	0	0	0	0	0	0	0	0	0	0	0	0	0
F268-D04	discovery	random	16	43	1890434761	0	1	0	-	1	24	31	51	24	0	0	0	0	0	0	0	24	276	0	0	0	-	0	24	24	0	0	312	312	0	0	2208	2208	0	0	0	0	0	0	0	0	0	0	0	0	0	0	0	0	0	0	0	0	0	0
F268-D04	discovery	random	16	43	1890434761	1	1	0	-	1	24	33	53	24	0	0	0	0	0	0	0	24	276	0	0	0	-	0	24	24	0	0	216	216	0	0	2208	2208	0	0	0	0	0	0	0	0	0	0	0	0	0	0	0	0	0	0	0	0	0	0
F268-D04	discovery	random	16	43	1890434761	2	1	0	-	1	24	32	37	24	0	0	0	0	0	0	0	24	276	0	0	0	-	0	24	24	0	0	360	360	0	0	2208	2208	0	0	0	0	0	0	0	0	0	0	0	0	0	0	0	0	0	0	0	0	0	0
F268-D04	discovery	random	16	43	1890434761	3	1	0	-	1	24	31	35	24	0	0	0	0	0	0	0	24	276	0	0	0	-	0	24	24	0	0	360	360	0	0	2208	2208	0	0	0	0	0	0	0	0	0	0	0	0	0	0	0	0	0	0	0	0	0	0
F268-D04	discovery	random	16	43	1890434761	4	1	0	-	1	24	32	38	24	0	0	0	0	0	0	0	24	276	0	0	0	-	0	24	24	0	0	264	264	0	0	2208	2208	0	0	0	0	0	0	0	0	0	0	0	0	0	0	0	0	0	0	0	0	0	0
F268-D04	discovery	random	16	43	1890434761	5	1	0	-	1	24	34	53	24	0	0	0	0	0	0	0	24	276	0	0	0	-	0	24	24	0	0	312	312	0	0	2208	2172	36	0	12	12	0	0	0	0	0	0	0	0	0	0	0	0	0	0	0	0	0	0
F268-D04	discovery	random	16	43	1890434761	6	1	0	-	1	24	35	56	24	0	0	0	0	0	0	0	24	276	1	1	0	PAIR_HIGH_MINUS	34543	24	24	0	0	216	216	0	0	2208	2207	0	1	16	16	0	0	0	0	0	0	0	0	0	0	0	0	0	0	0	0	0	0
F268-D04	discovery	random	16	43	1890434761	7	1	0	-	1	24	31	52	24	0	0	0	0	0	0	0	24	276	0	0	0	-	0	24	24	0	0	360	360	0	0	2208	2208	0	0	36	36	0	0	0	0	0	0	0	0	0	0	0	0	0	0	0	0	0	0
F268-D04	discovery	random	16	43	1890434761	8	1	0	-	1	24	31	48	24	0	0	0	0	0	0	0	24	276	0	0	0	-	0	24	24	0	0	360	360	0	0	2208	2208	0	0	24	24	0	0	0	0	0	0	0	0	0	0	0	0	0	0	0	0	0	0
F268-D04	discovery	random	16	43	1890434761	9	1	0	-	1	24	35	65	24	0	0	0	0	0	0	0	24	276	0	0	0	-	0	24	24	0	0	264	264	0	0	2208	2190	18	0	6	6	0	0	0	0	0	0	0	0	0	0	0	0	0	0	0	0	0	0
F268-D04	discovery	random	16	43	1890434761	10	1	0	-	1	20	27	23	20	0	0	0	0	0	0	0	20	190	0	0	0	-	0	4	4	0	0	252	252	0	0	1520	1480	40	0	16	16	0	0	0	0	0	0	0	0	0	0	0	0	0	0	0	0	0	0
F268-D04	discovery	random	16	43	1890434761	11	1	0	-	1	24	31	47	24	0	0	0	0	0	0	0	24	276	0	0	0	-	0	26	26	0	0	304	304	0	0	2208	2208	0	0	0	0	0	0	0	0	0	0	0	0	0	0	0	0	0	0	0	0	0	0
F268-D04	discovery	random	16	44	2307939497	0	1	0	-	1	24	30	35	24	0	0	0	0	0	0	0	24	276	0	0	0	-	0	24	24	0	0	312	312	0	0	2208	2208	0	0	0	0	0	0	0	0	0	0	0	0	0	0	0	0	0	0	0	0	0	0
F268-D04	discovery	random	16	44	2307939497	1	1	0	-	1	24	34	48	24	0	0	0	0	0	0	0	24	276	0	0	0	-	0	24	24	0	0	216	216	0	0	2208	2208	0	0	0	0	0	0	0	0	0	0	0	0	0	0	0	0	0	0	0	0	0	0
F268-D04	discovery	random	16	44	2307939497	2	1	0	-	1	24	32	42	24	0	0	0	0	0	0	0	24	276	0	0	0	-	0	24	24	0	0	360	360	0	0	2208	2208	0	0	0	0	0	0	0	0	0	0	0	0	0	0	0	0	0	0	0	0	0	0
F268-D04	discovery	random	16	44	2307939497	3	1	0	-	1	24	34	48	24	0	0	0	0	0	0	0	24	276	0	0	0	-	0	24	24	0	0	360	360	0	0	2208	2208	0	0	0	0	0	0	0	0	0	0	0	0	0	0	0	0	0	0	0	0	0	0
F268-D04	discovery	random	16	44	2307939497	4	1	0	-	1	24	30	55	24	0	0	0	0	0	0	0	24	276	0	0	0	-	0	24	24	0	0	264	264	0	0	2208	2208	0	0	0	0	0	0	0	0	0	0	0	0	0	0	0	0	0	0	0	0	0	0
F268-D04	discovery	random	16	44	2307939497	5	1	0	-	1	24	30	51	24	0	0	0	0	0	0	0	24	276	0	0	0	-	0	24	24	0	0	312	312	0	0	2208	2172	36	0	12	12	0	0	0	0	0	0	0	0	0	0	0	0	0	0	0	0	0	0
F268-D04	discovery	random	16	44	2307939497	6	1	0	-	1	24	32	48	24	0	0	0	0	0	0	0	24	276	0	0	0	-	0	24	24	0	0	216	216	0	0	2208	2208	0	0	16	16	0	0	0	0	0	0	0	0	0	0	0	0	0	0	0	0	0	0
F268-D04	discovery	random	16	44	2307939497	7	1	0	-	1	24	31	46	24	0	0	0	0	0	0	0	24	276	0	0	0	-	0	24	24	0	0	360	360	0	0	2208	2208	0	0	36	36	0	0	0	0	0	0	0	0	0	0	0	0	0	0	0	0	0	0
F268-D04	discovery	random	16	44	2307939497	8	1	0	-	1	24	32	32	24	0	0	0	0	0	0	0	24	276	0	0	0	-	0	24	24	0	0	360	360	0	0	2208	2208	0	0	24	24	0	0	0	0	0	0	0	0	0	0	0	0	0	0	0	0	0	0
F268-D04	discovery	random	16	44	2307939497	9	1	0	-	1	24	32	39	24	0	0	0	0	0	0	0	24	276	0	0	0	-	0	24	24	0	0	264	264	0	0	2208	2190	18	0	6	6	0	0	0	0	0	0	0	0	0	0	0	0	0	0	0	0	0	0
F268-D04	discovery	random	16	44	2307939497	10	1	0	-	1	20	29	45	20	0	0	0	0	0	0	0	20	190	0	0	0	-	0	4	4	0	0	252	252	0	0	1520	1480	40	0	16	16	0	0	0	0	0	0	0	0	0	0	0	0	0	0	0	0	0	0
F268-D04	discovery	random	16	44	2307939497	11	1	0	-	1	24	31	57	24	0	0	0	0	0	0	0	24	276	0	0	0	-	0	26	26	0	0	304	304	0	0	2208	2208	0	0	0	0	0	0	0	0	0	0	0	0	0	0	0	0	0	0	0	0	0	0
F268-D04	discovery	random	16	45	2548096127	0	1	0	-	1	24	31	52	24	0	0	0	0	0	0	0	24	276	0	0	0	-	0	24	24	0	0	216	216	0	0	2208	2208	0	0	0	0	0	0	0	0	0	0	0	0	0	0	0	0	0	0	0	0	0	0
F268-D04	discovery	random	16	45	2548096127	1	1	0	-	1	24	33	33	24	0	0	0	0	0	0	0	24	276	0	0	0	-	0	24	24	0	0	504	504	0	0	2208	2208	0	0	0	0	0	0	0	0	0	0	0	0	0	0	0	0	0	0	0	0	0	0
F268-D04	discovery	random	16	45	2548096127	2	1	0	-	1	24	34	50	24	0	0	0	0	0	0	0	24	276	0	0	0	-	0	24	24	0	0	552	552	0	0	2208	2208	0	0	0	0	0	0	0	0	0	0	0	0	0	0	0	0	0	0	0	0	0	0
F268-D04	discovery	random	16	45	2548096127	3	1	0	-	1	24	33	40	24	0	0	0	0	0	0	0	24	276	0	0	0	-	0	24	24	0	0	264	264	0	0	2208	2208	0	0	0	0	0	0	0	0	0	0	0	0	0	0	0	0	0	0	0	0	0	0
F268-D04	discovery	random	16	45	2548096127	4	1	0	-	1	24	32	35	24	0	0	0	0	0	0	0	24	276	0	0	0	-	0	24	24	0	0	552	552	0	0	2208	2208	0	0	0	0	0	0	0	0	0	0	0	0	0	0	0	0	0	0	0	0	0	0
F268-D04	discovery	random	16	45	2548096127	5	1	0	-	1	24	31	57	24	0	0	0	0	0	0	0	24	276	0	0	0	-	0	24	24	0	0	216	216	0	0	2208	2172	36	0	12	12	0	0	0	0	0	0	0	0	0	0	0	0	0	0	0	0	0	0
F268-D04	discovery	random	16	45	2548096127	6	1	0	-	1	24	32	48	24	0	0	0	0	0	0	0	24	276	0	0	0	-	0	24	24	0	0	504	504	0	0	2208	2208	0	0	16	16	0	0	0	0	0	0	0	0	0	0	0	0	0	0	0	0	0	0
F268-D04	discovery	random	16	45	2548096127	7	1	0	-	1	24	31	53	24	0	0	0	0	0	0	0	24	276	0	0	0	-	0	24	24	0	0	552	552	0	0	2208	2208	0	0	36	36	0	0	0	0	0	0	0	0	0	0	0	0	0	0	0	0	0	0
F268-D04	discovery	random	16	45	2548096127	8	1	0	-	1	24	33	43	24	0	0	0	0	0	0	0	24	276	0	0	0	-	0	24	24	0	0	264	264	0	0	2208	2208	0	0	24	24	0	0	0	0	0	0	0	0	0	0	0	0	0	0	0	0	0	0
F268-D04	discovery	random	16	45	2548096127	9	1	0	-	1	24	33	53	24	0	0	0	0	0	0	0	24	276	0	0	0	-	0	24	24	0	0	552	552	0	0	2208	2190	18	0	6	6	0	0	0	0	0	0	0	0	0	0	0	0	0	0	0	0	0	0
F268-D04	discovery	random	16	45	2548096127	10	1	0	-	1	20	26	28	20	0	0	0	0	0	0	0	20	190	0	0	0	-	0	4	4	0	0	348	348	0	0	1520	1480	40	0	16	16	0	0	0	0	0	0	0	0	0	0	0	0	0	0	0	0	0	0
F268-D04	discovery	random	16	45	2548096127	11	1	0	-	1	24	31	43	24	0	0	0	0	0	0	0	24	276	0	0	0	-	0	26	26	0	0	412	412	0	0	2208	2208	0	0	0	0	0	0	0	0	0	0	0	0	0	0	0	0	0	0	0	0	0	0
F268-D04	discovery	random	16	46	3234273089	0	1	0	-	1	24	31	42	24	0	0	0	0	0	0	0	24	276	0	0	0	-	0	24	24	0	0	456	456	0	0	2208	2208	0	0	0	0	0	0	0	0	0	0	0	0	0	0	0	0	0	0	0	0	0	0
F268-D04	discovery	random	16	46	3234273089	1	1	0	-	1	24	30	42	24	0	0	0	0	0	0	0	24	276	0	0	0	-	0	24	24	0	0	216	216	0	0	2208	2208	0	0	0	0	0	0	0	0	0	0	0	0	0	0	0	0	0	0	0	0	0	0
F268-D04	discovery	random	16	46	3234273089	2	1	0	-	1	24	32	58	24	0	0	0	0	0	0	0	24	276	0	0	0	-	0	24	24	0	0	504	504	0	0	2208	2208	0	0	0	0	0	0	0	0	0	0	0	0	0	0	0	0	0	0	0	0	0	0
F268-D04	discovery	random	16	46	3234273089	3	1	0	-	1	24	31	53	24	0	0	0	0	0	0	0	24	276	0	0	0	-	0	24	24	0	0	504	504	0	0	2208	2208	0	0	0	0	0	0	0	0	0	0	0	0	0	0	0	0	0	0	0	0	0	0
F268-D04	discovery	random	16	46	3234273089	4	1	0	-	1	24	31	29	24	0	0	0	0	0	0	0	24	276	0	0	0	-	0	24	24	0	0	264	264	0	0	2208	2208	0	0	0	0	0	0	0	0	0	0	0	0	0	0	0	0	0	0	0	0	0	0
F268-D04	discovery	random	16	46	3234273089	5	1	0	-	1	24	28	47	24	0	0	0	0	0	0	0	24	276	0	0	0	-	0	24	24	0	0	456	456	0	0	2208	2172	36	0	12	12	0	0	0	0	0	0	0	0	0	0	0	0	0	0	0	0	0	0
F268-D04	discovery	random	16	46	3234273089	6	1	0	-	1	24	31	35	24	0	0	0	0	0	0	0	24	276	0	0	0	-	0	24	24	0	0	216	216	0	0	2208	2208	0	0	16	16	0	0	0	0	0	0	0	0	0	0	0	0	0	0	0	0	0	0
F268-D04	discovery	random	16	46	3234273089	7	1	0	-	1	24	30	47	24	0	0	0	0	0	0	0	24	276	0	0	0	-	0	24	24	0	0	504	504	0	0	2208	2208	0	0	36	36	0	0	0	0	0	0	0	0	0	0	0	0	0	0	0	0	0	0
F268-D04	discovery	random	16	46	3234273089	8	1	0	-	1	24	31	52	24	0	0	0	0	0	0	0	24	276	0	0	0	-	0	24	24	0	0	504	504	0	0	2208	2208	0	0	24	24	0	0	0	0	0	0	0	0	0	0	0	0	0	0	0	0	0	0
F268-D04	discovery	random	16	46	3234273089	9	1	0	-	1	24	31	42	24	0	0	0	0	0	0	0	24	276	0	0	0	-	0	24	24	0	0	264	264	0	0	2208	2190	18	0	6	6	0	0	0	0	0	0	0	0	0	0	0	0	0	0	0	0	0	0
F268-D04	discovery	random	16	46	3234273089	10	1	0	-	1	20	28	45	20	0	0	0	0	0	0	0	20	190	0	0	0	-	0	4	4	0	0	324	324	0	0	1520	1480	40	0	16	16	0	0	0	0	0	0	0	0	0	0	0	0	0	0	0	0	0	0
F268-D04	discovery	random	16	46	3234273089	11	1	0	-	1	24	33	32	24	0	0	0	0	0	0	0	24	276	0	0	0	-	0	26	26	0	0	394	394	0	0	2208	2208	0	0	0	0	0	0	0	0	0	0	0	0	0	0	0	0	0	0	0	0	0	0
F268-D04	discovery	random	16	47	3687504497	0	1	0	-	1	24	31	57	24	0	0	0	0	0	0	0	24	276	0	0	0	-	0	24	24	0	0	360	360	0	0	2208	2208	0	0	0	0	0	0	0	0	0	0	0	0	0	0	0	0	0	0	0	0	0	0
F268-D04	discovery	random	16	47	3687504497	1	1	0	-	1	24	31	41	24	0	0	0	0	0	0	0	24	276	1	1	0	PAIR_ROW_MINUS	60017	24	24	0	0	216	216	0	0	2208	2206	0	2	0	0	0	0	0	0	0	0	0	0	0	0	0	0	0	0	0	0	0	0
F268-D04	discovery	random	16	47	3687504497	2	1	0	-	1	24	32	35	24	0	0	0	0	0	0	0	24	276	1	1	0	PAIR_ROW_MINUS	60017	24	24	0	0	408	408	0	0	2208	2202	0	6	0	0	0	0	0	0	0	0	0	0	0	0	0	0	0	0	0	0	0	0
F268-D04	discovery	random	16	47	3687504497	3	1	0	-	1	24	32	55	24	0	0	0	0	0	0	0	24	276	1	1	0	PAIR_ROW_MINUS	61441	24	24	0	0	408	408	0	0	2208	2206	0	2	0	0	0	0	0	0	0	0	0	0	0	0	0	0	0	0	0	0	0	0
F268-D04	discovery	random	16	47	3687504497	4	1	0	-	1	24	32	42	24	0	0	0	0	0	0	0	24	276	1	1	0	PAIR_ROW_MINUS	60017	24	24	0	0	264	264	0	0	2208	2205	0	3	0	0	0	0	0	0	0	0	0	0	0	0	0	0	0	0	0	0	0	0
F268-D04	discovery	random	16	47	3687504497	5	1	0	-	1	24	31	39	24	0	0	0	0	0	0	0	24	276	0	0	0	-	0	24	24	0	0	360	360	0	0	2208	2172	36	0	12	12	0	0	0	0	0	0	0	0	0	0	0	0	0	0	0	0	0	0
F268-D04	discovery	random	16	47	3687504497	6	1	0	-	1	24	31	35	24	0	0	0	0	0	0	0	24	276	0	0	0	-	0	24	24	0	0	216	216	0	0	2208	2208	0	0	16	16	0	0	0	0	0	0	0	0	0	0	0	0	0	0	0	0	0	0
F268-D04	discovery	random	16	47	3687504497	7	1	0	-	1	24	34	41	24	0	0	0	0	0	0	0	24	276	1	1	0	PAIR_ROW_PLUS	61441	24	24	0	0	408	408	0	0	2208	2207	0	1	36	36	0	0	0	0	0	0	0	0	0	0	0	0	0	0	0	0	0	0
F268-D04	discovery	random	16	47	3687504497	8	1	0	-	1	24	33	38	24	0	0	0	0	0	0	0	24	276	0	0	0	-	0	24	24	0	0	408	408	0	0	2208	2208	0	0	24	24	0	0	0	0	0	0	0	0	0	0	0	0	0	0	0	0	0	0
F268-D04	discovery	random	16	47	3687504497	9	1	0	-	1	24	33	51	24	0	0	0	0	0	0	0	24	276	0	0	0	-	0	24	24	0	0	264	264	0	0	2208	2190	18	0	6	6	0	0	0	0	0	0	0	0	0	0	0	0	0	0	0	0	0	0
F268-D04	discovery	random	16	47	3687504497	10	1	0	-	1	20	27	27	20	0	0	0	0	0	0	0	20	190	0	0	0	-	0	4	4	0	0	276	276	0	0	1520	1480	40	0	16	16	0	0	0	0	0	0	0	0	0	0	0	0	0	0	0	0	0	0
F268-D04	discovery	random	16	47	3687504497	11	1	0	-	1	24	29	38	24	0	0	0	0	0	0	0	24	276	0	0	0	-	0	26	26	0	0	334	334	0	0	2208	2208	0	0	0	0	0	0	0	0	0	0	0	0	0	0	0	0	0	0	0	0	0	0
F268-D04	discovery	neighbor	16	48	3749357383	0	1	0	-	1	24	32	66	24	0	0	0	0	0	0	0	24	276	0	0	0	-	0	24	24	0	0	216	216	0	0	2208	2208	0	0	0	0	0	0	0	0	0	0	0	0	0	0	0	0	0	0	0	0	0	0
F268-D04	discovery	neighbor	16	48	3749357383	1	1	0	-	1	24	32	37	24	0	0	0	0	0	0	0	24	276	0	0	0	-	0	24	24	0	0	312	312	0	0	2208	2208	0	0	0	0	0	0	0	0	0	0	0	0	0	0	0	0	0	0	0	0	0	0
F268-D04	discovery	neighbor	16	48	3749357383	2	1	0	-	1	24	32	43	24	0	0	0	0	0	0	0	24	276	0	0	0	-	0	24	24	0	0	360	360	0	0	2208	2208	0	0	0	0	0	0	0	0	0	0	0	0	0	0	0	0	0	0	0	0	0	0
F268-D04	discovery	neighbor	16	48	3749357383	3	1	0	-	1	24	34	42	24	0	0	0	0	0	0	0	24	276	0	0	0	-	0	24	24	0	0	264	264	0	0	2208	2208	0	0	0	0	0	0	0	0	0	0	0	0	0	0	0	0	0	0	0	0	0	0
F268-D04	discovery	neighbor	16	48	3749357383	4	1	0	-	1	24	33	52	24	0	0	0	0	0	0	0	24	276	0	0	0	-	0	24	24	0	0	360	360	0	0	2208	2208	0	0	0	0	0	0	0	0	0	0	0	0	0	0	0	0	0	0	0	0	0	0
F268-D04	discovery	neighbor	16	48	3749357383	5	1	0	-	1	24	34	50	24	0	0	0	0	0	0	0	24	276	0	0	0	-	0	24	24	0	0	216	216	0	0	2208	2172	36	0	12	12	0	0	0	0	0	0	0	0	0	0	0	0	0	0	0	0	0	0
F268-D04	discovery	neighbor	16	48	3749357383	6	1	0	-	1	24	32	34	24	0	0	0	0	0	0	0	24	276	0	0	0	-	0	24	24	0	0	312	312	0	0	2208	2208	0	0	16	16	0	0	0	0	0	0	0	0	0	0	0	0	0	0	0	0	0	0
F268-D04	discovery	neighbor	16	48	3749357383	7	1	0	-	1	24	31	53	24	0	0	0	0	0	0	0	24	276	0	0	0	-	0	24	24	0	0	360	360	0	0	2208	2208	0	0	36	36	0	0	0	0	0	0	0	0	0	0	0	0	0	0	0	0	0	0
F268-D04	discovery	neighbor	16	48	3749357383	8	1	0	-	1	24	30	54	24	0	0	0	0	0	0	0	24	276	0	0	0	-	0	24	24	0	0	264	264	0	0	2208	2208	0	0	24	24	0	0	0	0	0	0	0	0	0	0	0	0	0	0	0	0	0	0
F268-D04	discovery	neighbor	16	48	3749357383	9	1	0	-	1	24	31	40	24	0	0	0	0	0	0	0	24	276	0	0	0	-	0	24	24	0	0	360	360	0	0	2208	2190	18	0	6	6	0	0	0	0	0	0	0	0	0	0	0	0	0	0	0	0	0	0
F268-D04	discovery	neighbor	16	48	3749357383	10	1	0	-	1	20	25	46	20	0	0	0	0	0	0	0	20	190	0	0	0	-	0	4	4	0	0	252	252	0	0	1520	1480	40	0	16	16	0	0	0	0	0	0	0	0	0	0	0	0	0	0	0	0	0	0
F268-D04	discovery	neighbor	16	48	3749357383	11	1	0	-	1	24	33	47	24	0	0	0	0	0	0	0	24	276	0	0	0	-	0	26	26	0	0	300	300	0	0	2208	2208	0	0	0	0	0	0	0	0	0	0	0	0	0	0	0	0	0	0	0	0	0	0
F268-D04	discovery	neighbor	16	49	2924105369	0	1	0	-	1	24	33	45	24	0	0	0	0	0	0	0	24	276	0	0	0	-	0	24	24	0	0	312	312	0	0	2208	2208	0	0	0	0	0	0	0	0	0	0	0	0	0	0	0	0	0	0	0	0	0	0
F268-D04	discovery	neighbor	16	49	2924105369	1	1	0	-	1	24	31	39	24	0	0	0	0	0	0	0	24	276	0	0	0	-	0	24	24	0	0	216	216	0	0	2208	2208	0	0	0	0	0	0	0	0	0	0	0	0	0	0	0	0	0	0	0	0	0	0
F268-D04	discovery	neighbor	16	49	2924105369	2	1	0	-	1	24	32	51	24	0	0	0	0	0	0	0	24	276	0	0	0	-	0	24	24	0	0	360	360	0	0	2208	2208	0	0	0	0	0	0	0	0	0	0	0	0	0	0	0	0	0	0	0	0	0	0
F268-D04	discovery	neighbor	16	49	2924105369	3	1	0	-	1	24	33	43	24	0	0	0	0	0	0	0	24	276	0	0	0	-	0	24	24	0	0	360	360	0	0	2208	2208	0	0	0	0	0	0	0	0	0	0	0	0	0	0	0	0	0	0	0	0	0	0
F268-D04	discovery	neighbor	16	49	2924105369	4	1	0	-	1	24	33	47	24	0	0	0	0	0	0	0	24	276	0	0	0	-	0	24	24	0	0	264	264	0	0	2208	2208	0	0	0	0	0	0	0	0	0	0	0	0	0	0	0	0	0	0	0	0	0	0
F268-D04	discovery	neighbor	16	49	2924105369	5	1	0	-	1	24	31	58	24	0	0	0	0	0	0	0	24	276	0	0	0	-	0	24	24	0	0	312	312	0	0	2208	2172	36	0	12	12	0	0	0	0	0	0	0	0	0	0	0	0	0	0	0	0	0	0
F268-D04	discovery	neighbor	16	49	2924105369	6	1	0	-	1	24	29	32	24	0	0	0	0	0	0	0	24	276	1	1	0	PAIR_ROW_MINUS	54091	24	24	0	0	216	216	0	0	2208	2206	0	2	16	16	0	0	0	0	0	0	0	0	0	0	0	0	0	0	0	0	0	0
F268-D04	discovery	neighbor	16	49	2924105369	7	1	0	-	1	24	34	68	24	0	0	0	0	0	0	0	24	276	1	1	0	PAIR_ROW_MINUS	54091	24	24	0	0	360	360	0	0	2208	2206	0	2	36	36	0	0	0	0	0	0	0	0	0	0	0	0	0	0	0	0	0	0
F268-D04	discovery	neighbor	16	49	2924105369	8	1	0	-	1	24	28	48	24	0	0	0	0	0	0	0	24	276	0	0	0	-	0	24	24	0	0	360	360	0	0	2208	2208	0	0	24	24	0	0	0	0	0	0	0	0	0	0	0	0	0	0	0	0	0	0
F268-D04	discovery	neighbor	16	49	2924105369	9	1	0	-	1	24	35	37	24	0	0	0	0	0	0	0	24	276	0	0	0	-	0	24	24	0	0	264	264	0	0	2208	2190	18	0	6	6	0	0	0	0	0	0	0	0	0	0	0	0	0	0	0	0	0	0
F268-D04	discovery	neighbor	16	49	2924105369	10	1	0	-	1	20	27	27	20	0	0	0	0	0	0	0	20	190	0	0	0	-	0	4	4	0	0	252	252	0	0	1520	1480	40	0	16	16	0	0	0	0	0	0	0	0	0	0	0	0	0	0	0	0	0	0
F268-D04	discovery	neighbor	16	49	2924105369	11	1	0	-	1	24	34	42	24	0	0	0	0	0	0	0	24	276	0	0	0	-	0	26	26	0	0	304	304	0	0	2208	2208	0	0	0	0	0	0	0	0	0	0	0	0	0	0	0	0	0	0	0	0	0	0
F268-D04	discovery	neighbor	16	50	2906611373	0	1	0	-	1	24	32	60	24	0	0	0	0	0	0	0	24	276	0	0	0	-	0	24	24	0	0	264	264	0	0	2208	2208	0	0	0	0	0	0	0	0	0	0	0	0	0	0	0	0	0	0	0	0	0	0
F268-D04	discovery	neighbor	16	50	2906611373	1	1	0	-	1	24	31	46	24	0	0	0	0	0	0	0	24	276	0	0	0	-	0	24	24	0	0	216	216	0	0	2208	2208	0	0	0	0	0	0	0	0	0	0	0	0	0	0	0	0	0	0	0	0	0	0
F268-D04	discovery	neighbor	16	50	2906611373	2	1	0	-	1	24	32	67	24	0	0	0	0	0	0	0	24	276	0	0	0	-	0	24	24	0	0	312	312	0	0	2208	2208	0	0	0	0	0	0	0	0	0	0	0	0	0	0	0	0	0	0	0	0	0	0
F268-D04	discovery	neighbor	16	50	2906611373	3	1	0	-	1	24	32	41	24	0	0	0	0	0	0	0	24	276	0	0	0	-	0	24	24	0	0	312	312	0	0	2208	2208	0	0	0	0	0	0	0	0	0	0	0	0	0	0	0	0	0	0	0	0	0	0
F268-D04	discovery	neighbor	16	50	2906611373	4	1	0	-	1	24	30	44	24	0	0	0	0	0	0	0	24	276	0	0	0	-	0	24	24	0	0	264	264	0	0	2208	2208	0	0	0	0	0	0	0	0	0	0	0	0	0	0	0	0	0	0	0	0	0	0
F268-D04	discovery	neighbor	16	50	2906611373	5	1	0	-	1	24	32	49	24	0	0	0	0	0	0	0	24	276	0	0	0	-	0	24	24	0	0	264	264	0	0	2208	2172	36	0	12	12	0	0	0	0	0	0	0	0	0	0	0	0	0	0	0	0	0	0
F268-D04	discovery	neighbor	16	50	2906611373	6	1	0	-	1	24	32	39	24	0	0	0	0	0	0	0	24	276	0	0	0	-	0	24	24	0	0	216	216	0	0	2208	2208	0	0	16	16	0	0	0	0	0	0	0	0	0	0	0	0	0	0	0	0	0	0
F268-D04	discovery	neighbor	16	50	2906611373	7	1	0	-	1	24	32	48	24	0	0	0	0	0	0	0	24	276	0	0	0	-	0	24	24	0	0	312	312	0	0	2208	2208	0	0	36	36	0	0	0	0	0	0	0	0	0	0	0	0	0	0	0	0	0	0
F268-D04	discovery	neighbor	16	50	2906611373	8	1	0	-	1	24	34	55	24	0	0	0	0	0	0	0	24	276	0	0	0	-	0	24	24	0	0	312	312	0	0	2208	2208	0	0	24	24	0	0	0	0	0	0	0	0	0	0	0	0	0	0	0	0	0	0
F268-D04	discovery	neighbor	16	50	2906611373	9	1	0	-	1	24	39	47	24	0	0	0	0	0	0	0	24	276	0	0	0	-	0	24	24	0	0	264	264	0	0	2208	2190	18	0	6	6	0	0	0	0	0	0	0	0	0	0	0	0	0	0	0	0	0	0
F268-D04	discovery	neighbor	16	50	2906611373	10	1	0	-	1	20	27	33	20	0	0	0	0	0	0	0	20	190	0	0	0	-	0	4	4	0	0	228	228	0	0	1520	1480	40	0	16	16	0	0	0	0	0	0	0	0	0	0	0	0	0	0	0	0	0	0
F268-D04	discovery	neighbor	16	50	2906611373	11	1	0	-	1	24	32	36	24	0	0	0	0	0	0	0	24	276	0	0	0	-	0	26	26	0	0	274	274	0	0	2208	2208	0	0	0	0	0	0	0	0	0	0	0	0	0	0	0	0	0	0	0	0	0	0
F268-D04	discovery	neighbor	16	51	2249888813	0	1	0	-	1	24	31	45	24	0	0	0	0	0	0	0	24	276	0	0	0	-	0	24	24	0	0	264	264	0	0	2208	2208	0	0	0	0	0	0	0	0	0	0	0	0	0	0	0	0	0	0	0	0	0	0
F268-D04	discovery	neighbor	16	51	2249888813	1	1	0	-	1	24	32	37	24	0	0	0	0	0	0	0	24	276	0	0	0	-	0	24	24	0	0	216	216	0	0	2208	2208	0	0	0	0	0	0	0	0	0	0	0	0	0	0	0	0	0	0	0	0	0	0
F268-D04	discovery	neighbor	16	51	2249888813	2	1	0	-	1	24	33	43	24	0	0	0	0	0	0	0	24	276	0	0	0	-	0	24	24	0	0	312	312	0	0	2208	2208	0	0	0	0	0	0	0	0	0	0	0	0	0	0	0	0	0	0	0	0	0	0
F268-D04	discovery	neighbor	16	51	2249888813	3	1	0	-	1	24	33	48	24	0	0	0	0	0	0	0	24	276	0	0	0	-	0	24	24	0	0	312	312	0	0	2208	2208	0	0	0	0	0	0	0	0	0	0	0	0	0	0	0	0	0	0	0	0	0	0
F268-D04	discovery	neighbor	16	51	2249888813	4	1	0	-	1	24	33	48	24	0	0	0	0	0	0	0	24	276	1	1	0	PAIR_BASE_PLUS	47407	24	24	0	0	264	264	0	0	2208	2205	0	3	0	0	0	0	0	0	0	0	0	0	0	0	0	0	0	0	0	0	0	0
F268-D04	discovery	neighbor	16	51	2249888813	5	1	0	-	1	24	32	62	24	0	0	0	0	0	0	0	24	276	0	0	0	-	0	24	24	0	0	264	264	0	0	2208	2172	36	0	12	12	0	0	0	0	0	0	0	0	0	0	0	0	0	0	0	0	0	0
F268-D04	discovery	neighbor	16	51	2249888813	6	1	0	-	1	24	32	49	24	0	0	0	0	0	0	0	24	276	0	0	0	-	0	24	24	0	0	216	216	0	0	2208	2208	0	0	16	16	0	0	0	0	0	0	0	0	0	0	0	0	0	0	0	0	0	0
F268-D04	discovery	neighbor	16	51	2249888813	7	1	0	-	1	24	33	50	24	0	0	0	0	0	0	0	24	276	0	0	0	-	0	24	24	0	0	312	312	0	0	2208	2208	0	0	36	36	0	0	0	0	0	0	0	0	0	0	0	0	0	0	0	0	0	0
F268-D04	discovery	neighbor	16	51	2249888813	8	1	0	-	1	24	32	48	24	0	0	0	0	0	0	0	24	276	0	0	0	-	0	24	24	0	0	312	312	0	0	2208	2208	0	0	24	24	0	0	0	0	0	0	0	0	0	0	0	0	0	0	0	0	0	0
F268-D04	discovery	neighbor	16	51	2249888813	9	1	0	-	1	24	29	36	24	0	0	0	0	0	0	0	24	276	0	0	0	-	0	24	24	0	0	264	264	0	0	2208	2190	18	0	6	6	0	0	0	0	0	0	0	0	0	0	0	0	0	0	0	0	0	0
F268-D04	discovery	neighbor	16	51	2249888813	10	1	0	-	1	20	28	43	20	0	0	0	0	0	0	0	20	190	0	0	0	-	0	4	4	0	0	228	228	0	0	1520	1480	40	0	16	16	0	0	0	0	0	0	0	0	0	0	0	0	0	0	0	0	0	0
F268-D04	discovery	neighbor	16	51	2249888813	11	1	0	-	1	24	30	42	24	0	0	0	0	0	0	0	24	276	0	0	0	-	0	26	26	0	0	274	274	0	0	2208	2208	0	0	0	0	0	0	0	0	0	0	0	0	0	0	0	0	0	0	0	0	0	0
F268-D04	discovery	neighbor	16	52	2456886589	0	1	0	-	1	24	35	53	24	0	0	0	0	0	0	0	24	276	0	0	0	-	0	24	24	0	0	264	264	0	0	2208	2208	0	0	0	0	0	0	0	0	0	0	0	0	0	0	0	0	0	0	0	0	0	0
F268-D04	discovery	neighbor	16	52	2456886589	1	1	0	-	1	24	33	45	24	0	0	0	0	0	0	0	24	276	1	1	0	PAIR_BASE_MINUS	49597	24	24	0	0	216	216	0	0	2208	2205	0	3	0	0	0	0	0	0	0	0	0	0	0	0	0	0	0	0	0	0	0	0
F268-D04	discovery	neighbor	16	52	2456886589	2	1	0	-	1	24	32	45	24	0	0	0	0	0	0	0	24	276	0	0	0	-	0	24	24	0	0	312	312	0	0	2208	2208	0	0	0	0	0	0	0	0	0	0	0	0	0	0	0	0	0	0	0	0	0	0
F268-D04	discovery	neighbor	16	52	2456886589	3	1	0	-	1	24	31	41	24	0	0	0	0	0	0	0	24	276	0	0	0	-	0	24	24	0	0	312	312	0	0	2208	2208	0	0	0	0	0	0	0	0	0	0	0	0	0	0	0	0	0	0	0	0	0	0
F268-D04	discovery	neighbor	16	52	2456886589	4	1	0	-	1	24	38	44	24	0	0	0	0	0	0	0	24	276	0	0	0	-	0	24	24	0	0	264	264	0	0	2208	2208	0	0	0	0	0	0	0	0	0	0	0	0	0	0	0	0	0	0	0	0	0	0
F268-D04	discovery	neighbor	16	52	2456886589	5	1	0	-	1	24	32	37	24	0	0	0	0	0	0	0	24	276	0	0	0	-	0	24	24	0	0	264	264	0	0	2208	2172	36	0	12	12	0	0	0	0	0	0	0	0	0	0	0	0	0	0	0	0	0	0
F268-D04	discovery	neighbor	16	52	2456886589	6	1	0	-	1	24	33	39	24	0	0	0	0	0	0	0	24	276	0	0	0	-	0	24	24	0	0	216	216	0	0	2208	2208	0	0	16	16	0	0	0	0	0	0	0	0	0	0	0	0	0	0	0	0	0	0
F268-D04	discovery	neighbor	16	52	2456886589	7	1	0	-	1	24	29	40	24	0	0	0	0	0	0	0	24	276	0	0	0	-	0	24	24	0	0	312	312	0	0	2208	2208	0	0	36	36	0	0	0	0	0	0	0	0	0	0	0	0	0	0	0	0	0	0
F268-D04	discovery	neighbor	16	52	2456886589	8	1	0	-	1	24	33	47	24	0	0	0	0	0	0	0	24	276	0	0	0	-	0	24	24	0	0	312	312	0	0	2208	2208	0	0	24	24	0	0	0	0	0	0	0	0	0	0	0	0	0	0	0	0	0	0
F268-D04	discovery	neighbor	16	52	2456886589	9	1	0	-	1	24	32	49	24	0	0	0	0	0	0	0	24	276	0	0	0	-	0	24	24	0	0	264	264	0	0	2208	2190	18	0	6	6	0	0	0	0	0	0	0	0	0	0	0	0	0	0	0	0	0	0
F268-D04	discovery	neighbor	16	52	2456886589	10	1	0	-	1	20	29	28	20	0	0	0	0	0	0	0	20	190	0	0	0	-	0	4	4	0	0	228	228	0	0	1520	1480	40	0	16	16	0	0	0	0	0	0	0	0	0	0	0	0	0	0	0	0	0	0
F268-D04	discovery	neighbor	16	52	2456886589	11	1	0	-	1	24	31	41	24	0	0	0	0	0	0	0	24	276	0	0	0	-	0	26	26	0	0	274	274	0	0	2208	2208	0	0	0	0	0	0	0	0	0	0	0	0	0	0	0	0	0	0	0	0	0	0
F268-D04	discovery	neighbor	16	53	2978975959	0	1	0	-	1	24	31	36	24	0	0	0	0	0	0	0	24	276	1	1	0	PAIR_ROW_PLUS	54601	24	24	0	0	216	216	0	0	2208	2207	0	1	0	0	0	0	0	0	0	0	0	0	0	0	0	0	0	0	0	0	0	0
F268-D04	discovery	neighbor	16	53	2978975959	1	1	0	-	1	24	35	69	24	0	0	0	0	0	0	0	24	276	0	0	0	-	0	24	24	0	0	312	312	0	0	2208	2208	0	0	0	0	0	0	0	0	0	0	0	0	0	0	0	0	0	0	0	0	0	0
F268-D04	discovery	neighbor	16	53	2978975959	2	1	0	-	1	24	32	35	24	0	0	0	0	0	0	0	24	276	1	1	0	PAIR_ROW_MINUS	54559	24	24	0	0	360	360	0	0	2208	2202	0	6	0	0	0	0	0	0	0	0	0	0	0	0	0	0	0	0	0	0	0	0
F268-D04	discovery	neighbor	16	53	2978975959	3	1	0	-	1	24	33	42	24	0	0	0	0	0	0	0	24	276	1	1	0	PAIR_ROW_MINUS	54601	24	24	0	0	264	264	0	0	2208	2204	0	4	0	0	0	0	0	0	0	0	0	0	0	0	0	0	0	0	0	0	0	0
F268-D04	discovery	neighbor	16	53	2978975959	4	1	0	-	1	24	31	41	24	0	0	0	0	0	0	0	24	276	0	0	0	-	0	24	24	0	0	360	360	0	0	2208	2208	0	0	0	0	0	0	0	0	0	0	0	0	0	0	0	0	0	0	0	0	0	0
F268-D04	discovery	neighbor	16	53	2978975959	5	1	0	-	1	24	30	46	24	0	0	0	0	0	0	0	24	276	0	0	0	-	0	24	24	0	0	216	216	0	0	2208	2172	36	0	12	12	0	0	0	0	0	0	0	0	0	0	0	0	0	0	0	0	0	0
F268-D04	discovery	neighbor	16	53	2978975959	6	1	0	-	1	24	31	38	24	0	0	0	0	0	0	0	24	276	1	1	0	ROW_MINUS_ONE	54601	24	24	0	0	312	307	0	5	2208	2206	0	2	16	16	0	0	0	0	0	0	0	0	0	0	0	0	0	0	0	0	0	0
F268-D04	discovery	neighbor	16	53	2978975959	7	1	0	-	1	24	32	44	24	0	0	0	0	0	0	0	24	276	1	1	0	PAIR_ROW_MINUS	54601	24	24	0	0	360	360	0	0	2208	2192	0	16	36	36	0	0	0	0	0	0	0	0	0	0	0	0	0	0	0	0	0	0
F268-D04	discovery	neighbor	16	53	2978975959	8	1	0	-	1	24	32	49	24	0	0	0	0	0	0	0	24	276	1	1	0	PAIR_HIGH_PLUS	54601	24	24	0	0	264	264	0	0	2208	2203	0	5	24	24	0	0	0	0	0	0	0	0	0	0	0	0	0	0	0	0	0	0
F268-D04	discovery	neighbor	16	53	2978975959	9	1	0	-	1	24	32	61	24	0	0	0	0	0	0	0	24	276	1	1	0	PAIR_HIGH_MINUS	54559	24	24	0	0	360	360	0	0	2208	2189	18	1	6	6	0	0	0	0	0	0	0	0	0	0	0	0	0	0	0	0	0	0
F268-D04	discovery	neighbor	16	53	2978975959	10	1	0	-	1	20	28	32	20	0	0	0	0	0	0	0	20	190	1	1	0	PAIR_ROW_MINUS	54601	4	4	0	0	252	252	0	0	1520	1478	40	2	16	16	0	0	0	0	0	0	0	0	0	0	0	0	0	0	0	0	0	0
F268-D04	discovery	neighbor	16	53	2978975959	11	1	0	-	1	24	29	37	24	0	0	0	0	0	0	0	24	276	0	0	0	-	0	26	26	0	0	300	300	0	0	2208	2208	0	0	0	0	0	0	0	0	0	0	0	0	0	0	0	0	0	0	0	0	0	0
F268-D04	discovery	neighbor	16	54	1798777303	0	1	0	-	1	24	32	44	24	0	0	0	0	0	0	0	24	276	0	0	0	-	0	24	24	0	0	216	216	0	0	2208	2208	0	0	0	0	0	0	0	0	0	0	0	0	0	0	0	0	0	0	0	0	0	0
F268-D04	discovery	neighbor	16	54	1798777303	1	1	0	-	1	24	30	37	24	0	0	0	0	0	0	0	24	276	0	0	0	-	0	24	24	0	0	312	312	0	0	2208	2208	0	0	0	0	0	0	0	0	0	0	0	0	0	0	0	0	0	0	0	0	0	0
F268-D04	discovery	neighbor	16	54	1798777303	2	1	0	-	1	24	33	44	24	0	0	0	0	0	0	0	24	276	1	1	0	PAIR_ROW_PLUS	42433	24	24	0	0	360	360	0	0	2208	2205	0	3	0	0	0	0	0	0	0	0	0	0	0	0	0	0	0	0	0	0	0	0
F268-D04	discovery	neighbor	16	54	1798777303	3	1	0	-	1	24	34	43	24	0	0	0	0	0	0	0	24	276	0	0	0	-	0	24	24	0	0	264	264	0	0	2208	2208	0	0	0	0	0	0	0	0	0	0	0	0	0	0	0	0	0	0	0	0	0	0
F268-D04	discovery	neighbor	16	54	1798777303	4	1	0	-	1	24	33	54	24	0	0	0	0	0	0	0	24	276	0	0	0	-	0	24	24	0	0	360	360	0	0	2208	2208	0	0	0	0	0	0	0	0	0	0	0	0	0	0	0	0	0	0	0	0	0	0
F268-D04	discovery	neighbor	16	54	1798777303	5	1	0	-	1	24	34	59	24	0	0	0	0	0	0	0	24	276	0	0	0	-	0	24	24	0	0	216	216	0	0	2208	2172	36	0	12	12	0	0	0	0	0	0	0	0	0	0	0	0	0	0	0	0	0	0
F268-D04	discovery	neighbor	16	54	1798777303	6	1	0	-	1	24	32	45	24	0	0	0	0	0	0	0	24	276	0	0	0	-	0	24	24	0	0	312	312	0	0	2208	2208	0	0	16	16	0	0	0	0	0	0	0	0	0	0	0	0	0	0	0	0	0	0
F268-D04	discovery	neighbor	16	54	1798777303	7	1	0	-	1	24	33	41	24	0	0	0	0	0	0	0	24	276	1	1	0	PAIR_ROW_MINUS	42433	24	24	0	0	360	360	0	0	2208	2206	0	2	36	36	0	0	0	0	0	0	0	0	0	0	0	0	0	0	0	0	0	0
F268-D04	discovery	neighbor	16	54	1798777303	8	1	0	-	1	24	31	36	24	0	0	0	0	0	0	0	24	276	0	0	0	-	0	24	24	0	0	264	264	0	0	2208	2208	0	0	24	24	0	0	0	0	0	0	0	0	0	0	0	0	0	0	0	0	0	0
F268-D04	discovery	neighbor	16	54	1798777303	9	1	0	-	1	24	30	27	24	0	0	0	0	0	0	0	24	276	0	0	0	-	0	24	24	0	0	360	360	0	0	2208	2190	18	0	6	6	0	0	0	0	0	0	0	0	0	0	0	0	0	0	0	0	0	0
F268-D04	discovery	neighbor	16	54	1798777303	10	1	0	-	1	20	27	25	20	0	0	0	0	0	0	0	20	190	0	0	0	-	0	4	4	0	0	252	252	0	0	1520	1480	40	0	16	16	0	0	0	0	0	0	0	0	0	0	0	0	0	0	0	0	0	0
F268-D04	discovery	neighbor	16	54	1798777303	11	1	0	-	1	24	33	38	24	0	0	0	0	0	0	0	24	276	0	0	0	-	0	26	26	0	0	300	300	0	0	2208	2208	0	0	0	0	0	0	0	0	0	0	0	0	0	0	0	0	0	0	0	0	0	0
F268-D04	discovery	neighbor	16	55	3567672371	0	1	0	-	1	24	32	45	24	0	0	0	0	0	0	0	24	276	0	0	0	-	0	24	24	0	0	216	216	0	0	2208	2208	0	0	0	0	0	0	0	0	0	0	0	0	0	0	0	0	0	0	0	0	0	0
F268-D04	discovery	neighbor	16	55	3567672371	1	1	0	-	1	24	31	45	24	0	0	0	0	0	0	0	24	276	1	1	0	PAIR_ROW_MINUS	59753	24	24	0	0	264	264	0	0	2208	2206	0	2	0	0	0	0	0	0	0	0	0	0	0	0	0	0	0	0	0	0	0	0
F268-D04	discovery	neighbor	16	55	3567672371	2	1	0	-	1	24	32	56	24	0	0	0	0	0	0	0	24	276	1	1	0	PAIR_BASE_MINUS	59707	24	24	0	0	312	312	0	0	2208	2205	0	3	0	0	0	0	0	0	0	0	0	0	0	0	0	0	0	0	0	0	0	0
F268-D04	discovery	neighbor	16	55	3567672371	3	1	0	-	1	24	32	52	24	0	0	0	0	0	0	0	24	276	0	0	0	-	0	24	24	0	0	264	264	0	0	2208	2208	0	0	0	0	0	0	0	0	0	0	0	0	0	0	0	0	0	0	0	0	0	0
F268-D04	discovery	neighbor	16	55	3567672371	4	1	0	-	1	24	33	59	24	0	0	0	0	0	0	0	24	276	0	0	0	-	0	24	24	0	0	312	312	0	0	2208	2208	0	0	0	0	0	0	0	0	0	0	0	0	0	0	0	0	0	0	0	0	0	0
F268-D04	discovery	neighbor	16	55	3567672371	5	1	0	-	1	24	31	53	24	0	0	0	0	0	0	0	24	276	0	0	0	-	0	24	24	0	0	216	216	0	0	2208	2172	36	0	12	12	0	0	0	0	0	0	0	0	0	0	0	0	0	0	0	0	0	0
F268-D04	discovery	neighbor	16	55	3567672371	6	1	0	-	1	24	32	44	24	0	0	0	0	0	0	0	24	276	0	0	0	-	0	24	24	0	0	264	264	0	0	2208	2208	0	0	16	16	0	0	0	0	0	0	0	0	0	0	0	0	0	0	0	0	0	0
F268-D04	discovery	neighbor	16	55	3567672371	7	1	0	-	1	24	35	50	24	0	0	0	0	0	0	0	24	276	0	0	0	-	0	24	24	0	0	312	312	0	0	2208	2208	0	0	36	36	0	0	0	0	0	0	0	0	0	0	0	0	0	0	0	0	0	0
F268-D04	discovery	neighbor	16	55	3567672371	8	1	0	-	1	24	32	40	24	0	0	0	0	0	0	0	24	276	0	0	0	-	0	24	24	0	0	264	264	0	0	2208	2208	0	0	24	24	0	0	0	0	0	0	0	0	0	0	0	0	0	0	0	0	0	0
F268-D04	discovery	neighbor	16	55	3567672371	9	1	0	-	1	24	31	49	24	0	0	0	0	0	0	0	24	276	1	1	0	PAIR_ROW_MINUS	59753	24	24	0	0	312	312	0	0	2208	2188	18	2	6	6	0	0	0	0	0	0	0	0	0	0	0	0	0	0	0	0	0	0
F268-D04	discovery	neighbor	16	55	3567672371	10	1	0	-	1	20	27	27	20	0	0	0	0	0	0	0	20	190	0	0	0	-	0	4	4	0	0	228	228	0	0	1520	1480	40	0	16	16	0	0	0	0	0	0	0	0	0	0	0	0	0	0	0	0	0	0
F268-D04	discovery	neighbor	16	55	3567672371	11	1	0	-	1	24	31	54	24	0	0	0	0	0	0	0	24	276	1	1	0	PAIR_ROW_MINUS	59707	26	26	0	0	272	272	0	0	2208	2206	0	2	0	0	0	0	0	0	0	0	0	0	0	0	0	0	0	0	0	0	0	0
F268-D04	discovery	neighbor	16	56	3940825951	0	1	0	-	1	24	30	46	24	0	0	0	0	0	0	0	24	276	0	0	0	-	0	24	24	0	0	216	216	0	0	2208	2208	0	0	0	0	0	0	0	0	0	0	0	0	0	0	0	0	0	0	0	0	0	0
F268-D04	discovery	neighbor	16	56	3940825951	1	1	0	-	1	24	33	43	24	0	0	0	0	0	0	0	24	276	0	0	0	-	0	24	24	0	0	408	408	0	0	2208	2208	0	0	0	0	0	0	0	0	0	0	0	0	0	0	0	0	0	0	0	0	0	0
F268-D04	discovery	neighbor	16	56	3940825951	2	1	0	-	1	24	32	43	24	0	0	0	0	0	0	0	24	276	1	1	0	PAIR_ROW_MINUS	62791	24	24	0	0	456	456	0	0	2208	2206	0	2	0	0	0	0	0	0	0	0	0	0	0	0	0	0	0	0	0	0	0	0
F268-D04	discovery	neighbor	16	56	3940825951	3	1	0	-	1	24	31	51	24	0	0	0	0	0	0	0	24	276	1	1	0	PAIR_BASE_MINUS	62791	24	24	0	0	264	264	0	0	2208	2203	0	5	0	0	0	0	0	0	0	0	0	0	0	0	0	0	0	0	0	0	0	0
F268-D04	discovery	neighbor	16	56	3940825951	4	1	0	-	1	24	32	41	24	0	0	0	0	0	0	0	24	276	0	0	0	-	0	24	24	0	0	456	456	0	0	2208	2208	0	0	0	0	0	0	0	0	0	0	0	0	0	0	0	0	0	0	0	0	0	0
F268-D04	discovery	neighbor	16	56	3940825951	5	1	0	-	1	24	29	36	24	0	0	0	0	0	0	0	24	276	0	0	0	-	0	24	24	0	0	216	216	0	0	2208	2172	36	0	12	12	0	0	0	0	0	0	0	0	0	0	0	0	0	0	0	0	0	0
F268-D04	discovery	neighbor	16	56	3940825951	6	1	0	-	1	24	32	40	24	0	0	0	0	0	0	0	24	276	0	0	0	-	0	24	24	0	0	408	408	0	0	2208	2208	0	0	16	16	0	0	0	0	0	0	0	0	0	0	0	0	0	0	0	0	0	0
F268-D04	discovery	neighbor	16	56	3940825951	7	1	0	-	1	24	30	40	24	0	0	0	0	0	0	0	24	276	0	0	0	-	0	24	24	0	0	456	456	0	0	2208	2208	0	0	36	36	0	0	0	0	0	0	0	0	0	0	0	0	0	0	0	0	0	0
F268-D04	discovery	neighbor	16	56	3940825951	8	1	0	-	1	24	34	46	24	0	0	0	0	0	0	0	24	276	0	0	0	-	0	24	24	0	0	264	264	0	0	2208	2208	0	0	24	24	0	0	0	0	0	0	0	0	0	0	0	0	0	0	0	0	0	0
F268-D04	discovery	neighbor	16	56	3940825951	9	1	0	-	1	24	31	56	24	0	0	0	0	0	0	0	24	276	0	0	0	-	0	24	24	0	0	456	456	0	0	2208	2190	18	0	6	6	0	0	0	0	0	0	0	0	0	0	0	0	0	0	0	0	0	0
F268-D04	discovery	neighbor	16	56	3940825951	10	1	0	-	1	20	23	29	20	0	0	0	0	0	0	0	20	190	0	0	0	-	0	4	4	0	0	300	300	0	0	1520	1480	40	0	16	16	0	0	0	0	0	0	0	0	0	0	0	0	0	0	0	0	0	0
F268-D04	discovery	neighbor	16	56	3940825951	11	1	0	-	1	24	29	43	24	0	0	0	0	0	0	0	24	276	0	0	0	-	0	26	26	0	0	356	356	0	0	2208	2208	0	0	0	0	0	0	0	0	0	0	0	0	0	0	0	0	0	0	0	0	0	0
F268-D04	discovery	neighbor	16	57	4021461649	0	1	0	-	1	24	32	46	24	0	0	0	0	0	0	0	24	276	0	0	0	-	0	24	24	0	0	360	360	0	0	2208	2208	0	0	0	0	0	0	0	0	0	0	0	0	0	0	0	0	0	0	0	0	0	0
F268-D04	discovery	neighbor	16	57	4021461649	1	1	0	-	1	24	33	49	24	0	0	0	0	0	0	0	24	276	0	0	0	-	0	24	24	0	0	216	216	0	0	2208	2208	0	0	0	0	0	0	0	0	0	0	0	0	0	0	0	0	0	0	0	0	0	0
F268-D04	discovery	neighbor	16	57	4021461649	2	1	0	-	1	24	33	44	24	0	0	0	0	0	0	0	24	276	0	0	0	-	0	24	24	0	0	408	408	0	0	2208	2208	0	0	0	0	0	0	0	0	0	0	0	0	0	0	0	0	0	0	0	0	0	0
F268-D04	discovery	neighbor	16	57	4021461649	3	1	0	-	1	24	33	39	24	0	0	0	0	0	0	0	24	276	0	0	0	-	0	24	24	0	0	408	408	0	0	2208	2208	0	0	0	0	0	0	0	0	0	0	0	0	0	0	0	0	0	0	0	0	0	0
F268-D04	discovery	neighbor	16	57	4021461649	4	1	0	-	1	24	30	28	24	0	0	0	0	0	0	0	24	276	0	0	0	-	0	24	24	0	0	264	264	0	0	2208	2208	0	0	0	0	0	0	0	0	0	0	0	0	0	0	0	0	0	0	0	0	0	0
F268-D04	discovery	neighbor	16	57	4021461649	5	1	0	-	1	24	30	32	24	0	0	0	0	0	0	0	24	276	0	0	0	-	0	24	24	0	0	360	360	0	0	2208	2172	36	0	12	12	0	0	0	0	0	0	0	0	0	0	0	0	0	0	0	0	0	0
F268-D04	discovery	neighbor	16	57	4021461649	6	1	0	-	1	24	31	45	24	0	0	0	0	0	0	0	24	276	0	0	0	-	0	24	24	0	0	216	216	0	0	2208	2208	0	0	16	16	0	0	0	0	0	0	0	0	0	0	0	0	0	0	0	0	0	0
F268-D04	discovery	neighbor	16	57	4021461649	7	1	0	-	1	24	33	27	24	0	0	0	0	0	0	0	24	276	1	1	0	ROW_MINUS_ONE	63439	24	24	0	0	408	376	0	32	2208	2195	0	13	36	36	0	0	0	0	0	0	0	0	0	0	0	0	0	0	0	0	0	0
F268-D04	discovery	neighbor	16	57	4021461649	8	1	0	-	1	24	31	43	24	0	0	0	0	0	0	0	24	276	0	0	0	-	0	24	24	0	0	408	408	0	0	2208	2208	0	0	24	24	0	0	0	0	0	0	0	0	0	0	0	0	0	0	0	0	0	0
F268-D04	discovery	neighbor	16	57	4021461649	9	1	0	-	1	24	31	39	24	0	0	0	0	0	0	0	24	276	0	0	0	-	0	24	24	0	0	264	264	0	0	2208	2190	18	0	6	6	0	0	0	0	0	0	0	0	0	0	0	0	0	0	0	0	0	0
F268-D04	discovery	neighbor	16	57	4021461649	10	1	0	-	1	20	24	23	20	0	0	0	0	0	0	0	20	190	0	0	0	-	0	4	4	0	0	276	276	0	0	1520	1480	40	0	16	16	0	0	0	0	0	0	0	0	0	0	0	0	0	0	0	0	0	0
F268-D04	discovery	neighbor	16	57	4021461649	11	1	0	-	1	24	35	49	24	0	0	0	0	0	0	0	24	276	0	0	0	-	0	26	26	0	0	334	334	0	0	2208	2208	0	0	0	0	0	0	0	0	0	0	0	0	0	0	0	0	0	0	0	0	0	0
F268-D04	discovery	neighbor	16	58	3319718113	0	1	0	-	1	24	31	38	24	0	0	0	0	0	0	0	24	276	0	0	0	-	0	24	24	0	0	408	408	0	0	2208	2208	0	0	0	0	0	0	0	0	0	0	0	0	0	0	0	0	0	0	0	0	0	0
F268-D04	discovery	neighbor	16	58	3319718113	1	1	0	-	1	24	30	51	24	0	0	0	0	0	0	0	24	276	0	0	0	-	0	24	24	0	0	216	216	0	0	2208	2208	0	0	0	0	0	0	0	0	0	0	0	0	0	0	0	0	0	0	0	0	0	0
F268-D04	discovery	neighbor	16	58	3319718113	2	1	0	-	1	24	33	39	24	0	0	0	0	0	0	0	24	276	0	0	0	-	0	24	24	0	0	456	456	0	0	2208	2208	0	0	0	0	0	0	0	0	0	0	0	0	0	0	0	0	0	0	0	0	0	0
F268-D04	discovery	neighbor	16	58	3319718113	3	1	0	-	1	24	31	37	24	0	0	0	0	0	0	0	24	276	0	0	0	-	0	24	24	0	0	456	456	0	0	2208	2208	0	0	0	0	0	0	0	0	0	0	0	0	0	0	0	0	0	0	0	0	0	0
F268-D04	discovery	neighbor	16	58	3319718113	4	1	0	-	1	24	32	42	24	0	0	0	0	0	0	0	24	276	0	0	0	-	0	24	24	0	0	264	264	0	0	2208	2208	0	0	0	0	0	0	0	0	0	0	0	0	0	0	0	0	0	0	0	0	0	0
F268-D04	discovery	neighbor	16	58	3319718113	5	1	0	-	1	24	32	49	24	0	0	0	0	0	0	0	24	276	0	0	0	-	0	24	24	0	0	408	408	0	0	2208	2172	36	0	12	12	0	0	0	0	0	0	0	0	0	0	0	0	0	0	0	0	0	0
F268-D04	discovery	neighbor	16	58	3319718113	6	1	0	-	1	24	33	47	24	0	0	0	0	0	0	0	24	276	0	0	0	-	0	24	24	0	0	216	216	0	0	2208	2208	0	0	16	16	0	0	0	0	0	0	0	0	0	0	0	0	0	0	0	0	0	0
F268-D04	discovery	neighbor	16	58	3319718113	7	1	0	-	1	24	30	28	24	0	0	0	0	0	0	0	24	276	0	0	0	-	0	24	24	0	0	456	456	0	0	2208	2208	0	0	36	36	0	0	0	0	0	0	0	0	0	0	0	0	0	0	0	0	0	0
F268-D04	discovery	neighbor	16	58	3319718113	8	1	0	-	1	24	33	56	24	0	0	0	0	0	0	0	24	276	0	0	0	-	0	24	24	0	0	456	456	0	0	2208	2208	0	0	24	24	0	0	0	0	0	0	0	0	0	0	0	0	0	0	0	0	0	0
F268-D04	discovery	neighbor	16	58	3319718113	9	1	0	-	1	24	31	41	24	0	0	0	0	0	0	0	24	276	0	0	0	-	0	24	24	0	0	264	264	0	0	2208	2190	18	0	6	6	0	0	0	0	0	0	0	0	0	0	0	0	0	0	0	0	0	0
F268-D04	discovery	neighbor	16	58	3319718113	10	1	0	-	1	20	30	28	20	0	0	0	0	0	0	0	20	190	0	0	0	-	0	4	4	0	0	300	300	0	0	1520	1480	40	0	16	16	0	0	0	0	0	0	0	0	0	0	0	0	0	0	0	0	0	0
F268-D04	discovery	neighbor	16	58	3319718113	11	1	0	-	1	24	34	47	24	0	0	0	0	0	0	0	24	276	0	0	0	-	0	26	26	0	0	364	364	0	0	2208	2208	0	0	0	0	0	0	0	0	0	0	0	0	0	0	0	0	0	0	0	0	0	0
F268-D04	discovery	neighbor	16	59	1746654593	0	1	0	-	1	24	32	36	24	0	0	0	0	0	0	0	24	276	0	0	0	-	0	24	24	0	0	504	504	0	0	2208	2208	0	0	0	0	0	0	0	0	0	0	0	0	0	0	0	0	0	0	0	0	0	0
F268-D04	discovery	neighbor	16	59	1746654593	1	1	0	-	1	24	32	42	24	0	0	0	0	0	0	0	24	276	1	1	0	PAIR_ROW_PLUS	41809	24	24	0	0	216	216	0	0	2208	2207	0	1	0	0	0	0	0	0	0	0	0	0	0	0	0	0	0	0	0	0	0	0
F268-D04	discovery	neighbor	16	59	1746654593	2	1	0	-	1	24	32	40	24	0	0	0	0	0	0	0	24	276	1	1	0	ROW_MINUS_ONE	41777	24	24	0	0	552	543	0	9	2208	2208	0	0	0	0	0	0	0	0	0	0	0	0	0	0	0	0	0	0	0	0	0	0
F268-D04	discovery	neighbor	16	59	1746654593	3	1	0	-	1	24	31	36	24	0	0	0	0	0	0	0	24	276	0	0	0	-	0	24	24	0	0	552	552	0	0	2208	2208	0	0	0	0	0	0	0	0	0	0	0	0	0	0	0	0	0	0	0	0	0	0
F268-D04	discovery	neighbor	16	59	1746654593	4	1	0	-	1	24	32	49	24	0	0	0	0	0	0	0	24	276	0	0	0	-	0	24	24	0	0	264	264	0	0	2208	2208	0	0	0	0	0	0	0	0	0	0	0	0	0	0	0	0	0	0	0	0	0	0
F268-D04	discovery	neighbor	16	59	1746654593	5	1	0	-	1	24	32	41	24	0	0	0	0	0	0	0	24	276	0	0	0	-	0	24	24	0	0	504	504	0	0	2208	2172	36	0	12	12	0	0	0	0	0	0	0	0	0	0	0	0	0	0	0	0	0	0
F268-D04	discovery	neighbor	16	59	1746654593	6	1	0	-	1	24	33	43	24	0	0	0	0	0	0	0	24	276	0	0	0	-	0	24	24	0	0	216	216	0	0	2208	2208	0	0	16	16	0	0	0	0	0	0	0	0	0	0	0	0	0	0	0	0	0	0
F268-D04	discovery	neighbor	16	59	1746654593	7	1	0	-	1	24	35	55	24	0	0	0	0	0	0	0	24	276	0	0	0	-	0	24	24	0	0	552	552	0	0	2208	2208	0	0	36	36	0	0	0	0	0	0	0	0	0	0	0	0	0	0	0	0	0	0
F268-D04	discovery	neighbor	16	59	1746654593	8	1	0	-	1	24	32	33	24	0	0	0	0	0	0	0	24	276	0	0	0	-	0	24	24	0	0	552	552	0	0	2208	2208	0	0	24	24	0	0	0	0	0	0	0	0	0	0	0	0	0	0	0	0	0	0
F268-D04	discovery	neighbor	16	59	1746654593	9	1	0	-	1	24	35	49	24	0	0	0	0	0	0	0	24	276	0	0	0	-	0	24	24	0	0	264	264	0	0	2208	2190	18	0	6	6	0	0	0	0	0	0	0	0	0	0	0	0	0	0	0	0	0	0
F268-D04	discovery	neighbor	16	59	1746654593	10	1	0	-	1	20	25	22	20	0	0	0	0	0	0	0	20	190	0	0	0	-	0	4	4	0	0	348	348	0	0	1520	1480	40	0	16	16	0	0	0	0	0	0	0	0	0	0	0	0	0	0	0	0	0	0
F268-D04	discovery	neighbor	16	59	1746654593	11	1	0	-	1	24	33	57	24	0	0	0	0	0	0	0	24	276	0	0	0	-	0	26	26	0	0	424	424	0	0	2208	2208	0	0	0	0	0	0	0	0	0	0	0	0	0	0	0	0	0	0	0	0	0	0
F268-D04	discovery	safe-safe	16	60	1223268001	0	1	0	-	1	24	34	35	24	0	0	0	0	0	0	0	24	276	0	0	0	-	0	24	24	0	0	408	408	0	0	2208	2208	0	0	0	0	0	0	0	0	0	0	0	0	0	0	0	0	0	0	0	0	0	0
F268-D04	discovery	safe-safe	16	60	1223268001	1	1	0	-	1	24	31	44	24	0	0	0	0	0	0	0	24	276	0	0	0	-	0	24	24	0	0	216	216	0	0	2208	2208	0	0	0	0	0	0	0	0	0	0	0	0	0	0	0	0	0	0	0	0	0	0
F268-D04	discovery	safe-safe	16	60	1223268001	2	1	0	-	1	24	32	44	24	0	0	0	0	0	0	0	24	276	0	0	0	-	0	24	24	0	0	456	456	0	0	2208	2208	0	0	0	0	0	0	0	0	0	0	0	0	0	0	0	0	0	0	0	0	0	0
F268-D04	discovery	safe-safe	16	60	1223268001	3	1	0	-	1	24	31	43	24	0	0	0	0	0	0	0	24	276	0	0	0	-	0	24	24	0	0	456	456	0	0	2208	2208	0	0	0	0	0	0	0	0	0	0	0	0	0	0	0	0	0	0	0	0	0	0
F268-D04	discovery	safe-safe	16	60	1223268001	4	1	0	-	1	24	32	38	24	0	0	0	0	0	0	0	24	276	0	0	0	-	0	24	24	0	0	264	264	0	0	2208	2208	0	0	0	0	0	0	0	0	0	0	0	0	0	0	0	0	0	0	0	0	0	0
F268-D04	discovery	safe-safe	16	60	1223268001	5	1	0	-	1	24	29	48	24	0	0	0	0	0	0	0	24	276	0	0	0	-	0	24	24	0	0	408	408	0	0	2208	2172	36	0	12	12	0	0	0	0	0	0	0	0	0	0	0	0	0	0	0	0	0	0
F268-D04	discovery	safe-safe	16	60	1223268001	6	1	0	-	1	24	30	38	24	0	0	0	0	0	0	0	24	276	0	0	0	-	0	24	24	0	0	216	216	0	0	2208	2208	0	0	16	16	0	0	0	0	0	0	0	0	0	0	0	0	0	0	0	0	0	0
F268-D04	discovery	safe-safe	16	60	1223268001	7	1	0	-	1	24	31	45	24	0	0	0	0	0	0	0	24	276	0	0	0	-	0	24	24	0	0	456	456	0	0	2208	2208	0	0	36	36	0	0	0	0	0	0	0	0	0	0	0	0	0	0	0	0	0	0
F268-D04	discovery	safe-safe	16	60	1223268001	8	1	0	-	1	24	31	46	24	0	0	0	0	0	0	0	24	276	0	0	0	-	0	24	24	0	0	456	456	0	0	2208	2208	0	0	24	24	0	0	0	0	0	0	0	0	0	0	0	0	0	0	0	0	0	0
F268-D04	discovery	safe-safe	16	60	1223268001	9	1	0	-	1	24	31	32	24	0	0	0	0	0	0	0	24	276	0	0	0	-	0	24	24	0	0	264	264	0	0	2208	2190	18	0	6	6	0	0	0	0	0	0	0	0	0	0	0	0	0	0	0	0	0	0
F268-D04	discovery	safe-safe	16	60	1223268001	10	1	0	-	1	20	26	33	20	0	0	0	0	0	0	0	20	190	0	0	0	-	0	4	4	0	0	300	300	0	0	1520	1480	40	0	16	16	0	0	0	0	0	0	0	0	0	0	0	0	0	0	0	0	0	0
F268-D04	discovery	safe-safe	16	60	1223268001	11	1	0	-	1	24	29	41	24	0	0	0	0	0	0	0	24	276	0	0	0	-	0	26	26	0	0	364	364	0	0	2208	2208	0	0	0	0	0	0	0	0	0	0	0	0	0	0	0	0	0	0	0	0	0	0
F268-D04	discovery	safe-safe	16	61	3405994381	0	1	0	-	1	24	31	40	24	0	0	0	0	0	0	0	24	276	0	0	0	-	0	24	24	0	0	264	264	0	0	2208	2208	0	0	0	0	0	0	0	0	0	0	0	0	0	0	0	0	0	0	0	0	0	0
F268-D04	discovery	safe-safe	16	61	3405994381	1	1	0	-	1	24	32	46	24	0	0	0	0	0	0	0	24	276	0	0	0	-	0	24	24	0	0	216	216	0	0	2208	2208	0	0	0	0	0	0	0	0	0	0	0	0	0	0	0	0	0	0	0	0	0	0
F268-D04	discovery	safe-safe	16	61	3405994381	2	1	0	-	1	24	32	42	24	0	0	0	0	0	0	0	24	276	0	0	0	-	0	24	24	0	0	312	312	0	0	2208	2208	0	0	0	0	0	0	0	0	0	0	0	0	0	0	0	0	0	0	0	0	0	0
F268-D04	discovery	safe-safe	16	61	3405994381	3	1	0	-	1	24	31	35	24	0	0	0	0	0	0	0	24	276	0	0	0	-	0	24	24	0	0	312	312	0	0	2208	2208	0	0	0	0	0	0	0	0	0	0	0	0	0	0	0	0	0	0	0	0	0	0
F268-D04	discovery	safe-safe	16	61	3405994381	4	1	0	-	1	24	34	53	24	0	0	0	0	0	0	0	24	276	0	0	0	-	0	24	24	0	0	264	264	0	0	2208	2208	0	0	0	0	0	0	0	0	0	0	0	0	0	0	0	0	0	0	0	0	0	0
F268-D04	discovery	safe-safe	16	61	3405994381	5	1	0	-	1	24	31	71	24	0	0	0	0	0	0	0	24	276	0	0	0	-	0	24	24	0	0	264	264	0	0	2208	2172	36	0	12	12	0	0	0	0	0	0	0	0	0	0	0	0	0	0	0	0	0	0
F268-D04	discovery	safe-safe	16	61	3405994381	6	1	0	-	1	24	29	39	24	0	0	0	0	0	0	0	24	276	0	0	0	-	0	24	24	0	0	216	216	0	0	2208	2208	0	0	16	16	0	0	0	0	0	0	0	0	0	0	0	0	0	0	0	0	0	0
F268-D04	discovery	safe-safe	16	61	3405994381	7	1	0	-	1	24	30	40	24	0	0	0	0	0	0	0	24	276	0	0	0	-	0	24	24	0	0	312	312	0	0	2208	2208	0	0	36	36	0	0	0	0	0	0	0	0	0	0	0	0	0	0	0	0	0	0
F268-D04	discovery	safe-safe	16	61	3405994381	8	1	0	-	1	24	29	35	24	0	0	0	0	0	0	0	24	276	0	0	0	-	0	24	24	0	0	312	312	0	0	2208	2208	0	0	24	24	0	0	0	0	0	0	0	0	0	0	0	0	0	0	0	0	0	0
F268-D04	discovery	safe-safe	16	61	3405994381	9	1	0	-	1	24	32	46	24	0	0	0	0	0	0	0	24	276	0	0	0	-	0	24	24	0	0	264	264	0	0	2208	2190	18	0	6	6	0	0	0	0	0	0	0	0	0	0	0	0	0	0	0	0	0	0
F268-D04	discovery	safe-safe	16	61	3405994381	10	1	0	-	1	20	26	34	20	0	0	0	0	0	0	0	20	190	0	0	0	-	0	4	4	0	0	228	228	0	0	1520	1480	40	0	16	16	0	0	0	0	0	0	0	0	0	0	0	0	0	0	0	0	0	0
F268-D04	discovery	safe-safe	16	61	3405994381	11	1	0	-	1	24	31	41	24	0	0	0	0	0	0	0	24	276	1	1	0	PAIR_HIGH_MINUS	60779	26	26	0	0	274	274	0	0	2208	2207	0	1	0	0	0	0	0	0	0	0	0	0	0	0	0	0	0	0	0	0	0	0
F268-D04	discovery	safe-safe	16	62	2043057193	0	1	0	-	1	24	33	37	24	0	0	0	0	0	0	0	24	276	0	0	0	-	0	24	24	0	0	312	312	0	0	2208	2208	0	0	0	0	0	0	0	0	0	0	0	0	0	0	0	0	0	0	0	0	0	0
F268-D04	discovery	safe-safe	16	62	2043057193	1	1	0	-	1	24	31	47	24	0	0	0	0	0	0	0	24	276	0	0	0	-	0	24	24	0	0	216	216	0	0	2208	2208	0	0	0	0	0	0	0	0	0	0	0	0	0	0	0	0	0	0	0	0	0	0
F268-D04	discovery	safe-safe	16	62	2043057193	2	1	0	-	1	24	33	37	24	0	0	0	0	0	0	0	24	276	0	0	0	-	0	24	24	0	0	360	360	0	0	2208	2208	0	0	0	0	0	0	0	0	0	0	0	0	0	0	0	0	0	0	0	0	0	0
F268-D04	discovery	safe-safe	16	62	2043057193	3	1	0	-	1	24	31	40	24	0	0	0	0	0	0	0	24	276	0	0	0	-	0	24	24	0	0	360	360	0	0	2208	2208	0	0	0	0	0	0	0	0	0	0	0	0	0	0	0	0	0	0	0	0	0	0
F268-D04	discovery	safe-safe	16	62	2043057193	4	1	0	-	1	24	33	45	24	0	0	0	0	0	0	0	24	276	0	0	0	-	0	24	24	0	0	264	264	0	0	2208	2208	0	0	0	0	0	0	0	0	0	0	0	0	0	0	0	0	0	0	0	0	0	0
F268-D04	discovery	safe-safe	16	62	2043057193	5	1	0	-	1	24	33	45	24	0	0	0	0	0	0	0	24	276	0	0	0	-	0	24	24	0	0	312	312	0	0	2208	2172	36	0	12	12	0	0	0	0	0	0	0	0	0	0	0	0	0	0	0	0	0	0
F268-D04	discovery	safe-safe	16	62	2043057193	6	1	0	-	1	24	32	33	24	0	0	0	0	0	0	0	24	276	0	0	0	-	0	24	24	0	0	216	216	0	0	2208	2208	0	0	16	16	0	0	0	0	0	0	0	0	0	0	0	0	0	0	0	0	0	0
F268-D04	discovery	safe-safe	16	62	2043057193	7	1	0	-	1	24	31	47	24	0	0	0	0	0	0	0	24	276	0	0	0	-	0	24	24	0	0	360	360	0	0	2208	2208	0	0	36	36	0	0	0	0	0	0	0	0	0	0	0	0	0	0	0	0	0	0
F268-D04	discovery	safe-safe	16	62	2043057193	8	1	0	-	1	24	33	49	24	0	0	0	0	0	0	0	24	276	0	0	0	-	0	24	24	0	0	360	360	0	0	2208	2208	0	0	24	24	0	0	0	0	0	0	0	0	0	0	0	0	0	0	0	0	0	0
F268-D04	discovery	safe-safe	16	62	2043057193	9	1	0	-	1	24	31	48	24	0	0	0	0	0	0	0	24	276	0	0	0	-	0	24	24	0	0	264	264	0	0	2208	2190	18	0	6	6	0	0	0	0	0	0	0	0	0	0	0	0	0	0	0	0	0	0
F268-D04	discovery	safe-safe	16	62	2043057193	10	1	0	-	1	20	27	24	20	0	0	0	0	0	0	0	20	190	0	0	0	-	0	4	4	0	0	252	252	0	0	1520	1480	40	0	16	16	0	0	0	0	0	0	0	0	0	0	0	0	0	0	0	0	0	0
F268-D04	discovery	safe-safe	16	62	2043057193	11	1	0	-	1	24	32	39	24	0	0	0	0	0	0	0	24	276	0	0	0	-	0	26	26	0	0	304	304	0	0	2208	2208	0	0	0	0	0	0	0	0	0	0	0	0	0	0	0	0	0	0	0	0	0	0
F268-D04	discovery	safe-safe	16	63	1676549257	0	1	0	-	1	24	37	49	24	0	0	0	0	0	0	0	24	276	0	0	0	-	0	24	24	0	0	312	312	0	0	2208	2208	0	0	0	0	0	0	0	0	0	0	0	0	0	0	0	0	0	0	0	0	0	0
F268-D04	discovery	safe-safe	16	63	1676549257	1	1	0	-	1	24	32	46	24	0	0	0	0	0	0	0	24	276	0	0	0	-	0	24	24	0	0	216	216	0	0	2208	2208	0	0	0	0	0	0	0	0	0	0	0	0	0	0	0	0	0	0	0	0	0	0
F268-D04	discovery	safe-safe	16	63	1676549257	2	1	0	-	1	24	31	49	24	0	0	0	0	0	0	0	24	276	0	0	0	-	0	24	24	0	0	360	360	0	0	2208	2208	0	0	0	0	0	0	0	0	0	0	0	0	0	0	0	0	0	0	0	0	0	0
F268-D04	discovery	safe-safe	16	63	1676549257	3	1	0	-	1	24	31	42	24	0	0	0	0	0	0	0	24	276	0	0	0	-	0	24	24	0	0	360	360	0	0	2208	2208	0	0	0	0	0	0	0	0	0	0	0	0	0	0	0	0	0	0	0	0	0	0
F268-D04	discovery	safe-safe	16	63	1676549257	4	1	0	-	1	24	32	34	24	0	0	0	0	0	0	0	24	276	0	0	0	-	0	24	24	0	0	264	264	0	0	2208	2208	0	0	0	0	0	0	0	0	0	0	0	0	0	0	0	0	0	0	0	0	0	0
F268-D04	discovery	safe-safe	16	63	1676549257	5	1	0	-	1	24	28	48	24	0	0	0	0	0	0	0	24	276	0	0	0	-	0	24	24	0	0	312	312	0	0	2208	2172	36	0	12	12	0	0	0	0	0	0	0	0	0	0	0	0	0	0	0	0	0	0
F268-D04	discovery	safe-safe	16	63	1676549257	6	1	0	-	1	24	29	36	24	0	0	0	0	0	0	0	24	276	0	0	0	-	0	24	24	0	0	216	216	0	0	2208	2208	0	0	16	16	0	0	0	0	0	0	0	0	0	0	0	0	0	0	0	0	0	0
F268-D04	discovery	safe-safe	16	63	1676549257	7	1	0	-	1	24	32	45	24	0	0	0	0	0	0	0	24	276	0	0	0	-	0	24	24	0	0	360	360	0	0	2208	2208	0	0	36	36	0	0	0	0	0	0	0	0	0	0	0	0	0	0	0	0	0	0
F268-D04	discovery	safe-safe	16	63	1676549257	8	1	0	-	1	24	30	37	24	0	0	0	0	0	0	0	24	276	0	0	0	-	0	24	24	0	0	360	360	0	0	2208	2208	0	0	24	24	0	0	0	0	0	0	0	0	0	0	0	0	0	0	0	0	0	0
F268-D04	discovery	safe-safe	16	63	1676549257	9	1	0	-	1	24	32	52	24	0	0	0	0	0	0	0	24	276	0	0	0	-	0	24	24	0	0	264	264	0	0	2208	2190	18	0	6	6	0	0	0	0	0	0	0	0	0	0	0	0	0	0	0	0	0	0
F268-D04	discovery	safe-safe	16	63	1676549257	10	1	0	-	1	20	26	19	20	0	0	0	0	0	0	0	20	190	0	0	0	-	0	4	4	0	0	252	252	0	0	1520	1480	40	0	16	16	0	0	0	0	0	0	0	0	0	0	0	0	0	0	0	0	0	0
F268-D04	discovery	safe-safe	16	63	1676549257	11	1	0	-	1	24	32	42	24	0	0	0	0	0	0	0	24	276	0	0	0	-	0	26	26	0	0	304	304	0	0	2208	2208	0	0	0	0	0	0	0	0	0	0	0	0	0	0	0	0	0	0	0	0	0	0
F268-D04	discovery	safe-safe	16	64	2116923733	0	1	0	-	1	24	31	47	24	0	0	0	0	0	0	0	24	276	1	1	0	PAIR_BASE_MINUS	42767	24	24	0	0	264	264	0	0	2208	2205	0	3	0	0	0	0	0	0	0	0	0	0	0	0	0	0	0	0	0	0	0	0
F268-D04	discovery	safe-safe	16	64	2116923733	1	1	0	-	1	24	33	64	24	0	0	0	0	0	0	0	24	276	0	0	0	-	0	24	24	0	0	216	216	0	0	2208	2208	0	0	0	0	0	0	0	0	0	0	0	0	0	0	0	0	0	0	0	0	0	0
F268-D04	discovery	safe-safe	16	64	2116923733	2	1	0	-	1	24	35	36	24	0	0	0	0	0	0	0	24	276	0	0	0	-	0	24	24	0	0	312	312	0	0	2208	2208	0	0	0	0	0	0	0	0	0	0	0	0	0	0	0	0	0	0	0	0	0	0
F268-D04	discovery	safe-safe	16	64	2116923733	3	1	0	-	1	24	33	37	24	0	0	0	0	0	0	0	24	276	0	0	0	-	0	24	24	0	0	312	312	0	0	2208	2208	0	0	0	0	0	0	0	0	0	0	0	0	0	0	0	0	0	0	0	0	0	0
F268-D04	discovery	safe-safe	16	64	2116923733	4	1	0	-	1	24	34	46	24	0	0	0	0	0	0	0	24	276	0	0	0	-	0	24	24	0	0	264	264	0	0	2208	2208	0	0	0	0	0	0	0	0	0	0	0	0	0	0	0	0	0	0	0	0	0	0
F268-D04	discovery	safe-safe	16	64	2116923733	5	1	0	-	1	24	32	45	24	0	0	0	0	0	0	0	24	276	0	0	0	-	0	24	24	0	0	264	264	0	0	2208	2172	36	0	12	12	0	0	0	0	0	0	0	0	0	0	0	0	0	0	0	0	0	0
F268-D04	discovery	safe-safe	16	64	2116923733	6	1	0	-	1	24	33	49	24	0	0	0	0	0	0	0	24	276	0	0	0	-	0	24	24	0	0	216	216	0	0	2208	2208	0	0	16	16	0	0	0	0	0	0	0	0	0	0	0	0	0	0	0	0	0	0
F268-D04	discovery	safe-safe	16	64	2116923733	7	1	0	-	1	24	36	61	24	0	0	0	0	0	0	0	24	276	0	0	0	-	0	24	24	0	0	312	312	0	0	2208	2208	0	0	36	36	0	0	0	0	0	0	0	0	0	0	0	0	0	0	0	0	0	0
F268-D04	discovery	safe-safe	16	64	2116923733	8	1	0	-	1	24	31	41	24	0	0	0	0	0	0	0	24	276	0	0	0	-	0	24	24	0	0	312	312	0	0	2208	2208	0	0	24	24	0	0	0	0	0	0	0	0	0	0	0	0	0	0	0	0	0	0
F268-D04	discovery	safe-safe	16	64	2116923733	9	1	0	-	1	24	32	42	24	0	0	0	0	0	0	0	24	276	0	0	0	-	0	24	24	0	0	264	264	0	0	2208	2190	18	0	6	6	0	0	0	0	0	0	0	0	0	0	0	0	0	0	0	0	0	0
F268-D04	discovery	safe-safe	16	64	2116923733	10	1	0	-	1	20	29	44	20	0	0	0	0	0	0	0	20	190	0	0	0	-	0	4	4	0	0	228	228	0	0	1520	1480	40	0	16	16	0	0	0	0	0	0	0	0	0	0	0	0	0	0	0	0	0	0
F268-D04	discovery	safe-safe	16	64	2116923733	11	1	0	-	1	24	33	51	24	0	0	0	0	0	0	0	24	276	0	0	0	-	0	26	26	0	0	274	274	0	0	2208	2208	0	0	0	0	0	0	0	0	0	0	0	0	0	0	0	0	0	0	0	0	0	0
F268-D04	discovery	safe-safe	16	65	2209923577	0	1	0	-	1	24	33	41	24	0	0	0	0	0	0	0	24	276	0	0	0	-	0	24	24	0	0	312	312	0	0	2208	2208	0	0	0	0	0	0	0	0	0	0	0	0	0	0	0	0	0	0	0	0	0	0
F268-D04	discovery	safe-safe	16	65	2209923577	1	1	0	-	1	24	30	41	24	0	0	0	0	0	0	0	24	276	0	0	0	-	0	24	24	0	0	216	216	0	0	2208	2208	0	0	0	0	0	0	0	0	0	0	0	0	0	0	0	0	0	0	0	0	0	0
F268-D04	discovery	safe-safe	16	65	2209923577	2	1	0	-	1	24	29	43	24	0	0	0	0	0	0	0	24	276	0	0	0	-	0	24	24	0	0	360	360	0	0	2208	2208	0	0	0	0	0	0	0	0	0	0	0	0	0	0	0	0	0	0	0	0	0	0
F268-D04	discovery	safe-safe	16	65	2209923577	3	1	0	-	1	24	30	44	24	0	0	0	0	0	0	0	24	276	0	0	0	-	0	24	24	0	0	360	360	0	0	2208	2208	0	0	0	0	0	0	0	0	0	0	0	0	0	0	0	0	0	0	0	0	0	0
F268-D04	discovery	safe-safe	16	65	2209923577	4	1	0	-	1	24	31	56	24	0	0	0	0	0	0	0	24	276	0	0	0	-	0	24	24	0	0	264	264	0	0	2208	2208	0	0	0	0	0	0	0	0	0	0	0	0	0	0	0	0	0	0	0	0	0	0
F268-D04	discovery	safe-safe	16	65	2209923577	5	1	0	-	1	24	35	40	24	0	0	0	0	0	0	0	24	276	0	0	0	-	0	24	24	0	0	312	312	0	0	2208	2172	36	0	12	12	0	0	0	0	0	0	0	0	0	0	0	0	0	0	0	0	0	0
F268-D04	discovery	safe-safe	16	65	2209923577	6	1	0	-	1	24	34	59	24	0	0	0	0	0	0	0	24	276	0	0	0	-	0	24	24	0	0	216	216	0	0	2208	2208	0	0	16	16	0	0	0	0	0	0	0	0	0	0	0	0	0	0	0	0	0	0
F268-D04	discovery	safe-safe	16	65	2209923577	7	1	0	-	1	24	30	38	24	0	0	0	0	0	0	0	24	276	0	0	0	-	0	24	24	0	0	360	360	0	0	2208	2208	0	0	36	36	0	0	0	0	0	0	0	0	0	0	0	0	0	0	0	0	0	0
F268-D04	discovery	safe-safe	16	65	2209923577	8	1	0	-	1	24	31	41	24	0	0	0	0	0	0	0	24	276	0	0	0	-	0	24	24	0	0	360	360	0	0	2208	2208	0	0	24	24	0	0	0	0	0	0	0	0	0	0	0	0	0	0	0	0	0	0
F268-D04	discovery	safe-safe	16	65	2209923577	9	1	0	-	1	24	32	50	24	0	0	0	0	0	0	0	24	276	0	0	0	-	0	24	24	0	0	264	264	0	0	2208	2190	18	0	6	6	0	0	0	0	0	0	0	0	0	0	0	0	0	0	0	0	0	0
F268-D04	discovery	safe-safe	16	65	2209923577	10	1	0	-	1	20	27	45	20	0	0	0	0	0	0	0	20	190	0	0	0	-	0	4	4	0	0	252	252	0	0	1520	1480	40	0	16	16	0	0	0	0	0	0	0	0	0	0	0	0	0	0	0	0	0	0
F268-D04	discovery	safe-safe	16	65	2209923577	11	1	0	-	1	24	31	39	24	0	0	0	0	0	0	0	24	276	0	0	0	-	0	26	26	0	0	304	304	0	0	2208	2208	0	0	0	0	0	0	0	0	0	0	0	0	0	0	0	0	0	0	0	0	0	0
F268-D04	discovery	safe-safe	16	66	2400311737	0	1	0	-	1	24	35	41	24	0	0	0	0	0	0	0	24	276	0	0	0	-	0	24	24	0	0	312	312	0	0	2208	2208	0	0	0	0	0	0	0	0	0	0	0	0	0	0	0	0	0	0	0	0	0	0
F268-D04	discovery	safe-safe	16	66	2400311737	1	1	0	-	1	24	30	35	24	0	0	0	0	0	0	0	24	276	0	0	0	-	0	24	24	0	0	216	216	0	0	2208	2208	0	0	0	0	0	0	0	0	0	0	0	0	0	0	0	0	0	0	0	0	0	0
F268-D04	discovery	safe-safe	16	66	2400311737	2	1	0	-	1	24	31	31	24	0	0	0	0	0	0	0	24	276	0	0	0	-	0	24	24	0	0	360	360	0	0	2208	2208	0	0	0	0	0	0	0	0	0	0	0	0	0	0	0	0	0	0	0	0	0	0
F268-D04	discovery	safe-safe	16	66	2400311737	3	1	0	-	1	24	33	36	24	0	0	0	0	0	0	0	24	276	0	0	0	-	0	24	24	0	0	360	360	0	0	2208	2208	0	0	0	0	0	0	0	0	0	0	0	0	0	0	0	0	0	0	0	0	0	0
F268-D04	discovery	safe-safe	16	66	2400311737	4	1	0	-	1	24	35	50	24	0	0	0	0	0	0	0	24	276	0	0	0	-	0	24	24	0	0	264	264	0	0	2208	2208	0	0	0	0	0	0	0	0	0	0	0	0	0	0	0	0	0	0	0	0	0	0
F268-D04	discovery	safe-safe	16	66	2400311737	5	1	0	-	1	24	31	51	24	0	0	0	0	0	0	0	24	276	0	0	0	-	0	24	24	0	0	312	312	0	0	2208	2172	36	0	12	12	0	0	0	0	0	0	0	0	0	0	0	0	0	0	0	0	0	0
F268-D04	discovery	safe-safe	16	66	2400311737	6	1	0	-	1	24	31	51	24	0	0	0	0	0	0	0	24	276	0	0	0	-	0	24	24	0	0	216	216	0	0	2208	2208	0	0	16	16	0	0	0	0	0	0	0	0	0	0	0	0	0	0	0	0	0	0
F268-D04	discovery	safe-safe	16	66	2400311737	7	1	0	-	1	24	31	44	24	0	0	0	0	0	0	0	24	276	0	0	0	-	0	24	24	0	0	360	360	0	0	2208	2208	0	0	36	36	0	0	0	0	0	0	0	0	0	0	0	0	0	0	0	0	0	0
F268-D04	discovery	safe-safe	16	66	2400311737	8	1	0	-	1	24	31	32	24	0	0	0	0	0	0	0	24	276	0	0	0	-	0	24	24	0	0	360	360	0	0	2208	2208	0	0	24	24	0	0	0	0	0	0	0	0	0	0	0	0	0	0	0	0	0	0
F268-D04	discovery	safe-safe	16	66	2400311737	9	1	0	-	1	24	30	44	24	0	0	0	0	0	0	0	24	276	0	0	0	-	0	24	24	0	0	264	264	0	0	2208	2190	18	0	6	6	0	0	0	0	0	0	0	0	0	0	0	0	0	0	0	0	0	0
F268-D04	discovery	safe-safe	16	66	2400311737	10	1	0	-	1	20	23	28	20	0	0	0	0	0	0	0	20	190	0	0	0	-	0	4	4	0	0	252	252	0	0	1520	1480	40	0	16	16	0	0	0	0	0	0	0	0	0	0	0	0	0	0	0	0	0	0
F268-D04	discovery	safe-safe	16	66	2400311737	11	1	0	-	1	24	30	40	24	0	0	0	0	0	0	0	24	276	0	0	0	-	0	26	26	0	0	304	304	0	0	2208	2208	0	0	0	0	0	0	0	0	0	0	0	0	0	0	0	0	0	0	0	0	0	0
F268-D04	discovery	safe-safe	16	67	1996320793	0	1	0	-	1	24	33	41	24	0	0	0	0	0	0	0	24	276	1	1	0	PAIR_HIGH_PLUS	42767	24	24	0	0	312	312	0	0	2208	2207	0	1	0	0	0	0	0	0	0	0	0	0	0	0	0	0	0	0	0	0	0	0
F268-D04	discovery	safe-safe	16	67	1996320793	1	1	0	-	1	24	32	48	24	0	0	0	0	0	0	0	24	276	0	0	0	-	0	24	24	0	0	216	216	0	0	2208	2208	0	0	0	0	0	0	0	0	0	0	0	0	0	0	0	0	0	0	0	0	0	0
F268-D04	discovery	safe-safe	16	67	1996320793	2	1	0	-	1	24	31	29	24	0	0	0	0	0	0	0	24	276	0	0	0	-	0	24	24	0	0	360	360	0	0	2208	2208	0	0	0	0	0	0	0	0	0	0	0	0	0	0	0	0	0	0	0	0	0	0
F268-D04	discovery	safe-safe	16	67	1996320793	3	1	0	-	1	24	33	39	24	0	0	0	0	0	0	0	24	276	0	0	0	-	0	24	24	0	0	360	360	0	0	2208	2208	0	0	0	0	0	0	0	0	0	0	0	0	0	0	0	0	0	0	0	0	0	0
F268-D04	discovery	safe-safe	16	67	1996320793	4	1	0	-	1	24	33	47	24	0	0	0	0	0	0	0	24	276	0	0	0	-	0	24	24	0	0	264	264	0	0	2208	2208	0	0	0	0	0	0	0	0	0	0	0	0	0	0	0	0	0	0	0	0	0	0
F268-D04	discovery	safe-safe	16	67	1996320793	5	1	0	-	1	24	33	47	24	0	0	0	0	0	0	0	24	276	0	0	0	-	0	24	24	0	0	312	312	0	0	2208	2172	36	0	12	12	0	0	0	0	0	0	0	0	0	0	0	0	0	0	0	0	0	0
F268-D04	discovery	safe-safe	16	67	1996320793	6	1	0	-	1	24	32	48	24	0	0	0	0	0	0	0	24	276	0	0	0	-	0	24	24	0	0	216	216	0	0	2208	2208	0	0	16	16	0	0	0	0	0	0	0	0	0	0	0	0	0	0	0	0	0	0
F268-D04	discovery	safe-safe	16	67	1996320793	7	1	0	-	1	24	28	39	24	0	0	0	0	0	0	0	24	276	0	0	0	-	0	24	24	0	0	360	360	0	0	2208	2208	0	0	36	36	0	0	0	0	0	0	0	0	0	0	0	0	0	0	0	0	0	0
F268-D04	discovery	safe-safe	16	67	1996320793	8	1	0	-	1	24	33	49	24	0	0	0	0	0	0	0	24	276	1	1	0	PAIR_BASE_PLUS	46679	24	24	0	0	360	360	0	0	2208	2202	0	6	24	24	0	0	0	0	0	0	0	0	0	0	0	0	0	0	0	0	0	0
F268-D04	discovery	safe-safe	16	67	1996320793	9	1	0	-	1	24	32	45	24	0	0	0	0	0	0	0	24	276	0	0	0	-	0	24	24	0	0	264	264	0	0	2208	2190	18	0	6	6	0	0	0	0	0	0	0	0	0	0	0	0	0	0	0	0	0	0
F268-D04	discovery	safe-safe	16	67	1996320793	10	1	0	-	1	20	26	38	20	0	0	0	0	0	0	0	20	190	0	0	0	-	0	4	4	0	0	252	252	0	0	1520	1480	40	0	16	16	0	0	0	0	0	0	0	0	0	0	0	0	0	0	0	0	0	0
F268-D04	discovery	safe-safe	16	67	1996320793	11	1	0	-	1	24	34	43	24	0	0	0	0	0	0	0	24	276	0	0	0	-	0	26	26	0	0	304	304	0	0	2208	2208	0	0	0	0	0	0	0	0	0	0	0	0	0	0	0	0	0	0	0	0	0	0
F268-D04	discovery	safe-safe	16	68	1991390701	0	1	0	-	1	24	31	54	24	0	0	0	0	0	0	0	24	276	0	0	0	-	0	24	24	0	0	264	264	0	0	2208	2208	0	0	0	0	0	0	0	0	0	0	0	0	0	0	0	0	0	0	0	0	0	0
F268-D04	discovery	safe-safe	16	68	1991390701	1	1	0	-	1	24	32	39	24	0	0	0	0	0	0	0	24	276	0	0	0	-	0	24	24	0	0	216	216	0	0	2208	2208	0	0	0	0	0	0	0	0	0	0	0	0	0	0	0	0	0	0	0	0	0	0
F268-D04	discovery	safe-safe	16	68	1991390701	2	1	0	-	1	24	33	41	24	0	0	0	0	0	0	0	24	276	0	0	0	-	0	24	24	0	0	312	312	0	0	2208	2208	0	0	0	0	0	0	0	0	0	0	0	0	0	0	0	0	0	0	0	0	0	0
F268-D04	discovery	safe-safe	16	68	1991390701	3	1	0	-	1	24	32	37	24	0	0	0	0	0	0	0	24	276	0	0	0	-	0	24	24	0	0	312	312	0	0	2208	2208	0	0	0	0	0	0	0	0	0	0	0	0	0	0	0	0	0	0	0	0	0	0
F268-D04	discovery	safe-safe	16	68	1991390701	4	1	0	-	1	24	32	59	24	0	0	0	0	0	0	0	24	276	0	0	0	-	0	24	24	0	0	264	264	0	0	2208	2208	0	0	0	0	0	0	0	0	0	0	0	0	0	0	0	0	0	0	0	0	0	0
F268-D04	discovery	safe-safe	16	68	1991390701	5	1	0	-	1	24	31	38	24	0	0	0	0	0	0	0	24	276	0	0	0	-	0	24	24	0	0	264	264	0	0	2208	2172	36	0	12	12	0	0	0	0	0	0	0	0	0	0	0	0	0	0	0	0	0	0
F268-D04	discovery	safe-safe	16	68	1991390701	6	1	0	-	1	24	34	58	24	0	0	0	0	0	0	0	24	276	0	0	0	-	0	24	24	0	0	216	216	0	0	2208	2208	0	0	16	16	0	0	0	0	0	0	0	0	0	0	0	0	0	0	0	0	0	0
F268-D04	discovery	safe-safe	16	68	1991390701	7	1	0	-	1	24	32	38	24	0	0	0	0	0	0	0	24	276	0	0	0	-	0	24	24	0	0	312	312	0	0	2208	2208	0	0	36	36	0	0	0	0	0	0	0	0	0	0	0	0	0	0	0	0	0	0
F268-D04	discovery	safe-safe	16	68	1991390701	8	1	0	-	1	24	30	37	24	0	0	0	0	0	0	0	24	276	0	0	0	-	0	24	24	0	0	312	312	0	0	2208	2208	0	0	24	24	0	0	0	0	0	0	0	0	0	0	0	0	0	0	0	0	0	0
F268-D04	discovery	safe-safe	16	68	1991390701	9	1	0	-	1	24	32	39	24	0	0	0	0	0	0	0	24	276	0	0	0	-	0	24	24	0	0	264	264	0	0	2208	2190	18	0	6	6	0	0	0	0	0	0	0	0	0	0	0	0	0	0	0	0	0	0
F268-D04	discovery	safe-safe	16	68	1991390701	10	1	0	-	1	20	29	40	20	0	0	0	0	0	0	0	20	190	0	0	0	-	0	4	4	0	0	228	228	0	0	1520	1480	40	0	16	16	0	0	0	0	0	0	0	0	0	0	0	0	0	0	0	0	0	0
F268-D04	discovery	safe-safe	16	68	1991390701	11	1	0	-	1	24	32	54	24	0	0	0	0	0	0	0	24	276	0	0	0	-	0	26	26	0	0	274	274	0	0	2208	2208	0	0	0	0	0	0	0	0	0	0	0	0	0	0	0	0	0	0	0	0	0	0
F268-D04	discovery	safe-safe	16	69	1745506921	0	1	0	-	1	24	34	59	24	0	0	0	0	0	0	0	24	276	0	0	0	-	0	24	24	0	0	312	312	0	0	2208	2208	0	0	0	0	0	0	0	0	0	0	0	0	0	0	0	0	0	0	0	0	0	0
F268-D04	discovery	safe-safe	16	69	1745506921	1	1	0	-	1	24	32	35	24	0	0	0	0	0	0	0	24	276	0	0	0	-	0	24	24	0	0	216	216	0	0	2208	2208	0	0	0	0	0	0	0	0	0	0	0	0	0	0	0	0	0	0	0	0	0	0
F268-D04	discovery	safe-safe	16	69	1745506921	2	1	0	-	1	24	29	45	24	0	0	0	0	0	0	0	24	276	0	0	0	-	0	24	24	0	0	360	360	0	0	2208	2208	0	0	0	0	0	0	0	0	0	0	0	0	0	0	0	0	0	0	0	0	0	0
F268-D04	discovery	safe-safe	16	69	1745506921	3	1	0	-	1	24	34	49	24	0	0	0	0	0	0	0	24	276	0	0	0	-	0	24	24	0	0	360	360	0	0	2208	2208	0	0	0	0	0	0	0	0	0	0	0	0	0	0	0	0	0	0	0	0	0	0
F268-D04	discovery	safe-safe	16	69	1745506921	4	1	0	-	1	24	31	41	24	0	0	0	0	0	0	0	24	276	0	0	0	-	0	24	24	0	0	264	264	0	0	2208	2208	0	0	0	0	0	0	0	0	0	0	0	0	0	0	0	0	0	0	0	0	0	0
F268-D04	discovery	safe-safe	16	69	1745506921	5	1	0	-	1	24	33	59	24	0	0	0	0	0	0	0	24	276	0	0	0	-	0	24	24	0	0	312	312	0	0	2208	2172	36	0	12	12	0	0	0	0	0	0	0	0	0	0	0	0	0	0	0	0	0	0
F268-D04	discovery	safe-safe	16	69	1745506921	6	1	0	-	1	24	29	43	24	0	0	0	0	0	0	0	24	276	0	0	0	-	0	24	24	0	0	216	216	0	0	2208	2208	0	0	16	16	0	0	0	0	0	0	0	0	0	0	0	0	0	0	0	0	0	0
F268-D04	discovery	safe-safe	16	69	1745506921	7	1	0	-	1	24	32	51	24	0	0	0	0	0	0	0	24	276	0	0	0	-	0	24	24	0	0	360	360	0	0	2208	2208	0	0	36	36	0	0	0	0	0	0	0	0	0	0	0	0	0	0	0	0	0	0
F268-D04	discovery	safe-safe	16	69	1745506921	8	1	0	-	1	24	31	44	24	0	0	0	0	0	0	0	24	276	0	0	0	-	0	24	24	0	0	360	360	0	0	2208	2208	0	0	24	24	0	0	0	0	0	0	0	0	0	0	0	0	0	0	0	0	0	0
F268-D04	discovery	safe-safe	16	69	1745506921	9	1	0	-	1	24	31	47	24	0	0	0	0	0	0	0	24	276	0	0	0	-	0	24	24	0	0	264	264	0	0	2208	2190	18	0	6	6	0	0	0	0	0	0	0	0	0	0	0	0	0	0	0	0	0	0
F268-D04	discovery	safe-safe	16	69	1745506921	10	1	0	-	1	20	29	41	20	0	0	0	0	0	0	0	20	190	0	0	0	-	0	4	4	0	0	252	252	0	0	1520	1480	40	0	16	16	0	0	0	0	0	0	0	0	0	0	0	0	0	0	0	0	0	0
F268-D04	discovery	safe-safe	16	69	1745506921	11	1	0	-	1	24	31	39	24	0	0	0	0	0	0	0	24	276	0	0	0	-	0	26	26	0	0	304	304	0	0	2208	2208	0	0	0	0	0	0	0	0	0	0	0	0	0	0	0	0	0	0	0	0	0	0
F268-D04	discovery	safe-safe	16	70	2667986281	0	1	0	-	1	24	31	50	24	0	0	0	0	0	0	0	24	276	0	0	0	-	0	24	24	0	0	312	312	0	0	2208	2208	0	0	0	0	0	0	0	0	0	0	0	0	0	0	0	0	0	0	0	0	0	0
F268-D04	discovery	safe-safe	16	70	2667986281	1	1	0	-	1	24	34	42	24	0	0	0	0	0	0	0	24	276	0	0	0	-	0	24	24	0	0	216	216	0	0	2208	2208	0	0	0	0	0	0	0	0	0	0	0	0	0	0	0	0	0	0	0	0	0	0
F268-D04	discovery	safe-safe	16	70	2667986281	2	1	0	-	1	24	34	58	24	0	0	0	0	0	0	0	24	276	0	0	0	-	0	24	24	0	0	360	360	0	0	2208	2208	0	0	0	0	0	0	0	0	0	0	0	0	0	0	0	0	0	0	0	0	0	0
F268-D04	discovery	safe-safe	16	70	2667986281	3	1	0	-	1	24	31	46	24	0	0	0	0	0	0	0	24	276	0	0	0	-	0	24	24	0	0	360	360	0	0	2208	2208	0	0	0	0	0	0	0	0	0	0	0	0	0	0	0	0	0	0	0	0	0	0
F268-D04	discovery	safe-safe	16	70	2667986281	4	1	0	-	1	24	30	52	24	0	0	0	0	0	0	0	24	276	1	1	0	PAIR_BASE_MINUS	42683	24	24	0	0	264	264	0	0	2208	2205	0	3	0	0	0	0	0	0	0	0	0	0	0	0	0	0	0	0	0	0	0	0
F268-D04	discovery	safe-safe	16	70	2667986281	5	1	0	-	1	24	34	39	24	0	0	0	0	0	0	0	24	276	0	0	0	-	0	24	24	0	0	312	312	0	0	2208	2172	36	0	12	12	0	0	0	0	0	0	0	0	0	0	0	0	0	0	0	0	0	0
F268-D04	discovery	safe-safe	16	70	2667986281	6	1	0	-	1	24	31	32	24	0	0	0	0	0	0	0	24	276	0	0	0	-	0	24	24	0	0	216	216	0	0	2208	2208	0	0	16	16	0	0	0	0	0	0	0	0	0	0	0	0	0	0	0	0	0	0
F268-D04	discovery	safe-safe	16	70	2667986281	7	1	0	-	1	24	30	29	24	0	0	0	0	0	0	0	24	276	0	0	0	-	0	24	24	0	0	360	360	0	0	2208	2208	0	0	36	36	0	0	0	0	0	0	0	0	0	0	0	0	0	0	0	0	0	0
F268-D04	discovery	safe-safe	16	70	2667986281	8	1	0	-	1	24	33	43	24	0	0	0	0	0	0	0	24	276	0	0	0	-	0	24	24	0	0	360	360	0	0	2208	2208	0	0	24	24	0	0	0	0	0	0	0	0	0	0	0	0	0	0	0	0	0	0
F268-D04	discovery	safe-safe	16	70	2667986281	9	1	0	-	1	24	35	58	24	0	0	0	0	0	0	0	24	276	0	0	0	-	0	24	24	0	0	264	264	0	0	2208	2190	18	0	6	6	0	0	0	0	0	0	0	0	0	0	0	0	0	0	0	0	0	0
F268-D04	discovery	safe-safe	16	70	2667986281	10	1	0	-	1	20	28	47	20	0	0	0	0	0	0	0	20	190	1	1	0	PAIR_HIGH_PLUS	42683	4	4	0	0	252	252	0	0	1520	1479	40	1	16	16	0	0	0	0	0	0	0	0	0	0	0	0	0	0	0	0	0	0
F268-D04	discovery	safe-safe	16	70	2667986281	11	1	0	-	1	24	30	42	24	0	0	0	0	0	0	0	24	276	0	0	0	-	0	26	26	0	0	304	304	0	0	2208	2208	0	0	0	0	0	0	0	0	0	0	0	0	0	0	0	0	0	0	0	0	0	0
F268-D04	discovery	safe-safe	16	71	2145826477	0	1	0	-	1	24	31	31	24	0	0	0	0	0	0	0	24	276	0	0	0	-	0	24	24	0	0	264	264	0	0	2208	2208	0	0	0	0	0	0	0	0	0	0	0	0	0	0	0	0	0	0	0	0	0	0
F268-D04	discovery	safe-safe	16	71	2145826477	1	1	0	-	1	24	34	41	24	0	0	0	0	0	0	0	24	276	0	0	0	-	0	24	24	0	0	216	216	0	0	2208	2208	0	0	0	0	0	0	0	0	0	0	0	0	0	0	0	0	0	0	0	0	0	0
F268-D04	discovery	safe-safe	16	71	2145826477	2	1	0	-	1	24	32	50	24	0	0	0	0	0	0	0	24	276	0	0	0	-	0	24	24	0	0	312	312	0	0	2208	2208	0	0	0	0	0	0	0	0	0	0	0	0	0	0	0	0	0	0	0	0	0	0
F268-D04	discovery	safe-safe	16	71	2145826477	3	1	0	-	1	24	32	44	24	0	0	0	0	0	0	0	24	276	0	0	0	-	0	24	24	0	0	312	312	0	0	2208	2208	0	0	0	0	0	0	0	0	0	0	0	0	0	0	0	0	0	0	0	0	0	0
F268-D04	discovery	safe-safe	16	71	2145826477	4	1	0	-	1	24	33	33	24	0	0	0	0	0	0	0	24	276	0	0	0	-	0	24	24	0	0	264	264	0	0	2208	2208	0	0	0	0	0	0	0	0	0	0	0	0	0	0	0	0	0	0	0	0	0	0
F268-D04	discovery	safe-safe	16	71	2145826477	5	1	0	-	1	24	31	59	24	0	0	0	0	0	0	0	24	276	0	0	0	-	0	24	24	0	0	264	264	0	0	2208	2172	36	0	12	12	0	0	0	0	0	0	0	0	0	0	0	0	0	0	0	0	0	0
F268-D04	discovery	safe-safe	16	71	2145826477	6	1	0	-	1	24	33	46	24	0	0	0	0	0	0	0	24	276	0	0	0	-	0	24	24	0	0	216	216	0	0	2208	2208	0	0	16	16	0	0	0	0	0	0	0	0	0	0	0	0	0	0	0	0	0	0
F268-D04	discovery	safe-safe	16	71	2145826477	7	1	0	-	1	24	32	38	24	0	0	0	0	0	0	0	24	276	0	0	0	-	0	24	24	0	0	312	312	0	0	2208	2208	0	0	36	36	0	0	0	0	0	0	0	0	0	0	0	0	0	0	0	0	0	0
F268-D04	discovery	safe-safe	16	71	2145826477	8	1	0	-	1	24	32	41	24	0	0	0	0	0	0	0	24	276	0	0	0	-	0	24	24	0	0	312	312	0	0	2208	2208	0	0	24	24	0	0	0	0	0	0	0	0	0	0	0	0	0	0	0	0	0	0
F268-D04	discovery	safe-safe	16	71	2145826477	9	1	0	-	1	24	31	41	24	0	0	0	0	0	0	0	24	276	0	0	0	-	0	24	24	0	0	264	264	0	0	2208	2190	18	0	6	6	0	0	0	0	0	0	0	0	0	0	0	0	0	0	0	0	0	0
F268-D04	discovery	safe-safe	16	71	2145826477	10	1	0	-	1	20	31	42	20	0	0	0	0	0	0	0	20	190	0	0	0	-	0	4	4	0	0	228	228	0	0	1520	1480	40	0	16	16	0	0	0	0	0	0	0	0	0	0	0	0	0	0	0	0	0	0
F268-D04	discovery	safe-safe	16	71	2145826477	11	1	0	-	1	24	32	40	24	0	0	0	0	0	0	0	24	276	0	0	0	-	0	26	26	0	0	274	274	0	0	2208	2208	0	0	0	0	0	0	0	0	0	0	0	0	0	0	0	0	0	0	0	0	0	0
F268-D04	discovery	random	20	72	291607426093	0	1	0	-	1	24	33	42	24	0	0	0	0	0	0	0	24	276	0	0	0	-	0	24	24	0	0	264	264	0	0	2208	2208	0	0	0	0	0	0	0	0	0	0	0	0	0	0	0	0	0	0	0	0	0	0
F268-D04	discovery	random	20	72	291607426093	1	1	0	-	1	24	31	36	24	0	0	0	0	0	0	0	24	276	0	0	0	-	0	24	24	0	0	216	216	0	0	2208	2208	0	0	0	0	0	0	0	0	0	0	0	0	0	0	0	0	0	0	0	0	0	0
F268-D04	discovery	random	20	72	291607426093	2	1	0	-	1	24	30	28	24	0	0	0	0	0	0	0	24	276	0	0	0	-	0	24	24	0	0	312	312	0	0	2208	2208	0	0	0	0	0	0	0	0	0	0	0	0	0	0	0	0	0	0	0	0	0	0
F268-D04	discovery	random	20	72	291607426093	3	1	0	-	1	24	27	31	24	0	0	0	0	0	0	0	24	276	0	0	0	-	0	24	24	0	0	312	312	0	0	2208	2208	0	0	0	0	0	0	0	0	0	0	0	0	0	0	0	0	0	0	0	0	0	0
F268-D04	discovery	random	20	72	291607426093	4	1	0	-	1	24	30	58	24	0	0	0	0	0	0	0	24	276	0	0	0	-	0	24	24	0	0	264	264	0	0	2208	2208	0	0	0	0	0	0	0	0	0	0	0	0	0	0	0	0	0	0	0	0	0	0
F268-D04	discovery	random	20	72	291607426093	5	1	0	-	1	24	31	42	24	0	0	0	0	0	0	0	24	276	0	0	0	-	0	24	24	0	0	264	264	0	0	2208	2172	36	0	12	12	0	0	0	0	0	0	0	0	0	0	0	0	0	0	0	0	0	0
F268-D04	discovery	random	20	72	291607426093	6	1	0	-	1	24	35	45	24	0	0	0	0	0	0	0	24	276	0	0	0	-	0	24	24	0	0	216	216	0	0	2208	2208	0	0	16	16	0	0	0	0	0	0	0	0	0	0	0	0	0	0	0	0	0	0
F268-D04	discovery	random	20	72	291607426093	7	1	0	-	1	24	31	40	24	0	0	0	0	0	0	0	24	276	0	0	0	-	0	24	24	0	0	312	312	0	0	2208	2208	0	0	36	36	0	0	0	0	0	0	0	0	0	0	0	0	0	0	0	0	0	0
F268-D04	discovery	random	20	72	291607426093	8	1	0	-	1	24	34	59	24	0	0	0	0	0	0	0	24	276	0	0	0	-	0	24	24	0	0	312	312	0	0	2208	2208	0	0	24	24	0	0	0	0	0	0	0	0	0	0	0	0	0	0	0	0	0	0
F268-D04	discovery	random	20	72	291607426093	9	1	0	-	1	24	34	49	24	0	0	0	0	0	0	0	24	276	0	0	0	-	0	24	24	0	0	264	264	0	0	2208	2190	18	0	6	6	0	0	0	0	0	0	0	0	0	0	0	0	0	0	0	0	0	0
F268-D04	discovery	random	20	72	291607426093	10	1	0	-	1	20	27	31	20	0	0	0	0	0	0	0	20	190	0	0	0	-	0	4	4	0	0	228	228	0	0	1520	1480	40	0	16	16	0	0	0	0	0	0	0	0	0	0	0	0	0	0	0	0	0	0
F268-D04	discovery	random	20	72	291607426093	11	1	0	-	1	24	30	40	24	0	0	0	0	0	0	0	24	276	0	0	0	-	0	26	26	0	0	274	274	0	0	2208	2208	0	0	0	0	0	0	0	0	0	0	0	0	0	0	0	0	0	0	0	0	0	0
F268-D04	discovery	random	20	73	700439532257	0	1	0	-	1	24	29	34	24	0	0	0	0	0	0	0	24	276	0	0	0	-	0	24	24	0	0	408	408	0	0	2208	2208	0	0	0	0	0	0	0	0	0	0	0	0	0	0	0	0	0	0	0	0	0	0
F268-D04	discovery	random	20	73	700439532257	1	1	0	-	1	24	33	56	24	0	0	0	0	0	0	0	24	276	0	0	0	-	0	24	24	0	0	216	216	0	0	2208	2208	0	0	0	0	0	0	0	0	0	0	0	0	0	0	0	0	0	0	0	0	0	0
F268-D04	discovery	random	20	73	700439532257	2	1	0	-	1	24	32	32	24	0	0	0	0	0	0	0	24	276	0	0	0	-	0	24	24	0	0	456	456	0	0	2208	2208	0	0	0	0	0	0	0	0	0	0	0	0	0	0	0	0	0	0	0	0	0	0
F268-D04	discovery	random	20	73	700439532257	3	1	0	-	1	24	31	44	24	0	0	0	0	0	0	0	24	276	0	0	0	-	0	24	24	0	0	456	456	0	0	2208	2208	0	0	0	0	0	0	0	0	0	0	0	0	0	0	0	0	0	0	0	0	0	0
F268-D04	discovery	random	20	73	700439532257	4	1	0	-	1	24	32	32	24	0	0	0	0	0	0	0	24	276	0	0	0	-	0	24	24	0	0	264	264	0	0	2208	2208	0	0	0	0	0	0	0	0	0	0	0	0	0	0	0	0	0	0	0	0	0	0
F268-D04	discovery	random	20	73	700439532257	5	1	0	-	1	24	34	37	24	0	0	0	0	0	0	0	24	276	0	0	0	-	0	24	24	0	0	408	408	0	0	2208	2172	36	0	12	12	0	0	0	0	0	0	0	0	0	0	0	0	0	0	0	0	0	0
F268-D04	discovery	random	20	73	700439532257	6	1	0	-	1	24	32	50	24	0	0	0	0	0	0	0	24	276	0	0	0	-	0	24	24	0	0	216	216	0	0	2208	2208	0	0	16	16	0	0	0	0	0	0	0	0	0	0	0	0	0	0	0	0	0	0
F268-D04	discovery	random	20	73	700439532257	7	1	0	-	1	24	31	50	24	0	0	0	0	0	0	0	24	276	0	0	0	-	0	24	24	0	0	456	456	0	0	2208	2208	0	0	36	36	0	0	0	0	0	0	0	0	0	0	0	0	0	0	0	0	0	0
F268-D04	discovery	random	20	73	700439532257	8	1	0	-	1	24	31	57	24	0	0	0	0	0	0	0	24	276	0	0	0	-	0	24	24	0	0	456	456	0	0	2208	2208	0	0	24	24	0	0	0	0	0	0	0	0	0	0	0	0	0	0	0	0	0	0
F268-D04	discovery	random	20	73	700439532257	9	1	0	-	1	24	34	37	24	0	0	0	0	0	0	0	24	276	0	0	0	-	0	24	24	0	0	264	264	0	0	2208	2190	18	0	6	6	0	0	0	0	0	0	0	0	0	0	0	0	0	0	0	0	0	0
F268-D04	discovery	random	20	73	700439532257	10	1	0	-	1	20	28	27	20	0	0	0	0	0	0	0	20	190	0	0	0	-	0	4	4	0	0	300	300	0	0	1520	1480	40	0	16	16	0	0	0	0	0	0	0	0	0	0	0	0	0	0	0	0	0	0
F268-D04	discovery	random	20	73	700439532257	11	1	0	-	1	24	30	56	24	0	0	0	0	0	0	0	24	276	0	0	0	-	0	26	26	0	0	364	364	0	0	2208	2208	0	0	0	0	0	0	0	0	0	0	0	0	0	0	0	0	0	0	0	0	0	0
F268-D04	discovery	random	20	74	639647664133	0	1	0	-	1	24	34	42	24	0	0	0	0	0	0	0	24	276	0	0	0	-	0	24	24	0	0	264	264	0	0	2208	2208	0	0	0	0	0	0	0	0	0	0	0	0	0	0	0	0	0	0	0	0	0	0
F268-D04	discovery	random	20	74	639647664133	1	1	0	-	1	24	31	43	24	0	0	0	0	0	0	0	24	276	0	0	0	-	0	24	24	0	0	216	216	0	0	2208	2208	0	0	0	0	0	0	0	0	0	0	0	0	0	0	0	0	0	0	0	0	0	0
F268-D04	discovery	random	20	74	639647664133	2	1	0	-	1	24	31	43	24	0	0	0	0	0	0	0	24	276	0	0	0	-	0	24	24	0	0	312	312	0	0	2208	2208	0	0	0	0	0	0	0	0	0	0	0	0	0	0	0	0	0	0	0	0	0	0
F268-D04	discovery	random	20	74	639647664133	3	1	0	-	1	24	34	51	24	0	0	0	0	0	0	0	24	276	0	0	0	-	0	24	24	0	0	312	312	0	0	2208	2208	0	0	0	0	0	0	0	0	0	0	0	0	0	0	0	0	0	0	0	0	0	0
F268-D04	discovery	random	20	74	639647664133	4	1	0	-	1	24	32	29	24	0	0	0	0	0	0	0	24	276	0	0	0	-	0	24	24	0	0	264	264	0	0	2208	2208	0	0	0	0	0	0	0	0	0	0	0	0	0	0	0	0	0	0	0	0	0	0
F268-D04	discovery	random	20	74	639647664133	5	1	0	-	1	24	32	46	24	0	0	0	0	0	0	0	24	276	0	0	0	-	0	24	24	0	0	264	264	0	0	2208	2172	36	0	12	12	0	0	0	0	0	0	0	0	0	0	0	0	0	0	0	0	0	0
F268-D04	discovery	random	20	74	639647664133	6	1	0	-	1	24	28	20	24	0	0	0	0	0	0	0	24	276	0	0	0	-	0	24	24	0	0	216	216	0	0	2208	2208	0	0	16	16	0	0	0	0	0	0	0	0	0	0	0	0	0	0	0	0	0	0
F268-D04	discovery	random	20	74	639647664133	7	1	0	-	1	24	32	54	24	0	0	0	0	0	0	0	24	276	0	0	0	-	0	24	24	0	0	312	312	0	0	2208	2208	0	0	36	36	0	0	0	0	0	0	0	0	0	0	0	0	0	0	0	0	0	0
F268-D04	discovery	random	20	74	639647664133	8	1	0	-	1	24	31	42	24	0	0	0	0	0	0	0	24	276	0	0	0	-	0	24	24	0	0	312	312	0	0	2208	2208	0	0	24	24	0	0	0	0	0	0	0	0	0	0	0	0	0	0	0	0	0	0
F268-D04	discovery	random	20	74	639647664133	9	1	0	-	1	24	32	38	24	0	0	0	0	0	0	0	24	276	0	0	0	-	0	24	24	0	0	264	264	0	0	2208	2190	18	0	6	6	0	0	0	0	0	0	0	0	0	0	0	0	0	0	0	0	0	0
F268-D04	discovery	random	20	74	639647664133	10	1	0	-	1	20	28	38	20	0	0	0	0	0	0	0	20	190	0	0	0	-	0	4	4	0	0	228	228	0	0	1520	1480	40	0	16	16	0	0	0	0	0	0	0	0	0	0	0	0	0	0	0	0	0	0
F268-D04	discovery	random	20	74	639647664133	11	1	0	-	1	24	34	53	24	0	0	0	0	0	0	0	24	276	0	0	0	-	0	26	26	0	0	274	274	0	0	2208	2208	0	0	0	0	0	0	0	0	0	0	0	0	0	0	0	0	0	0	0	0	0	0
F268-D04	discovery	random	20	75	621770160553	0	1	0	-	1	24	30	36	24	0	0	0	0	0	0	0	24	276	0	0	0	-	0	24	24	0	0	312	312	0	0	2208	2208	0	0	0	0	0	0	0	0	0	0	0	0	0	0	0	0	0	0	0	0	0	0
F268-D04	discovery	random	20	75	621770160553	1	1	0	-	1	24	31	45	24	0	0	0	0	0	0	0	24	276	0	0	0	-	0	24	24	0	0	216	216	0	0	2208	2208	0	0	0	0	0	0	0	0	0	0	0	0	0	0	0	0	0	0	0	0	0	0
F268-D04	discovery	random	20	75	621770160553	2	1	0	-	1	24	34	43	24	0	0	0	0	0	0	0	24	276	0	0	0	-	0	24	24	0	0	360	360	0	0	2208	2208	0	0	0	0	0	0	0	0	0	0	0	0	0	0	0	0	0	0	0	0	0	0
F268-D04	discovery	random	20	75	621770160553	3	1	0	-	1	24	29	52	24	0	0	0	0	0	0	0	24	276	0	0	0	-	0	24	24	0	0	360	360	0	0	2208	2208	0	0	0	0	0	0	0	0	0	0	0	0	0	0	0	0	0	0	0	0	0	0
F268-D04	discovery	random	20	75	621770160553	4	1	0	-	1	24	32	38	24	0	0	0	0	0	0	0	24	276	0	0	0	-	0	24	24	0	0	264	264	0	0	2208	2208	0	0	0	0	0	0	0	0	0	0	0	0	0	0	0	0	0	0	0	0	0	0
F268-D04	discovery	random	20	75	621770160553	5	1	0	-	1	24	33	49	24	0	0	0	0	0	0	0	24	276	0	0	0	-	0	24	24	0	0	312	312	0	0	2208	2172	36	0	12	12	0	0	0	0	0	0	0	0	0	0	0	0	0	0	0	0	0	0
F268-D04	discovery	random	20	75	621770160553	6	1	0	-	1	24	29	40	24	0	0	0	0	0	0	0	24	276	0	0	0	-	0	24	24	0	0	216	216	0	0	2208	2208	0	0	16	16	0	0	0	0	0	0	0	0	0	0	0	0	0	0	0	0	0	0
F268-D04	discovery	random	20	75	621770160553	7	1	0	-	1	24	29	39	24	0	0	0	0	0	0	0	24	276	0	0	0	-	0	24	24	0	0	360	360	0	0	2208	2208	0	0	36	36	0	0	0	0	0	0	0	0	0	0	0	0	0	0	0	0	0	0
F268-D04	discovery	random	20	75	621770160553	8	1	0	-	1	24	33	36	24	0	0	0	0	0	0	0	24	276	0	0	0	-	0	24	24	0	0	360	360	0	0	2208	2208	0	0	24	24	0	0	0	0	0	0	0	0	0	0	0	0	0	0	0	0	0	0
F268-D04	discovery	random	20	75	621770160553	9	1	0	-	1	24	34	48	24	0	0	0	0	0	0	0	24	276	0	0	0	-	0	24	24	0	0	264	264	0	0	2208	2190	18	0	6	6	0	0	0	0	0	0	0	0	0	0	0	0	0	0	0	0	0	0
F268-D04	discovery	random	20	75	621770160553	10	1	0	-	1	20	26	33	20	0	0	0	0	0	0	0	20	190	0	0	0	-	0	4	4	0	0	252	252	0	0	1520	1480	40	0	16	16	0	0	0	0	0	0	0	0	0	0	0	0	0	0	0	0	0	0
F268-D04	discovery	random	20	75	621770160553	11	1	0	-	1	24	34	51	24	0	0	0	0	0	0	0	24	276	0	0	0	-	0	26	26	0	0	304	304	0	0	2208	2208	0	0	0	0	0	0	0	0	0	0	0	0	0	0	0	0	0	0	0	0	0	0
F268-D04	discovery	random	20	76	391919171263	0	1	0	-	1	24	31	51	24	0	0	0	0	0	0	0	24	276	0	0	0	-	0	24	24	0	0	216	216	0	0	2208	2208	0	0	0	0	0	0	0	0	0	0	0	0	0	0	0	0	0	0	0	0	0	0
F268-D04	discovery	random	20	76	391919171263	1	1	0	-	1	24	32	31	24	0	0	0	0	0	0	0	24	276	0	0	0	-	0	24	24	0	0	456	456	0	0	2208	2208	0	0	0	0	0	0	0	0	0	0	0	0	0	0	0	0	0	0	0	0	0	0
F268-D04	discovery	random	20	76	391919171263	2	1	0	-	1	24	33	44	24	0	0	0	0	0	0	0	24	276	0	0	0	-	0	24	24	0	0	504	504	0	0	2208	2208	0	0	0	0	0	0	0	0	0	0	0	0	0	0	0	0	0	0	0	0	0	0
F268-D04	discovery	random	20	76	391919171263	3	1	0	-	1	24	33	44	24	0	0	0	0	0	0	0	24	276	0	0	0	-	0	24	24	0	0	264	264	0	0	2208	2208	0	0	0	0	0	0	0	0	0	0	0	0	0	0	0	0	0	0	0	0	0	0
F268-D04	discovery	random	20	76	391919171263	4	1	0	-	1	24	32	37	24	0	0	0	0	0	0	0	24	276	0	0	0	-	0	24	24	0	0	504	504	0	0	2208	2208	0	0	0	0	0	0	0	0	0	0	0	0	0	0	0	0	0	0	0	0	0	0
F268-D04	discovery	random	20	76	391919171263	5	1	0	-	1	24	36	51	24	0	0	0	0	0	0	0	24	276	0	0	0	-	0	24	24	0	0	216	216	0	0	2208	2172	36	0	12	12	0	0	0	0	0	0	0	0	0	0	0	0	0	0	0	0	0	0
F268-D04	discovery	random	20	76	391919171263	6	1	0	-	1	24	31	39	24	0	0	0	0	0	0	0	24	276	0	0	0	-	0	24	24	0	0	456	456	0	0	2208	2208	0	0	16	16	0	0	0	0	0	0	0	0	0	0	0	0	0	0	0	0	0	0
F268-D04	discovery	random	20	76	391919171263	7	1	0	-	1	24	32	58	24	0	0	0	0	0	0	0	24	276	0	0	0	-	0	24	24	0	0	504	504	0	0	2208	2208	0	0	36	36	0	0	0	0	0	0	0	0	0	0	0	0	0	0	0	0	0	0
F268-D04	discovery	random	20	76	391919171263	8	1	0	-	1	24	31	37	24	0	0	0	0	0	0	0	24	276	0	0	0	-	0	24	24	0	0	264	264	0	0	2208	2208	0	0	24	24	0	0	0	0	0	0	0	0	0	0	0	0	0	0	0	0	0	0
F268-D04	discovery	random	20	76	391919171263	9	1	0	-	1	24	34	47	24	0	0	0	0	0	0	0	24	276	0	0	0	-	0	24	24	0	0	504	504	0	0	2208	2190	18	0	6	6	0	0	0	0	0	0	0	0	0	0	0	0	0	0	0	0	0	0
F268-D04	discovery	random	20	76	391919171263	10	1	0	-	1	20	26	32	20	0	0	0	0	0	0	0	20	190	0	0	0	-	0	4	4	0	0	324	324	0	0	1520	1480	40	0	16	16	0	0	0	0	0	0	0	0	0	0	0	0	0	0	0	0	0	0
F268-D04	discovery	random	20	76	391919171263	11	1	0	-	1	24	32	39	24	0	0	0	0	0	0	0	24	276	0	0	0	-	0	26	26	0	0	384	384	0	0	2208	2208	0	0	0	0	0	0	0	0	0	0	0	0	0	0	0	0	0	0	0	0	0	0
F268-D04	discovery	random	20	77	794768938121	0	1	0	-	1	24	36	50	24	0	0	0	0	0	0	0	24	276	0	0	0	-	0	24	24	0	0	312	312	0	0	2208	2208	0	0	0	0	0	0	0	0	0	0	0	0	0	0	0	0	0	0	0	0	0	0
F268-D04	discovery	random	20	77	794768938121	1	1	0	-	1	24	32	37	24	0	0	0	0	0	0	0	24	276	0	0	0	-	0	24	24	0	0	216	216	0	0	2208	2208	0	0	0	0	0	0	0	0	0	0	0	0	0	0	0	0	0	0	0	0	0	0
F268-D04	discovery	random	20	77	794768938121	2	1	0	-	1	24	30	44	24	0	0	0	0	0	0	0	24	276	0	0	0	-	0	24	24	0	0	360	360	0	0	2208	2208	0	0	0	0	0	0	0	0	0	0	0	0	0	0	0	0	0	0	0	0	0	0
F268-D04	discovery	random	20	77	794768938121	3	1	0	-	1	24	35	52	24	0	0	0	0	0	0	0	24	276	0	0	0	-	0	24	24	0	0	360	360	0	0	2208	2208	0	0	0	0	0	0	0	0	0	0	0	0	0	0	0	0	0	0	0	0	0	0
F268-D04	discovery	random	20	77	794768938121	4	1	0	-	1	24	30	54	24	0	0	0	0	0	0	0	24	276	0	0	0	-	0	24	24	0	0	264	264	0	0	2208	2208	0	0	0	0	0	0	0	0	0	0	0	0	0	0	0	0	0	0	0	0	0	0
F268-D04	discovery	random	20	77	794768938121	5	1	0	-	1	24	32	34	24	0	0	0	0	0	0	0	24	276	0	0	0	-	0	24	24	0	0	312	312	0	0	2208	2172	36	0	12	12	0	0	0	0	0	0	0	0	0	0	0	0	0	0	0	0	0	0
F268-D04	discovery	random	20	77	794768938121	6	1	0	-	1	24	32	53	24	0	0	0	0	0	0	0	24	276	0	0	0	-	0	24	24	0	0	216	216	0	0	2208	2208	0	0	16	16	0	0	0	0	0	0	0	0	0	0	0	0	0	0	0	0	0	0
F268-D04	discovery	random	20	77	794768938121	7	1	0	-	1	24	33	37	24	0	0	0	0	0	0	0	24	276	0	0	0	-	0	24	24	0	0	360	360	0	0	2208	2208	0	0	36	36	0	0	0	0	0	0	0	0	0	0	0	0	0	0	0	0	0	0
F268-D04	discovery	random	20	77	794768938121	8	1	0	-	1	24	29	40	24	0	0	0	0	0	0	0	24	276	0	0	0	-	0	24	24	0	0	360	360	0	0	2208	2208	0	0	24	24	0	0	0	0	0	0	0	0	0	0	0	0	0	0	0	0	0	0
F268-D04	discovery	random	20	77	794768938121	9	1	0	-	1	24	32	38	24	0	0	0	0	0	0	0	24	276	0	0	0	-	0	24	24	0	0	264	264	0	0	2208	2190	18	0	6	6	0	0	0	0	0	0	0	0	0	0	0	0	0	0	0	0	0	0
F268-D04	discovery	random	20	77	794768938121	10	1	0	-	1	20	30	33	20	0	0	0	0	0	0	0	20	190	0	0	0	-	0	4	4	0	0	252	252	0	0	1520	1480	40	0	16	16	0	0	0	0	0	0	0	0	0	0	0	0	0	0	0	0	0	0
F268-D04	discovery	random	20	77	794768938121	11	1	0	-	1	24	32	37	24	0	0	0	0	0	0	0	24	276	0	0	0	-	0	26	26	0	0	304	304	0	0	2208	2208	0	0	0	0	0	0	0	0	0	0	0	0	0	0	0	0	0	0	0	0	0	0
F268-D04	discovery	random	20	78	683721897377	0	1	0	-	1	24	32	46	24	0	0	0	0	0	0	0	24	276	0	0	0	-	0	24	24	0	0	408	408	0	0	2208	2208	0	0	0	0	0	0	0	0	0	0	0	0	0	0	0	0	0	0	0	0	0	0
F268-D04	discovery	random	20	78	683721897377	1	1	0	-	1	24	31	59	24	0	0	0	0	0	0	0	24	276	0	0	0	-	0	24	24	0	0	216	216	0	0	2208	2208	0	0	0	0	0	0	0	0	0	0	0	0	0	0	0	0	0	0	0	0	0	0
F268-D04	discovery	random	20	78	683721897377	2	1	0	-	1	24	28	32	24	0	0	0	0	0	0	0	24	276	0	0	0	-	0	24	24	0	0	456	456	0	0	2208	2208	0	0	0	0	0	0	0	0	0	0	0	0	0	0	0	0	0	0	0	0	0	0
F268-D04	discovery	random	20	78	683721897377	3	1	0	-	1	24	33	47	24	0	0	0	0	0	0	0	24	276	0	0	0	-	0	24	24	0	0	456	456	0	0	2208	2208	0	0	0	0	0	0	0	0	0	0	0	0	0	0	0	0	0	0	0	0	0	0
F268-D04	discovery	random	20	78	683721897377	4	1	0	-	1	24	31	50	24	0	0	0	0	0	0	0	24	276	0	0	0	-	0	24	24	0	0	264	264	0	0	2208	2208	0	0	0	0	0	0	0	0	0	0	0	0	0	0	0	0	0	0	0	0	0	0
F268-D04	discovery	random	20	78	683721897377	5	1	0	-	1	24	32	50	24	0	0	0	0	0	0	0	24	276	0	0	0	-	0	24	24	0	0	408	408	0	0	2208	2172	36	0	12	12	0	0	0	0	0	0	0	0	0	0	0	0	0	0	0	0	0	0
F268-D04	discovery	random	20	78	683721897377	6	1	0	-	1	24	33	45	24	0	0	0	0	0	0	0	24	276	0	0	0	-	0	24	24	0	0	216	216	0	0	2208	2208	0	0	16	16	0	0	0	0	0	0	0	0	0	0	0	0	0	0	0	0	0	0
F268-D04	discovery	random	20	78	683721897377	7	1	0	-	1	24	34	41	24	0	0	0	0	0	0	0	24	276	0	0	0	-	0	24	24	0	0	456	456	0	0	2208	2208	0	0	36	36	0	0	0	0	0	0	0	0	0	0	0	0	0	0	0	0	0	0
F268-D04	discovery	random	20	78	683721897377	8	1	0	-	1	24	31	35	24	0	0	0	0	0	0	0	24	276	0	0	0	-	0	24	24	0	0	456	456	0	0	2208	2208	0	0	24	24	0	0	0	0	0	0	0	0	0	0	0	0	0	0	0	0	0	0
F268-D04	discovery	random	20	78	683721897377	9	1	0	-	1	24	33	51	24	0	0	0	0	0	0	0	24	276	0	0	0	-	0	24	24	0	0	264	264	0	0	2208	2190	18	0	6	6	0	0	0	0	0	0	0	0	0	0	0	0	0	0	0	0	0	0
F268-D04	discovery	random	20	78	683721897377	10	1	0	-	1	20	26	29	20	0	0	0	0	0	0	0	20	190	0	0	0	-	0	4	4	0	0	300	300	0	0	1520	1480	40	0	16	16	0	0	0	0	0	0	0	0	0	0	0	0	0	0	0	0	0	0
F268-D04	discovery	random	20	78	683721897377	11	1	0	-	1	24	30	42	24	0	0	0	0	0	0	0	24	276	0	0	0	-	0	26	26	0	0	364	364	0	0	2208	2208	0	0	0	0	0	0	0	0	0	0	0	0	0	0	0	0	0	0	0	0	0	0
F268-D04	discovery	random	20	79	757261515743	0	1	0	-	1	24	33	41	24	0	0	0	0	0	0	0	24	276	0	0	0	-	0	24	24	0	0	216	216	0	0	2208	2208	0	0	0	0	0	0	0	0	0	0	0	0	0	0	0	0	0	0	0	0	0	0
F268-D04	discovery	random	20	79	757261515743	1	1	0	-	1	24	31	37	24	0	0	0	0	0	0	0	24	276	0	0	0	-	0	24	24	0	0	408	408	0	0	2208	2208	0	0	0	0	0	0	0	0	0	0	0	0	0	0	0	0	0	0	0	0	0	0
F268-D04	discovery	random	20	79	757261515743	2	1	0	-	1	24	32	54	24	0	0	0	0	0	0	0	24	276	0	0	0	-	0	24	24	0	0	456	456	0	0	2208	2208	0	0	0	0	0	0	0	0	0	0	0	0	0	0	0	0	0	0	0	0	0	0
F268-D04	discovery	random	20	79	757261515743	3	1	0	-	1	24	30	50	24	0	0	0	0	0	0	0	24	276	0	0	0	-	0	24	24	0	0	264	264	0	0	2208	2208	0	0	0	0	0	0	0	0	0	0	0	0	0	0	0	0	0	0	0	0	0	0
F268-D04	discovery	random	20	79	757261515743	4	1	0	-	1	24	34	41	24	0	0	0	0	0	0	0	24	276	0	0	0	-	0	24	24	0	0	456	456	0	0	2208	2208	0	0	0	0	0	0	0	0	0	0	0	0	0	0	0	0	0	0	0	0	0	0
F268-D04	discovery	random	20	79	757261515743	5	1	0	-	1	24	31	53	24	0	0	0	0	0	0	0	24	276	0	0	0	-	0	24	24	0	0	216	216	0	0	2208	2172	36	0	12	12	0	0	0	0	0	0	0	0	0	0	0	0	0	0	0	0	0	0
F268-D04	discovery	random	20	79	757261515743	6	1	0	-	1	24	31	47	24	0	0	0	0	0	0	0	24	276	0	0	0	-	0	24	24	0	0	408	408	0	0	2208	2208	0	0	16	16	0	0	0	0	0	0	0	0	0	0	0	0	0	0	0	0	0	0
F268-D04	discovery	random	20	79	757261515743	7	1	0	-	1	24	32	45	24	0	0	0	0	0	0	0	24	276	0	0	0	-	0	24	24	0	0	456	456	0	0	2208	2208	0	0	36	36	0	0	0	0	0	0	0	0	0	0	0	0	0	0	0	0	0	0
F268-D04	discovery	random	20	79	757261515743	8	1	0	-	1	24	31	37	24	0	0	0	0	0	0	0	24	276	0	0	0	-	0	24	24	0	0	264	264	0	0	2208	2208	0	0	24	24	0	0	0	0	0	0	0	0	0	0	0	0	0	0	0	0	0	0
F268-D04	discovery	random	20	79	757261515743	9	1	0	-	1	24	32	42	24	0	0	0	0	0	0	0	24	276	0	0	0	-	0	24	24	0	0	456	456	0	0	2208	2190	18	0	6	6	0	0	0	0	0	0	0	0	0	0	0	0	0	0	0	0	0	0
F268-D04	discovery	random	20	79	757261515743	10	1	0	-	1	20	25	25	20	0	0	0	0	0	0	0	20	190	0	0	0	-	0	4	4	0	0	300	300	0	0	1520	1480	40	0	16	16	0	0	0	0	0	0	0	0	0	0	0	0	0	0	0	0	0	0
F268-D04	discovery	random	20	79	757261515743	11	1	0	-	1	24	29	35	24	0	0	0	0	0	0	0	24	276	0	0	0	-	0	26	26	0	0	356	356	0	0	2208	2208	0	0	0	0	0	0	0	0	0	0	0	0	0	0	0	0	0	0	0	0	0	0
F268-D04	discovery	random	20	80	966453873221	0	1	0	-	1	24	34	42	24	0	0	0	0	0	0	0	24	276	0	0	0	-	0	24	24	0	0	264	264	0	0	2208	2208	0	0	0	0	0	0	0	0	0	0	0	0	0	0	0	0	0	0	0	0	0	0
F268-D04	discovery	random	20	80	966453873221	1	1	0	-	1	24	30	49	24	0	0	0	0	0	0	0	24	276	0	0	0	-	0	24	24	0	0	216	216	0	0	2208	2208	0	0	0	0	0	0	0	0	0	0	0	0	0	0	0	0	0	0	0	0	0	0
F268-D04	discovery	random	20	80	966453873221	2	1	0	-	1	24	33	40	24	0	0	0	0	0	0	0	24	276	0	0	0	-	0	24	24	0	0	312	312	0	0	2208	2208	0	0	0	0	0	0	0	0	0	0	0	0	0	0	0	0	0	0	0	0	0	0
F268-D04	discovery	random	20	80	966453873221	3	1	0	-	1	24	34	56	24	0	0	0	0	0	0	0	24	276	0	0	0	-	0	24	24	0	0	312	312	0	0	2208	2208	0	0	0	0	0	0	0	0	0	0	0	0	0	0	0	0	0	0	0	0	0	0
F268-D04	discovery	random	20	80	966453873221	4	1	0	-	1	24	31	44	24	0	0	0	0	0	0	0	24	276	0	0	0	-	0	24	24	0	0	264	264	0	0	2208	2208	0	0	0	0	0	0	0	0	0	0	0	0	0	0	0	0	0	0	0	0	0	0
F268-D04	discovery	random	20	80	966453873221	5	1	0	-	1	24	32	44	24	0	0	0	0	0	0	0	24	276	0	0	0	-	0	24	24	0	0	264	264	0	0	2208	2172	36	0	12	12	0	0	0	0	0	0	0	0	0	0	0	0	0	0	0	0	0	0
F268-D04	discovery	random	20	80	966453873221	6	1	0	-	1	24	33	43	24	0	0	0	0	0	0	0	24	276	0	0	0	-	0	24	24	0	0	216	216	0	0	2208	2208	0	0	16	16	0	0	0	0	0	0	0	0	0	0	0	0	0	0	0	0	0	0
F268-D04	discovery	random	20	80	966453873221	7	1	0	-	1	24	34	36	24	0	0	0	0	0	0	0	24	276	0	0	0	-	0	24	24	0	0	312	312	0	0	2208	2208	0	0	36	36	0	0	0	0	0	0	0	0	0	0	0	0	0	0	0	0	0	0
F268-D04	discovery	random	20	80	966453873221	8	1	0	-	1	24	29	49	24	0	0	0	0	0	0	0	24	276	0	0	0	-	0	24	24	0	0	312	312	0	0	2208	2208	0	0	24	24	0	0	0	0	0	0	0	0	0	0	0	0	0	0	0	0	0	0
F268-D04	discovery	random	20	80	966453873221	9	1	0	-	1	24	34	38	24	0	0	0	0	0	0	0	24	276	0	0	0	-	0	24	24	0	0	264	264	0	0	2208	2190	18	0	6	6	0	0	0	0	0	0	0	0	0	0	0	0	0	0	0	0	0	0
F268-D04	discovery	random	20	80	966453873221	10	1	0	-	1	20	24	24	20	0	0	0	0	0	0	0	20	190	0	0	0	-	0	4	4	0	0	228	228	0	0	1520	1480	40	0	16	16	0	0	0	0	0	0	0	0	0	0	0	0	0	0	0	0	0	0
F268-D04	discovery	random	20	80	966453873221	11	1	0	-	1	24	30	47	24	0	0	0	0	0	0	0	24	276	0	0	0	-	0	26	26	0	0	274	274	0	0	2208	2208	0	0	0	0	0	0	0	0	0	0	0	0	0	0	0	0	0	0	0	0	0	0
F268-D04	discovery	random	20	81	513055043243	0	1	0	-	1	24	32	40	24	0	0	0	0	0	0	0	24	276	1	1	0	PAIR_ROW_MINUS	824671	24	24	0	0	216	216	0	0	2208	2206	0	2	0	0	0	0	0	0	0	0	0	0	0	0	0	0	0	0	0	0	0	0
F268-D04	discovery	random	20	81	513055043243	1	1	0	-	1	24	28	46	24	0	0	0	0	0	0	0	24	276	0	0	0	-	0	24	24	0	0	264	264	0	0	2208	2208	0	0	0	0	0	0	0	0	0	0	0	0	0	0	0	0	0	0	0	0	0	0
F268-D04	discovery	random	20	81	513055043243	2	1	0	-	1	24	33	37	24	0	0	0	0	0	0	0	24	276	0	0	0	-	0	24	24	0	0	312	312	0	0	2208	2208	0	0	0	0	0	0	0	0	0	0	0	0	0	0	0	0	0	0	0	0	0	0
F268-D04	discovery	random	20	81	513055043243	3	1	0	-	1	24	33	47	24	0	0	0	0	0	0	0	24	276	0	0	0	-	0	24	24	0	0	264	264	0	0	2208	2208	0	0	0	0	0	0	0	0	0	0	0	0	0	0	0	0	0	0	0	0	0	0
F268-D04	discovery	random	20	81	513055043243	4	1	0	-	1	24	32	46	24	0	0	0	0	0	0	0	24	276	0	0	0	-	0	24	24	0	0	312	312	0	0	2208	2208	0	0	0	0	0	0	0	0	0	0	0	0	0	0	0	0	0	0	0	0	0	0
F268-D04	discovery	random	20	81	513055043243	5	1	0	-	1	24	31	50	24	0	0	0	0	0	0	0	24	276	0	0	0	-	0	24	24	0	0	216	216	0	0	2208	2172	36	0	12	12	0	0	0	0	0	0	0	0	0	0	0	0	0	0	0	0	0	0
F268-D04	discovery	random	20	81	513055043243	6	1	0	-	1	24	29	43	24	0	0	0	0	0	0	0	24	276	0	0	0	-	0	24	24	0	0	264	264	0	0	2208	2208	0	0	16	16	0	0	0	0	0	0	0	0	0	0	0	0	0	0	0	0	0	0
F268-D04	discovery	random	20	81	513055043243	7	1	0	-	1	24	30	39	24	0	0	0	0	0	0	0	24	276	1	1	0	PAIR_ROW_MINUS	824671	24	24	0	0	312	312	0	0	2208	2204	0	4	36	36	0	0	0	0	0	0	0	0	0	0	0	0	0	0	0	0	0	0
F268-D04	discovery	random	20	81	513055043243	8	1	0	-	1	24	30	47	24	0	0	0	0	0	0	0	24	276	0	0	0	-	0	24	24	0	0	264	264	0	0	2208	2208	0	0	24	24	0	0	0	0	0	0	0	0	0	0	0	0	0	0	0	0	0	0
F268-D04	discovery	random	20	81	513055043243	9	1	0	-	1	24	31	55	24	0	0	0	0	0	0	0	24	276	0	0	0	-	0	24	24	0	0	312	312	0	0	2208	2190	18	0	6	6	0	0	0	0	0	0	0	0	0	0	0	0	0	0	0	0	0	0
F268-D04	discovery	random	20	81	513055043243	10	1	0	-	1	20	26	42	20	0	0	0	0	0	0	0	20	190	0	0	0	-	0	4	4	0	0	228	228	0	0	1520	1480	40	0	16	16	0	0	0	0	0	0	0	0	0	0	0	0	0	0	0	0	0	0
F268-D04	discovery	random	20	81	513055043243	11	1	0	-	1	24	29	42	24	0	0	0	0	0	0	0	24	276	0	0	0	-	0	26	26	0	0	272	272	0	0	2208	2208	0	0	0	0	0	0	0	0	0	0	0	0	0	0	0	0	0	0	0	0	0	0
F268-D04	discovery	random	20	82	820000117789	0	1	0	-	1	24	31	38	24	0	0	0	0	0	0	0	24	276	0	0	0	-	0	24	24	0	0	264	264	0	0	2208	2208	0	0	0	0	0	0	0	0	0	0	0	0	0	0	0	0	0	0	0	0	0	0
F268-D04	discovery	random	20	82	820000117789	1	1	0	-	1	24	32	48	24	0	0	0	0	0	0	0	24	276	0	0	0	-	0	24	24	0	0	216	216	0	0	2208	2208	0	0	0	0	0	0	0	0	0	0	0	0	0	0	0	0	0	0	0	0	0	0
F268-D04	discovery	random	20	82	820000117789	2	1	0	-	1	24	31	34	24	0	0	0	0	0	0	0	24	276	0	0	0	-	0	24	24	0	0	312	312	0	0	2208	2208	0	0	0	0	0	0	0	0	0	0	0	0	0	0	0	0	0	0	0	0	0	0
F268-D04	discovery	random	20	82	820000117789	3	1	0	-	1	24	31	46	24	0	0	0	0	0	0	0	24	276	0	0	0	-	0	24	24	0	0	312	312	0	0	2208	2208	0	0	0	0	0	0	0	0	0	0	0	0	0	0	0	0	0	0	0	0	0	0
F268-D04	discovery	random	20	82	820000117789	4	1	0	-	1	24	32	37	24	0	0	0	0	0	0	0	24	276	0	0	0	-	0	24	24	0	0	264	264	0	0	2208	2208	0	0	0	0	0	0	0	0	0	0	0	0	0	0	0	0	0	0	0	0	0	0
F268-D04	discovery	random	20	82	820000117789	5	1	0	-	1	24	29	42	24	0	0	0	0	0	0	0	24	276	0	0	0	-	0	24	24	0	0	264	264	0	0	2208	2172	36	0	12	12	0	0	0	0	0	0	0	0	0	0	0	0	0	0	0	0	0	0
F268-D04	discovery	random	20	82	820000117789	6	1	0	-	1	24	30	45	24	0	0	0	0	0	0	0	24	276	0	0	0	-	0	24	24	0	0	216	216	0	0	2208	2208	0	0	16	16	0	0	0	0	0	0	0	0	0	0	0	0	0	0	0	0	0	0
F268-D04	discovery	random	20	82	820000117789	7	1	0	-	1	24	33	42	24	0	0	0	0	0	0	0	24	276	0	0	0	-	0	24	24	0	0	312	312	0	0	2208	2208	0	0	36	36	0	0	0	0	0	0	0	0	0	0	0	0	0	0	0	0	0	0
F268-D04	discovery	random	20	82	820000117789	8	1	0	-	1	24	34	54	24	0	0	0	0	0	0	0	24	276	0	0	0	-	0	24	24	0	0	312	312	0	0	2208	2208	0	0	24	24	0	0	0	0	0	0	0	0	0	0	0	0	0	0	0	0	0	0
F268-D04	discovery	random	20	82	820000117789	9	1	0	-	1	24	34	53	24	0	0	0	0	0	0	0	24	276	0	0	0	-	0	24	24	0	0	264	264	0	0	2208	2190	18	0	6	6	0	0	0	0	0	0	0	0	0	0	0	0	0	0	0	0	0	0
F268-D04	discovery	random	20	82	820000117789	10	1	0	-	1	20	29	47	20	0	0	0	0	0	0	0	20	190	0	0	0	-	0	4	4	0	0	228	228	0	0	1520	1480	40	0	16	16	0	0	0	0	0	0	0	0	0	0	0	0	0	0	0	0	0	0
F268-D04	discovery	random	20	82	820000117789	11	1	0	-	1	24	31	42	24	0	0	0	0	0	0	0	24	276	0	0	0	-	0	26	26	0	0	274	274	0	0	2208	2208	0	0	0	0	0	0	0	0	0	0	0	0	0	0	0	0	0	0	0	0	0	0
F268-D04	discovery	random	20	83	830560945289	0	1	0	-	1	24	32	42	24	0	0	0	0	0	0	0	24	276	0	0	0	-	0	24	24	0	0	312	312	0	0	2208	2208	0	0	0	0	0	0	0	0	0	0	0	0	0	0	0	0	0	0	0	0	0	0
F268-D04	discovery	random	20	83	830560945289	1	1	0	-	1	24	34	43	24	0	0	0	0	0	0	0	24	276	0	0	0	-	0	24	24	0	0	216	216	0	0	2208	2208	0	0	0	0	0	0	0	0	0	0	0	0	0	0	0	0	0	0	0	0	0	0
F268-D04	discovery	random	20	83	830560945289	2	1	0	-	1	24	33	53	24	0	0	0	0	0	0	0	24	276	0	0	0	-	0	24	24	0	0	360	360	0	0	2208	2208	0	0	0	0	0	0	0	0	0	0	0	0	0	0	0	0	0	0	0	0	0	0
F268-D04	discovery	random	20	83	830560945289	3	1	0	-	1	24	32	50	24	0	0	0	0	0	0	0	24	276	0	0	0	-	0	24	24	0	0	360	360	0	0	2208	2208	0	0	0	0	0	0	0	0	0	0	0	0	0	0	0	0	0	0	0	0	0	0
F268-D04	discovery	random	20	83	830560945289	4	1	0	-	1	24	30	66	24	0	0	0	0	0	0	0	24	276	0	0	0	-	0	24	24	0	0	264	264	0	0	2208	2208	0	0	0	0	0	0	0	0	0	0	0	0	0	0	0	0	0	0	0	0	0	0
F268-D04	discovery	random	20	83	830560945289	5	1	0	-	1	24	31	42	24	0	0	0	0	0	0	0	24	276	0	0	0	-	0	24	24	0	0	312	312	0	0	2208	2172	36	0	12	12	0	0	0	0	0	0	0	0	0	0	0	0	0	0	0	0	0	0
F268-D04	discovery	random	20	83	830560945289	6	1	0	-	1	24	32	36	24	0	0	0	0	0	0	0	24	276	0	0	0	-	0	24	24	0	0	216	216	0	0	2208	2208	0	0	16	16	0	0	0	0	0	0	0	0	0	0	0	0	0	0	0	0	0	0
F268-D04	discovery	random	20	83	830560945289	7	1	0	-	1	24	32	33	24	0	0	0	0	0	0	0	24	276	0	0	0	-	0	24	24	0	0	360	360	0	0	2208	2208	0	0	36	36	0	0	0	0	0	0	0	0	0	0	0	0	0	0	0	0	0	0
F268-D04	discovery	random	20	83	830560945289	8	1	0	-	1	24	35	39	24	0	0	0	0	0	0	0	24	276	0	0	0	-	0	24	24	0	0	360	360	0	0	2208	2208	0	0	24	24	0	0	0	0	0	0	0	0	0	0	0	0	0	0	0	0	0	0
F268-D04	discovery	random	20	83	830560945289	9	1	0	-	1	24	30	42	24	0	0	0	0	0	0	0	24	276	0	0	0	-	0	24	24	0	0	264	264	0	0	2208	2190	18	0	6	6	0	0	0	0	0	0	0	0	0	0	0	0	0	0	0	0	0	0
F268-D04	discovery	random	20	83	830560945289	10	1	0	-	1	20	27	49	20	0	0	0	0	0	0	0	20	190	0	0	0	-	0	4	4	0	0	252	252	0	0	1520	1480	40	0	16	16	0	0	0	0	0	0	0	0	0	0	0	0	0	0	0	0	0	0
F268-D04	discovery	random	20	83	830560945289	11	1	0	-	1	24	34	34	24	0	0	0	0	0	0	0	24	276	0	0	0	-	0	26	26	0	0	304	304	0	0	2208	2208	0	0	0	0	0	0	0	0	0	0	0	0	0	0	0	0	0	0	0	0	0	0
F268-D04	discovery	neighbor	20	84	841028388407	0	1	0	-	1	24	30	40	24	0	0	0	0	0	0	0	24	276	0	0	0	-	0	24	24	0	0	216	216	0	0	2208	2208	0	0	0	0	0	0	0	0	0	0	0	0	0	0	0	0	0	0	0	0	0	0
F268-D04	discovery	neighbor	20	84	841028388407	1	1	0	-	1	24	30	51	24	0	0	0	0	0	0	0	24	276	0	0	0	-	0	24	24	0	0	312	312	0	0	2208	2208	0	0	0	0	0	0	0	0	0	0	0	0	0	0	0	0	0	0	0	0	0	0
F268-D04	discovery	neighbor	20	84	841028388407	2	1	0	-	1	24	31	32	24	0	0	0	0	0	0	0	24	276	0	0	0	-	0	24	24	0	0	360	360	0	0	2208	2208	0	0	0	0	0	0	0	0	0	0	0	0	0	0	0	0	0	0	0	0	0	0
F268-D04	discovery	neighbor	20	84	841028388407	3	1	0	-	1	24	33	58	24	0	0	0	0	0	0	0	24	276	0	0	0	-	0	24	24	0	0	264	264	0	0	2208	2208	0	0	0	0	0	0	0	0	0	0	0	0	0	0	0	0	0	0	0	0	0	0
F268-D04	discovery	neighbor	20	84	841028388407	4	1	0	-	1	24	29	45	24	0	0	0	0	0	0	0	24	276	0	0	0	-	0	24	24	0	0	360	360	0	0	2208	2208	0	0	0	0	0	0	0	0	0	0	0	0	0	0	0	0	0	0	0	0	0	0
F268-D04	discovery	neighbor	20	84	841028388407	5	1	0	-	1	24	34	38	24	0	0	0	0	0	0	0	24	276	0	0	0	-	0	24	24	0	0	216	216	0	0	2208	2172	36	0	12	12	0	0	0	0	0	0	0	0	0	0	0	0	0	0	0	0	0	0
F268-D04	discovery	neighbor	20	84	841028388407	6	1	0	-	1	24	29	33	24	0	0	0	0	0	0	0	24	276	0	0	0	-	0	24	24	0	0	312	312	0	0	2208	2208	0	0	16	16	0	0	0	0	0	0	0	0	0	0	0	0	0	0	0	0	0	0
F268-D04	discovery	neighbor	20	84	841028388407	7	1	0	-	1	24	31	53	24	0	0	0	0	0	0	0	24	276	0	0	0	-	0	24	24	0	0	360	360	0	0	2208	2208	0	0	36	36	0	0	0	0	0	0	0	0	0	0	0	0	0	0	0	0	0	0
F268-D04	discovery	neighbor	20	84	841028388407	8	1	0	-	1	24	31	42	24	0	0	0	0	0	0	0	24	276	0	0	0	-	0	24	24	0	0	264	264	0	0	2208	2208	0	0	24	24	0	0	0	0	0	0	0	0	0	0	0	0	0	0	0	0	0	0
F268-D04	discovery	neighbor	20	84	841028388407	9	1	0	-	1	24	30	37	24	0	0	0	0	0	0	0	24	276	0	0	0	-	0	24	24	0	0	360	360	0	0	2208	2190	18	0	6	6	0	0	0	0	0	0	0	0	0	0	0	0	0	0	0	0	0	0
F268-D04	discovery	neighbor	20	84	841028388407	10	1	0	-	1	20	28	48	20	0	0	0	0	0	0	0	20	190	0	0	0	-	0	4	4	0	0	252	252	0	0	1520	1480	40	0	16	16	0	0	0	0	0	0	0	0	0	0	0	0	0	0	0	0	0	0
F268-D04	discovery	neighbor	20	84	841028388407	11	1	0	-	1	24	32	62	24	0	0	0	0	0	0	0	24	276	0	0	0	-	0	26	26	0	0	300	300	0	0	2208	2208	0	0	0	0	0	0	0	0	0	0	0	0	0	0	0	0	0	0	0	0	0	0
F268-D04	discovery	neighbor	20	85	976363347997	0	1	0	-	1	24	31	43	24	0	0	0	0	0	0	0	24	276	0	0	0	-	0	24	24	0	0	264	264	0	0	2208	2208	0	0	0	0	0	0	0	0	0	0	0	0	0	0	0	0	0	0	0	0	0	0
F268-D04	discovery	neighbor	20	85	976363347997	1	1	0	-	1	24	32	39	24	0	0	0	0	0	0	0	24	276	0	0	0	-	0	24	24	0	0	216	216	0	0	2208	2208	0	0	0	0	0	0	0	0	0	0	0	0	0	0	0	0	0	0	0	0	0	0
F268-D04	discovery	neighbor	20	85	976363347997	2	1	0	-	1	24	33	44	24	0	0	0	0	0	0	0	24	276	0	0	0	-	0	24	24	0	0	312	312	0	0	2208	2208	0	0	0	0	0	0	0	0	0	0	0	0	0	0	0	0	0	0	0	0	0	0
F268-D04	discovery	neighbor	20	85	976363347997	3	1	0	-	1	24	31	48	24	0	0	0	0	0	0	0	24	276	0	0	0	-	0	24	24	0	0	312	312	0	0	2208	2208	0	0	0	0	0	0	0	0	0	0	0	0	0	0	0	0	0	0	0	0	0	0
F268-D04	discovery	neighbor	20	85	976363347997	4	1	0	-	1	24	34	41	24	0	0	0	0	0	0	0	24	276	0	0	0	-	0	24	24	0	0	264	264	0	0	2208	2208	0	0	0	0	0	0	0	0	0	0	0	0	0	0	0	0	0	0	0	0	0	0
F268-D04	discovery	neighbor	20	85	976363347997	5	1	0	-	1	24	32	40	24	0	0	0	0	0	0	0	24	276	0	0	0	-	0	24	24	0	0	264	264	0	0	2208	2172	36	0	12	12	0	0	0	0	0	0	0	0	0	0	0	0	0	0	0	0	0	0
F268-D04	discovery	neighbor	20	85	976363347997	6	1	0	-	1	24	30	40	24	0	0	0	0	0	0	0	24	276	0	0	0	-	0	24	24	0	0	216	216	0	0	2208	2208	0	0	16	16	0	0	0	0	0	0	0	0	0	0	0	0	0	0	0	0	0	0
F268-D04	discovery	neighbor	20	85	976363347997	7	1	0	-	1	24	35	47	24	0	0	0	0	0	0	0	24	276	0	0	0	-	0	24	24	0	0	312	312	0	0	2208	2208	0	0	36	36	0	0	0	0	0	0	0	0	0	0	0	0	0	0	0	0	0	0
F268-D04	discovery	neighbor	20	85	976363347997	8	1	0	-	1	24	30	42	24	0	0	0	0	0	0	0	24	276	0	0	0	-	0	24	24	0	0	312	312	0	0	2208	2208	0	0	24	24	0	0	0	0	0	0	0	0	0	0	0	0	0	0	0	0	0	0
F268-D04	discovery	neighbor	20	85	976363347997	9	1	0	-	1	24	31	47	24	0	0	0	0	0	0	0	24	276	0	0	0	-	0	24	24	0	0	264	264	0	0	2208	2190	18	0	6	6	0	0	0	0	0	0	0	0	0	0	0	0	0	0	0	0	0	0
F268-D04	discovery	neighbor	20	85	976363347997	10	1	0	-	1	20	27	27	20	0	0	0	0	0	0	0	20	190	0	0	0	-	0	4	4	0	0	228	228	0	0	1520	1480	40	0	16	16	0	0	0	0	0	0	0	0	0	0	0	0	0	0	0	0	0	0
F268-D04	discovery	neighbor	20	85	976363347997	11	1	0	-	1	24	32	51	24	0	0	0	0	0	0	0	24	276	0	0	0	-	0	26	26	0	0	274	274	0	0	2208	2208	0	0	0	0	0	0	0	0	0	0	0	0	0	0	0	0	0	0	0	0	0	0
F268-D04	discovery	neighbor	20	86	854602253693	0	1	0	-	1	24	35	48	24	0	0	0	0	0	0	0	24	276	0	0	0	-	0	24	24	0	0	264	264	0	0	2208	2208	0	0	0	0	0	0	0	0	0	0	0	0	0	0	0	0	0	0	0	0	0	0
F268-D04	discovery	neighbor	20	86	854602253693	1	1	0	-	1	24	34	57	24	0	0	0	0	0	0	0	24	276	0	0	0	-	0	24	24	0	0	216	216	0	0	2208	2208	0	0	0	0	0	0	0	0	0	0	0	0	0	0	0	0	0	0	0	0	0	0
F268-D04	discovery	neighbor	20	86	854602253693	2	1	0	-	1	24	31	39	24	0	0	0	0	0	0	0	24	276	0	0	0	-	0	24	24	0	0	312	312	0	0	2208	2208	0	0	0	0	0	0	0	0	0	0	0	0	0	0	0	0	0	0	0	0	0	0
F268-D04	discovery	neighbor	20	86	854602253693	3	1	0	-	1	24	33	37	24	0	0	0	0	0	0	0	24	276	0	0	0	-	0	24	24	0	0	312	312	0	0	2208	2208	0	0	0	0	0	0	0	0	0	0	0	0	0	0	0	0	0	0	0	0	0	0
F268-D04	discovery	neighbor	20	86	854602253693	4	1	0	-	1	24	32	39	24	0	0	0	0	0	0	0	24	276	0	0	0	-	0	24	24	0	0	264	264	0	0	2208	2208	0	0	0	0	0	0	0	0	0	0	0	0	0	0	0	0	0	0	0	0	0	0
F268-D04	discovery	neighbor	20	86	854602253693	5	1	0	-	1	24	32	56	24	0	0	0	0	0	0	0	24	276	0	0	0	-	0	24	24	0	0	264	264	0	0	2208	2172	36	0	12	12	0	0	0	0	0	0	0	0	0	0	0	0	0	0	0	0	0	0
F268-D04	discovery	neighbor	20	86	854602253693	6	1	0	-	1	24	34	47	24	0	0	0	0	0	0	0	24	276	0	0	0	-	0	24	24	0	0	216	216	0	0	2208	2208	0	0	16	16	0	0	0	0	0	0	0	0	0	0	0	0	0	0	0	0	0	0
F268-D04	discovery	neighbor	20	86	854602253693	7	1	0	-	1	24	34	52	24	0	0	0	0	0	0	0	24	276	0	0	0	-	0	24	24	0	0	312	312	0	0	2208	2208	0	0	36	36	0	0	0	0	0	0	0	0	0	0	0	0	0	0	0	0	0	0
F268-D04	discovery	neighbor	20	86	854602253693	8	1	0	-	1	24	32	57	24	0	0	0	0	0	0	0	24	276	0	0	0	-	0	24	24	0	0	312	312	0	0	2208	2208	0	0	24	24	0	0	0	0	0	0	0	0	0	0	0	0	0	0	0	0	0	0
F268-D04	discovery	neighbor	20	86	854602253693	9	1	0	-	1	24	31	45	24	0	0	0	0	0	0	0	24	276	0	0	0	-	0	24	24	0	0	264	264	0	0	2208	2190	18	0	6	6	0	0	0	0	0	0	0	0	0	0	0	0	0	0	0	0	0	0
F268-D04	discovery	neighbor	20	86	854602253693	10	1	0	-	1	20	26	49	20	0	0	0	0	0	0	0	20	190	0	0	0	-	0	4	4	0	0	228	228	0	0	1520	1480	40	0	16	16	0	0	0	0	0	0	0	0	0	0	0	0	0	0	0	0	0	0
F268-D04	discovery	neighbor	20	86	854602253693	11	1	0	-	1	24	36	51	24	0	0	0	0	0	0	0	24	276	0	0	0	-	0	26	26	0	0	274	274	0	0	2208	2208	0	0	0	0	0	0	0	0	0	0	0	0	0	0	0	0	0	0	0	0	0	0
F268-D04	discovery	neighbor	20	87	975456471079	0	1	0	-	1	24	33	40	24	0	0	0	0	0	0	0	24	276	0	0	0	-	0	24	24	0	0	216	216	0	0	2208	2208	0	0	0	0	0	0	0	0	0	0	0	0	0	0	0	0	0	0	0	0	0	0
F268-D04	discovery	neighbor	20	87	975456471079	1	1	0	-	1	24	32	57	24	0	0	0	0	0	0	0	24	276	0	0	0	-	0	24	24	0	0	312	312	0	0	2208	2208	0	0	0	0	0	0	0	0	0	0	0	0	0	0	0	0	0	0	0	0	0	0
F268-D04	discovery	neighbor	20	87	975456471079	2	1	0	-	1	24	31	36	24	0	0	0	0	0	0	0	24	276	0	0	0	-	0	24	24	0	0	360	360	0	0	2208	2208	0	0	0	0	0	0	0	0	0	0	0	0	0	0	0	0	0	0	0	0	0	0
F268-D04	discovery	neighbor	20	87	975456471079	3	1	0	-	1	24	30	37	24	0	0	0	0	0	0	0	24	276	0	0	0	-	0	24	24	0	0	264	264	0	0	2208	2208	0	0	0	0	0	0	0	0	0	0	0	0	0	0	0	0	0	0	0	0	0	0
F268-D04	discovery	neighbor	20	87	975456471079	4	1	0	-	1	24	31	42	24	0	0	0	0	0	0	0	24	276	0	0	0	-	0	24	24	0	0	360	360	0	0	2208	2208	0	0	0	0	0	0	0	0	0	0	0	0	0	0	0	0	0	0	0	0	0	0
F268-D04	discovery	neighbor	20	87	975456471079	5	1	0	-	1	24	29	26	24	0	0	0	0	0	0	0	24	276	0	0	0	-	0	24	24	0	0	216	216	0	0	2208	2172	36	0	12	12	0	0	0	0	0	0	0	0	0	0	0	0	0	0	0	0	0	0
F268-D04	discovery	neighbor	20	87	975456471079	6	1	0	-	1	24	31	46	24	0	0	0	0	0	0	0	24	276	0	0	0	-	0	24	24	0	0	312	312	0	0	2208	2208	0	0	16	16	0	0	0	0	0	0	0	0	0	0	0	0	0	0	0	0	0	0
F268-D04	discovery	neighbor	20	87	975456471079	7	1	0	-	1	24	34	48	24	0	0	0	0	0	0	0	24	276	0	0	0	-	0	24	24	0	0	360	360	0	0	2208	2208	0	0	36	36	0	0	0	0	0	0	0	0	0	0	0	0	0	0	0	0	0	0
F268-D04	discovery	neighbor	20	87	975456471079	8	1	0	-	1	24	30	42	24	0	0	0	0	0	0	0	24	276	0	0	0	-	0	24	24	0	0	264	264	0	0	2208	2208	0	0	24	24	0	0	0	0	0	0	0	0	0	0	0	0	0	0	0	0	0	0
F268-D04	discovery	neighbor	20	87	975456471079	9	1	0	-	1	24	33	50	24	0	0	0	0	0	0	0	24	276	0	0	0	-	0	24	24	0	0	360	360	0	0	2208	2190	18	0	6	6	0	0	0	0	0	0	0	0	0	0	0	0	0	0	0	0	0	0
F268-D04	discovery	neighbor	20	87	975456471079	10	1	0	-	1	20	26	40	20	0	0	0	0	0	0	0	20	190	0	0	0	-	0	4	4	0	0	252	252	0	0	1520	1480	40	0	16	16	0	0	0	0	0	0	0	0	0	0	0	0	0	0	0	0	0	0
F268-D04	discovery	neighbor	20	87	975456471079	11	1	0	-	1	24	35	50	24	0	0	0	0	0	0	0	24	276	0	0	0	-	0	26	26	0	0	300	300	0	0	2208	2208	0	0	0	0	0	0	0	0	0	0	0	0	0	0	0	0	0	0	0	0	0	0
F268-D04	discovery	neighbor	20	88	318855596029	0	1	0	-	1	24	32	30	24	0	0	0	0	0	0	0	24	276	0	0	0	-	0	24	24	0	0	264	264	0	0	2208	2208	0	0	0	0	0	0	0	0	0	0	0	0	0	0	0	0	0	0	0	0	0	0
F268-D04	discovery	neighbor	20	88	318855596029	1	1	0	-	1	24	30	56	24	0	0	0	0	0	0	0	24	276	0	0	0	-	0	24	24	0	0	216	216	0	0	2208	2208	0	0	0	0	0	0	0	0	0	0	0	0	0	0	0	0	0	0	0	0	0	0
F268-D04	discovery	neighbor	20	88	318855596029	2	1	0	-	1	24	33	49	24	0	0	0	0	0	0	0	24	276	0	0	0	-	0	24	24	0	0	312	312	0	0	2208	2208	0	0	0	0	0	0	0	0	0	0	0	0	0	0	0	0	0	0	0	0	0	0
F268-D04	discovery	neighbor	20	88	318855596029	3	1	0	-	1	24	32	45	24	0	0	0	0	0	0	0	24	276	0	0	0	-	0	24	24	0	0	312	312	0	0	2208	2208	0	0	0	0	0	0	0	0	0	0	0	0	0	0	0	0	0	0	0	0	0	0
F268-D04	discovery	neighbor	20	88	318855596029	4	1	0	-	1	24	31	36	24	0	0	0	0	0	0	0	24	276	0	0	0	-	0	24	24	0	0	264	264	0	0	2208	2208	0	0	0	0	0	0	0	0	0	0	0	0	0	0	0	0	0	0	0	0	0	0
F268-D04	discovery	neighbor	20	88	318855596029	5	1	0	-	1	24	35	36	24	0	0	0	0	0	0	0	24	276	0	0	0	-	0	24	24	0	0	264	264	0	0	2208	2172	36	0	12	12	0	0	0	0	0	0	0	0	0	0	0	0	0	0	0	0	0	0
F268-D04	discovery	neighbor	20	88	318855596029	6	1	0	-	1	24	30	33	24	0	0	0	0	0	0	0	24	276	0	0	0	-	0	24	24	0	0	216	216	0	0	2208	2208	0	0	16	16	0	0	0	0	0	0	0	0	0	0	0	0	0	0	0	0	0	0
F268-D04	discovery	neighbor	20	88	318855596029	7	1	0	-	1	24	31	37	24	0	0	0	0	0	0	0	24	276	0	0	0	-	0	24	24	0	0	312	312	0	0	2208	2208	0	0	36	36	0	0	0	0	0	0	0	0	0	0	0	0	0	0	0	0	0	0
F268-D04	discovery	neighbor	20	88	318855596029	8	1	0	-	1	24	35	47	24	0	0	0	0	0	0	0	24	276	0	0	0	-	0	24	24	0	0	312	312	0	0	2208	2208	0	0	24	24	0	0	0	0	0	0	0	0	0	0	0	0	0	0	0	0	0	0
F268-D04	discovery	neighbor	20	88	318855596029	9	1	0	-	1	24	32	48	24	0	0	0	0	0	0	0	24	276	0	0	0	-	0	24	24	0	0	264	264	0	0	2208	2190	18	0	6	6	0	0	0	0	0	0	0	0	0	0	0	0	0	0	0	0	0	0
F268-D04	discovery	neighbor	20	88	318855596029	10	1	0	-	1	20	26	40	20	0	0	0	0	0	0	0	20	190	0	0	0	-	0	4	4	0	0	228	228	0	0	1520	1480	40	0	16	16	0	0	0	0	0	0	0	0	0	0	0	0	0	0	0	0	0	0
F268-D04	discovery	neighbor	20	88	318855596029	11	1	0	-	1	24	33	36	24	0	0	0	0	0	0	0	24	276	0	0	0	-	0	26	26	0	0	274	274	0	0	2208	2208	0	0	0	0	0	0	0	0	0	0	0	0	0	0	0	0	0	0	0	0	0	0
F268-D04	discovery	neighbor	20	89	812857312147	0	1	0	-	1	24	31	43	24	0	0	0	0	0	0	0	24	276	0	0	0	-	0	24	24	0	0	216	216	0	0	2208	2208	0	0	0	0	0	0	0	0	0	0	0	0	0	0	0	0	0	0	0	0	0	0
F268-D04	discovery	neighbor	20	89	812857312147	1	1	0	-	1	24	33	59	24	0	0	0	0	0	0	0	24	276	0	0	0	-	0	24	24	0	0	264	264	0	0	2208	2208	0	0	0	0	0	0	0	0	0	0	0	0	0	0	0	0	0	0	0	0	0	0
F268-D04	discovery	neighbor	20	89	812857312147	2	1	0	-	1	24	30	45	24	0	0	0	0	0	0	0	24	276	0	0	0	-	0	24	24	0	0	312	312	0	0	2208	2208	0	0	0	0	0	0	0	0	0	0	0	0	0	0	0	0	0	0	0	0	0	0
F268-D04	discovery	neighbor	20	89	812857312147	3	1	0	-	1	24	32	56	24	0	0	0	0	0	0	0	24	276	0	0	0	-	0	24	24	0	0	264	264	0	0	2208	2208	0	0	0	0	0	0	0	0	0	0	0	0	0	0	0	0	0	0	0	0	0	0
F268-D04	discovery	neighbor	20	89	812857312147	4	1	0	-	1	24	29	43	24	0	0	0	0	0	0	0	24	276	0	0	0	-	0	24	24	0	0	312	312	0	0	2208	2208	0	0	0	0	0	0	0	0	0	0	0	0	0	0	0	0	0	0	0	0	0	0
F268-D04	discovery	neighbor	20	89	812857312147	5	1	0	-	1	24	31	61	24	0	0	0	0	0	0	0	24	276	0	0	0	-	0	24	24	0	0	216	216	0	0	2208	2172	36	0	12	12	0	0	0	0	0	0	0	0	0	0	0	0	0	0	0	0	0	0
F268-D04	discovery	neighbor	20	89	812857312147	6	1	0	-	1	24	31	42	24	0	0	0	0	0	0	0	24	276	0	0	0	-	0	24	24	0	0	264	264	0	0	2208	2208	0	0	16	16	0	0	0	0	0	0	0	0	0	0	0	0	0	0	0	0	0	0
F268-D04	discovery	neighbor	20	89	812857312147	7	1	0	-	1	24	32	37	24	0	0	0	0	0	0	0	24	276	0	0	0	-	0	24	24	0	0	312	312	0	0	2208	2208	0	0	36	36	0	0	0	0	0	0	0	0	0	0	0	0	0	0	0	0	0	0
F268-D04	discovery	neighbor	20	89	812857312147	8	1	0	-	1	24	32	53	24	0	0	0	0	0	0	0	24	276	0	0	0	-	0	24	24	0	0	264	264	0	0	2208	2208	0	0	24	24	0	0	0	0	0	0	0	0	0	0	0	0	0	0	0	0	0	0
F268-D04	discovery	neighbor	20	89	812857312147	9	1	0	-	1	24	29	45	24	0	0	0	0	0	0	0	24	276	0	0	0	-	0	24	24	0	0	312	312	0	0	2208	2190	18	0	6	6	0	0	0	0	0	0	0	0	0	0	0	0	0	0	0	0	0	0
F268-D04	discovery	neighbor	20	89	812857312147	10	1	0	-	1	20	29	34	20	0	0	0	0	0	0	0	20	190	0	0	0	-	0	4	4	0	0	228	228	0	0	1520	1480	40	0	16	16	0	0	0	0	0	0	0	0	0	0	0	0	0	0	0	0	0	0
F268-D04	discovery	neighbor	20	89	812857312147	11	1	0	-	1	24	36	47	24	0	0	0	0	0	0	0	24	276	0	0	0	-	0	26	26	0	0	272	272	0	0	2208	2208	0	0	0	0	0	0	0	0	0	0	0	0	0	0	0	0	0	0	0	0	0	0
F268-D04	discovery	neighbor	20	90	826141019029	0	1	0	-	1	24	30	41	24	0	0	0	0	0	0	0	24	276	0	0	0	-	0	24	24	0	0	264	264	0	0	2208	2208	0	0	0	0	0	0	0	0	0	0	0	0	0	0	0	0	0	0	0	0	0	0
F268-D04	discovery	neighbor	20	90	826141019029	1	1	0	-	1	24	31	51	24	0	0	0	0	0	0	0	24	276	0	0	0	-	0	24	24	0	0	216	216	0	0	2208	2208	0	0	0	0	0	0	0	0	0	0	0	0	0	0	0	0	0	0	0	0	0	0
F268-D04	discovery	neighbor	20	90	826141019029	2	1	0	-	1	24	31	43	24	0	0	0	0	0	0	0	24	276	0	0	0	-	0	24	24	0	0	312	312	0	0	2208	2208	0	0	0	0	0	0	0	0	0	0	0	0	0	0	0	0	0	0	0	0	0	0
F268-D04	discovery	neighbor	20	90	826141019029	3	1	0	-	1	24	30	57	24	0	0	0	0	0	0	0	24	276	0	0	0	-	0	24	24	0	0	312	312	0	0	2208	2208	0	0	0	0	0	0	0	0	0	0	0	0	0	0	0	0	0	0	0	0	0	0
F268-D04	discovery	neighbor	20	90	826141019029	4	1	0	-	1	24	32	45	24	0	0	0	0	0	0	0	24	276	0	0	0	-	0	24	24	0	0	264	264	0	0	2208	2208	0	0	0	0	0	0	0	0	0	0	0	0	0	0	0	0	0	0	0	0	0	0
F268-D04	discovery	neighbor	20	90	826141019029	5	1	0	-	1	24	34	52	24	0	0	0	0	0	0	0	24	276	0	0	0	-	0	24	24	0	0	264	264	0	0	2208	2172	36	0	12	12	0	0	0	0	0	0	0	0	0	0	0	0	0	0	0	0	0	0
F268-D04	discovery	neighbor	20	90	826141019029	6	1	0	-	1	24	34	46	24	0	0	0	0	0	0	0	24	276	0	0	0	-	0	24	24	0	0	216	216	0	0	2208	2208	0	0	16	16	0	0	0	0	0	0	0	0	0	0	0	0	0	0	0	0	0	0
F268-D04	discovery	neighbor	20	90	826141019029	7	1	0	-	1	24	33	45	24	0	0	0	0	0	0	0	24	276	0	0	0	-	0	24	24	0	0	312	312	0	0	2208	2208	0	0	36	36	0	0	0	0	0	0	0	0	0	0	0	0	0	0	0	0	0	0
F268-D04	discovery	neighbor	20	90	826141019029	8	1	0	-	1	24	30	32	24	0	0	0	0	0	0	0	24	276	0	0	0	-	0	24	24	0	0	312	312	0	0	2208	2208	0	0	24	24	0	0	0	0	0	0	0	0	0	0	0	0	0	0	0	0	0	0
F268-D04	discovery	neighbor	20	90	826141019029	9	1	0	-	1	24	30	48	24	0	0	0	0	0	0	0	24	276	0	0	0	-	0	24	24	0	0	264	264	0	0	2208	2190	18	0	6	6	0	0	0	0	0	0	0	0	0	0	0	0	0	0	0	0	0	0
F268-D04	discovery	neighbor	20	90	826141019029	10	1	0	-	1	20	26	40	20	0	0	0	0	0	0	0	20	190	0	0	0	-	0	4	4	0	0	228	228	0	0	1520	1480	40	0	16	16	0	0	0	0	0	0	0	0	0	0	0	0	0	0	0	0	0	0
F268-D04	discovery	neighbor	20	90	826141019029	11	1	0	-	1	24	30	43	24	0	0	0	0	0	0	0	24	276	0	0	0	-	0	26	26	0	0	274	274	0	0	2208	2208	0	0	0	0	0	0	0	0	0	0	0	0	0	0	0	0	0	0	0	0	0	0
F268-D04	discovery	neighbor	20	91	306542716273	0	1	0	-	1	24	31	46	24	0	0	0	0	0	0	0	24	276	0	0	0	-	0	24	24	0	0	360	360	0	0	2208	2208	0	0	0	0	0	0	0	0	0	0	0	0	0	0	0	0	0	0	0	0	0	0
F268-D04	discovery	neighbor	20	91	306542716273	1	1	0	-	1	24	34	50	24	0	0	0	0	0	0	0	24	276	0	0	0	-	0	24	24	0	0	216	216	0	0	2208	2208	0	0	0	0	0	0	0	0	0	0	0	0	0	0	0	0	0	0	0	0	0	0
F268-D04	discovery	neighbor	20	91	306542716273	2	1	0	-	1	24	31	42	24	0	0	0	0	0	0	0	24	276	0	0	0	-	0	24	24	0	0	408	408	0	0	2208	2208	0	0	0	0	0	0	0	0	0	0	0	0	0	0	0	0	0	0	0	0	0	0
F268-D04	discovery	neighbor	20	91	306542716273	3	1	0	-	1	24	32	44	24	0	0	0	0	0	0	0	24	276	0	0	0	-	0	24	24	0	0	408	408	0	0	2208	2208	0	0	0	0	0	0	0	0	0	0	0	0	0	0	0	0	0	0	0	0	0	0
F268-D04	discovery	neighbor	20	91	306542716273	4	1	0	-	1	24	28	29	24	0	0	0	0	0	0	0	24	276	0	0	0	-	0	24	24	0	0	264	264	0	0	2208	2208	0	0	0	0	0	0	0	0	0	0	0	0	0	0	0	0	0	0	0	0	0	0
F268-D04	discovery	neighbor	20	91	306542716273	5	1	0	-	1	24	28	25	24	0	0	0	0	0	0	0	24	276	0	0	0	-	0	24	24	0	0	360	360	0	0	2208	2172	36	0	12	12	0	0	0	0	0	0	0	0	0	0	0	0	0	0	0	0	0	0
F268-D04	discovery	neighbor	20	91	306542716273	6	1	0	-	1	24	32	36	24	0	0	0	0	0	0	0	24	276	0	0	0	-	0	24	24	0	0	216	216	0	0	2208	2208	0	0	16	16	0	0	0	0	0	0	0	0	0	0	0	0	0	0	0	0	0	0
F268-D04	discovery	neighbor	20	91	306542716273	7	1	0	-	1	24	32	39	24	0	0	0	0	0	0	0	24	276	0	0	0	-	0	24	24	0	0	408	408	0	0	2208	2208	0	0	36	36	0	0	0	0	0	0	0	0	0	0	0	0	0	0	0	0	0	0
F268-D04	discovery	neighbor	20	91	306542716273	8	1	0	-	1	24	35	55	24	0	0	0	0	0	0	0	24	276	0	0	0	-	0	24	24	0	0	408	408	0	0	2208	2208	0	0	24	24	0	0	0	0	0	0	0	0	0	0	0	0	0	0	0	0	0	0
F268-D04	discovery	neighbor	20	91	306542716273	9	1	0	-	1	24	34	54	24	0	0	0	0	0	0	0	24	276	0	0	0	-	0	24	24	0	0	264	264	0	0	2208	2190	18	0	6	6	0	0	0	0	0	0	0	0	0	0	0	0	0	0	0	0	0	0
F268-D04	discovery	neighbor	20	91	306542716273	10	1	0	-	1	20	27	27	20	0	0	0	0	0	0	0	20	190	0	0	0	-	0	4	4	0	0	276	276	0	0	1520	1480	40	0	16	16	0	0	0	0	0	0	0	0	0	0	0	0	0	0	0	0	0	0
F268-D04	discovery	neighbor	20	91	306542716273	11	1	0	-	1	24	31	57	24	0	0	0	0	0	0	0	24	276	0	0	0	-	0	26	26	0	0	334	334	0	0	2208	2208	0	0	0	0	0	0	0	0	0	0	0	0	0	0	0	0	0	0	0	0	0	0
F268-D04	discovery	neighbor	20	92	458334414647	0	1	0	-	1	24	30	43	24	0	0	0	0	0	0	0	24	276	0	0	0	-	0	24	24	0	0	216	216	0	0	2208	2208	0	0	0	0	0	0	0	0	0	0	0	0	0	0	0	0	0	0	0	0	0	0
F268-D04	discovery	neighbor	20	92	458334414647	1	1	0	-	1	24	31	27	24	0	0	0	0	0	0	0	24	276	0	0	0	-	0	24	24	0	0	312	312	0	0	2208	2208	0	0	0	0	0	0	0	0	0	0	0	0	0	0	0	0	0	0	0	0	0	0
F268-D04	discovery	neighbor	20	92	458334414647	2	1	0	-	1	24	30	54	24	0	0	0	0	0	0	0	24	276	0	0	0	-	0	24	24	0	0	360	360	0	0	2208	2208	0	0	0	0	0	0	0	0	0	0	0	0	0	0	0	0	0	0	0	0	0	0
F268-D04	discovery	neighbor	20	92	458334414647	3	1	0	-	1	24	32	42	24	0	0	0	0	0	0	0	24	276	0	0	0	-	0	24	24	0	0	264	264	0	0	2208	2208	0	0	0	0	0	0	0	0	0	0	0	0	0	0	0	0	0	0	0	0	0	0
F268-D04	discovery	neighbor	20	92	458334414647	4	1	0	-	1	24	35	53	24	0	0	0	0	0	0	0	24	276	0	0	0	-	0	24	24	0	0	360	360	0	0	2208	2208	0	0	0	0	0	0	0	0	0	0	0	0	0	0	0	0	0	0	0	0	0	0
F268-D04	discovery	neighbor	20	92	458334414647	5	1	0	-	1	24	30	34	24	0	0	0	0	0	0	0	24	276	0	0	0	-	0	24	24	0	0	216	216	0	0	2208	2172	36	0	12	12	0	0	0	0	0	0	0	0	0	0	0	0	0	0	0	0	0	0
F268-D04	discovery	neighbor	20	92	458334414647	6	1	0	-	1	24	34	55	24	0	0	0	0	0	0	0	24	276	0	0	0	-	0	24	24	0	0	312	312	0	0	2208	2208	0	0	16	16	0	0	0	0	0	0	0	0	0	0	0	0	0	0	0	0	0	0
F268-D04	discovery	neighbor	20	92	458334414647	7	1	0	-	1	24	31	34	24	0	0	0	0	0	0	0	24	276	0	0	0	-	0	24	24	0	0	360	360	0	0	2208	2208	0	0	36	36	0	0	0	0	0	0	0	0	0	0	0	0	0	0	0	0	0	0
F268-D04	discovery	neighbor	20	92	458334414647	8	1	0	-	1	24	30	44	24	0	0	0	0	0	0	0	24	276	0	0	0	-	0	24	24	0	0	264	264	0	0	2208	2208	0	0	24	24	0	0	0	0	0	0	0	0	0	0	0	0	0	0	0	0	0	0
F268-D04	discovery	neighbor	20	92	458334414647	9	1	0	-	1	24	31	45	24	0	0	0	0	0	0	0	24	276	0	0	0	-	0	24	24	0	0	360	360	0	0	2208	2190	18	0	6	6	0	0	0	0	0	0	0	0	0	0	0	0	0	0	0	0	0	0
F268-D04	discovery	neighbor	20	92	458334414647	10	1	0	-	1	20	26	28	20	0	0	0	0	0	0	0	20	190	0	0	0	-	0	4	4	0	0	252	252	0	0	1520	1480	40	0	16	16	0	0	0	0	0	0	0	0	0	0	0	0	0	0	0	0	0	0
F268-D04	discovery	neighbor	20	92	458334414647	11	1	0	-	1	24	30	43	24	0	0	0	0	0	0	0	24	276	0	0	0	-	0	26	26	0	0	300	300	0	0	2208	2208	0	0	0	0	0	0	0	0	0	0	0	0	0	0	0	0	0	0	0	0	0	0
F268-D04	discovery	neighbor	20	93	495651198689	0	1	0	-	1	24	32	39	24	0	0	0	0	0	0	0	24	276	0	0	0	-	0	24	24	0	0	408	408	0	0	2208	2208	0	0	0	0	0	0	0	0	0	0	0	0	0	0	0	0	0	0	0	0	0	0
F268-D04	discovery	neighbor	20	93	495651198689	1	1	0	-	1	24	31	47	24	0	0	0	0	0	0	0	24	276	0	0	0	-	0	24	24	0	0	216	216	0	0	2208	2208	0	0	0	0	0	0	0	0	0	0	0	0	0	0	0	0	0	0	0	0	0	0
F268-D04	discovery	neighbor	20	93	495651198689	2	1	0	-	1	24	31	42	24	0	0	0	0	0	0	0	24	276	0	0	0	-	0	24	24	0	0	456	456	0	0	2208	2208	0	0	0	0	0	0	0	0	0	0	0	0	0	0	0	0	0	0	0	0	0	0
F268-D04	discovery	neighbor	20	93	495651198689	3	1	0	-	1	24	32	53	24	0	0	0	0	0	0	0	24	276	0	0	0	-	0	24	24	0	0	456	456	0	0	2208	2208	0	0	0	0	0	0	0	0	0	0	0	0	0	0	0	0	0	0	0	0	0	0
F268-D04	discovery	neighbor	20	93	495651198689	4	1	0	-	1	24	32	44	24	0	0	0	0	0	0	0	24	276	0	0	0	-	0	24	24	0	0	264	264	0	0	2208	2208	0	0	0	0	0	0	0	0	0	0	0	0	0	0	0	0	0	0	0	0	0	0
F268-D04	discovery	neighbor	20	93	495651198689	5	1	0	-	1	24	30	36	24	0	0	0	0	0	0	0	24	276	0	0	0	-	0	24	24	0	0	408	408	0	0	2208	2172	36	0	12	12	0	0	0	0	0	0	0	0	0	0	0	0	0	0	0	0	0	0
F268-D04	discovery	neighbor	20	93	495651198689	6	1	0	-	1	24	30	40	24	0	0	0	0	0	0	0	24	276	0	0	0	-	0	24	24	0	0	216	216	0	0	2208	2208	0	0	16	16	0	0	0	0	0	0	0	0	0	0	0	0	0	0	0	0	0	0
F268-D04	discovery	neighbor	20	93	495651198689	7	1	0	-	1	24	34	53	24	0	0	0	0	0	0	0	24	276	0	0	0	-	0	24	24	0	0	456	456	0	0	2208	2208	0	0	36	36	0	0	0	0	0	0	0	0	0	0	0	0	0	0	0	0	0	0
F268-D04	discovery	neighbor	20	93	495651198689	8	1	0	-	1	24	29	38	24	0	0	0	0	0	0	0	24	276	0	0	0	-	0	24	24	0	0	456	456	0	0	2208	2208	0	0	24	24	0	0	0	0	0	0	0	0	0	0	0	0	0	0	0	0	0	0
F268-D04	discovery	neighbor	20	93	495651198689	9	1	0	-	1	24	34	54	24	0	0	0	0	0	0	0	24	276	0	0	0	-	0	24	24	0	0	264	264	0	0	2208	2190	18	0	6	6	0	0	0	0	0	0	0	0	0	0	0	0	0	0	0	0	0	0
F268-D04	discovery	neighbor	20	93	495651198689	10	1	0	-	1	20	29	47	20	0	0	0	0	0	0	0	20	190	0	0	0	-	0	4	4	0	0	300	300	0	0	1520	1480	40	0	16	16	0	0	0	0	0	0	0	0	0	0	0	0	0	0	0	0	0	0
F268-D04	discovery	neighbor	20	93	495651198689	11	1	0	-	1	24	31	49	24	0	0	0	0	0	0	0	24	276	0	0	0	-	0	26	26	0	0	364	364	0	0	2208	2208	0	0	0	0	0	0	0	0	0	0	0	0	0	0	0	0	0	0	0	0	0	0
F268-D04	discovery	neighbor	20	94	377934771727	0	1	0	-	1	24	32	48	24	0	0	0	0	0	0	0	24	276	0	0	0	-	0	24	24	0	0	216	216	0	0	2208	2208	0	0	0	0	0	0	0	0	0	0	0	0	0	0	0	0	0	0	0	0	0	0
F268-D04	discovery	neighbor	20	94	377934771727	1	1	0	-	1	24	32	41	24	0	0	0	0	0	0	0	24	276	0	0	0	-	0	24	24	0	0	360	360	0	0	2208	2208	0	0	0	0	0	0	0	0	0	0	0	0	0	0	0	0	0	0	0	0	0	0
F268-D04	discovery	neighbor	20	94	377934771727	2	1	0	-	1	24	31	49	24	0	0	0	0	0	0	0	24	276	0	0	0	-	0	24	24	0	0	408	408	0	0	2208	2208	0	0	0	0	0	0	0	0	0	0	0	0	0	0	0	0	0	0	0	0	0	0
F268-D04	discovery	neighbor	20	94	377934771727	3	1	0	-	1	24	32	48	24	0	0	0	0	0	0	0	24	276	0	0	0	-	0	24	24	0	0	264	264	0	0	2208	2208	0	0	0	0	0	0	0	0	0	0	0	0	0	0	0	0	0	0	0	0	0	0
F268-D04	discovery	neighbor	20	94	377934771727	4	1	0	-	1	24	36	52	24	0	0	0	0	0	0	0	24	276	0	0	0	-	0	24	24	0	0	408	408	0	0	2208	2208	0	0	0	0	0	0	0	0	0	0	0	0	0	0	0	0	0	0	0	0	0	0
F268-D04	discovery	neighbor	20	94	377934771727	5	1	0	-	1	24	29	44	24	0	0	0	0	0	0	0	24	276	0	0	0	-	0	24	24	0	0	216	216	0	0	2208	2172	36	0	12	12	0	0	0	0	0	0	0	0	0	0	0	0	0	0	0	0	0	0
F268-D04	discovery	neighbor	20	94	377934771727	6	1	0	-	1	24	30	39	24	0	0	0	0	0	0	0	24	276	0	0	0	-	0	24	24	0	0	360	360	0	0	2208	2208	0	0	16	16	0	0	0	0	0	0	0	0	0	0	0	0	0	0	0	0	0	0
F268-D04	discovery	neighbor	20	94	377934771727	7	1	0	-	1	24	34	52	24	0	0	0	0	0	0	0	24	276	0	0	0	-	0	24	24	0	0	408	408	0	0	2208	2208	0	0	36	36	0	0	0	0	0	0	0	0	0	0	0	0	0	0	0	0	0	0
F268-D04	discovery	neighbor	20	94	377934771727	8	1	0	-	1	24	34	45	24	0	0	0	0	0	0	0	24	276	0	0	0	-	0	24	24	0	0	264	264	0	0	2208	2208	0	0	24	24	0	0	0	0	0	0	0	0	0	0	0	0	0	0	0	0	0	0
F268-D04	discovery	neighbor	20	94	377934771727	9	1	0	-	1	24	31	39	24	0	0	0	0	0	0	0	24	276	0	0	0	-	0	24	24	0	0	408	408	0	0	2208	2190	18	0	6	6	0	0	0	0	0	0	0	0	0	0	0	0	0	0	0	0	0	0
F268-D04	discovery	neighbor	20	94	377934771727	10	1	0	-	1	20	31	55	20	0	0	0	0	0	0	0	20	190	0	0	0	-	0	4	4	0	0	276	276	0	0	1520	1480	40	0	16	16	0	0	0	0	0	0	0	0	0	0	0	0	0	0	0	0	0	0
F268-D04	discovery	neighbor	20	94	377934771727	11	1	0	-	1	24	33	45	24	0	0	0	0	0	0	0	24	276	0	0	0	-	0	26	26	0	0	328	328	0	0	2208	2208	0	0	0	0	0	0	0	0	0	0	0	0	0	0	0	0	0	0	0	0	0	0
F268-D04	discovery	neighbor	20	95	981922445311	0	1	0	-	1	24	33	40	24	0	0	0	0	0	0	0	24	276	0	0	0	-	0	24	24	0	0	216	216	0	0	2208	2208	0	0	0	0	0	0	0	0	0	0	0	0	0	0	0	0	0	0	0	0	0	0
F268-D04	discovery	neighbor	20	95	981922445311	1	1	0	-	1	24	32	38	24	0	0	0	0	0	0	0	24	276	0	0	0	-	0	24	24	0	0	696	696	0	0	2208	2208	0	0	0	0	0	0	0	0	0	0	0	0	0	0	0	0	0	0	0	0	0	0
F268-D04	discovery	neighbor	20	95	981922445311	2	1	0	-	1	24	31	38	24	0	0	0	0	0	0	0	24	276	0	0	0	-	0	24	24	0	0	744	744	0	0	2208	2208	0	0	0	0	0	0	0	0	0	0	0	0	0	0	0	0	0	0	0	0	0	0
F268-D04	discovery	neighbor	20	95	981922445311	3	1	0	-	1	24	32	42	24	0	0	0	0	0	0	0	24	276	0	0	0	-	0	24	24	0	0	264	264	0	0	2208	2208	0	0	0	0	0	0	0	0	0	0	0	0	0	0	0	0	0	0	0	0	0	0
F268-D04	discovery	neighbor	20	95	981922445311	4	1	0	-	1	24	29	36	24	0	0	0	0	0	0	0	24	276	0	0	0	-	0	24	24	0	0	744	744	0	0	2208	2208	0	0	0	0	0	0	0	0	0	0	0	0	0	0	0	0	0	0	0	0	0	0
F268-D04	discovery	neighbor	20	95	981922445311	5	1	0	-	1	24	29	43	24	0	0	0	0	0	0	0	24	276	0	0	0	-	0	24	24	0	0	216	216	0	0	2208	2172	36	0	12	12	0	0	0	0	0	0	0	0	0	0	0	0	0	0	0	0	0	0
F268-D04	discovery	neighbor	20	95	981922445311	6	1	0	-	1	24	31	26	24	0	0	0	0	0	0	0	24	276	0	0	0	-	0	24	24	0	0	696	696	0	0	2208	2208	0	0	16	16	0	0	0	0	0	0	0	0	0	0	0	0	0	0	0	0	0	0
F268-D04	discovery	neighbor	20	95	981922445311	7	1	0	-	1	24	31	51	24	0	0	0	0	0	0	0	24	276	0	0	0	-	0	24	24	0	0	744	744	0	0	2208	2208	0	0	36	36	0	0	0	0	0	0	0	0	0	0	0	0	0	0	0	0	0	0
F268-D04	discovery	neighbor	20	95	981922445311	8	1	0	-	1	24	33	30	24	0	0	0	0	0	0	0	24	276	0	0	0	-	0	24	24	0	0	264	264	0	0	2208	2208	0	0	24	24	0	0	0	0	0	0	0	0	0	0	0	0	0	0	0	0	0	0
F268-D04	discovery	neighbor	20	95	981922445311	9	1	0	-	1	24	31	42	24	0	0	0	0	0	0	0	24	276	0	0	0	-	0	24	24	0	0	744	744	0	0	2208	2190	18	0	6	6	0	0	0	0	0	0	0	0	0	0	0	0	0	0	0	0	0	0
F268-D04	discovery	neighbor	20	95	981922445311	10	1	0	-	1	20	25	24	20	0	0	0	0	0	0	0	20	190	0	0	0	-	0	4	4	0	0	444	444	0	0	1520	1480	40	0	16	16	0	0	0	0	0	0	0	0	0	0	0	0	0	0	0	0	0	0
F268-D04	discovery	neighbor	20	95	981922445311	11	1	0	-	1	24	32	44	24	0	0	0	0	0	0	0	24	276	0	0	0	-	0	26	26	0	0	524	524	0	0	2208	2208	0	0	0	0	0	0	0	0	0	0	0	0	0	0	0	0	0	0	0	0	0	0
F268-D04	discovery	safe-safe	20	96	499043030569	0	1	0	-	1	24	32	48	24	0	0	0	0	0	0	0	24	276	0	0	0	-	0	24	24	0	0	312	312	0	0	2208	2208	0	0	0	0	0	0	0	0	0	0	0	0	0	0	0	0	0	0	0	0	0	0
F268-D04	discovery	safe-safe	20	96	499043030569	1	1	0	-	1	24	33	51	24	0	0	0	0	0	0	0	24	276	0	0	0	-	0	24	24	0	0	216	216	0	0	2208	2208	0	0	0	0	0	0	0	0	0	0	0	0	0	0	0	0	0	0	0	0	0	0
F268-D04	discovery	safe-safe	20	96	499043030569	2	1	0	-	1	24	30	37	24	0	0	0	0	0	0	0	24	276	0	0	0	-	0	24	24	0	0	360	360	0	0	2208	2208	0	0	0	0	0	0	0	0	0	0	0	0	0	0	0	0	0	0	0	0	0	0
F268-D04	discovery	safe-safe	20	96	499043030569	3	1	0	-	1	24	31	43	24	0	0	0	0	0	0	0	24	276	0	0	0	-	0	24	24	0	0	360	360	0	0	2208	2208	0	0	0	0	0	0	0	0	0	0	0	0	0	0	0	0	0	0	0	0	0	0
F268-D04	discovery	safe-safe	20	96	499043030569	4	1	0	-	1	24	32	45	24	0	0	0	0	0	0	0	24	276	0	0	0	-	0	24	24	0	0	264	264	0	0	2208	2208	0	0	0	0	0	0	0	0	0	0	0	0	0	0	0	0	0	0	0	0	0	0
F268-D04	discovery	safe-safe	20	96	499043030569	5	1	0	-	1	24	32	40	24	0	0	0	0	0	0	0	24	276	0	0	0	-	0	24	24	0	0	312	312	0	0	2208	2172	36	0	12	12	0	0	0	0	0	0	0	0	0	0	0	0	0	0	0	0	0	0
F268-D04	discovery	safe-safe	20	96	499043030569	6	1	0	-	1	24	32	38	24	0	0	0	0	0	0	0	24	276	0	0	0	-	0	24	24	0	0	216	216	0	0	2208	2208	0	0	16	16	0	0	0	0	0	0	0	0	0	0	0	0	0	0	0	0	0	0
F268-D04	discovery	safe-safe	20	96	499043030569	7	1	0	-	1	24	30	42	24	0	0	0	0	0	0	0	24	276	0	0	0	-	0	24	24	0	0	360	360	0	0	2208	2208	0	0	36	36	0	0	0	0	0	0	0	0	0	0	0	0	0	0	0	0	0	0
F268-D04	discovery	safe-safe	20	96	499043030569	8	1	0	-	1	24	34	56	24	0	0	0	0	0	0	0	24	276	0	0	0	-	0	24	24	0	0	360	360	0	0	2208	2208	0	0	24	24	0	0	0	0	0	0	0	0	0	0	0	0	0	0	0	0	0	0
F268-D04	discovery	safe-safe	20	96	499043030569	9	1	0	-	1	24	33	55	24	0	0	0	0	0	0	0	24	276	0	0	0	-	0	24	24	0	0	264	264	0	0	2208	2190	18	0	6	6	0	0	0	0	0	0	0	0	0	0	0	0	0	0	0	0	0	0
F268-D04	discovery	safe-safe	20	96	499043030569	10	1	0	-	1	20	27	30	20	0	0	0	0	0	0	0	20	190	0	0	0	-	0	4	4	0	0	252	252	0	0	1520	1480	40	0	16	16	0	0	0	0	0	0	0	0	0	0	0	0	0	0	0	0	0	0
F268-D04	discovery	safe-safe	20	96	499043030569	11	1	0	-	1	24	36	43	24	0	0	0	0	0	0	0	24	276	0	0	0	-	0	26	26	0	0	304	304	0	0	2208	2208	0	0	0	0	0	0	0	0	0	0	0	0	0	0	0	0	0	0	0	0	0	0
F268-D04	discovery	safe-safe	20	97	755079099037	0	1	0	-	1	24	32	54	24	0	0	0	0	0	0	0	24	276	0	0	0	-	0	24	24	0	0	264	264	0	0	2208	2208	0	0	0	0	0	0	0	0	0	0	0	0	0	0	0	0	0	0	0	0	0	0
F268-D04	discovery	safe-safe	20	97	755079099037	1	1	0	-	1	24	30	32	24	0	0	0	0	0	0	0	24	276	0	0	0	-	0	24	24	0	0	216	216	0	0	2208	2208	0	0	0	0	0	0	0	0	0	0	0	0	0	0	0	0	0	0	0	0	0	0
F268-D04	discovery	safe-safe	20	97	755079099037	2	1	0	-	1	24	31	55	24	0	0	0	0	0	0	0	24	276	0	0	0	-	0	24	24	0	0	312	312	0	0	2208	2208	0	0	0	0	0	0	0	0	0	0	0	0	0	0	0	0	0	0	0	0	0	0
F268-D04	discovery	safe-safe	20	97	755079099037	3	1	0	-	1	24	32	39	24	0	0	0	0	0	0	0	24	276	0	0	0	-	0	24	24	0	0	312	312	0	0	2208	2208	0	0	0	0	0	0	0	0	0	0	0	0	0	0	0	0	0	0	0	0	0	0
F268-D04	discovery	safe-safe	20	97	755079099037	4	1	0	-	1	24	32	46	24	0	0	0	0	0	0	0	24	276	0	0	0	-	0	24	24	0	0	264	264	0	0	2208	2208	0	0	0	0	0	0	0	0	0	0	0	0	0	0	0	0	0	0	0	0	0	0
F268-D04	discovery	safe-safe	20	97	755079099037	5	1	0	-	1	24	34	42	24	0	0	0	0	0	0	0	24	276	0	0	0	-	0	24	24	0	0	264	264	0	0	2208	2172	36	0	12	12	0	0	0	0	0	0	0	0	0	0	0	0	0	0	0	0	0	0
F268-D04	discovery	safe-safe	20	97	755079099037	6	1	0	-	1	24	33	52	24	0	0	0	0	0	0	0	24	276	0	0	0	-	0	24	24	0	0	216	216	0	0	2208	2208	0	0	16	16	0	0	0	0	0	0	0	0	0	0	0	0	0	0	0	0	0	0
F268-D04	discovery	safe-safe	20	97	755079099037	7	1	0	-	1	24	31	40	24	0	0	0	0	0	0	0	24	276	0	0	0	-	0	24	24	0	0	312	312	0	0	2208	2208	0	0	36	36	0	0	0	0	0	0	0	0	0	0	0	0	0	0	0	0	0	0
F268-D04	discovery	safe-safe	20	97	755079099037	8	1	0	-	1	24	33	42	24	0	0	0	0	0	0	0	24	276	0	0	0	-	0	24	24	0	0	312	312	0	0	2208	2208	0	0	24	24	0	0	0	0	0	0	0	0	0	0	0	0	0	0	0	0	0	0
F268-D04	discovery	safe-safe	20	97	755079099037	9	1	0	-	1	24	31	35	24	0	0	0	0	0	0	0	24	276	0	0	0	-	0	24	24	0	0	264	264	0	0	2208	2190	18	0	6	6	0	0	0	0	0	0	0	0	0	0	0	0	0	0	0	0	0	0
F268-D04	discovery	safe-safe	20	97	755079099037	10	1	0	-	1	20	27	24	20	0	0	0	0	0	0	0	20	190	0	0	0	-	0	4	4	0	0	228	228	0	0	1520	1480	40	0	16	16	0	0	0	0	0	0	0	0	0	0	0	0	0	0	0	0	0	0
F268-D04	discovery	safe-safe	20	97	755079099037	11	1	0	-	1	24	30	43	24	0	0	0	0	0	0	0	24	276	0	0	0	-	0	26	26	0	0	274	274	0	0	2208	2208	0	0	0	0	0	0	0	0	0	0	0	0	0	0	0	0	0	0	0	0	0	0
F268-D04	discovery	safe-safe	20	98	908195033461	0	1	0	-	1	24	32	43	24	0	0	0	0	0	0	0	24	276	0	0	0	-	0	24	24	0	0	264	264	0	0	2208	2208	0	0	0	0	0	0	0	0	0	0	0	0	0	0	0	0	0	0	0	0	0	0
F268-D04	discovery	safe-safe	20	98	908195033461	1	1	0	-	1	24	36	57	24	0	0	0	0	0	0	0	24	276	0	0	0	-	0	24	24	0	0	216	216	0	0	2208	2208	0	0	0	0	0	0	0	0	0	0	0	0	0	0	0	0	0	0	0	0	0	0
F268-D04	discovery	safe-safe	20	98	908195033461	2	1	0	-	1	24	32	42	24	0	0	0	0	0	0	0	24	276	0	0	0	-	0	24	24	0	0	312	312	0	0	2208	2208	0	0	0	0	0	0	0	0	0	0	0	0	0	0	0	0	0	0	0	0	0	0
F268-D04	discovery	safe-safe	20	98	908195033461	3	1	0	-	1	24	29	40	24	0	0	0	0	0	0	0	24	276	0	0	0	-	0	24	24	0	0	312	312	0	0	2208	2208	0	0	0	0	0	0	0	0	0	0	0	0	0	0	0	0	0	0	0	0	0	0
F268-D04	discovery	safe-safe	20	98	908195033461	4	1	0	-	1	24	32	36	24	0	0	0	0	0	0	0	24	276	0	0	0	-	0	24	24	0	0	264	264	0	0	2208	2208	0	0	0	0	0	0	0	0	0	0	0	0	0	0	0	0	0	0	0	0	0	0
F268-D04	discovery	safe-safe	20	98	908195033461	5	1	0	-	1	24	30	33	24	0	0	0	0	0	0	0	24	276	0	0	0	-	0	24	24	0	0	264	264	0	0	2208	2172	36	0	12	12	0	0	0	0	0	0	0	0	0	0	0	0	0	0	0	0	0	0
F268-D04	discovery	safe-safe	20	98	908195033461	6	1	0	-	1	24	31	37	24	0	0	0	0	0	0	0	24	276	0	0	0	-	0	24	24	0	0	216	216	0	0	2208	2208	0	0	16	16	0	0	0	0	0	0	0	0	0	0	0	0	0	0	0	0	0	0
F268-D04	discovery	safe-safe	20	98	908195033461	7	1	0	-	1	24	31	51	24	0	0	0	0	0	0	0	24	276	0	0	0	-	0	24	24	0	0	312	312	0	0	2208	2208	0	0	36	36	0	0	0	0	0	0	0	0	0	0	0	0	0	0	0	0	0	0
F268-D04	discovery	safe-safe	20	98	908195033461	8	1	0	-	1	24	32	37	24	0	0	0	0	0	0	0	24	276	0	0	0	-	0	24	24	0	0	312	312	0	0	2208	2208	0	0	24	24	0	0	0	0	0	0	0	0	0	0	0	0	0	0	0	0	0	0
F268-D04	discovery	safe-safe	20	98	908195033461	9	1	0	-	1	24	33	40	24	0	0	0	0	0	0	0	24	276	0	0	0	-	0	24	24	0	0	264	264	0	0	2208	2190	18	0	6	6	0	0	0	0	0	0	0	0	0	0	0	0	0	0	0	0	0	0
F268-D04	discovery	safe-safe	20	98	908195033461	10	1	0	-	1	20	25	34	20	0	0	0	0	0	0	0	20	190	0	0	0	-	0	4	4	0	0	228	228	0	0	1520	1480	40	0	16	16	0	0	0	0	0	0	0	0	0	0	0	0	0	0	0	0	0	0
F268-D04	discovery	safe-safe	20	98	908195033461	11	1	0	-	1	24	34	61	24	0	0	0	0	0	0	0	24	276	0	0	0	-	0	26	26	0	0	274	274	0	0	2208	2208	0	0	0	0	0	0	0	0	0	0	0	0	0	0	0	0	0	0	0	0	0	0
F268-D04	discovery	safe-safe	20	99	395196384577	0	1	0	-	1	24	30	47	24	0	0	0	0	0	0	0	24	276	0	0	0	-	0	24	24	0	0	456	456	0	0	2208	2208	0	0	0	0	0	0	0	0	0	0	0	0	0	0	0	0	0	0	0	0	0	0
F268-D04	discovery	safe-safe	20	99	395196384577	1	1	0	-	1	24	31	37	24	0	0	0	0	0	0	0	24	276	0	0	0	-	0	24	24	0	0	216	216	0	0	2208	2208	0	0	0	0	0	0	0	0	0	0	0	0	0	0	0	0	0	0	0	0	0	0
F268-D04	discovery	safe-safe	20	99	395196384577	2	1	0	-	1	24	34	53	24	0	0	0	0	0	0	0	24	276	0	0	0	-	0	24	24	0	0	504	504	0	0	2208	2208	0	0	0	0	0	0	0	0	0	0	0	0	0	0	0	0	0	0	0	0	0	0
F268-D04	discovery	safe-safe	20	99	395196384577	3	1	0	-	1	24	33	52	24	0	0	0	0	0	0	0	24	276	0	0	0	-	0	24	24	0	0	504	504	0	0	2208	2208	0	0	0	0	0	0	0	0	0	0	0	0	0	0	0	0	0	0	0	0	0	0
F268-D04	discovery	safe-safe	20	99	395196384577	4	1	0	-	1	24	31	49	24	0	0	0	0	0	0	0	24	276	0	0	0	-	0	24	24	0	0	264	264	0	0	2208	2208	0	0	0	0	0	0	0	0	0	0	0	0	0	0	0	0	0	0	0	0	0	0
F268-D04	discovery	safe-safe	20	99	395196384577	5	1	0	-	1	24	29	50	24	0	0	0	0	0	0	0	24	276	0	0	0	-	0	24	24	0	0	456	456	0	0	2208	2172	36	0	12	12	0	0	0	0	0	0	0	0	0	0	0	0	0	0	0	0	0	0
F268-D04	discovery	safe-safe	20	99	395196384577	6	1	0	-	1	24	32	28	24	0	0	0	0	0	0	0	24	276	0	0	0	-	0	24	24	0	0	216	216	0	0	2208	2208	0	0	16	16	0	0	0	0	0	0	0	0	0	0	0	0	0	0	0	0	0	0
F268-D04	discovery	safe-safe	20	99	395196384577	7	1	0	-	1	24	34	57	24	0	0	0	0	0	0	0	24	276	0	0	0	-	0	24	24	0	0	504	504	0	0	2208	2208	0	0	36	36	0	0	0	0	0	0	0	0	0	0	0	0	0	0	0	0	0	0
F268-D04	discovery	safe-safe	20	99	395196384577	8	1	0	-	1	24	31	51	24	0	0	0	0	0	0	0	24	276	0	0	0	-	0	24	24	0	0	504	504	0	0	2208	2208	0	0	24	24	0	0	0	0	0	0	0	0	0	0	0	0	0	0	0	0	0	0
F268-D04	discovery	safe-safe	20	99	395196384577	9	1	0	-	1	24	32	40	24	0	0	0	0	0	0	0	24	276	0	0	0	-	0	24	24	0	0	264	264	0	0	2208	2190	18	0	6	6	0	0	0	0	0	0	0	0	0	0	0	0	0	0	0	0	0	0
F268-D04	discovery	safe-safe	20	99	395196384577	10	1	0	-	1	20	26	35	20	0	0	0	0	0	0	0	20	190	0	0	0	-	0	4	4	0	0	324	324	0	0	1520	1480	40	0	16	16	0	0	0	0	0	0	0	0	0	0	0	0	0	0	0	0	0	0
F268-D04	discovery	safe-safe	20	99	395196384577	11	1	0	-	1	24	32	41	24	0	0	0	0	0	0	0	24	276	0	0	0	-	0	26	26	0	0	394	394	0	0	2208	2208	0	0	0	0	0	0	0	0	0	0	0	0	0	0	0	0	0	0	0	0	0	0
F268-D04	discovery	safe-safe	20	100	562932913237	0	1	0	-	1	24	31	43	24	0	0	0	0	0	0	0	24	276	0	0	0	-	0	24	24	0	0	264	264	0	0	2208	2208	0	0	0	0	0	0	0	0	0	0	0	0	0	0	0	0	0	0	0	0	0	0
F268-D04	discovery	safe-safe	20	100	562932913237	1	1	0	-	1	24	31	34	24	0	0	0	0	0	0	0	24	276	0	0	0	-	0	24	24	0	0	216	216	0	0	2208	2208	0	0	0	0	0	0	0	0	0	0	0	0	0	0	0	0	0	0	0	0	0	0
F268-D04	discovery	safe-safe	20	100	562932913237	2	1	0	-	1	24	32	45	24	0	0	0	0	0	0	0	24	276	0	0	0	-	0	24	24	0	0	312	312	0	0	2208	2208	0	0	0	0	0	0	0	0	0	0	0	0	0	0	0	0	0	0	0	0	0	0
F268-D04	discovery	safe-safe	20	100	562932913237	3	1	0	-	1	24	28	49	24	0	0	0	0	0	0	0	24	276	0	0	0	-	0	24	24	0	0	312	312	0	0	2208	2208	0	0	0	0	0	0	0	0	0	0	0	0	0	0	0	0	0	0	0	0	0	0
F268-D04	discovery	safe-safe	20	100	562932913237	4	1	0	-	1	24	32	48	24	0	0	0	0	0	0	0	24	276	0	0	0	-	0	24	24	0	0	264	264	0	0	2208	2208	0	0	0	0	0	0	0	0	0	0	0	0	0	0	0	0	0	0	0	0	0	0
F268-D04	discovery	safe-safe	20	100	562932913237	5	1	0	-	1	24	31	33	24	0	0	0	0	0	0	0	24	276	0	0	0	-	0	24	24	0	0	264	264	0	0	2208	2172	36	0	12	12	0	0	0	0	0	0	0	0	0	0	0	0	0	0	0	0	0	0
F268-D04	discovery	safe-safe	20	100	562932913237	6	1	0	-	1	24	31	33	24	0	0	0	0	0	0	0	24	276	0	0	0	-	0	24	24	0	0	216	216	0	0	2208	2208	0	0	16	16	0	0	0	0	0	0	0	0	0	0	0	0	0	0	0	0	0	0
F268-D04	discovery	safe-safe	20	100	562932913237	7	1	0	-	1	24	31	48	24	0	0	0	0	0	0	0	24	276	0	0	0	-	0	24	24	0	0	312	312	0	0	2208	2208	0	0	36	36	0	0	0	0	0	0	0	0	0	0	0	0	0	0	0	0	0	0
F268-D04	discovery	safe-safe	20	100	562932913237	8	1	0	-	1	24	31	35	24	0	0	0	0	0	0	0	24	276	0	0	0	-	0	24	24	0	0	312	312	0	0	2208	2208	0	0	24	24	0	0	0	0	0	0	0	0	0	0	0	0	0	0	0	0	0	0
F268-D04	discovery	safe-safe	20	100	562932913237	9	1	0	-	1	24	32	42	24	0	0	0	0	0	0	0	24	276	0	0	0	-	0	24	24	0	0	264	264	0	0	2208	2190	18	0	6	6	0	0	0	0	0	0	0	0	0	0	0	0	0	0	0	0	0	0
F268-D04	discovery	safe-safe	20	100	562932913237	10	1	0	-	1	20	24	35	20	0	0	0	0	0	0	0	20	190	0	0	0	-	0	4	4	0	0	228	228	0	0	1520	1480	40	0	16	16	0	0	0	0	0	0	0	0	0	0	0	0	0	0	0	0	0	0
F268-D04	discovery	safe-safe	20	100	562932913237	11	1	0	-	1	24	30	36	24	0	0	0	0	0	0	0	24	276	0	0	0	-	0	26	26	0	0	274	274	0	0	2208	2208	0	0	0	0	0	0	0	0	0	0	0	0	0	0	0	0	0	0	0	0	0	0
F268-D04	discovery	safe-safe	20	101	363600037153	0	1	0	-	1	24	32	44	24	0	0	0	0	0	0	0	24	276	0	0	0	-	0	24	24	0	0	408	408	0	0	2208	2208	0	0	0	0	0	0	0	0	0	0	0	0	0	0	0	0	0	0	0	0	0	0
F268-D04	discovery	safe-safe	20	101	363600037153	1	1	0	-	1	24	30	32	24	0	0	0	0	0	0	0	24	276	0	0	0	-	0	24	24	0	0	216	216	0	0	2208	2208	0	0	0	0	0	0	0	0	0	0	0	0	0	0	0	0	0	0	0	0	0	0
F268-D04	discovery	safe-safe	20	101	363600037153	2	1	0	-	1	24	32	46	24	0	0	0	0	0	0	0	24	276	0	0	0	-	0	24	24	0	0	456	456	0	0	2208	2208	0	0	0	0	0	0	0	0	0	0	0	0	0	0	0	0	0	0	0	0	0	0
F268-D04	discovery	safe-safe	20	101	363600037153	3	1	0	-	1	24	30	39	24	0	0	0	0	0	0	0	24	276	0	0	0	-	0	24	24	0	0	456	456	0	0	2208	2208	0	0	0	0	0	0	0	0	0	0	0	0	0	0	0	0	0	0	0	0	0	0
F268-D04	discovery	safe-safe	20	101	363600037153	4	1	0	-	1	24	29	48	24	0	0	0	0	0	0	0	24	276	0	0	0	-	0	24	24	0	0	264	264	0	0	2208	2208	0	0	0	0	0	0	0	0	0	0	0	0	0	0	0	0	0	0	0	0	0	0
F268-D04	discovery	safe-safe	20	101	363600037153	5	1	0	-	1	24	34	54	24	0	0	0	0	0	0	0	24	276	0	0	0	-	0	24	24	0	0	408	408	0	0	2208	2172	36	0	12	12	0	0	0	0	0	0	0	0	0	0	0	0	0	0	0	0	0	0
F268-D04	discovery	safe-safe	20	101	363600037153	6	1	0	-	1	24	31	38	24	0	0	0	0	0	0	0	24	276	0	0	0	-	0	24	24	0	0	216	216	0	0	2208	2208	0	0	16	16	0	0	0	0	0	0	0	0	0	0	0	0	0	0	0	0	0	0
F268-D04	discovery	safe-safe	20	101	363600037153	7	1	0	-	1	24	31	36	24	0	0	0	0	0	0	0	24	276	0	0	0	-	0	24	24	0	0	456	456	0	0	2208	2208	0	0	36	36	0	0	0	0	0	0	0	0	0	0	0	0	0	0	0	0	0	0
F268-D04	discovery	safe-safe	20	101	363600037153	8	1	0	-	1	24	33	59	24	0	0	0	0	0	0	0	24	276	0	0	0	-	0	24	24	0	0	456	456	0	0	2208	2208	0	0	24	24	0	0	0	0	0	0	0	0	0	0	0	0	0	0	0	0	0	0
F268-D04	discovery	safe-safe	20	101	363600037153	9	1	0	-	1	24	33	44	24	0	0	0	0	0	0	0	24	276	0	0	0	-	0	24	24	0	0	264	264	0	0	2208	2190	18	0	6	6	0	0	0	0	0	0	0	0	0	0	0	0	0	0	0	0	0	0
F268-D04	discovery	safe-safe	20	101	363600037153	10	1	0	-	1	20	30	48	20	0	0	0	0	0	0	0	20	190	0	0	0	-	0	4	4	0	0	300	300	0	0	1520	1480	40	0	16	16	0	0	0	0	0	0	0	0	0	0	0	0	0	0	0	0	0	0
F268-D04	discovery	safe-safe	20	101	363600037153	11	1	0	-	1	24	32	34	24	0	0	0	0	0	0	0	24	276	0	0	0	-	0	26	26	0	0	364	364	0	0	2208	2208	0	0	0	0	0	0	0	0	0	0	0	0	0	0	0	0	0	0	0	0	0	0
F268-D04	discovery	safe-safe	20	102	776707164841	0	1	0	-	1	24	31	49	24	0	0	0	0	0	0	0	24	276	0	0	0	-	0	24	24	0	0	312	312	0	0	2208	2208	0	0	0	0	0	0	0	0	0	0	0	0	0	0	0	0	0	0	0	0	0	0
F268-D04	discovery	safe-safe	20	102	776707164841	1	1	0	-	1	24	29	38	24	0	0	0	0	0	0	0	24	276	0	0	0	-	0	24	24	0	0	216	216	0	0	2208	2208	0	0	0	0	0	0	0	0	0	0	0	0	0	0	0	0	0	0	0	0	0	0
F268-D04	discovery	safe-safe	20	102	776707164841	2	1	0	-	1	24	30	43	24	0	0	0	0	0	0	0	24	276	0	0	0	-	0	24	24	0	0	360	360	0	0	2208	2208	0	0	0	0	0	0	0	0	0	0	0	0	0	0	0	0	0	0	0	0	0	0
F268-D04	discovery	safe-safe	20	102	776707164841	3	1	0	-	1	24	34	51	24	0	0	0	0	0	0	0	24	276	0	0	0	-	0	24	24	0	0	360	360	0	0	2208	2208	0	0	0	0	0	0	0	0	0	0	0	0	0	0	0	0	0	0	0	0	0	0
F268-D04	discovery	safe-safe	20	102	776707164841	4	1	0	-	1	24	29	36	24	0	0	0	0	0	0	0	24	276	0	0	0	-	0	24	24	0	0	264	264	0	0	2208	2208	0	0	0	0	0	0	0	0	0	0	0	0	0	0	0	0	0	0	0	0	0	0
F268-D04	discovery	safe-safe	20	102	776707164841	5	1	0	-	1	24	31	49	24	0	0	0	0	0	0	0	24	276	0	0	0	-	0	24	24	0	0	312	312	0	0	2208	2172	36	0	12	12	0	0	0	0	0	0	0	0	0	0	0	0	0	0	0	0	0	0
F268-D04	discovery	safe-safe	20	102	776707164841	6	1	0	-	1	24	32	46	24	0	0	0	0	0	0	0	24	276	0	0	0	-	0	24	24	0	0	216	216	0	0	2208	2208	0	0	16	16	0	0	0	0	0	0	0	0	0	0	0	0	0	0	0	0	0	0
F268-D04	discovery	safe-safe	20	102	776707164841	7	1	0	-	1	24	35	53	24	0	0	0	0	0	0	0	24	276	0	0	0	-	0	24	24	0	0	360	360	0	0	2208	2208	0	0	36	36	0	0	0	0	0	0	0	0	0	0	0	0	0	0	0	0	0	0
F268-D04	discovery	safe-safe	20	102	776707164841	8	1	0	-	1	24	34	42	24	0	0	0	0	0	0	0	24	276	0	0	0	-	0	24	24	0	0	360	360	0	0	2208	2208	0	0	24	24	0	0	0	0	0	0	0	0	0	0	0	0	0	0	0	0	0	0
F268-D04	discovery	safe-safe	20	102	776707164841	9	1	0	-	1	24	35	41	24	0	0	0	0	0	0	0	24	276	0	0	0	-	0	24	24	0	0	264	264	0	0	2208	2190	18	0	6	6	0	0	0	0	0	0	0	0	0	0	0	0	0	0	0	0	0	0
F268-D04	discovery	safe-safe	20	102	776707164841	10	1	0	-	1	20	27	35	20	0	0	0	0	0	0	0	20	190	0	0	0	-	0	4	4	0	0	252	252	0	0	1520	1480	40	0	16	16	0	0	0	0	0	0	0	0	0	0	0	0	0	0	0	0	0	0
F268-D04	discovery	safe-safe	20	102	776707164841	11	1	0	-	1	24	32	52	24	0	0	0	0	0	0	0	24	276	0	0	0	-	0	26	26	0	0	304	304	0	0	2208	2208	0	0	0	0	0	0	0	0	0	0	0	0	0	0	0	0	0	0	0	0	0	0
F268-D04	discovery	safe-safe	20	103	846046749217	0	1	0	-	1	24	28	35	24	0	0	0	0	0	0	0	24	276	0	0	0	-	0	24	24	0	0	408	408	0	0	2208	2208	0	0	0	0	0	0	0	0	0	0	0	0	0	0	0	0	0	0	0	0	0	0
F268-D04	discovery	safe-safe	20	103	846046749217	1	1	0	-	1	24	30	25	24	0	0	0	0	0	0	0	24	276	0	0	0	-	0	24	24	0	0	216	216	0	0	2208	2208	0	0	0	0	0	0	0	0	0	0	0	0	0	0	0	0	0	0	0	0	0	0
F268-D04	discovery	safe-safe	20	103	846046749217	2	1	0	-	1	24	28	27	24	0	0	0	0	0	0	0	24	276	0	0	0	-	0	24	24	0	0	456	456	0	0	2208	2208	0	0	0	0	0	0	0	0	0	0	0	0	0	0	0	0	0	0	0	0	0	0
F268-D04	discovery	safe-safe	20	103	846046749217	3	1	0	-	1	24	31	45	24	0	0	0	0	0	0	0	24	276	0	0	0	-	0	24	24	0	0	456	456	0	0	2208	2208	0	0	0	0	0	0	0	0	0	0	0	0	0	0	0	0	0	0	0	0	0	0
F268-D04	discovery	safe-safe	20	103	846046749217	4	1	0	-	1	24	30	37	24	0	0	0	0	0	0	0	24	276	0	0	0	-	0	24	24	0	0	264	264	0	0	2208	2208	0	0	0	0	0	0	0	0	0	0	0	0	0	0	0	0	0	0	0	0	0	0
F268-D04	discovery	safe-safe	20	103	846046749217	5	1	0	-	1	24	30	48	24	0	0	0	0	0	0	0	24	276	0	0	0	-	0	24	24	0	0	408	408	0	0	2208	2172	36	0	12	12	0	0	0	0	0	0	0	0	0	0	0	0	0	0	0	0	0	0
F268-D04	discovery	safe-safe	20	103	846046749217	6	1	0	-	1	24	36	42	24	0	0	0	0	0	0	0	24	276	0	0	0	-	0	24	24	0	0	216	216	0	0	2208	2208	0	0	16	16	0	0	0	0	0	0	0	0	0	0	0	0	0	0	0	0	0	0
F268-D04	discovery	safe-safe	20	103	846046749217	7	1	0	-	1	24	36	57	24	0	0	0	0	0	0	0	24	276	0	0	0	-	0	24	24	0	0	456	456	0	0	2208	2208	0	0	36	36	0	0	0	0	0	0	0	0	0	0	0	0	0	0	0	0	0	0
F268-D04	discovery	safe-safe	20	103	846046749217	8	1	0	-	1	24	31	45	24	0	0	0	0	0	0	0	24	276	0	0	0	-	0	24	24	0	0	456	456	0	0	2208	2208	0	0	24	24	0	0	0	0	0	0	0	0	0	0	0	0	0	0	0	0	0	0
F268-D04	discovery	safe-safe	20	103	846046749217	9	1	0	-	1	24	35	57	24	0	0	0	0	0	0	0	24	276	0	0	0	-	0	24	24	0	0	264	264	0	0	2208	2190	18	0	6	6	0	0	0	0	0	0	0	0	0	0	0	0	0	0	0	0	0	0
F268-D04	discovery	safe-safe	20	103	846046749217	10	1	0	-	1	20	24	26	20	0	0	0	0	0	0	0	20	190	0	0	0	-	0	4	4	0	0	300	300	0	0	1520	1480	40	0	16	16	0	0	0	0	0	0	0	0	0	0	0	0	0	0	0	0	0	0
F268-D04	discovery	safe-safe	20	103	846046749217	11	1	0	-	1	24	30	41	24	0	0	0	0	0	0	0	24	276	0	0	0	-	0	26	26	0	0	364	364	0	0	2208	2208	0	0	0	0	0	0	0	0	0	0	0	0	0	0	0	0	0	0	0	0	0	0
F268-D04	discovery	safe-safe	20	104	398194146769	0	1	0	-	1	24	33	47	24	0	0	0	0	0	0	0	24	276	0	0	0	-	0	24	24	0	0	360	360	0	0	2208	2208	0	0	0	0	0	0	0	0	0	0	0	0	0	0	0	0	0	0	0	0	0	0
F268-D04	discovery	safe-safe	20	104	398194146769	1	1	0	-	1	24	31	49	24	0	0	0	0	0	0	0	24	276	0	0	0	-	0	24	24	0	0	216	216	0	0	2208	2208	0	0	0	0	0	0	0	0	0	0	0	0	0	0	0	0	0	0	0	0	0	0
F268-D04	discovery	safe-safe	20	104	398194146769	2	1	0	-	1	24	30	39	24	0	0	0	0	0	0	0	24	276	0	0	0	-	0	24	24	0	0	408	408	0	0	2208	2208	0	0	0	0	0	0	0	0	0	0	0	0	0	0	0	0	0	0	0	0	0	0
F268-D04	discovery	safe-safe	20	104	398194146769	3	1	0	-	1	24	34	50	24	0	0	0	0	0	0	0	24	276	0	0	0	-	0	24	24	0	0	408	408	0	0	2208	2208	0	0	0	0	0	0	0	0	0	0	0	0	0	0	0	0	0	0	0	0	0	0
F268-D04	discovery	safe-safe	20	104	398194146769	4	1	0	-	1	24	33	41	24	0	0	0	0	0	0	0	24	276	0	0	0	-	0	24	24	0	0	264	264	0	0	2208	2208	0	0	0	0	0	0	0	0	0	0	0	0	0	0	0	0	0	0	0	0	0	0
F268-D04	discovery	safe-safe	20	104	398194146769	5	1	0	-	1	24	31	37	24	0	0	0	0	0	0	0	24	276	0	0	0	-	0	24	24	0	0	360	360	0	0	2208	2172	36	0	12	12	0	0	0	0	0	0	0	0	0	0	0	0	0	0	0	0	0	0
F268-D04	discovery	safe-safe	20	104	398194146769	6	1	0	-	1	24	32	32	24	0	0	0	0	0	0	0	24	276	0	0	0	-	0	24	24	0	0	216	216	0	0	2208	2208	0	0	16	16	0	0	0	0	0	0	0	0	0	0	0	0	0	0	0	0	0	0
F268-D04	discovery	safe-safe	20	104	398194146769	7	1	0	-	1	24	33	39	24	0	0	0	0	0	0	0	24	276	0	0	0	-	0	24	24	0	0	408	408	0	0	2208	2208	0	0	36	36	0	0	0	0	0	0	0	0	0	0	0	0	0	0	0	0	0	0
F268-D04	discovery	safe-safe	20	104	398194146769	8	1	0	-	1	24	31	50	24	0	0	0	0	0	0	0	24	276	0	0	0	-	0	24	24	0	0	408	408	0	0	2208	2208	0	0	24	24	0	0	0	0	0	0	0	0	0	0	0	0	0	0	0	0	0	0
F268-D04	discovery	safe-safe	20	104	398194146769	9	1	0	-	1	24	32	38	24	0	0	0	0	0	0	0	24	276	0	0	0	-	0	24	24	0	0	264	264	0	0	2208	2190	18	0	6	6	0	0	0	0	0	0	0	0	0	0	0	0	0	0	0	0	0	0
F268-D04	discovery	safe-safe	20	104	398194146769	10	1	0	-	1	20	29	32	20	0	0	0	0	0	0	0	20	190	0	0	0	-	0	4	4	0	0	276	276	0	0	1520	1480	40	0	16	16	0	0	0	0	0	0	0	0	0	0	0	0	0	0	0	0	0	0
F268-D04	discovery	safe-safe	20	104	398194146769	11	1	0	-	1	24	30	34	24	0	0	0	0	0	0	0	24	276	0	0	0	-	0	26	26	0	0	334	334	0	0	2208	2208	0	0	0	0	0	0	0	0	0	0	0	0	0	0	0	0	0	0	0	0	0	0
F268-D04	discovery	safe-safe	20	105	620862640597	0	1	0	-	1	24	31	39	24	0	0	0	0	0	0	0	24	276	0	0	0	-	0	24	24	0	0	264	264	0	0	2208	2208	0	0	0	0	0	0	0	0	0	0	0	0	0	0	0	0	0	0	0	0	0	0
F268-D04	discovery	safe-safe	20	105	620862640597	1	1	0	-	1	24	31	47	24	0	0	0	0	0	0	0	24	276	0	0	0	-	0	24	24	0	0	216	216	0	0	2208	2208	0	0	0	0	0	0	0	0	0	0	0	0	0	0	0	0	0	0	0	0	0	0
F268-D04	discovery	safe-safe	20	105	620862640597	2	1	0	-	1	24	30	42	24	0	0	0	0	0	0	0	24	276	0	0	0	-	0	24	24	0	0	312	312	0	0	2208	2208	0	0	0	0	0	0	0	0	0	0	0	0	0	0	0	0	0	0	0	0	0	0
F268-D04	discovery	safe-safe	20	105	620862640597	3	1	0	-	1	24	33	42	24	0	0	0	0	0	0	0	24	276	0	0	0	-	0	24	24	0	0	312	312	0	0	2208	2208	0	0	0	0	0	0	0	0	0	0	0	0	0	0	0	0	0	0	0	0	0	0
F268-D04	discovery	safe-safe	20	105	620862640597	4	1	0	-	1	24	33	48	24	0	0	0	0	0	0	0	24	276	0	0	0	-	0	24	24	0	0	264	264	0	0	2208	2208	0	0	0	0	0	0	0	0	0	0	0	0	0	0	0	0	0	0	0	0	0	0
F268-D04	discovery	safe-safe	20	105	620862640597	5	1	0	-	1	24	31	56	24	0	0	0	0	0	0	0	24	276	0	0	0	-	0	24	24	0	0	264	264	0	0	2208	2172	36	0	12	12	0	0	0	0	0	0	0	0	0	0	0	0	0	0	0	0	0	0
F268-D04	discovery	safe-safe	20	105	620862640597	6	1	0	-	1	24	30	48	24	0	0	0	0	0	0	0	24	276	0	0	0	-	0	24	24	0	0	216	216	0	0	2208	2208	0	0	16	16	0	0	0	0	0	0	0	0	0	0	0	0	0	0	0	0	0	0
F268-D04	discovery	safe-safe	20	105	620862640597	7	1	0	-	1	24	34	38	24	0	0	0	0	0	0	0	24	276	0	0	0	-	0	24	24	0	0	312	312	0	0	2208	2208	0	0	36	36	0	0	0	0	0	0	0	0	0	0	0	0	0	0	0	0	0	0
F268-D04	discovery	safe-safe	20	105	620862640597	8	1	0	-	1	24	31	38	24	0	0	0	0	0	0	0	24	276	0	0	0	-	0	24	24	0	0	312	312	0	0	2208	2208	0	0	24	24	0	0	0	0	0	0	0	0	0	0	0	0	0	0	0	0	0	0
F268-D04	discovery	safe-safe	20	105	620862640597	9	1	0	-	1	24	32	61	24	0	0	0	0	0	0	0	24	276	0	0	0	-	0	24	24	0	0	264	264	0	0	2208	2190	18	0	6	6	0	0	0	0	0	0	0	0	0	0	0	0	0	0	0	0	0	0
F268-D04	discovery	safe-safe	20	105	620862640597	10	1	0	-	1	20	27	41	20	0	0	0	0	0	0	0	20	190	0	0	0	-	0	4	4	0	0	228	228	0	0	1520	1480	40	0	16	16	0	0	0	0	0	0	0	0	0	0	0	0	0	0	0	0	0	0
F268-D04	discovery	safe-safe	20	105	620862640597	11	1	0	-	1	24	31	40	24	0	0	0	0	0	0	0	24	276	0	0	0	-	0	26	26	0	0	274	274	0	0	2208	2208	0	0	0	0	0	0	0	0	0	0	0	0	0	0	0	0	0	0	0	0	0	0
F268-D04	discovery	safe-safe	20	106	460016415613	0	1	0	-	1	24	30	43	24	0	0	0	0	0	0	0	24	276	0	0	0	-	0	24	24	0	0	264	264	0	0	2208	2208	0	0	0	0	0	0	0	0	0	0	0	0	0	0	0	0	0	0	0	0	0	0
F268-D04	discovery	safe-safe	20	106	460016415613	1	1	0	-	1	24	32	51	24	0	0	0	0	0	0	0	24	276	0	0	0	-	0	24	24	0	0	216	216	0	0	2208	2208	0	0	0	0	0	0	0	0	0	0	0	0	0	0	0	0	0	0	0	0	0	0
F268-D04	discovery	safe-safe	20	106	460016415613	2	1	0	-	1	24	31	40	24	0	0	0	0	0	0	0	24	276	0	0	0	-	0	24	24	0	0	312	312	0	0	2208	2208	0	0	0	0	0	0	0	0	0	0	0	0	0	0	0	0	0	0	0	0	0	0
F268-D04	discovery	safe-safe	20	106	460016415613	3	1	0	-	1	24	31	54	24	0	0	0	0	0	0	0	24	276	0	0	0	-	0	24	24	0	0	312	312	0	0	2208	2208	0	0	0	0	0	0	0	0	0	0	0	0	0	0	0	0	0	0	0	0	0	0
F268-D04	discovery	safe-safe	20	106	460016415613	4	1	0	-	1	24	32	41	24	0	0	0	0	0	0	0	24	276	0	0	0	-	0	24	24	0	0	264	264	0	0	2208	2208	0	0	0	0	0	0	0	0	0	0	0	0	0	0	0	0	0	0	0	0	0	0
F268-D04	discovery	safe-safe	20	106	460016415613	5	1	0	-	1	24	32	55	24	0	0	0	0	0	0	0	24	276	0	0	0	-	0	24	24	0	0	264	264	0	0	2208	2172	36	0	12	12	0	0	0	0	0	0	0	0	0	0	0	0	0	0	0	0	0	0
F268-D04	discovery	safe-safe	20	106	460016415613	6	1	0	-	1	24	31	48	24	0	0	0	0	0	0	0	24	276	0	0	0	-	0	24	24	0	0	216	216	0	0	2208	2208	0	0	16	16	0	0	0	0	0	0	0	0	0	0	0	0	0	0	0	0	0	0
F268-D04	discovery	safe-safe	20	106	460016415613	7	1	0	-	1	24	31	45	24	0	0	0	0	0	0	0	24	276	0	0	0	-	0	24	24	0	0	312	312	0	0	2208	2208	0	0	36	36	0	0	0	0	0	0	0	0	0	0	0	0	0	0	0	0	0	0
F268-D04	discovery	safe-safe	20	106	460016415613	8	1	0	-	1	24	33	47	24	0	0	0	0	0	0	0	24	276	0	0	0	-	0	24	24	0	0	312	312	0	0	2208	2208	0	0	24	24	0	0	0	0	0	0	0	0	0	0	0	0	0	0	0	0	0	0
F268-D04	discovery	safe-safe	20	106	460016415613	9	1	0	-	1	24	33	59	24	0	0	0	0	0	0	0	24	276	0	0	0	-	0	24	24	0	0	264	264	0	0	2208	2190	18	0	6	6	0	0	0	0	0	0	0	0	0	0	0	0	0	0	0	0	0	0
F268-D04	discovery	safe-safe	20	106	460016415613	10	1	0	-	1	20	28	41	20	0	0	0	0	0	0	0	20	190	0	0	0	-	0	4	4	0	0	228	228	0	0	1520	1480	40	0	16	16	0	0	0	0	0	0	0	0	0	0	0	0	0	0	0	0	0	0
F268-D04	discovery	safe-safe	20	106	460016415613	11	1	0	-	1	24	30	32	24	0	0	0	0	0	0	0	24	276	0	0	0	-	0	26	26	0	0	274	274	0	0	2208	2208	0	0	0	0	0	0	0	0	0	0	0	0	0	0	0	0	0	0	0	0	0	0
F268-D04	discovery	safe-safe	20	107	912551222629	0	1	0	-	1	24	30	41	24	0	0	0	0	0	0	0	24	276	0	0	0	-	0	24	24	0	0	264	264	0	0	2208	2208	0	0	0	0	0	0	0	0	0	0	0	0	0	0	0	0	0	0	0	0	0	0
F268-D04	discovery	safe-safe	20	107	912551222629	1	1	0	-	1	24	35	51	24	0	0	0	0	0	0	0	24	276	0	0	0	-	0	24	24	0	0	216	216	0	0	2208	2208	0	0	0	0	0	0	0	0	0	0	0	0	0	0	0	0	0	0	0	0	0	0
F268-D04	discovery	safe-safe	20	107	912551222629	2	1	0	-	1	24	31	30	24	0	0	0	0	0	0	0	24	276	0	0	0	-	0	24	24	0	0	312	312	0	0	2208	2208	0	0	0	0	0	0	0	0	0	0	0	0	0	0	0	0	0	0	0	0	0	0
F268-D04	discovery	safe-safe	20	107	912551222629	3	1	0	-	1	24	31	42	24	0	0	0	0	0	0	0	24	276	0	0	0	-	0	24	24	0	0	312	312	0	0	2208	2208	0	0	0	0	0	0	0	0	0	0	0	0	0	0	0	0	0	0	0	0	0	0
F268-D04	discovery	safe-safe	20	107	912551222629	4	1	0	-	1	24	31	40	24	0	0	0	0	0	0	0	24	276	0	0	0	-	0	24	24	0	0	264	264	0	0	2208	2208	0	0	0	0	0	0	0	0	0	0	0	0	0	0	0	0	0	0	0	0	0	0
F268-D04	discovery	safe-safe	20	107	912551222629	5	1	0	-	1	24	31	43	24	0	0	0	0	0	0	0	24	276	0	0	0	-	0	24	24	0	0	264	264	0	0	2208	2172	36	0	12	12	0	0	0	0	0	0	0	0	0	0	0	0	0	0	0	0	0	0
F268-D04	discovery	safe-safe	20	107	912551222629	6	1	0	-	1	24	30	52	24	0	0	0	0	0	0	0	24	276	0	0	0	-	0	24	24	0	0	216	216	0	0	2208	2208	0	0	16	16	0	0	0	0	0	0	0	0	0	0	0	0	0	0	0	0	0	0
F268-D04	discovery	safe-safe	20	107	912551222629	7	1	0	-	1	24	30	42	24	0	0	0	0	0	0	0	24	276	0	0	0	-	0	24	24	0	0	312	312	0	0	2208	2208	0	0	36	36	0	0	0	0	0	0	0	0	0	0	0	0	0	0	0	0	0	0
F268-D04	discovery	safe-safe	20	107	912551222629	8	1	0	-	1	24	33	44	24	0	0	0	0	0	0	0	24	276	0	0	0	-	0	24	24	0	0	312	312	0	0	2208	2208	0	0	24	24	0	0	0	0	0	0	0	0	0	0	0	0	0	0	0	0	0	0
F268-D04	discovery	safe-safe	20	107	912551222629	9	1	0	-	1	24	33	37	24	0	0	0	0	0	0	0	24	276	0	0	0	-	0	24	24	0	0	264	264	0	0	2208	2190	18	0	6	6	0	0	0	0	0	0	0	0	0	0	0	0	0	0	0	0	0	0
F268-D04	discovery	safe-safe	20	107	912551222629	10	1	0	-	1	20	26	38	20	0	0	0	0	0	0	0	20	190	0	0	0	-	0	4	4	0	0	228	228	0	0	1520	1480	40	0	16	16	0	0	0	0	0	0	0	0	0	0	0	0	0	0	0	0	0	0
F268-D04	discovery	safe-safe	20	107	912551222629	11	1	0	-	1	24	32	55	24	0	0	0	0	0	0	0	24	276	0	0	0	-	0	26	26	0	0	274	274	0	0	2208	2208	0	0	0	0	0	0	0	0	0	0	0	0	0	0	0	0	0	0	0	0	0	0
F268-D04	discovery	random	24	108	123033174415057	0	1	0	-	1	24	30	40	24	0	0	0	0	0	0	0	24	276	0	0	0	-	0	24	24	0	0	360	360	0	0	2208	2208	0	0	0	0	0	0	0	0	0	0	0	0	0	0	0	0	0	0	0	0	0	0
F268-D04	discovery	random	24	108	123033174415057	1	1	0	-	1	24	29	36	24	0	0	0	0	0	0	0	24	276	0	0	0	-	0	24	24	0	0	216	216	0	0	2208	2208	0	0	0	0	0	0	0	0	0	0	0	0	0	0	0	0	0	0	0	0	0	0
F268-D04	discovery	random	24	108	123033174415057	2	1	0	-	1	24	32	48	24	0	0	0	0	0	0	0	24	276	0	0	0	-	0	24	24	0	0	408	408	0	0	2208	2208	0	0	0	0	0	0	0	0	0	0	0	0	0	0	0	0	0	0	0	0	0	0
F268-D04	discovery	random	24	108	123033174415057	3	1	0	-	1	24	31	45	24	0	0	0	0	0	0	0	24	276	0	0	0	-	0	24	24	0	0	408	408	0	0	2208	2208	0	0	0	0	0	0	0	0	0	0	0	0	0	0	0	0	0	0	0	0	0	0
F268-D04	discovery	random	24	108	123033174415057	4	1	0	-	1	24	30	42	24	0	0	0	0	0	0	0	24	276	0	0	0	-	0	24	24	0	0	264	264	0	0	2208	2208	0	0	0	0	0	0	0	0	0	0	0	0	0	0	0	0	0	0	0	0	0	0
F268-D04	discovery	random	24	108	123033174415057	5	1	0	-	1	24	31	44	24	0	0	0	0	0	0	0	24	276	0	0	0	-	0	24	24	0	0	360	360	0	0	2208	2172	36	0	12	12	0	0	0	0	0	0	0	0	0	0	0	0	0	0	0	0	0	0
F268-D04	discovery	random	24	108	123033174415057	6	1	0	-	1	24	35	51	24	0	0	0	0	0	0	0	24	276	0	0	0	-	0	24	24	0	0	216	216	0	0	2208	2208	0	0	16	16	0	0	0	0	0	0	0	0	0	0	0	0	0	0	0	0	0	0
F268-D04	discovery	random	24	108	123033174415057	7	1	0	-	1	24	31	40	24	0	0	0	0	0	0	0	24	276	0	0	0	-	0	24	24	0	0	408	408	0	0	2208	2208	0	0	36	36	0	0	0	0	0	0	0	0	0	0	0	0	0	0	0	0	0	0
F268-D04	discovery	random	24	108	123033174415057	8	1	0	-	1	24	34	43	24	0	0	0	0	0	0	0	24	276	0	0	0	-	0	24	24	0	0	408	408	0	0	2208	2208	0	0	24	24	0	0	0	0	0	0	0	0	0	0	0	0	0	0	0	0	0	0
F268-D04	discovery	random	24	108	123033174415057	9	1	0	-	1	24	33	40	24	0	0	0	0	0	0	0	24	276	0	0	0	-	0	24	24	0	0	264	264	0	0	2208	2190	18	0	6	6	0	0	0	0	0	0	0	0	0	0	0	0	0	0	0	0	0	0
F268-D04	discovery	random	24	108	123033174415057	10	1	0	-	1	20	27	26	20	0	0	0	0	0	0	0	20	190	0	0	0	-	0	4	4	0	0	276	276	0	0	1520	1480	40	0	16	16	0	0	0	0	0	0	0	0	0	0	0	0	0	0	0	0	0	0
F268-D04	discovery	random	24	108	123033174415057	11	1	0	-	1	24	33	35	24	0	0	0	0	0	0	0	24	276	0	0	0	-	0	26	26	0	0	334	334	0	0	2208	2208	0	0	0	0	0	0	0	0	0	0	0	0	0	0	0	0	0	0	0	0	0	0
F268-D04	discovery	random	24	109	151852742535743	0	1	0	-	1	24	33	40	24	0	0	0	0	0	0	0	24	276	0	0	0	-	0	24	24	0	0	216	216	0	0	2208	2208	0	0	0	0	0	0	0	0	0	0	0	0	0	0	0	0	0	0	0	0	0	0
F268-D04	discovery	random	24	109	151852742535743	1	1	0	-	1	24	35	47	24	0	0	0	0	0	0	0	24	276	0	0	0	-	0	24	24	0	0	456	456	0	0	2208	2208	0	0	0	0	0	0	0	0	0	0	0	0	0	0	0	0	0	0	0	0	0	0
F268-D04	discovery	random	24	109	151852742535743	2	1	0	-	1	24	32	51	24	0	0	0	0	0	0	0	24	276	0	0	0	-	0	24	24	0	0	504	504	0	0	2208	2208	0	0	0	0	0	0	0	0	0	0	0	0	0	0	0	0	0	0	0	0	0	0
F268-D04	discovery	random	24	109	151852742535743	3	1	0	-	1	24	30	30	24	0	0	0	0	0	0	0	24	276	0	0	0	-	0	24	24	0	0	264	264	0	0	2208	2208	0	0	0	0	0	0	0	0	0	0	0	0	0	0	0	0	0	0	0	0	0	0
F268-D04	discovery	random	24	109	151852742535743	4	1	0	-	1	24	33	59	24	0	0	0	0	0	0	0	24	276	0	0	0	-	0	24	24	0	0	504	504	0	0	2208	2208	0	0	0	0	0	0	0	0	0	0	0	0	0	0	0	0	0	0	0	0	0	0
F268-D04	discovery	random	24	109	151852742535743	5	1	0	-	1	24	29	25	24	0	0	0	0	0	0	0	24	276	0	0	0	-	0	24	24	0	0	216	216	0	0	2208	2172	36	0	12	12	0	0	0	0	0	0	0	0	0	0	0	0	0	0	0	0	0	0
F268-D04	discovery	random	24	109	151852742535743	6	1	0	-	1	24	30	41	24	0	0	0	0	0	0	0	24	276	0	0	0	-	0	24	24	0	0	456	456	0	0	2208	2208	0	0	16	16	0	0	0	0	0	0	0	0	0	0	0	0	0	0	0	0	0	0
F268-D04	discovery	random	24	109	151852742535743	7	1	0	-	1	24	32	49	24	0	0	0	0	0	0	0	24	276	0	0	0	-	0	24	24	0	0	504	504	0	0	2208	2208	0	0	36	36	0	0	0	0	0	0	0	0	0	0	0	0	0	0	0	0	0	0
F268-D04	discovery	random	24	109	151852742535743	8	1	0	-	1	24	30	55	24	0	0	0	0	0	0	0	24	276	0	0	0	-	0	24	24	0	0	264	264	0	0	2208	2208	0	0	24	24	0	0	0	0	0	0	0	0	0	0	0	0	0	0	0	0	0	0
F268-D04	discovery	random	24	109	151852742535743	9	1	0	-	1	24	33	42	24	0	0	0	0	0	0	0	24	276	0	0	0	-	0	24	24	0	0	504	504	0	0	2208	2190	18	0	6	6	0	0	0	0	0	0	0	0	0	0	0	0	0	0	0	0	0	0
F268-D04	discovery	random	24	109	151852742535743	10	1	0	-	1	20	26	30	20	0	0	0	0	0	0	0	20	190	0	0	0	-	0	4	4	0	0	324	324	0	0	1520	1480	40	0	16	16	0	0	0	0	0	0	0	0	0	0	0	0	0	0	0	0	0	0
F268-D04	discovery	random	24	109	151852742535743	11	1	0	-	1	24	29	47	24	0	0	0	0	0	0	0	24	276	0	0	0	-	0	26	26	0	0	384	384	0	0	2208	2208	0	0	0	0	0	0	0	0	0	0	0	0	0	0	0	0	0	0	0	0	0	0
F268-D04	discovery	random	24	110	179847439553623	0	1	0	-	1	24	32	47	24	0	0	0	0	0	0	0	24	276	0	0	0	-	0	24	24	0	0	216	216	0	0	2208	2208	0	0	0	0	0	0	0	0	0	0	0	0	0	0	0	0	0	0	0	0	0	0
F268-D04	discovery	random	24	110	179847439553623	1	1	0	-	1	24	32	35	24	0	0	0	0	0	0	0	24	276	0	0	0	-	0	24	24	0	0	312	312	0	0	2208	2208	0	0	0	0	0	0	0	0	0	0	0	0	0	0	0	0	0	0	0	0	0	0
F268-D04	discovery	random	24	110	179847439553623	2	1	0	-	1	24	32	33	24	0	0	0	0	0	0	0	24	276	0	0	0	-	0	24	24	0	0	360	360	0	0	2208	2208	0	0	0	0	0	0	0	0	0	0	0	0	0	0	0	0	0	0	0	0	0	0
F268-D04	discovery	random	24	110	179847439553623	3	1	0	-	1	24	32	51	24	0	0	0	0	0	0	0	24	276	0	0	0	-	0	24	24	0	0	264	264	0	0	2208	2208	0	0	0	0	0	0	0	0	0	0	0	0	0	0	0	0	0	0	0	0	0	0
F268-D04	discovery	random	24	110	179847439553623	4	1	0	-	1	24	32	48	24	0	0	0	0	0	0	0	24	276	0	0	0	-	0	24	24	0	0	360	360	0	0	2208	2208	0	0	0	0	0	0	0	0	0	0	0	0	0	0	0	0	0	0	0	0	0	0
F268-D04	discovery	random	24	110	179847439553623	5	1	0	-	1	24	30	42	24	0	0	0	0	0	0	0	24	276	0	0	0	-	0	24	24	0	0	216	216	0	0	2208	2172	36	0	12	12	0	0	0	0	0	0	0	0	0	0	0	0	0	0	0	0	0	0
F268-D04	discovery	random	24	110	179847439553623	6	1	0	-	1	24	32	41	24	0	0	0	0	0	0	0	24	276	0	0	0	-	0	24	24	0	0	312	312	0	0	2208	2208	0	0	16	16	0	0	0	0	0	0	0	0	0	0	0	0	0	0	0	0	0	0
F268-D04	discovery	random	24	110	179847439553623	7	1	0	-	1	24	32	54	24	0	0	0	0	0	0	0	24	276	0	0	0	-	0	24	24	0	0	360	360	0	0	2208	2208	0	0	36	36	0	0	0	0	0	0	0	0	0	0	0	0	0	0	0	0	0	0
F268-D04	discovery	random	24	110	179847439553623	8	1	0	-	1	24	31	32	24	0	0	0	0	0	0	0	24	276	0	0	0	-	0	24	24	0	0	264	264	0	0	2208	2208	0	0	24	24	0	0	0	0	0	0	0	0	0	0	0	0	0	0	0	0	0	0
F268-D04	discovery	random	24	110	179847439553623	9	1	0	-	1	24	30	38	24	0	0	0	0	0	0	0	24	276	0	0	0	-	0	24	24	0	0	360	360	0	0	2208	2190	18	0	6	6	0	0	0	0	0	0	0	0	0	0	0	0	0	0	0	0	0	0
F268-D04	discovery	random	24	110	179847439553623	10	1	0	-	1	20	26	37	20	0	0	0	0	0	0	0	20	190	0	0	0	-	0	4	4	0	0	252	252	0	0	1520	1480	40	0	16	16	0	0	0	0	0	0	0	0	0	0	0	0	0	0	0	0	0	0
F268-D04	discovery	random	24	110	179847439553623	11	1	0	-	1	24	36	52	24	0	0	0	0	0	0	0	24	276	0	0	0	-	0	26	26	0	0	300	300	0	0	2208	2208	0	0	0	0	0	0	0	0	0	0	0	0	0	0	0	0	0	0	0	0	0	0
F268-D04	discovery	random	24	111	204737606900087	0	1	0	-	1	24	30	46	24	0	0	0	0	0	0	0	24	276	0	0	0	-	0	24	24	0	0	216	216	0	0	2208	2208	0	0	0	0	0	0	0	0	0	0	0	0	0	0	0	0	0	0	0	0	0	0
F268-D04	discovery	random	24	111	204737606900087	1	1	0	-	1	24	31	42	24	0	0	0	0	0	0	0	24	276	0	0	0	-	0	24	24	0	0	312	312	0	0	2208	2208	0	0	0	0	0	0	0	0	0	0	0	0	0	0	0	0	0	0	0	0	0	0
F268-D04	discovery	random	24	111	204737606900087	2	1	0	-	1	24	33	44	24	0	0	0	0	0	0	0	24	276	0	0	0	-	0	24	24	0	0	360	360	0	0	2208	2208	0	0	0	0	0	0	0	0	0	0	0	0	0	0	0	0	0	0	0	0	0	0
F268-D04	discovery	random	24	111	204737606900087	3	1	0	-	1	24	32	59	24	0	0	0	0	0	0	0	24	276	0	0	0	-	0	24	24	0	0	264	264	0	0	2208	2208	0	0	0	0	0	0	0	0	0	0	0	0	0	0	0	0	0	0	0	0	0	0
F268-D04	discovery	random	24	111	204737606900087	4	1	0	-	1	24	31	37	24	0	0	0	0	0	0	0	24	276	0	0	0	-	0	24	24	0	0	360	360	0	0	2208	2208	0	0	0	0	0	0	0	0	0	0	0	0	0	0	0	0	0	0	0	0	0	0
F268-D04	discovery	random	24	111	204737606900087	5	1	0	-	1	24	36	48	24	0	0	0	0	0	0	0	24	276	0	0	0	-	0	24	24	0	0	216	216	0	0	2208	2172	36	0	12	12	0	0	0	0	0	0	0	0	0	0	0	0	0	0	0	0	0	0
F268-D04	discovery	random	24	111	204737606900087	6	1	0	-	1	24	30	40	24	0	0	0	0	0	0	0	24	276	0	0	0	-	0	24	24	0	0	312	312	0	0	2208	2208	0	0	16	16	0	0	0	0	0	0	0	0	0	0	0	0	0	0	0	0	0	0
F268-D04	discovery	random	24	111	204737606900087	7	1	0	-	1	24	33	36	24	0	0	0	0	0	0	0	24	276	0	0	0	-	0	24	24	0	0	360	360	0	0	2208	2208	0	0	36	36	0	0	0	0	0	0	0	0	0	0	0	0	0	0	0	0	0	0
F268-D04	discovery	random	24	111	204737606900087	8	1	0	-	1	24	32	53	24	0	0	0	0	0	0	0	24	276	0	0	0	-	0	24	24	0	0	264	264	0	0	2208	2208	0	0	24	24	0	0	0	0	0	0	0	0	0	0	0	0	0	0	0	0	0	0
F268-D04	discovery	random	24	111	204737606900087	9	1	0	-	1	24	31	38	24	0	0	0	0	0	0	0	24	276	0	0	0	-	0	24	24	0	0	360	360	0	0	2208	2190	18	0	6	6	0	0	0	0	0	0	0	0	0	0	0	0	0	0	0	0	0	0
F268-D04	discovery	random	24	111	204737606900087	10	1	0	-	1	20	24	29	20	0	0	0	0	0	0	0	20	190	0	0	0	-	0	4	4	0	0	252	252	0	0	1520	1480	40	0	16	16	0	0	0	0	0	0	0	0	0	0	0	0	0	0	0	0	0	0
F268-D04	discovery	random	24	111	204737606900087	11	1	0	-	1	24	33	46	24	0	0	0	0	0	0	0	24	276	0	0	0	-	0	26	26	0	0	300	300	0	0	2208	2208	0	0	0	0	0	0	0	0	0	0	0	0	0	0	0	0	0	0	0	0	0	0
F268-D04	discovery	random	24	112	178511025749863	0	1	0	-	1	24	31	49	24	0	0	0	0	0	0	0	24	276	0	0	0	-	0	24	24	0	0	216	216	0	0	2208	2208	0	0	0	0	0	0	0	0	0	0	0	0	0	0	0	0	0	0	0	0	0	0
F268-D04	discovery	random	24	112	178511025749863	1	1	0	-	1	24	32	32	24	0	0	0	0	0	0	0	24	276	0	0	0	-	0	24	24	0	0	312	312	0	0	2208	2208	0	0	0	0	0	0	0	0	0	0	0	0	0	0	0	0	0	0	0	0	0	0
F268-D04	discovery	random	24	112	178511025749863	2	1	0	-	1	24	36	41	24	0	0	0	0	0	0	0	24	276	0	0	0	-	0	24	24	0	0	360	360	0	0	2208	2208	0	0	0	0	0	0	0	0	0	0	0	0	0	0	0	0	0	0	0	0	0	0
F268-D04	discovery	random	24	112	178511025749863	3	1	0	-	1	24	34	38	24	0	0	0	0	0	0	0	24	276	0	0	0	-	0	24	24	0	0	264	264	0	0	2208	2208	0	0	0	0	0	0	0	0	0	0	0	0	0	0	0	0	0	0	0	0	0	0
F268-D04	discovery	random	24	112	178511025749863	4	1	0	-	1	24	33	48	24	0	0	0	0	0	0	0	24	276	0	0	0	-	0	24	24	0	0	360	360	0	0	2208	2208	0	0	0	0	0	0	0	0	0	0	0	0	0	0	0	0	0	0	0	0	0	0
F268-D04	discovery	random	24	112	178511025749863	5	1	0	-	1	24	33	56	24	0	0	0	0	0	0	0	24	276	0	0	0	-	0	24	24	0	0	216	216	0	0	2208	2172	36	0	12	12	0	0	0	0	0	0	0	0	0	0	0	0	0	0	0	0	0	0
F268-D04	discovery	random	24	112	178511025749863	6	1	0	-	1	24	32	40	24	0	0	0	0	0	0	0	24	276	0	0	0	-	0	24	24	0	0	312	312	0	0	2208	2208	0	0	16	16	0	0	0	0	0	0	0	0	0	0	0	0	0	0	0	0	0	0
F268-D04	discovery	random	24	112	178511025749863	7	1	0	-	1	24	30	48	24	0	0	0	0	0	0	0	24	276	0	0	0	-	0	24	24	0	0	360	360	0	0	2208	2208	0	0	36	36	0	0	0	0	0	0	0	0	0	0	0	0	0	0	0	0	0	0
F268-D04	discovery	random	24	112	178511025749863	8	1	0	-	1	24	31	52	24	0	0	0	0	0	0	0	24	276	0	0	0	-	0	24	24	0	0	264	264	0	0	2208	2208	0	0	24	24	0	0	0	0	0	0	0	0	0	0	0	0	0	0	0	0	0	0
F268-D04	discovery	random	24	112	178511025749863	9	1	0	-	1	24	30	43	24	0	0	0	0	0	0	0	24	276	0	0	0	-	0	24	24	0	0	360	360	0	0	2208	2190	18	0	6	6	0	0	0	0	0	0	0	0	0	0	0	0	0	0	0	0	0	0
F268-D04	discovery	random	24	112	178511025749863	10	1	0	-	1	20	28	50	20	0	0	0	0	0	0	0	20	190	0	0	0	-	0	4	4	0	0	252	252	0	0	1520	1480	40	0	16	16	0	0	0	0	0	0	0	0	0	0	0	0	0	0	0	0	0	0
F268-D04	discovery	random	24	112	178511025749863	11	1	0	-	1	24	32	48	24	0	0	0	0	0	0	0	24	276	0	0	0	-	0	26	26	0	0	300	300	0	0	2208	2208	0	0	0	0	0	0	0	0	0	0	0	0	0	0	0	0	0	0	0	0	0	0
F268-D04	discovery	random	24	113	175888430108329	0	1	0	-	1	24	30	45	24	0	0	0	0	0	0	0	24	276	0	0	0	-	0	24	24	0	0	312	312	0	0	2208	2208	0	0	0	0	0	0	0	0	0	0	0	0	0	0	0	0	0	0	0	0	0	0
F268-D04	discovery	random	24	113	175888430108329	1	1	0	-	1	24	30	42	24	0	0	0	0	0	0	0	24	276	0	0	0	-	0	24	24	0	0	216	216	0	0	2208	2208	0	0	0	0	0	0	0	0	0	0	0	0	0	0	0	0	0	0	0	0	0	0
F268-D04	discovery	random	24	113	175888430108329	2	1	0	-	1	24	30	33	24	0	0	0	0	0	0	0	24	276	0	0	0	-	0	24	24	0	0	360	360	0	0	2208	2208	0	0	0	0	0	0	0	0	0	0	0	0	0	0	0	0	0	0	0	0	0	0
F268-D04	discovery	random	24	113	175888430108329	3	1	0	-	1	24	31	50	24	0	0	0	0	0	0	0	24	276	0	0	0	-	0	24	24	0	0	360	360	0	0	2208	2208	0	0	0	0	0	0	0	0	0	0	0	0	0	0	0	0	0	0	0	0	0	0
F268-D04	discovery	random	24	113	175888430108329	4	1	0	-	1	24	28	45	24	0	0	0	0	0	0	0	24	276	0	0	0	-	0	24	24	0	0	264	264	0	0	2208	2208	0	0	0	0	0	0	0	0	0	0	0	0	0	0	0	0	0	0	0	0	0	0
F268-D04	discovery	random	24	113	175888430108329	5	1	0	-	1	24	34	48	24	0	0	0	0	0	0	0	24	276	0	0	0	-	0	24	24	0	0	312	312	0	0	2208	2172	36	0	12	12	0	0	0	0	0	0	0	0	0	0	0	0	0	0	0	0	0	0
F268-D04	discovery	random	24	113	175888430108329	6	1	0	-	1	24	30	32	24	0	0	0	0	0	0	0	24	276	0	0	0	-	0	24	24	0	0	216	216	0	0	2208	2208	0	0	16	16	0	0	0	0	0	0	0	0	0	0	0	0	0	0	0	0	0	0
F268-D04	discovery	random	24	113	175888430108329	7	1	0	-	1	24	36	43	24	0	0	0	0	0	0	0	24	276	0	0	0	-	0	24	24	0	0	360	360	0	0	2208	2208	0	0	36	36	0	0	0	0	0	0	0	0	0	0	0	0	0	0	0	0	0	0
F268-D04	discovery	random	24	113	175888430108329	8	1	0	-	1	24	31	31	24	0	0	0	0	0	0	0	24	276	0	0	0	-	0	24	24	0	0	360	360	0	0	2208	2208	0	0	24	24	0	0	0	0	0	0	0	0	0	0	0	0	0	0	0	0	0	0
F268-D04	discovery	random	24	113	175888430108329	9	1	0	-	1	24	31	59	24	0	0	0	0	0	0	0	24	276	0	0	0	-	0	24	24	0	0	264	264	0	0	2208	2190	18	0	6	6	0	0	0	0	0	0	0	0	0	0	0	0	0	0	0	0	0	0
F268-D04	discovery	random	24	113	175888430108329	10	1	0	-	1	20	27	37	20	0	0	0	0	0	0	0	20	190	0	0	0	-	0	4	4	0	0	252	252	0	0	1520	1480	40	0	16	16	0	0	0	0	0	0	0	0	0	0	0	0	0	0	0	0	0	0
F268-D04	discovery	random	24	113	175888430108329	11	1	0	-	1	24	30	46	24	0	0	0	0	0	0	0	24	276	0	0	0	-	0	26	26	0	0	304	304	0	0	2208	2208	0	0	0	0	0	0	0	0	0	0	0	0	0	0	0	0	0	0	0	0	0	0
F268-D04	discovery	random	24	114	136343219378173	0	1	0	-	1	24	35	41	24	0	0	0	0	0	0	0	24	276	0	0	0	-	0	24	24	0	0	264	264	0	0	2208	2208	0	0	0	0	0	0	0	0	0	0	0	0	0	0	0	0	0	0	0	0	0	0
F268-D04	discovery	random	24	114	136343219378173	1	1	0	-	1	24	33	44	24	0	0	0	0	0	0	0	24	276	0	0	0	-	0	24	24	0	0	216	216	0	0	2208	2208	0	0	0	0	0	0	0	0	0	0	0	0	0	0	0	0	0	0	0	0	0	0
F268-D04	discovery	random	24	114	136343219378173	2	1	0	-	1	24	31	43	24	0	0	0	0	0	0	0	24	276	0	0	0	-	0	24	24	0	0	312	312	0	0	2208	2208	0	0	0	0	0	0	0	0	0	0	0	0	0	0	0	0	0	0	0	0	0	0
F268-D04	discovery	random	24	114	136343219378173	3	1	0	-	1	24	34	48	24	0	0	0	0	0	0	0	24	276	0	0	0	-	0	24	24	0	0	312	312	0	0	2208	2208	0	0	0	0	0	0	0	0	0	0	0	0	0	0	0	0	0	0	0	0	0	0
F268-D04	discovery	random	24	114	136343219378173	4	1	0	-	1	24	28	32	24	0	0	0	0	0	0	0	24	276	0	0	0	-	0	24	24	0	0	264	264	0	0	2208	2208	0	0	0	0	0	0	0	0	0	0	0	0	0	0	0	0	0	0	0	0	0	0
F268-D04	discovery	random	24	114	136343219378173	5	1	0	-	1	24	32	58	24	0	0	0	0	0	0	0	24	276	0	0	0	-	0	24	24	0	0	264	264	0	0	2208	2172	36	0	12	12	0	0	0	0	0	0	0	0	0	0	0	0	0	0	0	0	0	0
F268-D04	discovery	random	24	114	136343219378173	6	1	0	-	1	24	33	44	24	0	0	0	0	0	0	0	24	276	0	0	0	-	0	24	24	0	0	216	216	0	0	2208	2208	0	0	16	16	0	0	0	0	0	0	0	0	0	0	0	0	0	0	0	0	0	0
F268-D04	discovery	random	24	114	136343219378173	7	1	0	-	1	24	32	55	24	0	0	0	0	0	0	0	24	276	0	0	0	-	0	24	24	0	0	312	312	0	0	2208	2208	0	0	36	36	0	0	0	0	0	0	0	0	0	0	0	0	0	0	0	0	0	0
F268-D04	discovery	random	24	114	136343219378173	8	1	0	-	1	24	31	39	24	0	0	0	0	0	0	0	24	276	0	0	0	-	0	24	24	0	0	312	312	0	0	2208	2208	0	0	24	24	0	0	0	0	0	0	0	0	0	0	0	0	0	0	0	0	0	0
F268-D04	discovery	random	24	114	136343219378173	9	1	0	-	1	24	34	62	24	0	0	0	0	0	0	0	24	276	0	0	0	-	0	24	24	0	0	264	264	0	0	2208	2190	18	0	6	6	0	0	0	0	0	0	0	0	0	0	0	0	0	0	0	0	0	0
F268-D04	discovery	random	24	114	136343219378173	10	1	0	-	1	20	27	48	20	0	0	0	0	0	0	0	20	190	0	0	0	-	0	4	4	0	0	228	228	0	0	1520	1480	40	0	16	16	0	0	0	0	0	0	0	0	0	0	0	0	0	0	0	0	0	0
F268-D04	discovery	random	24	114	136343219378173	11	1	0	-	1	24	36	55	24	0	0	0	0	0	0	0	24	276	0	0	0	-	0	26	26	0	0	274	274	0	0	2208	2208	0	0	0	0	0	0	0	0	0	0	0	0	0	0	0	0	0	0	0	0	0	0
F268-D04	discovery	random	24	115	153637501312279	0	1	0	-	1	24	34	48	24	0	0	0	0	0	0	0	24	276	0	0	0	-	0	24	24	0	0	216	216	0	0	2208	2208	0	0	0	0	0	0	0	0	0	0	0	0	0	0	0	0	0	0	0	0	0	0
F268-D04	discovery	random	24	115	153637501312279	1	1	0	-	1	24	29	42	24	0	0	0	0	0	0	0	24	276	0	0	0	-	0	24	24	0	0	312	312	0	0	2208	2208	0	0	0	0	0	0	0	0	0	0	0	0	0	0	0	0	0	0	0	0	0	0
F268-D04	discovery	random	24	115	153637501312279	2	1	0	-	1	24	33	71	24	0	0	0	0	0	0	0	24	276	0	0	0	-	0	24	24	0	0	360	360	0	0	2208	2208	0	0	0	0	0	0	0	0	0	0	0	0	0	0	0	0	0	0	0	0	0	0
F268-D04	discovery	random	24	115	153637501312279	3	1	0	-	1	24	33	46	24	0	0	0	0	0	0	0	24	276	0	0	0	-	0	24	24	0	0	264	264	0	0	2208	2208	0	0	0	0	0	0	0	0	0	0	0	0	0	0	0	0	0	0	0	0	0	0
F268-D04	discovery	random	24	115	153637501312279	4	1	0	-	1	24	30	48	24	0	0	0	0	0	0	0	24	276	0	0	0	-	0	24	24	0	0	360	360	0	0	2208	2208	0	0	0	0	0	0	0	0	0	0	0	0	0	0	0	0	0	0	0	0	0	0
F268-D04	discovery	random	24	115	153637501312279	5	1	0	-	1	24	31	37	24	0	0	0	0	0	0	0	24	276	0	0	0	-	0	24	24	0	0	216	216	0	0	2208	2172	36	0	12	12	0	0	0	0	0	0	0	0	0	0	0	0	0	0	0	0	0	0
F268-D04	discovery	random	24	115	153637501312279	6	1	0	-	1	24	28	39	24	0	0	0	0	0	0	0	24	276	0	0	0	-	0	24	24	0	0	312	312	0	0	2208	2208	0	0	16	16	0	0	0	0	0	0	0	0	0	0	0	0	0	0	0	0	0	0
F268-D04	discovery	random	24	115	153637501312279	7	1	0	-	1	24	32	36	24	0	0	0	0	0	0	0	24	276	0	0	0	-	0	24	24	0	0	360	360	0	0	2208	2208	0	0	36	36	0	0	0	0	0	0	0	0	0	0	0	0	0	0	0	0	0	0
F268-D04	discovery	random	24	115	153637501312279	8	1	0	-	1	24	32	48	24	0	0	0	0	0	0	0	24	276	0	0	0	-	0	24	24	0	0	264	264	0	0	2208	2208	0	0	24	24	0	0	0	0	0	0	0	0	0	0	0	0	0	0	0	0	0	0
F268-D04	discovery	random	24	115	153637501312279	9	1	0	-	1	24	31	45	24	0	0	0	0	0	0	0	24	276	0	0	0	-	0	24	24	0	0	360	360	0	0	2208	2190	18	0	6	6	0	0	0	0	0	0	0	0	0	0	0	0	0	0	0	0	0	0
F268-D04	discovery	random	24	115	153637501312279	10	1	0	-	1	20	27	46	20	0	0	0	0	0	0	0	20	190	0	0	0	-	0	4	4	0	0	252	252	0	0	1520	1480	40	0	16	16	0	0	0	0	0	0	0	0	0	0	0	0	0	0	0	0	0	0
F268-D04	discovery	random	24	115	153637501312279	11	1	0	-	1	24	32	63	24	0	0	0	0	0	0	0	24	276	0	0	0	-	0	26	26	0	0	300	300	0	0	2208	2208	0	0	0	0	0	0	0	0	0	0	0	0	0	0	0	0	0	0	0	0	0	0
F268-D04	discovery	random	24	116	199684810603699	0	1	0	-	1	24	31	28	24	0	0	0	0	0	0	0	24	276	0	0	0	-	0	24	24	0	0	216	216	0	0	2208	2208	0	0	0	0	0	0	0	0	0	0	0	0	0	0	0	0	0	0	0	0	0	0
F268-D04	discovery	random	24	116	199684810603699	1	1	0	-	1	24	30	35	24	0	0	0	0	0	0	0	24	276	0	0	0	-	0	24	24	0	0	264	264	0	0	2208	2208	0	0	0	0	0	0	0	0	0	0	0	0	0	0	0	0	0	0	0	0	0	0
F268-D04	discovery	random	24	116	199684810603699	2	1	0	-	1	24	30	41	24	0	0	0	0	0	0	0	24	276	0	0	0	-	0	24	24	0	0	312	312	0	0	2208	2208	0	0	0	0	0	0	0	0	0	0	0	0	0	0	0	0	0	0	0	0	0	0
F268-D04	discovery	random	24	116	199684810603699	3	1	0	-	1	24	35	40	24	0	0	0	0	0	0	0	24	276	0	0	0	-	0	24	24	0	0	264	264	0	0	2208	2208	0	0	0	0	0	0	0	0	0	0	0	0	0	0	0	0	0	0	0	0	0	0
F268-D04	discovery	random	24	116	199684810603699	4	1	0	-	1	24	31	29	24	0	0	0	0	0	0	0	24	276	0	0	0	-	0	24	24	0	0	312	312	0	0	2208	2208	0	0	0	0	0	0	0	0	0	0	0	0	0	0	0	0	0	0	0	0	0	0
F268-D04	discovery	random	24	116	199684810603699	5	1	0	-	1	24	35	52	24	0	0	0	0	0	0	0	24	276	0	0	0	-	0	24	24	0	0	216	216	0	0	2208	2172	36	0	12	12	0	0	0	0	0	0	0	0	0	0	0	0	0	0	0	0	0	0
F268-D04	discovery	random	24	116	199684810603699	6	1	0	-	1	24	34	51	24	0	0	0	0	0	0	0	24	276	0	0	0	-	0	24	24	0	0	264	264	0	0	2208	2208	0	0	16	16	0	0	0	0	0	0	0	0	0	0	0	0	0	0	0	0	0	0
F268-D04	discovery	random	24	116	199684810603699	7	1	0	-	1	24	32	31	24	0	0	0	0	0	0	0	24	276	0	0	0	-	0	24	24	0	0	312	312	0	0	2208	2208	0	0	36	36	0	0	0	0	0	0	0	0	0	0	0	0	0	0	0	0	0	0
F268-D04	discovery	random	24	116	199684810603699	8	1	0	-	1	24	32	46	24	0	0	0	0	0	0	0	24	276	0	0	0	-	0	24	24	0	0	264	264	0	0	2208	2208	0	0	24	24	0	0	0	0	0	0	0	0	0	0	0	0	0	0	0	0	0	0
F268-D04	discovery	random	24	116	199684810603699	9	1	0	-	1	24	33	52	24	0	0	0	0	0	0	0	24	276	0	0	0	-	0	24	24	0	0	312	312	0	0	2208	2190	18	0	6	6	0	0	0	0	0	0	0	0	0	0	0	0	0	0	0	0	0	0
F268-D04	discovery	random	24	116	199684810603699	10	1	0	-	1	20	25	48	20	0	0	0	0	0	0	0	20	190	0	0	0	-	0	4	4	0	0	228	228	0	0	1520	1480	40	0	16	16	0	0	0	0	0	0	0	0	0	0	0	0	0	0	0	0	0	0
F268-D04	discovery	random	24	116	199684810603699	11	1	0	-	1	24	30	33	24	0	0	0	0	0	0	0	24	276	0	0	0	-	0	26	26	0	0	272	272	0	0	2208	2208	0	0	0	0	0	0	0	0	0	0	0	0	0	0	0	0	0	0	0	0	0	0
F268-D04	discovery	random	24	117	156038736377087	0	1	0	-	1	24	32	36	24	0	0	0	0	0	0	0	24	276	0	0	0	-	0	24	24	0	0	216	216	0	0	2208	2208	0	0	0	0	0	0	0	0	0	0	0	0	0	0	0	0	0	0	0	0	0	0
F268-D04	discovery	random	24	117	156038736377087	1	1	0	-	1	24	32	30	24	0	0	0	0	0	0	0	24	276	0	0	0	-	0	24	24	0	0	552	552	0	0	2208	2208	0	0	0	0	0	0	0	0	0	0	0	0	0	0	0	0	0	0	0	0	0	0
F268-D04	discovery	random	24	117	156038736377087	2	1	0	-	1	24	31	39	24	0	0	0	0	0	0	0	24	276	0	0	0	-	0	24	24	0	0	600	600	0	0	2208	2208	0	0	0	0	0	0	0	0	0	0	0	0	0	0	0	0	0	0	0	0	0	0
F268-D04	discovery	random	24	117	156038736377087	3	1	0	-	1	24	32	37	24	0	0	0	0	0	0	0	24	276	0	0	0	-	0	24	24	0	0	264	264	0	0	2208	2208	0	0	0	0	0	0	0	0	0	0	0	0	0	0	0	0	0	0	0	0	0	0
F268-D04	discovery	random	24	117	156038736377087	4	1	0	-	1	24	34	55	24	0	0	0	0	0	0	0	24	276	0	0	0	-	0	24	24	0	0	600	600	0	0	2208	2208	0	0	0	0	0	0	0	0	0	0	0	0	0	0	0	0	0	0	0	0	0	0
F268-D04	discovery	random	24	117	156038736377087	5	1	0	-	1	24	33	33	24	0	0	0	0	0	0	0	24	276	0	0	0	-	0	24	24	0	0	216	216	0	0	2208	2172	36	0	12	12	0	0	0	0	0	0	0	0	0	0	0	0	0	0	0	0	0	0
F268-D04	discovery	random	24	117	156038736377087	6	1	0	-	1	24	34	46	24	0	0	0	0	0	0	0	24	276	0	0	0	-	0	24	24	0	0	552	552	0	0	2208	2208	0	0	16	16	0	0	0	0	0	0	0	0	0	0	0	0	0	0	0	0	0	0
F268-D04	discovery	random	24	117	156038736377087	7	1	0	-	1	24	33	59	24	0	0	0	0	0	0	0	24	276	0	0	0	-	0	24	24	0	0	600	600	0	0	2208	2208	0	0	36	36	0	0	0	0	0	0	0	0	0	0	0	0	0	0	0	0	0	0
F268-D04	discovery	random	24	117	156038736377087	8	1	0	-	1	24	33	41	24	0	0	0	0	0	0	0	24	276	0	0	0	-	0	24	24	0	0	264	264	0	0	2208	2208	0	0	24	24	0	0	0	0	0	0	0	0	0	0	0	0	0	0	0	0	0	0
F268-D04	discovery	random	24	117	156038736377087	9	1	0	-	1	24	31	50	24	0	0	0	0	0	0	0	24	276	0	0	0	-	0	24	24	0	0	600	600	0	0	2208	2190	18	0	6	6	0	0	0	0	0	0	0	0	0	0	0	0	0	0	0	0	0	0
F268-D04	discovery	random	24	117	156038736377087	10	1	0	-	1	20	28	37	20	0	0	0	0	0	0	0	20	190	0	0	0	-	0	4	4	0	0	372	372	0	0	1520	1480	40	0	16	16	0	0	0	0	0	0	0	0	0	0	0	0	0	0	0	0	0	0
F268-D04	discovery	random	24	117	156038736377087	11	1	0	-	1	24	30	57	24	0	0	0	0	0	0	0	24	276	0	0	0	-	0	26	26	0	0	440	440	0	0	2208	2208	0	0	0	0	0	0	0	0	0	0	0	0	0	0	0	0	0	0	0	0	0	0
F268-D04	discovery	random	24	118	200744155347511	0	1	0	-	1	24	35	50	24	0	0	0	0	0	0	0	24	276	0	0	0	-	0	24	24	0	0	216	216	0	0	2208	2208	0	0	0	0	0	0	0	0	0	0	0	0	0	0	0	0	0	0	0	0	0	0
F268-D04	discovery	random	24	118	200744155347511	1	1	0	-	1	24	35	54	24	0	0	0	0	0	0	0	24	276	0	0	0	-	0	24	24	0	0	312	312	0	0	2208	2208	0	0	0	0	0	0	0	0	0	0	0	0	0	0	0	0	0	0	0	0	0	0
F268-D04	discovery	random	24	118	200744155347511	2	1	0	-	1	24	33	63	24	0	0	0	0	0	0	0	24	276	0	0	0	-	0	24	24	0	0	360	360	0	0	2208	2208	0	0	0	0	0	0	0	0	0	0	0	0	0	0	0	0	0	0	0	0	0	0
F268-D04	discovery	random	24	118	200744155347511	3	1	0	-	1	24	30	37	24	0	0	0	0	0	0	0	24	276	0	0	0	-	0	24	24	0	0	264	264	0	0	2208	2208	0	0	0	0	0	0	0	0	0	0	0	0	0	0	0	0	0	0	0	0	0	0
F268-D04	discovery	random	24	118	200744155347511	4	1	0	-	1	24	29	42	24	0	0	0	0	0	0	0	24	276	0	0	0	-	0	24	24	0	0	360	360	0	0	2208	2208	0	0	0	0	0	0	0	0	0	0	0	0	0	0	0	0	0	0	0	0	0	0
F268-D04	discovery	random	24	118	200744155347511	5	1	0	-	1	24	31	39	24	0	0	0	0	0	0	0	24	276	0	0	0	-	0	24	24	0	0	216	216	0	0	2208	2172	36	0	12	12	0	0	0	0	0	0	0	0	0	0	0	0	0	0	0	0	0	0
F268-D04	discovery	random	24	118	200744155347511	6	1	0	-	1	24	32	45	24	0	0	0	0	0	0	0	24	276	0	0	0	-	0	24	24	0	0	312	312	0	0	2208	2208	0	0	16	16	0	0	0	0	0	0	0	0	0	0	0	0	0	0	0	0	0	0
F268-D04	discovery	random	24	118	200744155347511	7	1	0	-	1	24	33	43	24	0	0	0	0	0	0	0	24	276	0	0	0	-	0	24	24	0	0	360	360	0	0	2208	2208	0	0	36	36	0	0	0	0	0	0	0	0	0	0	0	0	0	0	0	0	0	0
F268-D04	discovery	random	24	118	200744155347511	8	1	0	-	1	24	30	44	24	0	0	0	0	0	0	0	24	276	0	0	0	-	0	24	24	0	0	264	264	0	0	2208	2208	0	0	24	24	0	0	0	0	0	0	0	0	0	0	0	0	0	0	0	0	0	0
F268-D04	discovery	random	24	118	200744155347511	9	1	0	-	1	24	33	43	24	0	0	0	0	0	0	0	24	276	0	0	0	-	0	24	24	0	0	360	360	0	0	2208	2190	18	0	6	6	0	0	0	0	0	0	0	0	0	0	0	0	0	0	0	0	0	0
F268-D04	discovery	random	24	118	200744155347511	10	1	0	-	1	20	30	37	20	0	0	0	0	0	0	0	20	190	0	0	0	-	0	4	4	0	0	252	252	0	0	1520	1480	40	0	16	16	0	0	0	0	0	0	0	0	0	0	0	0	0	0	0	0	0	0
F268-D04	discovery	random	24	118	200744155347511	11	1	0	-	1	24	31	33	24	0	0	0	0	0	0	0	24	276	0	0	0	-	0	26	26	0	0	300	300	0	0	2208	2208	0	0	0	0	0	0	0	0	0	0	0	0	0	0	0	0	0	0	0	0	0	0
F268-D04	discovery	random	24	119	216153199350301	0	1	0	-	1	24	35	52	24	0	0	0	0	0	0	0	24	276	0	0	0	-	0	24	24	0	0	264	264	0	0	2208	2208	0	0	0	0	0	0	0	0	0	0	0	0	0	0	0	0	0	0	0	0	0	0
F268-D04	discovery	random	24	119	216153199350301	1	1	0	-	1	24	31	49	24	0	0	0	0	0	0	0	24	276	0	0	0	-	0	24	24	0	0	216	216	0	0	2208	2208	0	0	0	0	0	0	0	0	0	0	0	0	0	0	0	0	0	0	0	0	0	0
F268-D04	discovery	random	24	119	216153199350301	2	1	0	-	1	24	28	30	24	0	0	0	0	0	0	0	24	276	0	0	0	-	0	24	24	0	0	312	312	0	0	2208	2208	0	0	0	0	0	0	0	0	0	0	0	0	0	0	0	0	0	0	0	0	0	0
F268-D04	discovery	random	24	119	216153199350301	3	1	0	-	1	24	31	46	24	0	0	0	0	0	0	0	24	276	0	0	0	-	0	24	24	0	0	312	312	0	0	2208	2208	0	0	0	0	0	0	0	0	0	0	0	0	0	0	0	0	0	0	0	0	0	0
F268-D04	discovery	random	24	119	216153199350301	4	1	0	-	1	24	35	49	24	0	0	0	0	0	0	0	24	276	0	0	0	-	0	24	24	0	0	264	264	0	0	2208	2208	0	0	0	0	0	0	0	0	0	0	0	0	0	0	0	0	0	0	0	0	0	0
F268-D04	discovery	random	24	119	216153199350301	5	1	0	-	1	24	30	37	24	0	0	0	0	0	0	0	24	276	0	0	0	-	0	24	24	0	0	264	264	0	0	2208	2172	36	0	12	12	0	0	0	0	0	0	0	0	0	0	0	0	0	0	0	0	0	0
F268-D04	discovery	random	24	119	216153199350301	6	1	0	-	1	24	31	50	24	0	0	0	0	0	0	0	24	276	0	0	0	-	0	24	24	0	0	216	216	0	0	2208	2208	0	0	16	16	0	0	0	0	0	0	0	0	0	0	0	0	0	0	0	0	0	0
F268-D04	discovery	random	24	119	216153199350301	7	1	0	-	1	24	30	52	24	0	0	0	0	0	0	0	24	276	0	0	0	-	0	24	24	0	0	312	312	0	0	2208	2208	0	0	36	36	0	0	0	0	0	0	0	0	0	0	0	0	0	0	0	0	0	0
F268-D04	discovery	random	24	119	216153199350301	8	1	0	-	1	24	30	37	24	0	0	0	0	0	0	0	24	276	0	0	0	-	0	24	24	0	0	312	312	0	0	2208	2208	0	0	24	24	0	0	0	0	0	0	0	0	0	0	0	0	0	0	0	0	0	0
F268-D04	discovery	random	24	119	216153199350301	9	1	0	-	1	24	30	33	24	0	0	0	0	0	0	0	24	276	0	0	0	-	0	24	24	0	0	264	264	0	0	2208	2190	18	0	6	6	0	0	0	0	0	0	0	0	0	0	0	0	0	0	0	0	0	0
F268-D04	discovery	random	24	119	216153199350301	10	1	0	-	1	20	27	30	20	0	0	0	0	0	0	0	20	190	0	0	0	-	0	4	4	0	0	228	228	0	0	1520	1480	40	0	16	16	0	0	0	0	0	0	0	0	0	0	0	0	0	0	0	0	0	0
F268-D04	discovery	random	24	119	216153199350301	11	1	0	-	1	24	32	54	24	0	0	0	0	0	0	0	24	276	0	0	0	-	0	26	26	0	0	274	274	0	0	2208	2208	0	0	0	0	0	0	0	0	0	0	0	0	0	0	0	0	0	0	0	0	0	0
F268-D04	discovery	neighbor	24	120	265885179423547	0	1	0	-	1	24	31	50	24	0	0	0	0	0	0	0	24	276	0	0	0	-	0	24	24	0	0	216	216	0	0	2208	2208	0	0	0	0	0	0	0	0	0	0	0	0	0	0	0	0	0	0	0	0	0	0
F268-D04	discovery	neighbor	24	120	265885179423547	1	1	0	-	1	24	32	38	24	0	0	0	0	0	0	0	24	276	0	0	0	-	0	24	24	0	0	264	264	0	0	2208	2208	0	0	0	0	0	0	0	0	0	0	0	0	0	0	0	0	0	0	0	0	0	0
F268-D04	discovery	neighbor	24	120	265885179423547	2	1	0	-	1	24	34	51	24	0	0	0	0	0	0	0	24	276	0	0	0	-	0	24	24	0	0	312	312	0	0	2208	2208	0	0	0	0	0	0	0	0	0	0	0	0	0	0	0	0	0	0	0	0	0	0
F268-D04	discovery	neighbor	24	120	265885179423547	3	1	0	-	1	24	31	50	24	0	0	0	0	0	0	0	24	276	0	0	0	-	0	24	24	0	0	264	264	0	0	2208	2208	0	0	0	0	0	0	0	0	0	0	0	0	0	0	0	0	0	0	0	0	0	0
F268-D04	discovery	neighbor	24	120	265885179423547	4	1	0	-	1	24	34	46	24	0	0	0	0	0	0	0	24	276	0	0	0	-	0	24	24	0	0	312	312	0	0	2208	2208	0	0	0	0	0	0	0	0	0	0	0	0	0	0	0	0	0	0	0	0	0	0
F268-D04	discovery	neighbor	24	120	265885179423547	5	1	0	-	1	24	33	43	24	0	0	0	0	0	0	0	24	276	0	0	0	-	0	24	24	0	0	216	216	0	0	2208	2172	36	0	12	12	0	0	0	0	0	0	0	0	0	0	0	0	0	0	0	0	0	0
F268-D04	discovery	neighbor	24	120	265885179423547	6	1	0	-	1	24	32	45	24	0	0	0	0	0	0	0	24	276	0	0	0	-	0	24	24	0	0	264	264	0	0	2208	2208	0	0	16	16	0	0	0	0	0	0	0	0	0	0	0	0	0	0	0	0	0	0
F268-D04	discovery	neighbor	24	120	265885179423547	7	1	0	-	1	24	32	47	24	0	0	0	0	0	0	0	24	276	0	0	0	-	0	24	24	0	0	312	312	0	0	2208	2208	0	0	36	36	0	0	0	0	0	0	0	0	0	0	0	0	0	0	0	0	0	0
F268-D04	discovery	neighbor	24	120	265885179423547	8	1	0	-	1	24	31	39	24	0	0	0	0	0	0	0	24	276	0	0	0	-	0	24	24	0	0	264	264	0	0	2208	2208	0	0	24	24	0	0	0	0	0	0	0	0	0	0	0	0	0	0	0	0	0	0
F268-D04	discovery	neighbor	24	120	265885179423547	9	1	0	-	1	24	32	43	24	0	0	0	0	0	0	0	24	276	0	0	0	-	0	24	24	0	0	312	312	0	0	2208	2190	18	0	6	6	0	0	0	0	0	0	0	0	0	0	0	0	0	0	0	0	0	0
F268-D04	discovery	neighbor	24	120	265885179423547	10	1	0	-	1	20	28	39	20	0	0	0	0	0	0	0	20	190	0	0	0	-	0	4	4	0	0	228	228	0	0	1520	1480	40	0	16	16	0	0	0	0	0	0	0	0	0	0	0	0	0	0	0	0	0	0
F268-D04	discovery	neighbor	24	120	265885179423547	11	1	0	-	1	24	30	40	24	0	0	0	0	0	0	0	24	276	0	0	0	-	0	26	26	0	0	272	272	0	0	2208	2208	0	0	0	0	0	0	0	0	0	0	0	0	0	0	0	0	0	0	0	0	0	0
F268-D04	discovery	neighbor	24	121	170224522123919	0	1	0	-	1	24	31	50	24	0	0	0	0	0	0	0	24	276	0	0	0	-	0	24	24	0	0	216	216	0	0	2208	2208	0	0	0	0	0	0	0	0	0	0	0	0	0	0	0	0	0	0	0	0	0	0
F268-D04	discovery	neighbor	24	121	170224522123919	1	1	0	-	1	24	32	47	24	0	0	0	0	0	0	0	24	276	0	0	0	-	0	24	24	0	0	360	360	0	0	2208	2208	0	0	0	0	0	0	0	0	0	0	0	0	0	0	0	0	0	0	0	0	0	0
F268-D04	discovery	neighbor	24	121	170224522123919	2	1	0	-	1	24	33	43	24	0	0	0	0	0	0	0	24	276	0	0	0	-	0	24	24	0	0	408	408	0	0	2208	2208	0	0	0	0	0	0	0	0	0	0	0	0	0	0	0	0	0	0	0	0	0	0
F268-D04	discovery	neighbor	24	121	170224522123919	3	1	0	-	1	24	33	47	24	0	0	0	0	0	0	0	24	276	0	0	0	-	0	24	24	0	0	264	264	0	0	2208	2208	0	0	0	0	0	0	0	0	0	0	0	0	0	0	0	0	0	0	0	0	0	0
F268-D04	discovery	neighbor	24	121	170224522123919	4	1	0	-	1	24	34	58	24	0	0	0	0	0	0	0	24	276	0	0	0	-	0	24	24	0	0	408	408	0	0	2208	2208	0	0	0	0	0	0	0	0	0	0	0	0	0	0	0	0	0	0	0	0	0	0
F268-D04	discovery	neighbor	24	121	170224522123919	5	1	0	-	1	24	30	38	24	0	0	0	0	0	0	0	24	276	0	0	0	-	0	24	24	0	0	216	216	0	0	2208	2172	36	0	12	12	0	0	0	0	0	0	0	0	0	0	0	0	0	0	0	0	0	0
F268-D04	discovery	neighbor	24	121	170224522123919	6	1	0	-	1	24	34	62	24	0	0	0	0	0	0	0	24	276	0	0	0	-	0	24	24	0	0	360	360	0	0	2208	2208	0	0	16	16	0	0	0	0	0	0	0	0	0	0	0	0	0	0	0	0	0	0
F268-D04	discovery	neighbor	24	121	170224522123919	7	1	0	-	1	24	34	45	24	0	0	0	0	0	0	0	24	276	0	0	0	-	0	24	24	0	0	408	408	0	0	2208	2208	0	0	36	36	0	0	0	0	0	0	0	0	0	0	0	0	0	0	0	0	0	0
F268-D04	discovery	neighbor	24	121	170224522123919	8	1	0	-	1	24	32	49	24	0	0	0	0	0	0	0	24	276	0	0	0	-	0	24	24	0	0	264	264	0	0	2208	2208	0	0	24	24	0	0	0	0	0	0	0	0	0	0	0	0	0	0	0	0	0	0
F268-D04	discovery	neighbor	24	121	170224522123919	9	1	0	-	1	24	31	45	24	0	0	0	0	0	0	0	24	276	0	0	0	-	0	24	24	0	0	408	408	0	0	2208	2190	18	0	6	6	0	0	0	0	0	0	0	0	0	0	0	0	0	0	0	0	0	0
F268-D04	discovery	neighbor	24	121	170224522123919	10	1	0	-	1	20	28	35	20	0	0	0	0	0	0	0	20	190	0	0	0	-	0	4	4	0	0	276	276	0	0	1520	1480	40	0	16	16	0	0	0	0	0	0	0	0	0	0	0	0	0	0	0	0	0	0
F268-D04	discovery	neighbor	24	121	170224522123919	11	1	0	-	1	24	32	60	24	0	0	0	0	0	0	0	24	276	0	0	0	-	0	26	26	0	0	328	328	0	0	2208	2208	0	0	0	0	0	0	0	0	0	0	0	0	0	0	0	0	0	0	0	0	0	0
F268-D04	discovery	neighbor	24	122	143114254254533	0	1	0	-	1	24	31	39	24	0	0	0	0	0	0	0	24	276	0	0	0	-	0	24	24	0	0	264	264	0	0	2208	2208	0	0	0	0	0	0	0	0	0	0	0	0	0	0	0	0	0	0	0	0	0	0
F268-D04	discovery	neighbor	24	122	143114254254533	1	1	0	-	1	24	33	49	24	0	0	0	0	0	0	0	24	276	0	0	0	-	0	24	24	0	0	216	216	0	0	2208	2208	0	0	0	0	0	0	0	0	0	0	0	0	0	0	0	0	0	0	0	0	0	0
F268-D04	discovery	neighbor	24	122	143114254254533	2	1	0	-	1	24	32	52	24	0	0	0	0	0	0	0	24	276	0	0	0	-	0	24	24	0	0	312	312	0	0	2208	2208	0	0	0	0	0	0	0	0	0	0	0	0	0	0	0	0	0	0	0	0	0	0
F268-D04	discovery	neighbor	24	122	143114254254533	3	1	0	-	1	24	30	37	24	0	0	0	0	0	0	0	24	276	0	0	0	-	0	24	24	0	0	312	312	0	0	2208	2208	0	0	0	0	0	0	0	0	0	0	0	0	0	0	0	0	0	0	0	0	0	0
F268-D04	discovery	neighbor	24	122	143114254254533	4	1	0	-	1	24	32	44	24	0	0	0	0	0	0	0	24	276	0	0	0	-	0	24	24	0	0	264	264	0	0	2208	2208	0	0	0	0	0	0	0	0	0	0	0	0	0	0	0	0	0	0	0	0	0	0
F268-D04	discovery	neighbor	24	122	143114254254533	5	1	0	-	1	24	32	54	24	0	0	0	0	0	0	0	24	276	0	0	0	-	0	24	24	0	0	264	264	0	0	2208	2172	36	0	12	12	0	0	0	0	0	0	0	0	0	0	0	0	0	0	0	0	0	0
F268-D04	discovery	neighbor	24	122	143114254254533	6	1	0	-	1	24	31	34	24	0	0	0	0	0	0	0	24	276	0	0	0	-	0	24	24	0	0	216	216	0	0	2208	2208	0	0	16	16	0	0	0	0	0	0	0	0	0	0	0	0	0	0	0	0	0	0
F268-D04	discovery	neighbor	24	122	143114254254533	7	1	0	-	1	24	32	37	24	0	0	0	0	0	0	0	24	276	0	0	0	-	0	24	24	0	0	312	312	0	0	2208	2208	0	0	36	36	0	0	0	0	0	0	0	0	0	0	0	0	0	0	0	0	0	0
F268-D04	discovery	neighbor	24	122	143114254254533	8	1	0	-	1	24	28	37	24	0	0	0	0	0	0	0	24	276	0	0	0	-	0	24	24	0	0	312	312	0	0	2208	2208	0	0	24	24	0	0	0	0	0	0	0	0	0	0	0	0	0	0	0	0	0	0
F268-D04	discovery	neighbor	24	122	143114254254533	9	1	0	-	1	24	36	49	24	0	0	0	0	0	0	0	24	276	0	0	0	-	0	24	24	0	0	264	264	0	0	2208	2190	18	0	6	6	0	0	0	0	0	0	0	0	0	0	0	0	0	0	0	0	0	0
F268-D04	discovery	neighbor	24	122	143114254254533	10	1	0	-	1	20	24	45	20	0	0	0	0	0	0	0	20	190	0	0	0	-	0	4	4	0	0	228	228	0	0	1520	1480	40	0	16	16	0	0	0	0	0	0	0	0	0	0	0	0	0	0	0	0	0	0
F268-D04	discovery	neighbor	24	122	143114254254533	11	1	0	-	1	24	32	51	24	0	0	0	0	0	0	0	24	276	0	0	0	-	0	26	26	0	0	274	274	0	0	2208	2208	0	0	0	0	0	0	0	0	0	0	0	0	0	0	0	0	0	0	0	0	0	0
F268-D04	discovery	neighbor	24	123	147449267547317	0	1	0	-	1	24	31	28	24	0	0	0	0	0	0	0	24	276	0	0	0	-	0	24	24	0	0	264	264	0	0	2208	2208	0	0	0	0	0	0	0	0	0	0	0	0	0	0	0	0	0	0	0	0	0	0
F268-D04	discovery	neighbor	24	123	147449267547317	1	1	0	-	1	24	31	45	24	0	0	0	0	0	0	0	24	276	0	0	0	-	0	24	24	0	0	216	216	0	0	2208	2208	0	0	0	0	0	0	0	0	0	0	0	0	0	0	0	0	0	0	0	0	0	0
F268-D04	discovery	neighbor	24	123	147449267547317	2	1	0	-	1	24	31	47	24	0	0	0	0	0	0	0	24	276	0	0	0	-	0	24	24	0	0	312	312	0	0	2208	2208	0	0	0	0	0	0	0	0	0	0	0	0	0	0	0	0	0	0	0	0	0	0
F268-D04	discovery	neighbor	24	123	147449267547317	3	1	0	-	1	24	33	47	24	0	0	0	0	0	0	0	24	276	0	0	0	-	0	24	24	0	0	312	312	0	0	2208	2208	0	0	0	0	0	0	0	0	0	0	0	0	0	0	0	0	0	0	0	0	0	0
F268-D04	discovery	neighbor	24	123	147449267547317	4	1	0	-	1	24	36	59	24	0	0	0	0	0	0	0	24	276	0	0	0	-	0	24	24	0	0	264	264	0	0	2208	2208	0	0	0	0	0	0	0	0	0	0	0	0	0	0	0	0	0	0	0	0	0	0
F268-D04	discovery	neighbor	24	123	147449267547317	5	1	0	-	1	24	32	44	24	0	0	0	0	0	0	0	24	276	0	0	0	-	0	24	24	0	0	264	264	0	0	2208	2172	36	0	12	12	0	0	0	0	0	0	0	0	0	0	0	0	0	0	0	0	0	0
F268-D04	discovery	neighbor	24	123	147449267547317	6	1	0	-	1	24	31	51	24	0	0	0	0	0	0	0	24	276	0	0	0	-	0	24	24	0	0	216	216	0	0	2208	2208	0	0	16	16	0	0	0	0	0	0	0	0	0	0	0	0	0	0	0	0	0	0
F268-D04	discovery	neighbor	24	123	147449267547317	7	1	0	-	1	24	32	36	24	0	0	0	0	0	0	0	24	276	0	0	0	-	0	24	24	0	0	312	312	0	0	2208	2208	0	0	36	36	0	0	0	0	0	0	0	0	0	0	0	0	0	0	0	0	0	0
F268-D04	discovery	neighbor	24	123	147449267547317	8	1	0	-	1	24	32	52	24	0	0	0	0	0	0	0	24	276	0	0	0	-	0	24	24	0	0	312	312	0	0	2208	2208	0	0	24	24	0	0	0	0	0	0	0	0	0	0	0	0	0	0	0	0	0	0
F268-D04	discovery	neighbor	24	123	147449267547317	9	1	0	-	1	24	33	49	24	0	0	0	0	0	0	0	24	276	0	0	0	-	0	24	24	0	0	264	264	0	0	2208	2190	18	0	6	6	0	0	0	0	0	0	0	0	0	0	0	0	0	0	0	0	0	0
F268-D04	discovery	neighbor	24	123	147449267547317	10	1	0	-	1	20	25	41	20	0	0	0	0	0	0	0	20	190	0	0	0	-	0	4	4	0	0	228	228	0	0	1520	1480	40	0	16	16	0	0	0	0	0	0	0	0	0	0	0	0	0	0	0	0	0	0
F268-D04	discovery	neighbor	24	123	147449267547317	11	1	0	-	1	24	32	43	24	0	0	0	0	0	0	0	24	276	0	0	0	-	0	26	26	0	0	274	274	0	0	2208	2208	0	0	0	0	0	0	0	0	0	0	0	0	0	0	0	0	0	0	0	0	0	0
F268-D04	discovery	neighbor	24	124	103120328611603	0	1	0	-	1	24	33	59	24	0	0	0	0	0	0	0	24	276	0	0	0	-	0	24	24	0	0	216	216	0	0	2208	2208	0	0	0	0	0	0	0	0	0	0	0	0	0	0	0	0	0	0	0	0	0	0
F268-D04	discovery	neighbor	24	124	103120328611603	1	1	0	-	1	24	30	53	24	0	0	0	0	0	0	0	24	276	0	0	0	-	0	24	24	0	0	264	264	0	0	2208	2208	0	0	0	0	0	0	0	0	0	0	0	0	0	0	0	0	0	0	0	0	0	0
F268-D04	discovery	neighbor	24	124	103120328611603	2	1	0	-	1	24	31	40	24	0	0	0	0	0	0	0	24	276	0	0	0	-	0	24	24	0	0	312	312	0	0	2208	2208	0	0	0	0	0	0	0	0	0	0	0	0	0	0	0	0	0	0	0	0	0	0
F268-D04	discovery	neighbor	24	124	103120328611603	3	1	0	-	1	24	31	42	24	0	0	0	0	0	0	0	24	276	0	0	0	-	0	24	24	0	0	264	264	0	0	2208	2208	0	0	0	0	0	0	0	0	0	0	0	0	0	0	0	0	0	0	0	0	0	0
F268-D04	discovery	neighbor	24	124	103120328611603	4	1	0	-	1	24	32	51	24	0	0	0	0	0	0	0	24	276	0	0	0	-	0	24	24	0	0	312	312	0	0	2208	2208	0	0	0	0	0	0	0	0	0	0	0	0	0	0	0	0	0	0	0	0	0	0
F268-D04	discovery	neighbor	24	124	103120328611603	5	1	0	-	1	24	32	48	24	0	0	0	0	0	0	0	24	276	0	0	0	-	0	24	24	0	0	216	216	0	0	2208	2172	36	0	12	12	0	0	0	0	0	0	0	0	0	0	0	0	0	0	0	0	0	0
F268-D04	discovery	neighbor	24	124	103120328611603	6	1	0	-	1	24	31	42	24	0	0	0	0	0	0	0	24	276	0	0	0	-	0	24	24	0	0	264	264	0	0	2208	2208	0	0	16	16	0	0	0	0	0	0	0	0	0	0	0	0	0	0	0	0	0	0
F268-D04	discovery	neighbor	24	124	103120328611603	7	1	0	-	1	24	33	43	24	0	0	0	0	0	0	0	24	276	0	0	0	-	0	24	24	0	0	312	312	0	0	2208	2208	0	0	36	36	0	0	0	0	0	0	0	0	0	0	0	0	0	0	0	0	0	0
F268-D04	discovery	neighbor	24	124	103120328611603	8	1	0	-	1	24	31	42	24	0	0	0	0	0	0	0	24	276	0	0	0	-	0	24	24	0	0	264	264	0	0	2208	2208	0	0	24	24	0	0	0	0	0	0	0	0	0	0	0	0	0	0	0	0	0	0
F268-D04	discovery	neighbor	24	124	103120328611603	9	1	0	-	1	24	30	46	24	0	0	0	0	0	0	0	24	276	0	0	0	-	0	24	24	0	0	312	312	0	0	2208	2190	18	0	6	6	0	0	0	0	0	0	0	0	0	0	0	0	0	0	0	0	0	0
F268-D04	discovery	neighbor	24	124	103120328611603	10	1	0	-	1	20	26	24	20	0	0	0	0	0	0	0	20	190	0	0	0	-	0	4	4	0	0	228	228	0	0	1520	1480	40	0	16	16	0	0	0	0	0	0	0	0	0	0	0	0	0	0	0	0	0	0
F268-D04	discovery	neighbor	24	124	103120328611603	11	1	0	-	1	24	34	39	24	0	0	0	0	0	0	0	24	276	0	0	0	-	0	26	26	0	0	272	272	0	0	2208	2208	0	0	0	0	0	0	0	0	0	0	0	0	0	0	0	0	0	0	0	0	0	0
F268-D04	discovery	neighbor	24	125	116769787275949	0	1	0	-	1	24	29	48	24	0	0	0	0	0	0	0	24	276	0	0	0	-	0	24	24	0	0	264	264	0	0	2208	2208	0	0	0	0	0	0	0	0	0	0	0	0	0	0	0	0	0	0	0	0	0	0
F268-D04	discovery	neighbor	24	125	116769787275949	1	1	0	-	1	24	32	48	24	0	0	0	0	0	0	0	24	276	0	0	0	-	0	24	24	0	0	216	216	0	0	2208	2208	0	0	0	0	0	0	0	0	0	0	0	0	0	0	0	0	0	0	0	0	0	0
F268-D04	discovery	neighbor	24	125	116769787275949	2	1	0	-	1	24	31	48	24	0	0	0	0	0	0	0	24	276	0	0	0	-	0	24	24	0	0	312	312	0	0	2208	2208	0	0	0	0	0	0	0	0	0	0	0	0	0	0	0	0	0	0	0	0	0	0
F268-D04	discovery	neighbor	24	125	116769787275949	3	1	0	-	1	24	34	66	24	0	0	0	0	0	0	0	24	276	0	0	0	-	0	24	24	0	0	312	312	0	0	2208	2208	0	0	0	0	0	0	0	0	0	0	0	0	0	0	0	0	0	0	0	0	0	0
F268-D04	discovery	neighbor	24	125	116769787275949	4	1	0	-	1	24	34	61	24	0	0	0	0	0	0	0	24	276	0	0	0	-	0	24	24	0	0	264	264	0	0	2208	2208	0	0	0	0	0	0	0	0	0	0	0	0	0	0	0	0	0	0	0	0	0	0
F268-D04	discovery	neighbor	24	125	116769787275949	5	1	0	-	1	24	32	53	24	0	0	0	0	0	0	0	24	276	0	0	0	-	0	24	24	0	0	264	264	0	0	2208	2172	36	0	12	12	0	0	0	0	0	0	0	0	0	0	0	0	0	0	0	0	0	0
F268-D04	discovery	neighbor	24	125	116769787275949	6	1	0	-	1	24	31	34	24	0	0	0	0	0	0	0	24	276	0	0	0	-	0	24	24	0	0	216	216	0	0	2208	2208	0	0	16	16	0	0	0	0	0	0	0	0	0	0	0	0	0	0	0	0	0	0
F268-D04	discovery	neighbor	24	125	116769787275949	7	1	0	-	1	24	33	45	24	0	0	0	0	0	0	0	24	276	0	0	0	-	0	24	24	0	0	312	312	0	0	2208	2208	0	0	36	36	0	0	0	0	0	0	0	0	0	0	0	0	0	0	0	0	0	0
F268-D04	discovery	neighbor	24	125	116769787275949	8	1	0	-	1	24	32	50	24	0	0	0	0	0	0	0	24	276	0	0	0	-	0	24	24	0	0	312	312	0	0	2208	2208	0	0	24	24	0	0	0	0	0	0	0	0	0	0	0	0	0	0	0	0	0	0
F268-D04	discovery	neighbor	24	125	116769787275949	9	1	0	-	1	24	30	44	24	0	0	0	0	0	0	0	24	276	0	0	0	-	0	24	24	0	0	264	264	0	0	2208	2190	18	0	6	6	0	0	0	0	0	0	0	0	0	0	0	0	0	0	0	0	0	0
F268-D04	discovery	neighbor	24	125	116769787275949	10	1	0	-	1	20	28	44	20	0	0	0	0	0	0	0	20	190	0	0	0	-	0	4	4	0	0	228	228	0	0	1520	1480	40	0	16	16	0	0	0	0	0	0	0	0	0	0	0	0	0	0	0	0	0	0
F268-D04	discovery	neighbor	24	125	116769787275949	11	1	0	-	1	24	35	39	24	0	0	0	0	0	0	0	24	276	0	0	0	-	0	26	26	0	0	274	274	0	0	2208	2208	0	0	0	0	0	0	0	0	0	0	0	0	0	0	0	0	0	0	0	0	0	0
F268-D04	discovery	neighbor	24	126	136685186259967	0	1	0	-	1	24	32	46	24	0	0	0	0	0	0	0	24	276	0	0	0	-	0	24	24	0	0	216	216	0	0	2208	2208	0	0	0	0	0	0	0	0	0	0	0	0	0	0	0	0	0	0	0	0	0	0
F268-D04	discovery	neighbor	24	126	136685186259967	1	1	0	-	1	24	33	34	24	0	0	0	0	0	0	0	24	276	0	0	0	-	0	24	24	0	0	648	648	0	0	2208	2208	0	0	0	0	0	0	0	0	0	0	0	0	0	0	0	0	0	0	0	0	0	0
F268-D04	discovery	neighbor	24	126	136685186259967	2	1	0	-	1	24	34	45	24	0	0	0	0	0	0	0	24	276	0	0	0	-	0	24	24	0	0	696	696	0	0	2208	2208	0	0	0	0	0	0	0	0	0	0	0	0	0	0	0	0	0	0	0	0	0	0
F268-D04	discovery	neighbor	24	126	136685186259967	3	1	0	-	1	24	30	43	24	0	0	0	0	0	0	0	24	276	0	0	0	-	0	24	24	0	0	264	264	0	0	2208	2208	0	0	0	0	0	0	0	0	0	0	0	0	0	0	0	0	0	0	0	0	0	0
F268-D04	discovery	neighbor	24	126	136685186259967	4	1	0	-	1	24	31	43	24	0	0	0	0	0	0	0	24	276	0	0	0	-	0	24	24	0	0	696	696	0	0	2208	2208	0	0	0	0	0	0	0	0	0	0	0	0	0	0	0	0	0	0	0	0	0	0
F268-D04	discovery	neighbor	24	126	136685186259967	5	1	0	-	1	24	32	44	24	0	0	0	0	0	0	0	24	276	0	0	0	-	0	24	24	0	0	216	216	0	0	2208	2172	36	0	12	12	0	0	0	0	0	0	0	0	0	0	0	0	0	0	0	0	0	0
F268-D04	discovery	neighbor	24	126	136685186259967	6	1	0	-	1	24	35	52	24	0	0	0	0	0	0	0	24	276	0	0	0	-	0	24	24	0	0	648	648	0	0	2208	2208	0	0	16	16	0	0	0	0	0	0	0	0	0	0	0	0	0	0	0	0	0	0
F268-D04	discovery	neighbor	24	126	136685186259967	7	1	0	-	1	24	33	38	24	0	0	0	0	0	0	0	24	276	0	0	0	-	0	24	24	0	0	696	696	0	0	2208	2208	0	0	36	36	0	0	0	0	0	0	0	0	0	0	0	0	0	0	0	0	0	0
F268-D04	discovery	neighbor	24	126	136685186259967	8	1	0	-	1	24	31	50	24	0	0	0	0	0	0	0	24	276	0	0	0	-	0	24	24	0	0	264	264	0	0	2208	2208	0	0	24	24	0	0	0	0	0	0	0	0	0	0	0	0	0	0	0	0	0	0
F268-D04	discovery	neighbor	24	126	136685186259967	9	1	0	-	1	24	31	45	24	0	0	0	0	0	0	0	24	276	0	0	0	-	0	24	24	0	0	696	696	0	0	2208	2190	18	0	6	6	0	0	0	0	0	0	0	0	0	0	0	0	0	0	0	0	0	0
F268-D04	discovery	neighbor	24	126	136685186259967	10	1	0	-	1	20	28	32	20	0	0	0	0	0	0	0	20	190	0	0	0	-	0	4	4	0	0	420	420	0	0	1520	1480	40	0	16	16	0	0	0	0	0	0	0	0	0	0	0	0	0	0	0	0	0	0
F268-D04	discovery	neighbor	24	126	136685186259967	11	1	0	-	1	24	35	44	24	0	0	0	0	0	0	0	24	276	0	0	0	-	0	26	26	0	0	496	496	0	0	2208	2208	0	0	0	0	0	0	0	0	0	0	0	0	0	0	0	0	0	0	0	0	0	0
F268-D04	discovery	neighbor	24	127	93622208676349	0	1	0	-	1	24	30	34	24	0	0	0	0	0	0	0	24	276	0	0	0	-	0	24	24	0	0	264	264	0	0	2208	2208	0	0	0	0	0	0	0	0	0	0	0	0	0	0	0	0	0	0	0	0	0	0
F268-D04	discovery	neighbor	24	127	93622208676349	1	1	0	-	1	24	33	43	24	0	0	0	0	0	0	0	24	276	0	0	0	-	0	24	24	0	0	216	216	0	0	2208	2208	0	0	0	0	0	0	0	0	0	0	0	0	0	0	0	0	0	0	0	0	0	0
F268-D04	discovery	neighbor	24	127	93622208676349	2	1	0	-	1	24	33	50	24	0	0	0	0	0	0	0	24	276	0	0	0	-	0	24	24	0	0	312	312	0	0	2208	2208	0	0	0	0	0	0	0	0	0	0	0	0	0	0	0	0	0	0	0	0	0	0
F268-D04	discovery	neighbor	24	127	93622208676349	3	1	0	-	1	24	32	39	24	0	0	0	0	0	0	0	24	276	0	0	0	-	0	24	24	0	0	312	312	0	0	2208	2208	0	0	0	0	0	0	0	0	0	0	0	0	0	0	0	0	0	0	0	0	0	0
F268-D04	discovery	neighbor	24	127	93622208676349	4	1	0	-	1	24	29	39	24	0	0	0	0	0	0	0	24	276	0	0	0	-	0	24	24	0	0	264	264	0	0	2208	2208	0	0	0	0	0	0	0	0	0	0	0	0	0	0	0	0	0	0	0	0	0	0
F268-D04	discovery	neighbor	24	127	93622208676349	5	1	0	-	1	24	29	38	24	0	0	0	0	0	0	0	24	276	0	0	0	-	0	24	24	0	0	264	264	0	0	2208	2172	36	0	12	12	0	0	0	0	0	0	0	0	0	0	0	0	0	0	0	0	0	0
F268-D04	discovery	neighbor	24	127	93622208676349	6	1	0	-	1	24	32	50	24	0	0	0	0	0	0	0	24	276	0	0	0	-	0	24	24	0	0	216	216	0	0	2208	2208	0	0	16	16	0	0	0	0	0	0	0	0	0	0	0	0	0	0	0	0	0	0
F268-D04	discovery	neighbor	24	127	93622208676349	7	1	0	-	1	24	32	32	24	0	0	0	0	0	0	0	24	276	0	0	0	-	0	24	24	0	0	312	312	0	0	2208	2208	0	0	36	36	0	0	0	0	0	0	0	0	0	0	0	0	0	0	0	0	0	0
F268-D04	discovery	neighbor	24	127	93622208676349	8	1	0	-	1	24	33	36	24	0	0	0	0	0	0	0	24	276	0	0	0	-	0	24	24	0	0	312	312	0	0	2208	2208	0	0	24	24	0	0	0	0	0	0	0	0	0	0	0	0	0	0	0	0	0	0
F268-D04	discovery	neighbor	24	127	93622208676349	9	1	0	-	1	24	29	34	24	0	0	0	0	0	0	0	24	276	0	0	0	-	0	24	24	0	0	264	264	0	0	2208	2190	18	0	6	6	0	0	0	0	0	0	0	0	0	0	0	0	0	0	0	0	0	0
F268-D04	discovery	neighbor	24	127	93622208676349	10	1	0	-	1	20	26	37	20	0	0	0	0	0	0	0	20	190	0	0	0	-	0	4	4	0	0	228	228	0	0	1520	1480	40	0	16	16	0	0	0	0	0	0	0	0	0	0	0	0	0	0	0	0	0	0
F268-D04	discovery	neighbor	24	127	93622208676349	11	1	0	-	1	24	32	44	24	0	0	0	0	0	0	0	24	276	0	0	0	-	0	26	26	0	0	274	274	0	0	2208	2208	0	0	0	0	0	0	0	0	0	0	0	0	0	0	0	0	0	0	0	0	0	0
F268-D04	discovery	neighbor	24	128	140587097301649	0	1	0	-	1	24	31	39	24	0	0	0	0	0	0	0	24	276	0	0	0	-	0	24	24	0	0	360	360	0	0	2208	2208	0	0	0	0	0	0	0	0	0	0	0	0	0	0	0	0	0	0	0	0	0	0
F268-D04	discovery	neighbor	24	128	140587097301649	1	1	0	-	1	24	32	38	24	0	0	0	0	0	0	0	24	276	0	0	0	-	0	24	24	0	0	216	216	0	0	2208	2208	0	0	0	0	0	0	0	0	0	0	0	0	0	0	0	0	0	0	0	0	0	0
F268-D04	discovery	neighbor	24	128	140587097301649	2	1	0	-	1	24	35	47	24	0	0	0	0	0	0	0	24	276	0	0	0	-	0	24	24	0	0	408	408	0	0	2208	2208	0	0	0	0	0	0	0	0	0	0	0	0	0	0	0	0	0	0	0	0	0	0
F268-D04	discovery	neighbor	24	128	140587097301649	3	1	0	-	1	24	33	55	24	0	0	0	0	0	0	0	24	276	0	0	0	-	0	24	24	0	0	408	408	0	0	2208	2208	0	0	0	0	0	0	0	0	0	0	0	0	0	0	0	0	0	0	0	0	0	0
F268-D04	discovery	neighbor	24	128	140587097301649	4	1	0	-	1	24	32	38	24	0	0	0	0	0	0	0	24	276	0	0	0	-	0	24	24	0	0	264	264	0	0	2208	2208	0	0	0	0	0	0	0	0	0	0	0	0	0	0	0	0	0	0	0	0	0	0
F268-D04	discovery	neighbor	24	128	140587097301649	5	1	0	-	1	24	29	34	24	0	0	0	0	0	0	0	24	276	0	0	0	-	0	24	24	0	0	360	360	0	0	2208	2172	36	0	12	12	0	0	0	0	0	0	0	0	0	0	0	0	0	0	0	0	0	0
F268-D04	discovery	neighbor	24	128	140587097301649	6	1	0	-	1	24	32	42	24	0	0	0	0	0	0	0	24	276	0	0	0	-	0	24	24	0	0	216	216	0	0	2208	2208	0	0	16	16	0	0	0	0	0	0	0	0	0	0	0	0	0	0	0	0	0	0
F268-D04	discovery	neighbor	24	128	140587097301649	7	1	0	-	1	24	32	41	24	0	0	0	0	0	0	0	24	276	0	0	0	-	0	24	24	0	0	408	408	0	0	2208	2208	0	0	36	36	0	0	0	0	0	0	0	0	0	0	0	0	0	0	0	0	0	0
F268-D04	discovery	neighbor	24	128	140587097301649	8	1	0	-	1	24	28	34	24	0	0	0	0	0	0	0	24	276	0	0	0	-	0	24	24	0	0	408	408	0	0	2208	2208	0	0	24	24	0	0	0	0	0	0	0	0	0	0	0	0	0	0	0	0	0	0
F268-D04	discovery	neighbor	24	128	140587097301649	9	1	0	-	1	24	31	36	24	0	0	0	0	0	0	0	24	276	0	0	0	-	0	24	24	0	0	264	264	0	0	2208	2190	18	0	6	6	0	0	0	0	0	0	0	0	0	0	0	0	0	0	0	0	0	0
F268-D04	discovery	neighbor	24	128	140587097301649	10	1	0	-	1	20	26	39	20	0	0	0	0	0	0	0	20	190	0	0	0	-	0	4	4	0	0	276	276	0	0	1520	1480	40	0	16	16	0	0	0	0	0	0	0	0	0	0	0	0	0	0	0	0	0	0
F268-D04	discovery	neighbor	24	128	140587097301649	11	1	0	-	1	24	30	43	24	0	0	0	0	0	0	0	24	276	0	0	0	-	0	26	26	0	0	334	334	0	0	2208	2208	0	0	0	0	0	0	0	0	0	0	0	0	0	0	0	0	0	0	0	0	0	0
F268-D04	discovery	neighbor	24	129	128894605277951	0	1	0	-	1	24	32	51	24	0	0	0	0	0	0	0	24	276	0	0	0	-	0	24	24	0	0	216	216	0	0	2208	2208	0	0	0	0	0	0	0	0	0	0	0	0	0	0	0	0	0	0	0	0	0	0
F268-D04	discovery	neighbor	24	129	128894605277951	1	1	0	-	1	24	35	47	24	0	0	0	0	0	0	0	24	276	0	0	0	-	0	24	24	0	0	552	552	0	0	2208	2208	0	0	0	0	0	0	0	0	0	0	0	0	0	0	0	0	0	0	0	0	0	0
F268-D04	discovery	neighbor	24	129	128894605277951	2	1	0	-	1	24	34	43	24	0	0	0	0	0	0	0	24	276	0	0	0	-	0	24	24	0	0	600	600	0	0	2208	2208	0	0	0	0	0	0	0	0	0	0	0	0	0	0	0	0	0	0	0	0	0	0
F268-D04	discovery	neighbor	24	129	128894605277951	3	1	0	-	1	24	31	34	24	0	0	0	0	0	0	0	24	276	0	0	0	-	0	24	24	0	0	264	264	0	0	2208	2208	0	0	0	0	0	0	0	0	0	0	0	0	0	0	0	0	0	0	0	0	0	0
F268-D04	discovery	neighbor	24	129	128894605277951	4	1	0	-	1	24	32	42	24	0	0	0	0	0	0	0	24	276	0	0	0	-	0	24	24	0	0	600	600	0	0	2208	2208	0	0	0	0	0	0	0	0	0	0	0	0	0	0	0	0	0	0	0	0	0	0
F268-D04	discovery	neighbor	24	129	128894605277951	5	1	0	-	1	24	32	32	24	0	0	0	0	0	0	0	24	276	0	0	0	-	0	24	24	0	0	216	216	0	0	2208	2172	36	0	12	12	0	0	0	0	0	0	0	0	0	0	0	0	0	0	0	0	0	0
F268-D04	discovery	neighbor	24	129	128894605277951	6	1	0	-	1	24	34	43	24	0	0	0	0	0	0	0	24	276	0	0	0	-	0	24	24	0	0	552	552	0	0	2208	2208	0	0	16	16	0	0	0	0	0	0	0	0	0	0	0	0	0	0	0	0	0	0
F268-D04	discovery	neighbor	24	129	128894605277951	7	1	0	-	1	24	29	34	24	0	0	0	0	0	0	0	24	276	0	0	0	-	0	24	24	0	0	600	600	0	0	2208	2208	0	0	36	36	0	0	0	0	0	0	0	0	0	0	0	0	0	0	0	0	0	0
F268-D04	discovery	neighbor	24	129	128894605277951	8	1	0	-	1	24	29	36	24	0	0	0	0	0	0	0	24	276	0	0	0	-	0	24	24	0	0	264	264	0	0	2208	2208	0	0	24	24	0	0	0	0	0	0	0	0	0	0	0	0	0	0	0	0	0	0
F268-D04	discovery	neighbor	24	129	128894605277951	9	1	0	-	1	24	30	44	24	0	0	0	0	0	0	0	24	276	0	0	0	-	0	24	24	0	0	600	600	0	0	2208	2190	18	0	6	6	0	0	0	0	0	0	0	0	0	0	0	0	0	0	0	0	0	0
F268-D04	discovery	neighbor	24	129	128894605277951	10	1	0	-	1	20	28	30	20	0	0	0	0	0	0	0	20	190	0	0	0	-	0	4	4	0	0	372	372	0	0	1520	1480	40	0	16	16	0	0	0	0	0	0	0	0	0	0	0	0	0	0	0	0	0	0
F268-D04	discovery	neighbor	24	129	128894605277951	11	1	0	-	1	24	30	41	24	0	0	0	0	0	0	0	24	276	0	0	0	-	0	26	26	0	0	440	440	0	0	2208	2208	0	0	0	0	0	0	0	0	0	0	0	0	0	0	0	0	0	0	0	0	0	0
F268-D04	discovery	neighbor	24	130	199670549810153	0	1	0	-	1	24	32	50	24	0	0	0	0	0	0	0	24	276	0	0	0	-	0	24	24	0	0	312	312	0	0	2208	2208	0	0	0	0	0	0	0	0	0	0	0	0	0	0	0	0	0	0	0	0	0	0
F268-D04	discovery	neighbor	24	130	199670549810153	1	1	0	-	1	24	31	41	24	0	0	0	0	0	0	0	24	276	0	0	0	-	0	24	24	0	0	216	216	0	0	2208	2208	0	0	0	0	0	0	0	0	0	0	0	0	0	0	0	0	0	0	0	0	0	0
F268-D04	discovery	neighbor	24	130	199670549810153	2	1	0	-	1	24	35	52	24	0	0	0	0	0	0	0	24	276	0	0	0	-	0	24	24	0	0	360	360	0	0	2208	2208	0	0	0	0	0	0	0	0	0	0	0	0	0	0	0	0	0	0	0	0	0	0
F268-D04	discovery	neighbor	24	130	199670549810153	3	1	0	-	1	24	29	35	24	0	0	0	0	0	0	0	24	276	0	0	0	-	0	24	24	0	0	360	360	0	0	2208	2208	0	0	0	0	0	0	0	0	0	0	0	0	0	0	0	0	0	0	0	0	0	0
F268-D04	discovery	neighbor	24	130	199670549810153	4	1	0	-	1	24	30	50	24	0	0	0	0	0	0	0	24	276	0	0	0	-	0	24	24	0	0	264	264	0	0	2208	2208	0	0	0	0	0	0	0	0	0	0	0	0	0	0	0	0	0	0	0	0	0	0
F268-D04	discovery	neighbor	24	130	199670549810153	5	1	0	-	1	24	34	47	24	0	0	0	0	0	0	0	24	276	0	0	0	-	0	24	24	0	0	312	312	0	0	2208	2172	36	0	12	12	0	0	0	0	0	0	0	0	0	0	0	0	0	0	0	0	0	0
F268-D04	discovery	neighbor	24	130	199670549810153	6	1	0	-	1	24	33	44	24	0	0	0	0	0	0	0	24	276	0	0	0	-	0	24	24	0	0	216	216	0	0	2208	2208	0	0	16	16	0	0	0	0	0	0	0	0	0	0	0	0	0	0	0	0	0	0
F268-D04	discovery	neighbor	24	130	199670549810153	7	1	0	-	1	24	30	47	24	0	0	0	0	0	0	0	24	276	0	0	0	-	0	24	24	0	0	360	360	0	0	2208	2208	0	0	36	36	0	0	0	0	0	0	0	0	0	0	0	0	0	0	0	0	0	0
F268-D04	discovery	neighbor	24	130	199670549810153	8	1	0	-	1	24	32	43	24	0	0	0	0	0	0	0	24	276	0	0	0	-	0	24	24	0	0	360	360	0	0	2208	2208	0	0	24	24	0	0	0	0	0	0	0	0	0	0	0	0	0	0	0	0	0	0
F268-D04	discovery	neighbor	24	130	199670549810153	9	1	0	-	1	24	32	41	24	0	0	0	0	0	0	0	24	276	0	0	0	-	0	24	24	0	0	264	264	0	0	2208	2190	18	0	6	6	0	0	0	0	0	0	0	0	0	0	0	0	0	0	0	0	0	0
F268-D04	discovery	neighbor	24	130	199670549810153	10	1	0	-	1	20	28	46	20	0	0	0	0	0	0	0	20	190	0	0	0	-	0	4	4	0	0	252	252	0	0	1520	1480	40	0	16	16	0	0	0	0	0	0	0	0	0	0	0	0	0	0	0	0	0	0
F268-D04	discovery	neighbor	24	130	199670549810153	11	1	0	-	1	24	33	48	24	0	0	0	0	0	0	0	24	276	0	0	0	-	0	26	26	0	0	304	304	0	0	2208	2208	0	0	0	0	0	0	0	0	0	0	0	0	0	0	0	0	0	0	0	0	0	0
F268-D04	discovery	neighbor	24	131	91948499072603	0	1	0	-	1	24	31	44	24	0	0	0	0	0	0	0	24	276	0	0	0	-	0	24	24	0	0	216	216	0	0	2208	2208	0	0	0	0	0	0	0	0	0	0	0	0	0	0	0	0	0	0	0	0	0	0
F268-D04	discovery	neighbor	24	131	91948499072603	1	1	0	-	1	24	32	43	24	0	0	0	0	0	0	0	24	276	0	0	0	-	0	24	24	0	0	264	264	0	0	2208	2208	0	0	0	0	0	0	0	0	0	0	0	0	0	0	0	0	0	0	0	0	0	0
F268-D04	discovery	neighbor	24	131	91948499072603	2	1	0	-	1	24	32	52	24	0	0	0	0	0	0	0	24	276	0	0	0	-	0	24	24	0	0	312	312	0	0	2208	2208	0	0	0	0	0	0	0	0	0	0	0	0	0	0	0	0	0	0	0	0	0	0
F268-D04	discovery	neighbor	24	131	91948499072603	3	1	0	-	1	24	31	59	24	0	0	0	0	0	0	0	24	276	0	0	0	-	0	24	24	0	0	264	264	0	0	2208	2208	0	0	0	0	0	0	0	0	0	0	0	0	0	0	0	0	0	0	0	0	0	0
F268-D04	discovery	neighbor	24	131	91948499072603	4	1	0	-	1	24	29	46	24	0	0	0	0	0	0	0	24	276	0	0	0	-	0	24	24	0	0	312	312	0	0	2208	2208	0	0	0	0	0	0	0	0	0	0	0	0	0	0	0	0	0	0	0	0	0	0
F268-D04	discovery	neighbor	24	131	91948499072603	5	1	0	-	1	24	29	48	24	0	0	0	0	0	0	0	24	276	0	0	0	-	0	24	24	0	0	216	216	0	0	2208	2172	36	0	12	12	0	0	0	0	0	0	0	0	0	0	0	0	0	0	0	0	0	0
F268-D04	discovery	neighbor	24	131	91948499072603	6	1	0	-	1	24	32	36	24	0	0	0	0	0	0	0	24	276	0	0	0	-	0	24	24	0	0	264	264	0	0	2208	2208	0	0	16	16	0	0	0	0	0	0	0	0	0	0	0	0	0	0	0	0	0	0
F268-D04	discovery	neighbor	24	131	91948499072603	7	1	0	-	1	24	31	43	24	0	0	0	0	0	0	0	24	276	0	0	0	-	0	24	24	0	0	312	312	0	0	2208	2208	0	0	36	36	0	0	0	0	0	0	0	0	0	0	0	0	0	0	0	0	0	0
F268-D04	discovery	neighbor	24	131	91948499072603	8	1	0	-	1	24	32	45	24	0	0	0	0	0	0	0	24	276	0	0	0	-	0	24	24	0	0	264	264	0	0	2208	2208	0	0	24	24	0	0	0	0	0	0	0	0	0	0	0	0	0	0	0	0	0	0
F268-D04	discovery	neighbor	24	131	91948499072603	9	1	0	-	1	24	33	38	24	0	0	0	0	0	0	0	24	276	0	0	0	-	0	24	24	0	0	312	312	0	0	2208	2190	18	0	6	6	0	0	0	0	0	0	0	0	0	0	0	0	0	0	0	0	0	0
F268-D04	discovery	neighbor	24	131	91948499072603	10	1	0	-	1	20	27	35	20	0	0	0	0	0	0	0	20	190	0	0	0	-	0	4	4	0	0	228	228	0	0	1520	1480	40	0	16	16	0	0	0	0	0	0	0	0	0	0	0	0	0	0	0	0	0	0
F268-D04	discovery	neighbor	24	131	91948499072603	11	1	0	-	1	24	32	42	24	0	0	0	0	0	0	0	24	276	0	0	0	-	0	26	26	0	0	272	272	0	0	2208	2208	0	0	0	0	0	0	0	0	0	0	0	0	0	0	0	0	0	0	0	0	0	0
F268-D04	discovery	safe-safe	24	132	180293408219761	0	1	0	-	1	24	36	53	24	0	0	0	0	0	0	0	24	276	0	0	0	-	0	24	24	0	0	360	360	0	0	2208	2208	0	0	0	0	0	0	0	0	0	0	0	0	0	0	0	0	0	0	0	0	0	0
F268-D04	discovery	safe-safe	24	132	180293408219761	1	1	0	-	1	24	34	57	24	0	0	0	0	0	0	0	24	276	0	0	0	-	0	24	24	0	0	216	216	0	0	2208	2208	0	0	0	0	0	0	0	0	0	0	0	0	0	0	0	0	0	0	0	0	0	0
F268-D04	discovery	safe-safe	24	132	180293408219761	2	1	0	-	1	24	33	43	24	0	0	0	0	0	0	0	24	276	0	0	0	-	0	24	24	0	0	408	408	0	0	2208	2208	0	0	0	0	0	0	0	0	0	0	0	0	0	0	0	0	0	0	0	0	0	0
F268-D04	discovery	safe-safe	24	132	180293408219761	3	1	0	-	1	24	31	37	24	0	0	0	0	0	0	0	24	276	0	0	0	-	0	24	24	0	0	408	408	0	0	2208	2208	0	0	0	0	0	0	0	0	0	0	0	0	0	0	0	0	0	0	0	0	0	0
F268-D04	discovery	safe-safe	24	132	180293408219761	4	1	0	-	1	24	33	44	24	0	0	0	0	0	0	0	24	276	0	0	0	-	0	24	24	0	0	264	264	0	0	2208	2208	0	0	0	0	0	0	0	0	0	0	0	0	0	0	0	0	0	0	0	0	0	0
F268-D04	discovery	safe-safe	24	132	180293408219761	5	1	0	-	1	24	32	43	24	0	0	0	0	0	0	0	24	276	0	0	0	-	0	24	24	0	0	360	360	0	0	2208	2172	36	0	12	12	0	0	0	0	0	0	0	0	0	0	0	0	0	0	0	0	0	0
F268-D04	discovery	safe-safe	24	132	180293408219761	6	1	0	-	1	24	31	46	24	0	0	0	0	0	0	0	24	276	0	0	0	-	0	24	24	0	0	216	216	0	0	2208	2208	0	0	16	16	0	0	0	0	0	0	0	0	0	0	0	0	0	0	0	0	0	0
F268-D04	discovery	safe-safe	24	132	180293408219761	7	1	0	-	1	24	35	46	24	0	0	0	0	0	0	0	24	276	0	0	0	-	0	24	24	0	0	408	408	0	0	2208	2208	0	0	36	36	0	0	0	0	0	0	0	0	0	0	0	0	0	0	0	0	0	0
F268-D04	discovery	safe-safe	24	132	180293408219761	8	1	0	-	1	24	34	57	24	0	0	0	0	0	0	0	24	276	0	0	0	-	0	24	24	0	0	408	408	0	0	2208	2208	0	0	24	24	0	0	0	0	0	0	0	0	0	0	0	0	0	0	0	0	0	0
F268-D04	discovery	safe-safe	24	132	180293408219761	9	1	0	-	1	24	31	43	24	0	0	0	0	0	0	0	24	276	0	0	0	-	0	24	24	0	0	264	264	0	0	2208	2190	18	0	6	6	0	0	0	0	0	0	0	0	0	0	0	0	0	0	0	0	0	0
F268-D04	discovery	safe-safe	24	132	180293408219761	10	1	0	-	1	20	27	35	20	0	0	0	0	0	0	0	20	190	0	0	0	-	0	4	4	0	0	276	276	0	0	1520	1480	40	0	16	16	0	0	0	0	0	0	0	0	0	0	0	0	0	0	0	0	0	0
F268-D04	discovery	safe-safe	24	132	180293408219761	11	1	0	-	1	24	33	42	24	0	0	0	0	0	0	0	24	276	0	0	0	-	0	26	26	0	0	334	334	0	0	2208	2208	0	0	0	0	0	0	0	0	0	0	0	0	0	0	0	0	0	0	0	0	0	0
F268-D04	discovery	safe-safe	24	133	111290580933577	0	1	0	-	1	24	31	29	24	0	0	0	0	0	0	0	24	276	0	0	0	-	0	24	24	0	0	312	312	0	0	2208	2208	0	0	0	0	0	0	0	0	0	0	0	0	0	0	0	0	0	0	0	0	0	0
F268-D04	discovery	safe-safe	24	133	111290580933577	1	1	0	-	1	24	31	47	24	0	0	0	0	0	0	0	24	276	0	0	0	-	0	24	24	0	0	216	216	0	0	2208	2208	0	0	0	0	0	0	0	0	0	0	0	0	0	0	0	0	0	0	0	0	0	0
F268-D04	discovery	safe-safe	24	133	111290580933577	2	1	0	-	1	24	33	48	24	0	0	0	0	0	0	0	24	276	0	0	0	-	0	24	24	0	0	360	360	0	0	2208	2208	0	0	0	0	0	0	0	0	0	0	0	0	0	0	0	0	0	0	0	0	0	0
F268-D04	discovery	safe-safe	24	133	111290580933577	3	1	0	-	1	24	32	52	24	0	0	0	0	0	0	0	24	276	0	0	0	-	0	24	24	0	0	360	360	0	0	2208	2208	0	0	0	0	0	0	0	0	0	0	0	0	0	0	0	0	0	0	0	0	0	0
F268-D04	discovery	safe-safe	24	133	111290580933577	4	1	0	-	1	24	31	49	24	0	0	0	0	0	0	0	24	276	0	0	0	-	0	24	24	0	0	264	264	0	0	2208	2208	0	0	0	0	0	0	0	0	0	0	0	0	0	0	0	0	0	0	0	0	0	0
F268-D04	discovery	safe-safe	24	133	111290580933577	5	1	0	-	1	24	32	51	24	0	0	0	0	0	0	0	24	276	0	0	0	-	0	24	24	0	0	312	312	0	0	2208	2172	36	0	12	12	0	0	0	0	0	0	0	0	0	0	0	0	0	0	0	0	0	0
F268-D04	discovery	safe-safe	24	133	111290580933577	6	1	0	-	1	24	31	35	24	0	0	0	0	0	0	0	24	276	0	0	0	-	0	24	24	0	0	216	216	0	0	2208	2208	0	0	16	16	0	0	0	0	0	0	0	0	0	0	0	0	0	0	0	0	0	0
F268-D04	discovery	safe-safe	24	133	111290580933577	7	1	0	-	1	24	31	41	24	0	0	0	0	0	0	0	24	276	0	0	0	-	0	24	24	0	0	360	360	0	0	2208	2208	0	0	36	36	0	0	0	0	0	0	0	0	0	0	0	0	0	0	0	0	0	0
F268-D04	discovery	safe-safe	24	133	111290580933577	8	1	0	-	1	24	32	43	24	0	0	0	0	0	0	0	24	276	0	0	0	-	0	24	24	0	0	360	360	0	0	2208	2208	0	0	24	24	0	0	0	0	0	0	0	0	0	0	0	0	0	0	0	0	0	0
F268-D04	discovery	safe-safe	24	133	111290580933577	9	1	0	-	1	24	36	43	24	0	0	0	0	0	0	0	24	276	0	0	0	-	0	24	24	0	0	264	264	0	0	2208	2190	18	0	6	6	0	0	0	0	0	0	0	0	0	0	0	0	0	0	0	0	0	0
F268-D04	discovery	safe-safe	24	133	111290580933577	10	1	0	-	1	20	24	34	20	0	0	0	0	0	0	0	20	190	0	0	0	-	0	4	4	0	0	252	252	0	0	1520	1480	40	0	16	16	0	0	0	0	0	0	0	0	0	0	0	0	0	0	0	0	0	0
F268-D04	discovery	safe-safe	24	133	111290580933577	11	1	0	-	1	24	34	48	24	0	0	0	0	0	0	0	24	276	0	0	0	-	0	26	26	0	0	304	304	0	0	2208	2208	0	0	0	0	0	0	0	0	0	0	0	0	0	0	0	0	0	0	0	0	0	0
F268-D04	discovery	safe-safe	24	134	205238027147437	0	1	0	-	1	24	31	46	24	0	0	0	0	0	0	0	24	276	0	0	0	-	0	24	24	0	0	264	264	0	0	2208	2208	0	0	0	0	0	0	0	0	0	0	0	0	0	0	0	0	0	0	0	0	0	0
F268-D04	discovery	safe-safe	24	134	205238027147437	1	1	0	-	1	24	32	44	24	0	0	0	0	0	0	0	24	276	0	0	0	-	0	24	24	0	0	216	216	0	0	2208	2208	0	0	0	0	0	0	0	0	0	0	0	0	0	0	0	0	0	0	0	0	0	0
F268-D04	discovery	safe-safe	24	134	205238027147437	2	1	0	-	1	24	30	44	24	0	0	0	0	0	0	0	24	276	0	0	0	-	0	24	24	0	0	312	312	0	0	2208	2208	0	0	0	0	0	0	0	0	0	0	0	0	0	0	0	0	0	0	0	0	0	0
F268-D04	discovery	safe-safe	24	134	205238027147437	3	1	0	-	1	24	32	44	24	0	0	0	0	0	0	0	24	276	0	0	0	-	0	24	24	0	0	312	312	0	0	2208	2208	0	0	0	0	0	0	0	0	0	0	0	0	0	0	0	0	0	0	0	0	0	0
F268-D04	discovery	safe-safe	24	134	205238027147437	4	1	0	-	1	24	32	59	24	0	0	0	0	0	0	0	24	276	0	0	0	-	0	24	24	0	0	264	264	0	0	2208	2208	0	0	0	0	0	0	0	0	0	0	0	0	0	0	0	0	0	0	0	0	0	0
F268-D04	discovery	safe-safe	24	134	205238027147437	5	1	0	-	1	24	34	57	24	0	0	0	0	0	0	0	24	276	0	0	0	-	0	24	24	0	0	264	264	0	0	2208	2172	36	0	12	12	0	0	0	0	0	0	0	0	0	0	0	0	0	0	0	0	0	0
F268-D04	discovery	safe-safe	24	134	205238027147437	6	1	0	-	1	24	32	45	24	0	0	0	0	0	0	0	24	276	0	0	0	-	0	24	24	0	0	216	216	0	0	2208	2208	0	0	16	16	0	0	0	0	0	0	0	0	0	0	0	0	0	0	0	0	0	0
F268-D04	discovery	safe-safe	24	134	205238027147437	7	1	0	-	1	24	35	54	24	0	0	0	0	0	0	0	24	276	0	0	0	-	0	24	24	0	0	312	312	0	0	2208	2208	0	0	36	36	0	0	0	0	0	0	0	0	0	0	0	0	0	0	0	0	0	0
F268-D04	discovery	safe-safe	24	134	205238027147437	8	1	0	-	1	24	29	34	24	0	0	0	0	0	0	0	24	276	0	0	0	-	0	24	24	0	0	312	312	0	0	2208	2208	0	0	24	24	0	0	0	0	0	0	0	0	0	0	0	0	0	0	0	0	0	0
F268-D04	discovery	safe-safe	24	134	205238027147437	9	1	0	-	1	24	33	42	24	0	0	0	0	0	0	0	24	276	0	0	0	-	0	24	24	0	0	264	264	0	0	2208	2190	18	0	6	6	0	0	0	0	0	0	0	0	0	0	0	0	0	0	0	0	0	0
F268-D04	discovery	safe-safe	24	134	205238027147437	10	1	0	-	1	20	28	38	20	0	0	0	0	0	0	0	20	190	0	0	0	-	0	4	4	0	0	228	228	0	0	1520	1480	40	0	16	16	0	0	0	0	0	0	0	0	0	0	0	0	0	0	0	0	0	0
F268-D04	discovery	safe-safe	24	134	205238027147437	11	1	0	-	1	24	35	45	24	0	0	0	0	0	0	0	24	276	0	0	0	-	0	26	26	0	0	274	274	0	0	2208	2208	0	0	0	0	0	0	0	0	0	0	0	0	0	0	0	0	0	0	0	0	0	0
F268-D04	discovery	safe-safe	24	135	175297285212601	0	1	0	-	1	24	30	48	24	0	0	0	0	0	0	0	24	276	0	0	0	-	0	24	24	0	0	312	312	0	0	2208	2208	0	0	0	0	0	0	0	0	0	0	0	0	0	0	0	0	0	0	0	0	0	0
F268-D04	discovery	safe-safe	24	135	175297285212601	1	1	0	-	1	24	30	46	24	0	0	0	0	0	0	0	24	276	0	0	0	-	0	24	24	0	0	216	216	0	0	2208	2208	0	0	0	0	0	0	0	0	0	0	0	0	0	0	0	0	0	0	0	0	0	0
F268-D04	discovery	safe-safe	24	135	175297285212601	2	1	0	-	1	24	32	43	24	0	0	0	0	0	0	0	24	276	0	0	0	-	0	24	24	0	0	360	360	0	0	2208	2208	0	0	0	0	0	0	0	0	0	0	0	0	0	0	0	0	0	0	0	0	0	0
F268-D04	discovery	safe-safe	24	135	175297285212601	3	1	0	-	1	24	34	55	24	0	0	0	0	0	0	0	24	276	0	0	0	-	0	24	24	0	0	360	360	0	0	2208	2208	0	0	0	0	0	0	0	0	0	0	0	0	0	0	0	0	0	0	0	0	0	0
F268-D04	discovery	safe-safe	24	135	175297285212601	4	1	0	-	1	24	31	43	24	0	0	0	0	0	0	0	24	276	0	0	0	-	0	24	24	0	0	264	264	0	0	2208	2208	0	0	0	0	0	0	0	0	0	0	0	0	0	0	0	0	0	0	0	0	0	0
F268-D04	discovery	safe-safe	24	135	175297285212601	5	1	0	-	1	24	32	38	24	0	0	0	0	0	0	0	24	276	0	0	0	-	0	24	24	0	0	312	312	0	0	2208	2172	36	0	12	12	0	0	0	0	0	0	0	0	0	0	0	0	0	0	0	0	0	0
F268-D04	discovery	safe-safe	24	135	175297285212601	6	1	0	-	1	24	34	36	24	0	0	0	0	0	0	0	24	276	0	0	0	-	0	24	24	0	0	216	216	0	0	2208	2208	0	0	16	16	0	0	0	0	0	0	0	0	0	0	0	0	0	0	0	0	0	0
F268-D04	discovery	safe-safe	24	135	175297285212601	7	1	0	-	1	24	32	54	24	0	0	0	0	0	0	0	24	276	0	0	0	-	0	24	24	0	0	360	360	0	0	2208	2208	0	0	36	36	0	0	0	0	0	0	0	0	0	0	0	0	0	0	0	0	0	0
F268-D04	discovery	safe-safe	24	135	175297285212601	8	1	0	-	1	24	30	33	24	0	0	0	0	0	0	0	24	276	0	0	0	-	0	24	24	0	0	360	360	0	0	2208	2208	0	0	24	24	0	0	0	0	0	0	0	0	0	0	0	0	0	0	0	0	0	0
F268-D04	discovery	safe-safe	24	135	175297285212601	9	1	0	-	1	24	31	36	24	0	0	0	0	0	0	0	24	276	0	0	0	-	0	24	24	0	0	264	264	0	0	2208	2190	18	0	6	6	0	0	0	0	0	0	0	0	0	0	0	0	0	0	0	0	0	0
F268-D04	discovery	safe-safe	24	135	175297285212601	10	1	0	-	1	20	26	49	20	0	0	0	0	0	0	0	20	190	0	0	0	-	0	4	4	0	0	252	252	0	0	1520	1480	40	0	16	16	0	0	0	0	0	0	0	0	0	0	0	0	0	0	0	0	0	0
F268-D04	discovery	safe-safe	24	135	175297285212601	11	1	0	-	1	24	34	45	24	0	0	0	0	0	0	0	24	276	0	0	0	-	0	26	26	0	0	304	304	0	0	2208	2208	0	0	0	0	0	0	0	0	0	0	0	0	0	0	0	0	0	0	0	0	0	0
F268-D04	discovery	safe-safe	24	136	146153784859261	0	1	0	-	1	24	33	42	24	0	0	0	0	0	0	0	24	276	0	0	0	-	0	24	24	0	0	264	264	0	0	2208	2208	0	0	0	0	0	0	0	0	0	0	0	0	0	0	0	0	0	0	0	0	0	0
F268-D04	discovery	safe-safe	24	136	146153784859261	1	1	0	-	1	24	30	38	24	0	0	0	0	0	0	0	24	276	0	0	0	-	0	24	24	0	0	216	216	0	0	2208	2208	0	0	0	0	0	0	0	0	0	0	0	0	0	0	0	0	0	0	0	0	0	0
F268-D04	discovery	safe-safe	24	136	146153784859261	2	1	0	-	1	24	33	49	24	0	0	0	0	0	0	0	24	276	0	0	0	-	0	24	24	0	0	312	312	0	0	2208	2208	0	0	0	0	0	0	0	0	0	0	0	0	0	0	0	0	0	0	0	0	0	0
F268-D04	discovery	safe-safe	24	136	146153784859261	3	1	0	-	1	24	31	51	24	0	0	0	0	0	0	0	24	276	0	0	0	-	0	24	24	0	0	312	312	0	0	2208	2208	0	0	0	0	0	0	0	0	0	0	0	0	0	0	0	0	0	0	0	0	0	0
F268-D04	discovery	safe-safe	24	136	146153784859261	4	1	0	-	1	24	30	39	24	0	0	0	0	0	0	0	24	276	0	0	0	-	0	24	24	0	0	264	264	0	0	2208	2208	0	0	0	0	0	0	0	0	0	0	0	0	0	0	0	0	0	0	0	0	0	0
F268-D04	discovery	safe-safe	24	136	146153784859261	5	1	0	-	1	24	29	32	24	0	0	0	0	0	0	0	24	276	0	0	0	-	0	24	24	0	0	264	264	0	0	2208	2172	36	0	12	12	0	0	0	0	0	0	0	0	0	0	0	0	0	0	0	0	0	0
F268-D04	discovery	safe-safe	24	136	146153784859261	6	1	0	-	1	24	29	48	24	0	0	0	0	0	0	0	24	276	0	0	0	-	0	24	24	0	0	216	216	0	0	2208	2208	0	0	16	16	0	0	0	0	0	0	0	0	0	0	0	0	0	0	0	0	0	0
F268-D04	discovery	safe-safe	24	136	146153784859261	7	1	0	-	1	24	28	34	24	0	0	0	0	0	0	0	24	276	0	0	0	-	0	24	24	0	0	312	312	0	0	2208	2208	0	0	36	36	0	0	0	0	0	0	0	0	0	0	0	0	0	0	0	0	0	0
F268-D04	discovery	safe-safe	24	136	146153784859261	8	1	0	-	1	24	31	42	24	0	0	0	0	0	0	0	24	276	0	0	0	-	0	24	24	0	0	312	312	0	0	2208	2208	0	0	24	24	0	0	0	0	0	0	0	0	0	0	0	0	0	0	0	0	0	0
F268-D04	discovery	safe-safe	24	136	146153784859261	9	1	0	-	1	24	31	44	24	0	0	0	0	0	0	0	24	276	0	0	0	-	0	24	24	0	0	264	264	0	0	2208	2190	18	0	6	6	0	0	0	0	0	0	0	0	0	0	0	0	0	0	0	0	0	0
F268-D04	discovery	safe-safe	24	136	146153784859261	10	1	0	-	1	20	25	33	20	0	0	0	0	0	0	0	20	190	0	0	0	-	0	4	4	0	0	228	228	0	0	1520	1480	40	0	16	16	0	0	0	0	0	0	0	0	0	0	0	0	0	0	0	0	0	0
F268-D04	discovery	safe-safe	24	136	146153784859261	11	1	0	-	1	24	29	46	24	0	0	0	0	0	0	0	24	276	0	0	0	-	0	26	26	0	0	274	274	0	0	2208	2208	0	0	0	0	0	0	0	0	0	0	0	0	0	0	0	0	0	0	0	0	0	0
F268-D04	discovery	safe-safe	24	137	199543613208253	0	1	0	-	1	24	29	54	24	0	0	0	0	0	0	0	24	276	0	0	0	-	0	24	24	0	0	264	264	0	0	2208	2208	0	0	0	0	0	0	0	0	0	0	0	0	0	0	0	0	0	0	0	0	0	0
F268-D04	discovery	safe-safe	24	137	199543613208253	1	1	0	-	1	24	32	47	24	0	0	0	0	0	0	0	24	276	0	0	0	-	0	24	24	0	0	216	216	0	0	2208	2208	0	0	0	0	0	0	0	0	0	0	0	0	0	0	0	0	0	0	0	0	0	0
F268-D04	discovery	safe-safe	24	137	199543613208253	2	1	0	-	1	24	31	55	24	0	0	0	0	0	0	0	24	276	0	0	0	-	0	24	24	0	0	312	312	0	0	2208	2208	0	0	0	0	0	0	0	0	0	0	0	0	0	0	0	0	0	0	0	0	0	0
F268-D04	discovery	safe-safe	24	137	199543613208253	3	1	0	-	1	24	30	55	24	0	0	0	0	0	0	0	24	276	0	0	0	-	0	24	24	0	0	312	312	0	0	2208	2208	0	0	0	0	0	0	0	0	0	0	0	0	0	0	0	0	0	0	0	0	0	0
F268-D04	discovery	safe-safe	24	137	199543613208253	4	1	0	-	1	24	34	47	24	0	0	0	0	0	0	0	24	276	0	0	0	-	0	24	24	0	0	264	264	0	0	2208	2208	0	0	0	0	0	0	0	0	0	0	0	0	0	0	0	0	0	0	0	0	0	0
F268-D04	discovery	safe-safe	24	137	199543613208253	5	1	0	-	1	24	35	49	24	0	0	0	0	0	0	0	24	276	0	0	0	-	0	24	24	0	0	264	264	0	0	2208	2172	36	0	12	12	0	0	0	0	0	0	0	0	0	0	0	0	0	0	0	0	0	0
F268-D04	discovery	safe-safe	24	137	199543613208253	6	1	0	-	1	24	32	55	24	0	0	0	0	0	0	0	24	276	0	0	0	-	0	24	24	0	0	216	216	0	0	2208	2208	0	0	16	16	0	0	0	0	0	0	0	0	0	0	0	0	0	0	0	0	0	0
F268-D04	discovery	safe-safe	24	137	199543613208253	7	1	0	-	1	24	30	42	24	0	0	0	0	0	0	0	24	276	0	0	0	-	0	24	24	0	0	312	312	0	0	2208	2208	0	0	36	36	0	0	0	0	0	0	0	0	0	0	0	0	0	0	0	0	0	0
F268-D04	discovery	safe-safe	24	137	199543613208253	8	1	0	-	1	24	29	37	24	0	0	0	0	0	0	0	24	276	0	0	0	-	0	24	24	0	0	312	312	0	0	2208	2208	0	0	24	24	0	0	0	0	0	0	0	0	0	0	0	0	0	0	0	0	0	0
F268-D04	discovery	safe-safe	24	137	199543613208253	9	1	0	-	1	24	34	41	24	0	0	0	0	0	0	0	24	276	0	0	0	-	0	24	24	0	0	264	264	0	0	2208	2190	18	0	6	6	0	0	0	0	0	0	0	0	0	0	0	0	0	0	0	0	0	0
F268-D04	discovery	safe-safe	24	137	199543613208253	10	1	0	-	1	20	27	36	20	0	0	0	0	0	0	0	20	190	0	0	0	-	0	4	4	0	0	228	228	0	0	1520	1480	40	0	16	16	0	0	0	0	0	0	0	0	0	0	0	0	0	0	0	0	0	0
F268-D04	discovery	safe-safe	24	137	199543613208253	11	1	0	-	1	24	30	36	24	0	0	0	0	0	0	0	24	276	0	0	0	-	0	26	26	0	0	274	274	0	0	2208	2208	0	0	0	0	0	0	0	0	0	0	0	0	0	0	0	0	0	0	0	0	0	0
F268-D04	discovery	safe-safe	24	138	83922576505909	0	1	0	-	1	24	33	47	24	0	0	0	0	0	0	0	24	276	0	0	0	-	0	24	24	0	0	264	264	0	0	2208	2208	0	0	0	0	0	0	0	0	0	0	0	0	0	0	0	0	0	0	0	0	0	0
F268-D04	discovery	safe-safe	24	138	83922576505909	1	1	0	-	1	24	31	36	24	0	0	0	0	0	0	0	24	276	0	0	0	-	0	24	24	0	0	216	216	0	0	2208	2208	0	0	0	0	0	0	0	0	0	0	0	0	0	0	0	0	0	0	0	0	0	0
F268-D04	discovery	safe-safe	24	138	83922576505909	2	1	0	-	1	24	30	38	24	0	0	0	0	0	0	0	24	276	0	0	0	-	0	24	24	0	0	312	312	0	0	2208	2208	0	0	0	0	0	0	0	0	0	0	0	0	0	0	0	0	0	0	0	0	0	0
F268-D04	discovery	safe-safe	24	138	83922576505909	3	1	0	-	1	24	35	51	24	0	0	0	0	0	0	0	24	276	0	0	0	-	0	24	24	0	0	312	312	0	0	2208	2208	0	0	0	0	0	0	0	0	0	0	0	0	0	0	0	0	0	0	0	0	0	0
F268-D04	discovery	safe-safe	24	138	83922576505909	4	1	0	-	1	24	31	47	24	0	0	0	0	0	0	0	24	276	0	0	0	-	0	24	24	0	0	264	264	0	0	2208	2208	0	0	0	0	0	0	0	0	0	0	0	0	0	0	0	0	0	0	0	0	0	0
F268-D04	discovery	safe-safe	24	138	83922576505909	5	1	0	-	1	24	34	54	24	0	0	0	0	0	0	0	24	276	0	0	0	-	0	24	24	0	0	264	264	0	0	2208	2172	36	0	12	12	0	0	0	0	0	0	0	0	0	0	0	0	0	0	0	0	0	0
F268-D04	discovery	safe-safe	24	138	83922576505909	6	1	0	-	1	24	34	43	24	0	0	0	0	0	0	0	24	276	0	0	0	-	0	24	24	0	0	216	216	0	0	2208	2208	0	0	16	16	0	0	0	0	0	0	0	0	0	0	0	0	0	0	0	0	0	0
F268-D04	discovery	safe-safe	24	138	83922576505909	7	1	0	-	1	24	32	47	24	0	0	0	0	0	0	0	24	276	0	0	0	-	0	24	24	0	0	312	312	0	0	2208	2208	0	0	36	36	0	0	0	0	0	0	0	0	0	0	0	0	0	0	0	0	0	0
F268-D04	discovery	safe-safe	24	138	83922576505909	8	1	0	-	1	24	32	44	24	0	0	0	0	0	0	0	24	276	0	0	0	-	0	24	24	0	0	312	312	0	0	2208	2208	0	0	24	24	0	0	0	0	0	0	0	0	0	0	0	0	0	0	0	0	0	0
F268-D04	discovery	safe-safe	24	138	83922576505909	9	1	0	-	1	24	29	51	24	0	0	0	0	0	0	0	24	276	0	0	0	-	0	24	24	0	0	264	264	0	0	2208	2190	18	0	6	6	0	0	0	0	0	0	0	0	0	0	0	0	0	0	0	0	0	0
F268-D04	discovery	safe-safe	24	138	83922576505909	10	1	0	-	1	20	26	31	20	0	0	0	0	0	0	0	20	190	0	0	0	-	0	4	4	0	0	228	228	0	0	1520	1480	40	0	16	16	0	0	0	0	0	0	0	0	0	0	0	0	0	0	0	0	0	0
F268-D04	discovery	safe-safe	24	138	83922576505909	11	1	0	-	1	24	35	45	24	0	0	0	0	0	0	0	24	276	0	0	0	-	0	26	26	0	0	274	274	0	0	2208	2208	0	0	0	0	0	0	0	0	0	0	0	0	0	0	0	0	0	0	0	0	0	0
F268-D04	discovery	safe-safe	24	139	149849045800141	0	1	0	-	1	24	30	41	24	0	0	0	0	0	0	0	24	276	0	0	0	-	0	24	24	0	0	264	264	0	0	2208	2208	0	0	0	0	0	0	0	0	0	0	0	0	0	0	0	0	0	0	0	0	0	0
F268-D04	discovery	safe-safe	24	139	149849045800141	1	1	0	-	1	24	30	46	24	0	0	0	0	0	0	0	24	276	0	0	0	-	0	24	24	0	0	216	216	0	0	2208	2208	0	0	0	0	0	0	0	0	0	0	0	0	0	0	0	0	0	0	0	0	0	0
F268-D04	discovery	safe-safe	24	139	149849045800141	2	1	0	-	1	24	29	42	24	0	0	0	0	0	0	0	24	276	0	0	0	-	0	24	24	0	0	312	312	0	0	2208	2208	0	0	0	0	0	0	0	0	0	0	0	0	0	0	0	0	0	0	0	0	0	0
F268-D04	discovery	safe-safe	24	139	149849045800141	3	1	0	-	1	24	33	48	24	0	0	0	0	0	0	0	24	276	0	0	0	-	0	24	24	0	0	312	312	0	0	2208	2208	0	0	0	0	0	0	0	0	0	0	0	0	0	0	0	0	0	0	0	0	0	0
F268-D04	discovery	safe-safe	24	139	149849045800141	4	1	0	-	1	24	29	37	24	0	0	0	0	0	0	0	24	276	0	0	0	-	0	24	24	0	0	264	264	0	0	2208	2208	0	0	0	0	0	0	0	0	0	0	0	0	0	0	0	0	0	0	0	0	0	0
F268-D04	discovery	safe-safe	24	139	149849045800141	5	1	0	-	1	24	31	43	24	0	0	0	0	0	0	0	24	276	0	0	0	-	0	24	24	0	0	264	264	0	0	2208	2172	36	0	12	12	0	0	0	0	0	0	0	0	0	0	0	0	0	0	0	0	0	0
F268-D04	discovery	safe-safe	24	139	149849045800141	6	1	0	-	1	24	33	37	24	0	0	0	0	0	0	0	24	276	0	0	0	-	0	24	24	0	0	216	216	0	0	2208	2208	0	0	16	16	0	0	0	0	0	0	0	0	0	0	0	0	0	0	0	0	0	0
F268-D04	discovery	safe-safe	24	139	149849045800141	7	1	0	-	1	24	30	48	24	0	0	0	0	0	0	0	24	276	0	0	0	-	0	24	24	0	0	312	312	0	0	2208	2208	0	0	36	36	0	0	0	0	0	0	0	0	0	0	0	0	0	0	0	0	0	0
F268-D04	discovery	safe-safe	24	139	149849045800141	8	1	0	-	1	24	36	49	24	0	0	0	0	0	0	0	24	276	0	0	0	-	0	24	24	0	0	312	312	0	0	2208	2208	0	0	24	24	0	0	0	0	0	0	0	0	0	0	0	0	0	0	0	0	0	0
F268-D04	discovery	safe-safe	24	139	149849045800141	9	1	0	-	1	24	30	34	24	0	0	0	0	0	0	0	24	276	0	0	0	-	0	24	24	0	0	264	264	0	0	2208	2190	18	0	6	6	0	0	0	0	0	0	0	0	0	0	0	0	0	0	0	0	0	0
F268-D04	discovery	safe-safe	24	139	149849045800141	10	1	0	-	1	20	28	32	20	0	0	0	0	0	0	0	20	190	0	0	0	-	0	4	4	0	0	228	228	0	0	1520	1480	40	0	16	16	0	0	0	0	0	0	0	0	0	0	0	0	0	0	0	0	0	0
F268-D04	discovery	safe-safe	24	139	149849045800141	11	1	0	-	1	24	32	39	24	0	0	0	0	0	0	0	24	276	0	0	0	-	0	26	26	0	0	274	274	0	0	2208	2208	0	0	0	0	0	0	0	0	0	0	0	0	0	0	0	0	0	0	0	0	0	0
F268-D04	discovery	safe-safe	24	140	186791087274109	0	1	0	-	1	24	31	44	24	0	0	0	0	0	0	0	24	276	0	0	0	-	0	24	24	0	0	264	264	0	0	2208	2208	0	0	0	0	0	0	0	0	0	0	0	0	0	0	0	0	0	0	0	0	0	0
F268-D04	discovery	safe-safe	24	140	186791087274109	1	1	0	-	1	24	33	45	24	0	0	0	0	0	0	0	24	276	0	0	0	-	0	24	24	0	0	216	216	0	0	2208	2208	0	0	0	0	0	0	0	0	0	0	0	0	0	0	0	0	0	0	0	0	0	0
F268-D04	discovery	safe-safe	24	140	186791087274109	2	1	0	-	1	24	32	45	24	0	0	0	0	0	0	0	24	276	0	0	0	-	0	24	24	0	0	312	312	0	0	2208	2208	0	0	0	0	0	0	0	0	0	0	0	0	0	0	0	0	0	0	0	0	0	0
F268-D04	discovery	safe-safe	24	140	186791087274109	3	1	0	-	1	24	29	59	24	0	0	0	0	0	0	0	24	276	0	0	0	-	0	24	24	0	0	312	312	0	0	2208	2208	0	0	0	0	0	0	0	0	0	0	0	0	0	0	0	0	0	0	0	0	0	0
F268-D04	discovery	safe-safe	24	140	186791087274109	4	1	0	-	1	24	33	48	24	0	0	0	0	0	0	0	24	276	0	0	0	-	0	24	24	0	0	264	264	0	0	2208	2208	0	0	0	0	0	0	0	0	0	0	0	0	0	0	0	0	0	0	0	0	0	0
F268-D04	discovery	safe-safe	24	140	186791087274109	5	1	0	-	1	24	33	40	24	0	0	0	0	0	0	0	24	276	0	0	0	-	0	24	24	0	0	264	264	0	0	2208	2172	36	0	12	12	0	0	0	0	0	0	0	0	0	0	0	0	0	0	0	0	0	0
F268-D04	discovery	safe-safe	24	140	186791087274109	6	1	0	-	1	24	33	41	24	0	0	0	0	0	0	0	24	276	0	0	0	-	0	24	24	0	0	216	216	0	0	2208	2208	0	0	16	16	0	0	0	0	0	0	0	0	0	0	0	0	0	0	0	0	0	0
F268-D04	discovery	safe-safe	24	140	186791087274109	7	1	0	-	1	24	32	42	24	0	0	0	0	0	0	0	24	276	0	0	0	-	0	24	24	0	0	312	312	0	0	2208	2208	0	0	36	36	0	0	0	0	0	0	0	0	0	0	0	0	0	0	0	0	0	0
F268-D04	discovery	safe-safe	24	140	186791087274109	8	1	0	-	1	24	29	55	24	0	0	0	0	0	0	0	24	276	0	0	0	-	0	24	24	0	0	312	312	0	0	2208	2208	0	0	24	24	0	0	0	0	0	0	0	0	0	0	0	0	0	0	0	0	0	0
F268-D04	discovery	safe-safe	24	140	186791087274109	9	1	0	-	1	24	32	43	24	0	0	0	0	0	0	0	24	276	0	0	0	-	0	24	24	0	0	264	264	0	0	2208	2190	18	0	6	6	0	0	0	0	0	0	0	0	0	0	0	0	0	0	0	0	0	0
F268-D04	discovery	safe-safe	24	140	186791087274109	10	1	0	-	1	20	28	30	20	0	0	0	0	0	0	0	20	190	0	0	0	-	0	4	4	0	0	228	228	0	0	1520	1480	40	0	16	16	0	0	0	0	0	0	0	0	0	0	0	0	0	0	0	0	0	0
F268-D04	discovery	safe-safe	24	140	186791087274109	11	1	0	-	1	24	31	36	24	0	0	0	0	0	0	0	24	276	0	0	0	-	0	26	26	0	0	274	274	0	0	2208	2208	0	0	0	0	0	0	0	0	0	0	0	0	0	0	0	0	0	0	0	0	0	0
F268-D04	discovery	safe-safe	24	141	168301902626929	0	1	0	-	1	24	35	44	24	0	0	0	0	0	0	0	24	276	0	0	0	-	0	24	24	0	0	360	360	0	0	2208	2208	0	0	0	0	0	0	0	0	0	0	0	0	0	0	0	0	0	0	0	0	0	0
F268-D04	discovery	safe-safe	24	141	168301902626929	1	1	0	-	1	24	33	46	24	0	0	0	0	0	0	0	24	276	0	0	0	-	0	24	24	0	0	216	216	0	0	2208	2208	0	0	0	0	0	0	0	0	0	0	0	0	0	0	0	0	0	0	0	0	0	0
F268-D04	discovery	safe-safe	24	141	168301902626929	2	1	0	-	1	24	31	41	24	0	0	0	0	0	0	0	24	276	0	0	0	-	0	24	24	0	0	408	408	0	0	2208	2208	0	0	0	0	0	0	0	0	0	0	0	0	0	0	0	0	0	0	0	0	0	0
F268-D04	discovery	safe-safe	24	141	168301902626929	3	1	0	-	1	24	29	35	24	0	0	0	0	0	0	0	24	276	0	0	0	-	0	24	24	0	0	408	408	0	0	2208	2208	0	0	0	0	0	0	0	0	0	0	0	0	0	0	0	0	0	0	0	0	0	0
F268-D04	discovery	safe-safe	24	141	168301902626929	4	1	0	-	1	24	32	46	24	0	0	0	0	0	0	0	24	276	0	0	0	-	0	24	24	0	0	264	264	0	0	2208	2208	0	0	0	0	0	0	0	0	0	0	0	0	0	0	0	0	0	0	0	0	0	0
F268-D04	discovery	safe-safe	24	141	168301902626929	5	1	0	-	1	24	33	51	24	0	0	0	0	0	0	0	24	276	0	0	0	-	0	24	24	0	0	360	360	0	0	2208	2172	36	0	12	12	0	0	0	0	0	0	0	0	0	0	0	0	0	0	0	0	0	0
F268-D04	discovery	safe-safe	24	141	168301902626929	6	1	0	-	1	24	33	36	24	0	0	0	0	0	0	0	24	276	0	0	0	-	0	24	24	0	0	216	216	0	0	2208	2208	0	0	16	16	0	0	0	0	0	0	0	0	0	0	0	0	0	0	0	0	0	0
F268-D04	discovery	safe-safe	24	141	168301902626929	7	1	0	-	1	24	30	31	24	0	0	0	0	0	0	0	24	276	0	0	0	-	0	24	24	0	0	408	408	0	0	2208	2208	0	0	36	36	0	0	0	0	0	0	0	0	0	0	0	0	0	0	0	0	0	0
F268-D04	discovery	safe-safe	24	141	168301902626929	8	1	0	-	1	24	33	42	24	0	0	0	0	0	0	0	24	276	0	0	0	-	0	24	24	0	0	408	408	0	0	2208	2208	0	0	24	24	0	0	0	0	0	0	0	0	0	0	0	0	0	0	0	0	0	0
F268-D04	discovery	safe-safe	24	141	168301902626929	9	1	0	-	1	24	34	43	24	0	0	0	0	0	0	0	24	276	0	0	0	-	0	24	24	0	0	264	264	0	0	2208	2190	18	0	6	6	0	0	0	0	0	0	0	0	0	0	0	0	0	0	0	0	0	0
F268-D04	discovery	safe-safe	24	141	168301902626929	10	1	0	-	1	20	26	31	20	0	0	0	0	0	0	0	20	190	0	0	0	-	0	4	4	0	0	276	276	0	0	1520	1480	40	0	16	16	0	0	0	0	0	0	0	0	0	0	0	0	0	0	0	0	0	0
F268-D04	discovery	safe-safe	24	141	168301902626929	11	1	0	-	1	24	32	39	24	0	0	0	0	0	0	0	24	276	0	0	0	-	0	26	26	0	0	334	334	0	0	2208	2208	0	0	0	0	0	0	0	0	0	0	0	0	0	0	0	0	0	0	0	0	0	0
F268-D04	discovery	safe-safe	24	142	138124345239289	0	1	0	-	1	24	32	53	24	0	0	0	0	0	0	0	24	276	0	0	0	-	0	24	24	0	0	312	312	0	0	2208	2208	0	0	0	0	0	0	0	0	0	0	0	0	0	0	0	0	0	0	0	0	0	0
F268-D04	discovery	safe-safe	24	142	138124345239289	1	1	0	-	1	24	31	37	24	0	0	0	0	0	0	0	24	276	0	0	0	-	0	24	24	0	0	216	216	0	0	2208	2208	0	0	0	0	0	0	0	0	0	0	0	0	0	0	0	0	0	0	0	0	0	0
F268-D04	discovery	safe-safe	24	142	138124345239289	2	1	0	-	1	24	29	43	24	0	0	0	0	0	0	0	24	276	0	0	0	-	0	24	24	0	0	360	360	0	0	2208	2208	0	0	0	0	0	0	0	0	0	0	0	0	0	0	0	0	0	0	0	0	0	0
F268-D04	discovery	safe-safe	24	142	138124345239289	3	1	0	-	1	24	29	42	24	0	0	0	0	0	0	0	24	276	0	0	0	-	0	24	24	0	0	360	360	0	0	2208	2208	0	0	0	0	0	0	0	0	0	0	0	0	0	0	0	0	0	0	0	0	0	0
F268-D04	discovery	safe-safe	24	142	138124345239289	4	1	0	-	1	24	33	47	24	0	0	0	0	0	0	0	24	276	0	0	0	-	0	24	24	0	0	264	264	0	0	2208	2208	0	0	0	0	0	0	0	0	0	0	0	0	0	0	0	0	0	0	0	0	0	0
F268-D04	discovery	safe-safe	24	142	138124345239289	5	1	0	-	1	24	32	51	24	0	0	0	0	0	0	0	24	276	0	0	0	-	0	24	24	0	0	312	312	0	0	2208	2172	36	0	12	12	0	0	0	0	0	0	0	0	0	0	0	0	0	0	0	0	0	0
F268-D04	discovery	safe-safe	24	142	138124345239289	6	1	0	-	1	24	29	31	24	0	0	0	0	0	0	0	24	276	0	0	0	-	0	24	24	0	0	216	216	0	0	2208	2208	0	0	16	16	0	0	0	0	0	0	0	0	0	0	0	0	0	0	0	0	0	0
F268-D04	discovery	safe-safe	24	142	138124345239289	7	1	0	-	1	24	29	49	24	0	0	0	0	0	0	0	24	276	0	0	0	-	0	24	24	0	0	360	360	0	0	2208	2208	0	0	36	36	0	0	0	0	0	0	0	0	0	0	0	0	0	0	0	0	0	0
F268-D04	discovery	safe-safe	24	142	138124345239289	8	1	0	-	1	24	28	32	24	0	0	0	0	0	0	0	24	276	0	0	0	-	0	24	24	0	0	360	360	0	0	2208	2208	0	0	24	24	0	0	0	0	0	0	0	0	0	0	0	0	0	0	0	0	0	0
F268-D04	discovery	safe-safe	24	142	138124345239289	9	1	0	-	1	24	31	40	24	0	0	0	0	0	0	0	24	276	0	0	0	-	0	24	24	0	0	264	264	0	0	2208	2190	18	0	6	6	0	0	0	0	0	0	0	0	0	0	0	0	0	0	0	0	0	0
F268-D04	discovery	safe-safe	24	142	138124345239289	10	1	0	-	1	20	29	44	20	0	0	0	0	0	0	0	20	190	0	0	0	-	0	4	4	0	0	252	252	0	0	1520	1480	40	0	16	16	0	0	0	0	0	0	0	0	0	0	0	0	0	0	0	0	0	0
F268-D04	discovery	safe-safe	24	142	138124345239289	11	1	0	-	1	24	31	50	24	0	0	0	0	0	0	0	24	276	0	0	0	-	0	26	26	0	0	304	304	0	0	2208	2208	0	0	0	0	0	0	0	0	0	0	0	0	0	0	0	0	0	0	0	0	0	0
F268-D04	discovery	safe-safe	24	143	156303278929381	0	1	0	-	1	24	34	48	24	0	0	0	0	0	0	0	24	276	0	0	0	-	0	24	24	0	0	264	264	0	0	2208	2208	0	0	0	0	0	0	0	0	0	0	0	0	0	0	0	0	0	0	0	0	0	0
F268-D04	discovery	safe-safe	24	143	156303278929381	1	1	0	-	1	24	34	53	24	0	0	0	0	0	0	0	24	276	0	0	0	-	0	24	24	0	0	216	216	0	0	2208	2208	0	0	0	0	0	0	0	0	0	0	0	0	0	0	0	0	0	0	0	0	0	0
F268-D04	discovery	safe-safe	24	143	156303278929381	2	1	0	-	1	24	31	52	24	0	0	0	0	0	0	0	24	276	0	0	0	-	0	24	24	0	0	312	312	0	0	2208	2208	0	0	0	0	0	0	0	0	0	0	0	0	0	0	0	0	0	0	0	0	0	0
F268-D04	discovery	safe-safe	24	143	156303278929381	3	1	0	-	1	24	31	50	24	0	0	0	0	0	0	0	24	276	0	0	0	-	0	24	24	0	0	312	312	0	0	2208	2208	0	0	0	0	0	0	0	0	0	0	0	0	0	0	0	0	0	0	0	0	0	0
F268-D04	discovery	safe-safe	24	143	156303278929381	4	1	0	-	1	24	33	45	24	0	0	0	0	0	0	0	24	276	0	0	0	-	0	24	24	0	0	264	264	0	0	2208	2208	0	0	0	0	0	0	0	0	0	0	0	0	0	0	0	0	0	0	0	0	0	0
F268-D04	discovery	safe-safe	24	143	156303278929381	5	1	0	-	1	24	30	26	24	0	0	0	0	0	0	0	24	276	0	0	0	-	0	24	24	0	0	264	264	0	0	2208	2172	36	0	12	12	0	0	0	0	0	0	0	0	0	0	0	0	0	0	0	0	0	0
F268-D04	discovery	safe-safe	24	143	156303278929381	6	1	0	-	1	24	32	39	24	0	0	0	0	0	0	0	24	276	0	0	0	-	0	24	24	0	0	216	216	0	0	2208	2208	0	0	16	16	0	0	0	0	0	0	0	0	0	0	0	0	0	0	0	0	0	0
F268-D04	discovery	safe-safe	24	143	156303278929381	7	1	0	-	1	24	30	42	24	0	0	0	0	0	0	0	24	276	0	0	0	-	0	24	24	0	0	312	312	0	0	2208	2208	0	0	36	36	0	0	0	0	0	0	0	0	0	0	0	0	0	0	0	0	0	0
F268-D04	discovery	safe-safe	24	143	156303278929381	8	1	0	-	1	24	33	46	24	0	0	0	0	0	0	0	24	276	0	0	0	-	0	24	24	0	0	312	312	0	0	2208	2208	0	0	24	24	0	0	0	0	0	0	0	0	0	0	0	0	0	0	0	0	0	0
F268-D04	discovery	safe-safe	24	143	156303278929381	9	1	0	-	1	24	33	53	24	0	0	0	0	0	0	0	24	276	0	0	0	-	0	24	24	0	0	264	264	0	0	2208	2190	18	0	6	6	0	0	0	0	0	0	0	0	0	0	0	0	0	0	0	0	0	0
F268-D04	discovery	safe-safe	24	143	156303278929381	10	1	0	-	1	20	25	36	20	0	0	0	0	0	0	0	20	190	0	0	0	-	0	4	4	0	0	228	228	0	0	1520	1480	40	0	16	16	0	0	0	0	0	0	0	0	0	0	0	0	0	0	0	0	0	0
F268-D04	discovery	safe-safe	24	143	156303278929381	11	1	0	-	1	24	33	50	24	0	0	0	0	0	0	0	24	276	0	0	0	-	0	26	26	0	0	274	274	0	0	2208	2208	0	0	0	0	0	0	0	0	0	0	0	0	0	0	0	0	0	0	0	0	0	0
F268-D04	discovery	random	32	144	15923659587197782733	0	1	0	-	1	24	33	54	24	0	0	0	0	0	0	0	24	276	0	0	0	-	0	24	24	0	0	264	264	0	0	2208	2208	0	0	0	0	0	0	0	0	0	0	0	0	0	0	0	0	0	0	0	0	0	0
F268-D04	discovery	random	32	144	15923659587197782733	1	1	0	-	1	24	35	51	24	0	0	0	0	0	0	0	24	276	0	0	0	-	0	24	24	0	0	216	216	0	0	2208	2208	0	0	0	0	0	0	0	0	0	0	0	0	0	0	0	0	0	0	0	0	0	0
F268-D04	discovery	random	32	144	15923659587197782733	2	1	0	-	1	24	31	37	24	0	0	0	0	0	0	0	24	276	0	0	0	-	0	24	24	0	0	312	312	0	0	2208	2208	0	0	0	0	0	0	0	0	0	0	0	0	0	0	0	0	0	0	0	0	0	0
F268-D04	discovery	random	32	144	15923659587197782733	3	1	0	-	1	24	31	42	24	0	0	0	0	0	0	0	24	276	0	0	0	-	0	24	24	0	0	312	312	0	0	2208	2208	0	0	0	0	0	0	0	0	0	0	0	0	0	0	0	0	0	0	0	0	0	0
F268-D04	discovery	random	32	144	15923659587197782733	4	1	0	-	1	24	33	41	24	0	0	0	0	0	0	0	24	276	0	0	0	-	0	24	24	0	0	264	264	0	0	2208	2208	0	0	0	0	0	0	0	0	0	0	0	0	0	0	0	0	0	0	0	0	0	0
F268-D04	discovery	random	32	144	15923659587197782733	5	1	0	-	1	24	30	36	24	0	0	0	0	0	0	0	24	276	0	0	0	-	0	24	24	0	0	264	264	0	0	2208	2172	36	0	12	12	0	0	0	0	0	0	0	0	0	0	0	0	0	0	0	0	0	0
F268-D04	discovery	random	32	144	15923659587197782733	6	1	0	-	1	24	31	46	24	0	0	0	0	0	0	0	24	276	0	0	0	-	0	24	24	0	0	216	216	0	0	2208	2208	0	0	16	16	0	0	0	0	0	0	0	0	0	0	0	0	0	0	0	0	0	0
F268-D04	discovery	random	32	144	15923659587197782733	7	1	0	-	1	24	31	37	24	0	0	0	0	0	0	0	24	276	0	0	0	-	0	24	24	0	0	312	312	0	0	2208	2208	0	0	36	36	0	0	0	0	0	0	0	0	0	0	0	0	0	0	0	0	0	0
F268-D04	discovery	random	32	144	15923659587197782733	8	1	0	-	1	24	31	44	24	0	0	0	0	0	0	0	24	276	0	0	0	-	0	24	24	0	0	312	312	0	0	2208	2208	0	0	24	24	0	0	0	0	0	0	0	0	0	0	0	0	0	0	0	0	0	0
F268-D04	discovery	random	32	144	15923659587197782733	9	1	0	-	1	24	33	39	24	0	0	0	0	0	0	0	24	276	0	0	0	-	0	24	24	0	0	264	264	0	0	2208	2190	18	0	6	6	0	0	0	0	0	0	0	0	0	0	0	0	0	0	0	0	0	0
F268-D04	discovery	random	32	144	15923659587197782733	10	1	0	-	1	20	25	30	20	0	0	0	0	0	0	0	20	190	0	0	0	-	0	4	4	0	0	228	228	0	0	1520	1480	40	0	16	16	0	0	0	0	0	0	0	0	0	0	0	0	0	0	0	0	0	0
F268-D04	discovery	random	32	144	15923659587197782733	11	1	0	-	1	24	34	40	24	0	0	0	0	0	0	0	24	276	0	0	0	-	0	26	26	0	0	274	274	0	0	2208	2208	0	0	0	0	0	0	0	0	0	0	0	0	0	0	0	0	0	0	0	0	0	0
F268-D04	discovery	random	32	145	9927297960198179933	0	1	0	-	1	24	32	47	24	0	0	0	0	0	0	0	24	276	0	0	0	-	0	24	24	0	0	264	264	0	0	2208	2208	0	0	0	0	0	0	0	0	0	0	0	0	0	0	0	0	0	0	0	0	0	0
F268-D04	discovery	random	32	145	9927297960198179933	1	1	0	-	1	24	33	51	24	0	0	0	0	0	0	0	24	276	0	0	0	-	0	24	24	0	0	216	216	0	0	2208	2208	0	0	0	0	0	0	0	0	0	0	0	0	0	0	0	0	0	0	0	0	0	0
F268-D04	discovery	random	32	145	9927297960198179933	2	1	0	-	1	24	33	47	24	0	0	0	0	0	0	0	24	276	0	0	0	-	0	24	24	0	0	312	312	0	0	2208	2208	0	0	0	0	0	0	0	0	0	0	0	0	0	0	0	0	0	0	0	0	0	0
F268-D04	discovery	random	32	145	9927297960198179933	3	1	0	-	1	24	34	40	24	0	0	0	0	0	0	0	24	276	0	0	0	-	0	24	24	0	0	312	312	0	0	2208	2208	0	0	0	0	0	0	0	0	0	0	0	0	0	0	0	0	0	0	0	0	0	0
F268-D04	discovery	random	32	145	9927297960198179933	4	1	0	-	1	24	32	30	24	0	0	0	0	0	0	0	24	276	0	0	0	-	0	24	24	0	0	264	264	0	0	2208	2208	0	0	0	0	0	0	0	0	0	0	0	0	0	0	0	0	0	0	0	0	0	0
F268-D04	discovery	random	32	145	9927297960198179933	5	1	0	-	1	24	33	44	24	0	0	0	0	0	0	0	24	276	0	0	0	-	0	24	24	0	0	264	264	0	0	2208	2172	36	0	12	12	0	0	0	0	0	0	0	0	0	0	0	0	0	0	0	0	0	0
F268-D04	discovery	random	32	145	9927297960198179933	6	1	0	-	1	24	31	53	24	0	0	0	0	0	0	0	24	276	0	0	0	-	0	24	24	0	0	216	216	0	0	2208	2208	0	0	16	16	0	0	0	0	0	0	0	0	0	0	0	0	0	0	0	0	0	0
F268-D04	discovery	random	32	145	9927297960198179933	7	1	0	-	1	24	28	35	24	0	0	0	0	0	0	0	24	276	0	0	0	-	0	24	24	0	0	312	312	0	0	2208	2208	0	0	36	36	0	0	0	0	0	0	0	0	0	0	0	0	0	0	0	0	0	0
F268-D04	discovery	random	32	145	9927297960198179933	8	1	0	-	1	24	30	44	24	0	0	0	0	0	0	0	24	276	0	0	0	-	0	24	24	0	0	312	312	0	0	2208	2208	0	0	24	24	0	0	0	0	0	0	0	0	0	0	0	0	0	0	0	0	0	0
F268-D04	discovery	random	32	145	9927297960198179933	9	1	0	-	1	24	30	35	24	0	0	0	0	0	0	0	24	276	0	0	0	-	0	24	24	0	0	264	264	0	0	2208	2190	18	0	6	6	0	0	0	0	0	0	0	0	0	0	0	0	0	0	0	0	0	0
F268-D04	discovery	random	32	145	9927297960198179933	10	1	0	-	1	20	27	37	20	0	0	0	0	0	0	0	20	190	0	0	0	-	0	4	4	0	0	228	228	0	0	1520	1480	40	0	16	16	0	0	0	0	0	0	0	0	0	0	0	0	0	0	0	0	0	0
F268-D04	discovery	random	32	145	9927297960198179933	11	1	0	-	1	24	33	36	24	0	0	0	0	0	0	0	24	276	0	0	0	-	0	26	26	0	0	274	274	0	0	2208	2208	0	0	0	0	0	0	0	0	0	0	0	0	0	0	0	0	0	0	0	0	0	0
F268-D04	discovery	random	32	146	12125569087505607883	0	1	0	-	1	24	32	33	24	0	0	0	0	0	0	0	24	276	0	0	0	-	0	24	24	0	0	216	216	0	0	2208	2208	0	0	0	0	0	0	0	0	0	0	0	0	0	0	0	0	0	0	0	0	0	0
F268-D04	discovery	random	32	146	12125569087505607883	1	1	0	-	1	24	31	30	24	0	0	0	0	0	0	0	24	276	0	0	0	-	0	24	24	0	0	264	264	0	0	2208	2208	0	0	0	0	0	0	0	0	0	0	0	0	0	0	0	0	0	0	0	0	0	0
F268-D04	discovery	random	32	146	12125569087505607883	2	1	0	-	1	24	30	37	24	0	0	0	0	0	0	0	24	276	0	0	0	-	0	24	24	0	0	312	312	0	0	2208	2208	0	0	0	0	0	0	0	0	0	0	0	0	0	0	0	0	0	0	0	0	0	0
F268-D04	discovery	random	32	146	12125569087505607883	3	1	0	-	1	24	29	33	24	0	0	0	0	0	0	0	24	276	0	0	0	-	0	24	24	0	0	264	264	0	0	2208	2208	0	0	0	0	0	0	0	0	0	0	0	0	0	0	0	0	0	0	0	0	0	0
F268-D04	discovery	random	32	146	12125569087505607883	4	1	0	-	1	24	32	42	24	0	0	0	0	0	0	0	24	276	0	0	0	-	0	24	24	0	0	312	312	0	0	2208	2208	0	0	0	0	0	0	0	0	0	0	0	0	0	0	0	0	0	0	0	0	0	0
F268-D04	discovery	random	32	146	12125569087505607883	5	1	0	-	1	24	32	44	24	0	0	0	0	0	0	0	24	276	0	0	0	-	0	24	24	0	0	216	216	0	0	2208	2172	36	0	12	12	0	0	0	0	0	0	0	0	0	0	0	0	0	0	0	0	0	0
F268-D04	discovery	random	32	146	12125569087505607883	6	1	0	-	1	24	33	45	24	0	0	0	0	0	0	0	24	276	0	0	0	-	0	24	24	0	0	264	264	0	0	2208	2208	0	0	16	16	0	0	0	0	0	0	0	0	0	0	0	0	0	0	0	0	0	0
F268-D04	discovery	random	32	146	12125569087505607883	7	1	0	-	1	24	33	45	24	0	0	0	0	0	0	0	24	276	0	0	0	-	0	24	24	0	0	312	312	0	0	2208	2208	0	0	36	36	0	0	0	0	0	0	0	0	0	0	0	0	0	0	0	0	0	0
F268-D04	discovery	random	32	146	12125569087505607883	8	1	0	-	1	24	32	48	24	0	0	0	0	0	0	0	24	276	0	0	0	-	0	24	24	0	0	264	264	0	0	2208	2208	0	0	24	24	0	0	0	0	0	0	0	0	0	0	0	0	0	0	0	0	0	0
F268-D04	discovery	random	32	146	12125569087505607883	9	1	0	-	1	24	32	40	24	0	0	0	0	0	0	0	24	276	0	0	0	-	0	24	24	0	0	312	312	0	0	2208	2190	18	0	6	6	0	0	0	0	0	0	0	0	0	0	0	0	0	0	0	0	0	0
F268-D04	discovery	random	32	146	12125569087505607883	10	1	0	-	1	20	27	34	20	0	0	0	0	0	0	0	20	190	0	0	0	-	0	4	4	0	0	228	228	0	0	1520	1480	40	0	16	16	0	0	0	0	0	0	0	0	0	0	0	0	0	0	0	0	0	0
F268-D04	discovery	random	32	146	12125569087505607883	11	1	0	-	1	24	35	56	24	0	0	0	0	0	0	0	24	276	0	0	0	-	0	26	26	0	0	272	272	0	0	2208	2208	0	0	0	0	0	0	0	0	0	0	0	0	0	0	0	0	0	0	0	0	0	0
F268-D04	discovery	random	32	147	8626641592793422171	0	1	0	-	1	24	30	51	24	0	0	0	0	0	0	0	24	276	0	0	0	-	0	24	24	0	0	216	216	0	0	2208	2208	0	0	0	0	0	0	0	0	0	0	0	0	0	0	0	0	0	0	0	0	0	0
F268-D04	discovery	random	32	147	8626641592793422171	1	1	0	-	1	24	33	56	24	0	0	0	0	0	0	0	24	276	0	0	0	-	0	24	24	0	0	264	264	0	0	2208	2208	0	0	0	0	0	0	0	0	0	0	0	0	0	0	0	0	0	0	0	0	0	0
F268-D04	discovery	random	32	147	8626641592793422171	2	1	0	-	1	24	33	48	24	0	0	0	0	0	0	0	24	276	0	0	0	-	0	24	24	0	0	312	312	0	0	2208	2208	0	0	0	0	0	0	0	0	0	0	0	0	0	0	0	0	0	0	0	0	0	0
F268-D04	discovery	random	32	147	8626641592793422171	3	1	0	-	1	24	33	50	24	0	0	0	0	0	0	0	24	276	0	0	0	-	0	24	24	0	0	264	264	0	0	2208	2208	0	0	0	0	0	0	0	0	0	0	0	0	0	0	0	0	0	0	0	0	0	0
F268-D04	discovery	random	32	147	8626641592793422171	4	1	0	-	1	24	32	45	24	0	0	0	0	0	0	0	24	276	0	0	0	-	0	24	24	0	0	312	312	0	0	2208	2208	0	0	0	0	0	0	0	0	0	0	0	0	0	0	0	0	0	0	0	0	0	0
F268-D04	discovery	random	32	147	8626641592793422171	5	1	0	-	1	24	35	39	24	0	0	0	0	0	0	0	24	276	0	0	0	-	0	24	24	0	0	216	216	0	0	2208	2172	36	0	12	12	0	0	0	0	0	0	0	0	0	0	0	0	0	0	0	0	0	0
F268-D04	discovery	random	32	147	8626641592793422171	6	1	0	-	1	24	33	46	24	0	0	0	0	0	0	0	24	276	0	0	0	-	0	24	24	0	0	264	264	0	0	2208	2208	0	0	16	16	0	0	0	0	0	0	0	0	0	0	0	0	0	0	0	0	0	0
F268-D04	discovery	random	32	147	8626641592793422171	7	1	0	-	1	24	32	49	24	0	0	0	0	0	0	0	24	276	0	0	0	-	0	24	24	0	0	312	312	0	0	2208	2208	0	0	36	36	0	0	0	0	0	0	0	0	0	0	0	0	0	0	0	0	0	0
F268-D04	discovery	random	32	147	8626641592793422171	8	1	0	-	1	24	32	32	24	0	0	0	0	0	0	0	24	276	0	0	0	-	0	24	24	0	0	264	264	0	0	2208	2208	0	0	24	24	0	0	0	0	0	0	0	0	0	0	0	0	0	0	0	0	0	0
F268-D04	discovery	random	32	147	8626641592793422171	9	1	0	-	1	24	33	61	24	0	0	0	0	0	0	0	24	276	0	0	0	-	0	24	24	0	0	312	312	0	0	2208	2190	18	0	6	6	0	0	0	0	0	0	0	0	0	0	0	0	0	0	0	0	0	0
F268-D04	discovery	random	32	147	8626641592793422171	10	1	0	-	1	20	25	33	20	0	0	0	0	0	0	0	20	190	0	0	0	-	0	4	4	0	0	228	228	0	0	1520	1480	40	0	16	16	0	0	0	0	0	0	0	0	0	0	0	0	0	0	0	0	0	0
F268-D04	discovery	random	32	147	8626641592793422171	11	1	0	-	1	24	33	50	24	0	0	0	0	0	0	0	24	276	0	0	0	-	0	26	26	0	0	272	272	0	0	2208	2208	0	0	0	0	0	0	0	0	0	0	0	0	0	0	0	0	0	0	0	0	0	0
F268-D04	discovery	random	32	148	9222019623664205999	0	1	0	-	1	24	31	37	24	0	0	0	0	0	0	0	24	276	0	0	0	-	0	24	24	0	0	216	216	0	0	2208	2208	0	0	0	0	0	0	0	0	0	0	0	0	0	0	0	0	0	0	0	0	0	0
F268-D04	discovery	random	32	148	9222019623664205999	1	1	0	-	1	24	31	33	24	0	0	0	0	0	0	0	24	276	0	0	0	-	0	24	24	0	0	360	360	0	0	2208	2208	0	0	0	0	0	0	0	0	0	0	0	0	0	0	0	0	0	0	0	0	0	0
F268-D04	discovery	random	32	148	9222019623664205999	2	1	0	-	1	24	32	46	24	0	0	0	0	0	0	0	24	276	0	0	0	-	0	24	24	0	0	408	408	0	0	2208	2208	0	0	0	0	0	0	0	0	0	0	0	0	0	0	0	0	0	0	0	0	0	0
F268-D04	discovery	random	32	148	9222019623664205999	3	1	0	-	1	24	31	25	24	0	0	0	0	0	0	0	24	276	0	0	0	-	0	24	24	0	0	264	264	0	0	2208	2208	0	0	0	0	0	0	0	0	0	0	0	0	0	0	0	0	0	0	0	0	0	0
F268-D04	discovery	random	32	148	9222019623664205999	4	1	0	-	1	24	31	40	24	0	0	0	0	0	0	0	24	276	0	0	0	-	0	24	24	0	0	408	408	0	0	2208	2208	0	0	0	0	0	0	0	0	0	0	0	0	0	0	0	0	0	0	0	0	0	0
F268-D04	discovery	random	32	148	9222019623664205999	5	1	0	-	1	24	30	37	24	0	0	0	0	0	0	0	24	276	0	0	0	-	0	24	24	0	0	216	216	0	0	2208	2172	36	0	12	12	0	0	0	0	0	0	0	0	0	0	0	0	0	0	0	0	0	0
F268-D04	discovery	random	32	148	9222019623664205999	6	1	0	-	1	24	29	40	24	0	0	0	0	0	0	0	24	276	0	0	0	-	0	24	24	0	0	360	360	0	0	2208	2208	0	0	16	16	0	0	0	0	0	0	0	0	0	0	0	0	0	0	0	0	0	0
F268-D04	discovery	random	32	148	9222019623664205999	7	1	0	-	1	24	30	41	24	0	0	0	0	0	0	0	24	276	0	0	0	-	0	24	24	0	0	408	408	0	0	2208	2208	0	0	36	36	0	0	0	0	0	0	0	0	0	0	0	0	0	0	0	0	0	0
F268-D04	discovery	random	32	148	9222019623664205999	8	1	0	-	1	24	34	58	24	0	0	0	0	0	0	0	24	276	0	0	0	-	0	24	24	0	0	264	264	0	0	2208	2208	0	0	24	24	0	0	0	0	0	0	0	0	0	0	0	0	0	0	0	0	0	0
F268-D04	discovery	random	32	148	9222019623664205999	9	1	0	-	1	24	34	59	24	0	0	0	0	0	0	0	24	276	0	0	0	-	0	24	24	0	0	408	408	0	0	2208	2190	18	0	6	6	0	0	0	0	0	0	0	0	0	0	0	0	0	0	0	0	0	0
F268-D04	discovery	random	32	148	9222019623664205999	10	1	0	-	1	20	28	45	20	0	0	0	0	0	0	0	20	190	0	0	0	-	0	4	4	0	0	276	276	0	0	1520	1480	40	0	16	16	0	0	0	0	0	0	0	0	0	0	0	0	0	0	0	0	0	0
F268-D04	discovery	random	32	148	9222019623664205999	11	1	0	-	1	24	29	48	24	0	0	0	0	0	0	0	24	276	0	0	0	-	0	26	26	0	0	328	328	0	0	2208	2208	0	0	0	0	0	0	0	0	0	0	0	0	0	0	0	0	0	0	0	0	0	0
F268-D04	discovery	random	32	149	10744044435247033739	0	1	0	-	1	24	31	35	24	0	0	0	0	0	0	0	24	276	0	0	0	-	0	24	24	0	0	216	216	0	0	2208	2208	0	0	0	0	0	0	0	0	0	0	0	0	0	0	0	0	0	0	0	0	0	0
F268-D04	discovery	random	32	149	10744044435247033739	1	1	0	-	1	24	30	30	24	0	0	0	0	0	0	0	24	276	0	0	0	-	0	24	24	0	0	264	264	0	0	2208	2208	0	0	0	0	0	0	0	0	0	0	0	0	0	0	0	0	0	0	0	0	0	0
F268-D04	discovery	random	32	149	10744044435247033739	2	1	0	-	1	24	34	56	24	0	0	0	0	0	0	0	24	276	0	0	0	-	0	24	24	0	0	312	312	0	0	2208	2208	0	0	0	0	0	0	0	0	0	0	0	0	0	0	0	0	0	0	0	0	0	0
F268-D04	discovery	random	32	149	10744044435247033739	3	1	0	-	1	24	29	35	24	0	0	0	0	0	0	0	24	276	0	0	0	-	0	24	24	0	0	264	264	0	0	2208	2208	0	0	0	0	0	0	0	0	0	0	0	0	0	0	0	0	0	0	0	0	0	0
F268-D04	discovery	random	32	149	10744044435247033739	4	1	0	-	1	24	34	44	24	0	0	0	0	0	0	0	24	276	0	0	0	-	0	24	24	0	0	312	312	0	0	2208	2208	0	0	0	0	0	0	0	0	0	0	0	0	0	0	0	0	0	0	0	0	0	0
F268-D04	discovery	random	32	149	10744044435247033739	5	1	0	-	1	24	35	43	24	0	0	0	0	0	0	0	24	276	0	0	0	-	0	24	24	0	0	216	216	0	0	2208	2172	36	0	12	12	0	0	0	0	0	0	0	0	0	0	0	0	0	0	0	0	0	0
F268-D04	discovery	random	32	149	10744044435247033739	6	1	0	-	1	24	34	36	24	0	0	0	0	0	0	0	24	276	0	0	0	-	0	24	24	0	0	264	264	0	0	2208	2208	0	0	16	16	0	0	0	0	0	0	0	0	0	0	0	0	0	0	0	0	0	0
F268-D04	discovery	random	32	149	10744044435247033739	7	1	0	-	1	24	32	49	24	0	0	0	0	0	0	0	24	276	0	0	0	-	0	24	24	0	0	312	312	0	0	2208	2208	0	0	36	36	0	0	0	0	0	0	0	0	0	0	0	0	0	0	0	0	0	0
F268-D04	discovery	random	32	149	10744044435247033739	8	1	0	-	1	24	33	53	24	0	0	0	0	0	0	0	24	276	0	0	0	-	0	24	24	0	0	264	264	0	0	2208	2208	0	0	24	24	0	0	0	0	0	0	0	0	0	0	0	0	0	0	0	0	0	0
F268-D04	discovery	random	32	149	10744044435247033739	9	1	0	-	1	24	34	51	24	0	0	0	0	0	0	0	24	276	0	0	0	-	0	24	24	0	0	312	312	0	0	2208	2190	18	0	6	6	0	0	0	0	0	0	0	0	0	0	0	0	0	0	0	0	0	0
F268-D04	discovery	random	32	149	10744044435247033739	10	1	0	-	1	20	26	30	20	0	0	0	0	0	0	0	20	190	0	0	0	-	0	4	4	0	0	228	228	0	0	1520	1480	40	0	16	16	0	0	0	0	0	0	0	0	0	0	0	0	0	0	0	0	0	0
F268-D04	discovery	random	32	149	10744044435247033739	11	1	0	-	1	24	34	49	24	0	0	0	0	0	0	0	24	276	0	0	0	-	0	26	26	0	0	272	272	0	0	2208	2208	0	0	0	0	0	0	0	0	0	0	0	0	0	0	0	0	0	0	0	0	0	0
F268-D04	discovery	random	32	150	9993117446167649201	0	1	0	-	1	24	32	49	24	0	0	0	0	0	0	0	24	276	0	0	0	-	0	24	24	0	0	360	360	0	0	2208	2208	0	0	0	0	0	0	0	0	0	0	0	0	0	0	0	0	0	0	0	0	0	0
F268-D04	discovery	random	32	150	9993117446167649201	1	1	0	-	1	24	34	46	24	0	0	0	0	0	0	0	24	276	0	0	0	-	0	24	24	0	0	216	216	0	0	2208	2208	0	0	0	0	0	0	0	0	0	0	0	0	0	0	0	0	0	0	0	0	0	0
F268-D04	discovery	random	32	150	9993117446167649201	2	1	0	-	1	24	31	47	24	0	0	0	0	0	0	0	24	276	0	0	0	-	0	24	24	0	0	408	408	0	0	2208	2208	0	0	0	0	0	0	0	0	0	0	0	0	0	0	0	0	0	0	0	0	0	0
F268-D04	discovery	random	32	150	9993117446167649201	3	1	0	-	1	24	33	47	24	0	0	0	0	0	0	0	24	276	0	0	0	-	0	24	24	0	0	408	408	0	0	2208	2208	0	0	0	0	0	0	0	0	0	0	0	0	0	0	0	0	0	0	0	0	0	0
F268-D04	discovery	random	32	150	9993117446167649201	4	1	0	-	1	24	33	48	24	0	0	0	0	0	0	0	24	276	0	0	0	-	0	24	24	0	0	264	264	0	0	2208	2208	0	0	0	0	0	0	0	0	0	0	0	0	0	0	0	0	0	0	0	0	0	0
F268-D04	discovery	random	32	150	9993117446167649201	5	1	0	-	1	24	28	41	24	0	0	0	0	0	0	0	24	276	0	0	0	-	0	24	24	0	0	360	360	0	0	2208	2172	36	0	12	12	0	0	0	0	0	0	0	0	0	0	0	0	0	0	0	0	0	0
F268-D04	discovery	random	32	150	9993117446167649201	6	1	0	-	1	24	34	43	24	0	0	0	0	0	0	0	24	276	0	0	0	-	0	24	24	0	0	216	216	0	0	2208	2208	0	0	16	16	0	0	0	0	0	0	0	0	0	0	0	0	0	0	0	0	0	0
F268-D04	discovery	random	32	150	9993117446167649201	7	1	0	-	1	24	30	47	24	0	0	0	0	0	0	0	24	276	0	0	0	-	0	24	24	0	0	408	408	0	0	2208	2208	0	0	36	36	0	0	0	0	0	0	0	0	0	0	0	0	0	0	0	0	0	0
F268-D04	discovery	random	32	150	9993117446167649201	8	1	0	-	1	24	32	39	24	0	0	0	0	0	0	0	24	276	0	0	0	-	0	24	24	0	0	408	408	0	0	2208	2208	0	0	24	24	0	0	0	0	0	0	0	0	0	0	0	0	0	0	0	0	0	0
F268-D04	discovery	random	32	150	9993117446167649201	9	1	0	-	1	24	31	26	24	0	0	0	0	0	0	0	24	276	0	0	0	-	0	24	24	0	0	264	264	0	0	2208	2190	18	0	6	6	0	0	0	0	0	0	0	0	0	0	0	0	0	0	0	0	0	0
F268-D04	discovery	random	32	150	9993117446167649201	10	1	0	-	1	20	28	50	20	0	0	0	0	0	0	0	20	190	0	0	0	-	0	4	4	0	0	276	276	0	0	1520	1480	40	0	16	16	0	0	0	0	0	0	0	0	0	0	0	0	0	0	0	0	0	0
F268-D04	discovery	random	32	150	9993117446167649201	11	1	0	-	1	24	31	49	24	0	0	0	0	0	0	0	24	276	0	0	0	-	0	26	26	0	0	334	334	0	0	2208	2208	0	0	0	0	0	0	0	0	0	0	0	0	0	0	0	0	0	0	0	0	0	0
F268-D04	discovery	random	32	151	8126475101104322923	0	1	0	-	1	24	32	63	24	0	0	0	0	0	0	0	24	276	0	0	0	-	0	24	24	0	0	216	216	0	0	2208	2208	0	0	0	0	0	0	0	0	0	0	0	0	0	0	0	0	0	0	0	0	0	0
F268-D04	discovery	random	32	151	8126475101104322923	1	1	0	-	1	24	29	41	24	0	0	0	0	0	0	0	24	276	0	0	0	-	0	24	24	0	0	264	264	0	0	2208	2208	0	0	0	0	0	0	0	0	0	0	0	0	0	0	0	0	0	0	0	0	0	0
F268-D04	discovery	random	32	151	8126475101104322923	2	1	0	-	1	24	30	36	24	0	0	0	0	0	0	0	24	276	0	0	0	-	0	24	24	0	0	312	312	0	0	2208	2208	0	0	0	0	0	0	0	0	0	0	0	0	0	0	0	0	0	0	0	0	0	0
F268-D04	discovery	random	32	151	8126475101104322923	3	1	0	-	1	24	30	37	24	0	0	0	0	0	0	0	24	276	0	0	0	-	0	24	24	0	0	264	264	0	0	2208	2208	0	0	0	0	0	0	0	0	0	0	0	0	0	0	0	0	0	0	0	0	0	0
F268-D04	discovery	random	32	151	8126475101104322923	4	1	0	-	1	24	31	33	24	0	0	0	0	0	0	0	24	276	0	0	0	-	0	24	24	0	0	312	312	0	0	2208	2208	0	0	0	0	0	0	0	0	0	0	0	0	0	0	0	0	0	0	0	0	0	0
F268-D04	discovery	random	32	151	8126475101104322923	5	1	0	-	1	24	36	43	24	0	0	0	0	0	0	0	24	276	0	0	0	-	0	24	24	0	0	216	216	0	0	2208	2172	36	0	12	12	0	0	0	0	0	0	0	0	0	0	0	0	0	0	0	0	0	0
F268-D04	discovery	random	32	151	8126475101104322923	6	1	0	-	1	24	30	30	24	0	0	0	0	0	0	0	24	276	0	0	0	-	0	24	24	0	0	264	264	0	0	2208	2208	0	0	16	16	0	0	0	0	0	0	0	0	0	0	0	0	0	0	0	0	0	0
F268-D04	discovery	random	32	151	8126475101104322923	7	1	0	-	1	24	33	46	24	0	0	0	0	0	0	0	24	276	0	0	0	-	0	24	24	0	0	312	312	0	0	2208	2208	0	0	36	36	0	0	0	0	0	0	0	0	0	0	0	0	0	0	0	0	0	0
F268-D04	discovery	random	32	151	8126475101104322923	8	1	0	-	1	24	31	59	24	0	0	0	0	0	0	0	24	276	0	0	0	-	0	24	24	0	0	264	264	0	0	2208	2208	0	0	24	24	0	0	0	0	0	0	0	0	0	0	0	0	0	0	0	0	0	0
F268-D04	discovery	random	32	151	8126475101104322923	9	1	0	-	1	24	29	29	24	0	0	0	0	0	0	0	24	276	0	0	0	-	0	24	24	0	0	312	312	0	0	2208	2190	18	0	6	6	0	0	0	0	0	0	0	0	0	0	0	0	0	0	0	0	0	0
F268-D04	discovery	random	32	151	8126475101104322923	10	1	0	-	1	20	30	36	20	0	0	0	0	0	0	0	20	190	0	0	0	-	0	4	4	0	0	228	228	0	0	1520	1480	40	0	16	16	0	0	0	0	0	0	0	0	0	0	0	0	0	0	0	0	0	0
F268-D04	discovery	random	32	151	8126475101104322923	11	1	0	-	1	24	30	34	24	0	0	0	0	0	0	0	24	276	0	0	0	-	0	26	26	0	0	272	272	0	0	2208	2208	0	0	0	0	0	0	0	0	0	0	0	0	0	0	0	0	0	0	0	0	0	0
F268-D04	discovery	random	32	152	11014809793758335693	0	1	0	-	1	24	30	48	24	0	0	0	0	0	0	0	24	276	0	0	0	-	0	24	24	0	0	264	264	0	0	2208	2208	0	0	0	0	0	0	0	0	0	0	0	0	0	0	0	0	0	0	0	0	0	0
F268-D04	discovery	random	32	152	11014809793758335693	1	1	0	-	1	24	31	39	24	0	0	0	0	0	0	0	24	276	0	0	0	-	0	24	24	0	0	216	216	0	0	2208	2208	0	0	0	0	0	0	0	0	0	0	0	0	0	0	0	0	0	0	0	0	0	0
F268-D04	discovery	random	32	152	11014809793758335693	2	1	0	-	1	24	32	51	24	0	0	0	0	0	0	0	24	276	0	0	0	-	0	24	24	0	0	312	312	0	0	2208	2208	0	0	0	0	0	0	0	0	0	0	0	0	0	0	0	0	0	0	0	0	0	0
F268-D04	discovery	random	32	152	11014809793758335693	3	1	0	-	1	24	39	47	24	0	0	0	0	0	0	0	24	276	0	0	0	-	0	24	24	0	0	312	312	0	0	2208	2208	0	0	0	0	0	0	0	0	0	0	0	0	0	0	0	0	0	0	0	0	0	0
F268-D04	discovery	random	32	152	11014809793758335693	4	1	0	-	1	24	34	54	24	0	0	0	0	0	0	0	24	276	0	0	0	-	0	24	24	0	0	264	264	0	0	2208	2208	0	0	0	0	0	0	0	0	0	0	0	0	0	0	0	0	0	0	0	0	0	0
F268-D04	discovery	random	32	152	11014809793758335693	5	1	0	-	1	24	32	46	24	0	0	0	0	0	0	0	24	276	0	0	0	-	0	24	24	0	0	264	264	0	0	2208	2172	36	0	12	12	0	0	0	0	0	0	0	0	0	0	0	0	0	0	0	0	0	0
F268-D04	discovery	random	32	152	11014809793758335693	6	1	0	-	1	24	31	45	24	0	0	0	0	0	0	0	24	276	0	0	0	-	0	24	24	0	0	216	216	0	0	2208	2208	0	0	16	16	0	0	0	0	0	0	0	0	0	0	0	0	0	0	0	0	0	0
F268-D04	discovery	random	32	152	11014809793758335693	7	1	0	-	1	24	30	41	24	0	0	0	0	0	0	0	24	276	0	0	0	-	0	24	24	0	0	312	312	0	0	2208	2208	0	0	36	36	0	0	0	0	0	0	0	0	0	0	0	0	0	0	0	0	0	0
F268-D04	discovery	random	32	152	11014809793758335693	8	1	0	-	1	24	32	53	24	0	0	0	0	0	0	0	24	276	0	0	0	-	0	24	24	0	0	312	312	0	0	2208	2208	0	0	24	24	0	0	0	0	0	0	0	0	0	0	0	0	0	0	0	0	0	0
F268-D04	discovery	random	32	152	11014809793758335693	9	1	0	-	1	24	31	46	24	0	0	0	0	0	0	0	24	276	0	0	0	-	0	24	24	0	0	264	264	0	0	2208	2190	18	0	6	6	0	0	0	0	0	0	0	0	0	0	0	0	0	0	0	0	0	0
F268-D04	discovery	random	32	152	11014809793758335693	10	1	0	-	1	20	25	45	20	0	0	0	0	0	0	0	20	190	0	0	0	-	0	4	4	0	0	228	228	0	0	1520	1480	40	0	16	16	0	0	0	0	0	0	0	0	0	0	0	0	0	0	0	0	0	0
F268-D04	discovery	random	32	152	11014809793758335693	11	1	0	-	1	24	32	38	24	0	0	0	0	0	0	0	24	276	0	0	0	-	0	26	26	0	0	274	274	0	0	2208	2208	0	0	0	0	0	0	0	0	0	0	0	0	0	0	0	0	0	0	0	0	0	0
F268-D04	discovery	random	32	153	13040154579849399949	0	1	0	-	1	24	30	47	24	0	0	0	0	0	0	0	24	276	0	0	0	-	0	24	24	0	0	264	264	0	0	2208	2208	0	0	0	0	0	0	0	0	0	0	0	0	0	0	0	0	0	0	0	0	0	0
F268-D04	discovery	random	32	153	13040154579849399949	1	1	0	-	1	24	32	48	24	0	0	0	0	0	0	0	24	276	0	0	0	-	0	24	24	0	0	216	216	0	0	2208	2208	0	0	0	0	0	0	0	0	0	0	0	0	0	0	0	0	0	0	0	0	0	0
F268-D04	discovery	random	32	153	13040154579849399949	2	1	0	-	1	24	32	47	24	0	0	0	0	0	0	0	24	276	0	0	0	-	0	24	24	0	0	312	312	0	0	2208	2208	0	0	0	0	0	0	0	0	0	0	0	0	0	0	0	0	0	0	0	0	0	0
F268-D04	discovery	random	32	153	13040154579849399949	3	1	0	-	1	24	30	42	24	0	0	0	0	0	0	0	24	276	0	0	0	-	0	24	24	0	0	312	312	0	0	2208	2208	0	0	0	0	0	0	0	0	0	0	0	0	0	0	0	0	0	0	0	0	0	0
F268-D04	discovery	random	32	153	13040154579849399949	4	1	0	-	1	24	30	37	24	0	0	0	0	0	0	0	24	276	0	0	0	-	0	24	24	0	0	264	264	0	0	2208	2208	0	0	0	0	0	0	0	0	0	0	0	0	0	0	0	0	0	0	0	0	0	0
F268-D04	discovery	random	32	153	13040154579849399949	5	1	0	-	1	24	31	45	24	0	0	0	0	0	0	0	24	276	0	0	0	-	0	24	24	0	0	264	264	0	0	2208	2172	36	0	12	12	0	0	0	0	0	0	0	0	0	0	0	0	0	0	0	0	0	0
F268-D04	discovery	random	32	153	13040154579849399949	6	1	0	-	1	24	30	32	24	0	0	0	0	0	0	0	24	276	0	0	0	-	0	24	24	0	0	216	216	0	0	2208	2208	0	0	16	16	0	0	0	0	0	0	0	0	0	0	0	0	0	0	0	0	0	0
F268-D04	discovery	random	32	153	13040154579849399949	7	1	0	-	1	24	31	45	24	0	0	0	0	0	0	0	24	276	0	0	0	-	0	24	24	0	0	312	312	0	0	2208	2208	0	0	36	36	0	0	0	0	0	0	0	0	0	0	0	0	0	0	0	0	0	0
F268-D04	discovery	random	32	153	13040154579849399949	8	1	0	-	1	24	32	36	24	0	0	0	0	0	0	0	24	276	0	0	0	-	0	24	24	0	0	312	312	0	0	2208	2208	0	0	24	24	0	0	0	0	0	0	0	0	0	0	0	0	0	0	0	0	0	0
F268-D04	discovery	random	32	153	13040154579849399949	9	1	0	-	1	24	30	50	24	0	0	0	0	0	0	0	24	276	0	0	0	-	0	24	24	0	0	264	264	0	0	2208	2190	18	0	6	6	0	0	0	0	0	0	0	0	0	0	0	0	0	0	0	0	0	0
F268-D04	discovery	random	32	153	13040154579849399949	10	1	0	-	1	20	27	28	20	0	0	0	0	0	0	0	20	190	0	0	0	-	0	4	4	0	0	228	228	0	0	1520	1480	40	0	16	16	0	0	0	0	0	0	0	0	0	0	0	0	0	0	0	0	0	0
F268-D04	discovery	random	32	153	13040154579849399949	11	1	0	-	1	24	32	45	24	0	0	0	0	0	0	0	24	276	0	0	0	-	0	26	26	0	0	274	274	0	0	2208	2208	0	0	0	0	0	0	0	0	0	0	0	0	0	0	0	0	0	0	0	0	0	0
F268-D04	discovery	random	32	154	8607922437917100439	0	1	0	-	1	24	30	43	24	0	0	0	0	0	0	0	24	276	0	0	0	-	0	24	24	0	0	216	216	0	0	2208	2208	0	0	0	0	0	0	0	0	0	0	0	0	0	0	0	0	0	0	0	0	0	0
F268-D04	discovery	random	32	154	8607922437917100439	1	1	0	-	1	24	32	34	24	0	0	0	0	0	0	0	24	276	0	0	0	-	0	24	24	0	0	312	312	0	0	2208	2208	0	0	0	0	0	0	0	0	0	0	0	0	0	0	0	0	0	0	0	0	0	0
F268-D04	discovery	random	32	154	8607922437917100439	2	1	0	-	1	24	31	37	24	0	0	0	0	0	0	0	24	276	0	0	0	-	0	24	24	0	0	360	360	0	0	2208	2208	0	0	0	0	0	0	0	0	0	0	0	0	0	0	0	0	0	0	0	0	0	0
F268-D04	discovery	random	32	154	8607922437917100439	3	1	0	-	1	24	30	41	24	0	0	0	0	0	0	0	24	276	0	0	0	-	0	24	24	0	0	264	264	0	0	2208	2208	0	0	0	0	0	0	0	0	0	0	0	0	0	0	0	0	0	0	0	0	0	0
F268-D04	discovery	random	32	154	8607922437917100439	4	1	0	-	1	24	33	49	24	0	0	0	0	0	0	0	24	276	0	0	0	-	0	24	24	0	0	360	360	0	0	2208	2208	0	0	0	0	0	0	0	0	0	0	0	0	0	0	0	0	0	0	0	0	0	0
F268-D04	discovery	random	32	154	8607922437917100439	5	1	0	-	1	24	30	37	24	0	0	0	0	0	0	0	24	276	0	0	0	-	0	24	24	0	0	216	216	0	0	2208	2172	36	0	12	12	0	0	0	0	0	0	0	0	0	0	0	0	0	0	0	0	0	0
F268-D04	discovery	random	32	154	8607922437917100439	6	1	0	-	1	24	31	40	24	0	0	0	0	0	0	0	24	276	0	0	0	-	0	24	24	0	0	312	312	0	0	2208	2208	0	0	16	16	0	0	0	0	0	0	0	0	0	0	0	0	0	0	0	0	0	0
F268-D04	discovery	random	32	154	8607922437917100439	7	1	0	-	1	24	35	48	24	0	0	0	0	0	0	0	24	276	0	0	0	-	0	24	24	0	0	360	360	0	0	2208	2208	0	0	36	36	0	0	0	0	0	0	0	0	0	0	0	0	0	0	0	0	0	0
F268-D04	discovery	random	32	154	8607922437917100439	8	1	0	-	1	24	34	37	24	0	0	0	0	0	0	0	24	276	0	0	0	-	0	24	24	0	0	264	264	0	0	2208	2208	0	0	24	24	0	0	0	0	0	0	0	0	0	0	0	0	0	0	0	0	0	0
F268-D04	discovery	random	32	154	8607922437917100439	9	1	0	-	1	24	32	42	24	0	0	0	0	0	0	0	24	276	0	0	0	-	0	24	24	0	0	360	360	0	0	2208	2190	18	0	6	6	0	0	0	0	0	0	0	0	0	0	0	0	0	0	0	0	0	0
F268-D04	discovery	random	32	154	8607922437917100439	10	1	0	-	1	20	24	36	20	0	0	0	0	0	0	0	20	190	0	0	0	-	0	4	4	0	0	252	252	0	0	1520	1480	40	0	16	16	0	0	0	0	0	0	0	0	0	0	0	0	0	0	0	0	0	0
F268-D04	discovery	random	32	154	8607922437917100439	11	1	0	-	1	24	31	37	24	0	0	0	0	0	0	0	24	276	0	0	0	-	0	26	26	0	0	300	300	0	0	2208	2208	0	0	0	0	0	0	0	0	0	0	0	0	0	0	0	0	0	0	0	0	0	0
F268-D04	discovery	random	32	155	17260051773977058239	0	1	0	-	1	24	30	55	24	0	0	0	0	0	0	0	24	276	0	0	0	-	0	24	24	0	0	216	216	0	0	2208	2208	0	0	0	0	0	0	0	0	0	0	0	0	0	0	0	0	0	0	0	0	0	0
F268-D04	discovery	random	32	155	17260051773977058239	1	1	0	-	1	24	29	40	24	0	0	0	0	0	0	0	24	276	0	0	0	-	0	24	24	0	0	456	456	0	0	2208	2208	0	0	0	0	0	0	0	0	0	0	0	0	0	0	0	0	0	0	0	0	0	0
F268-D04	discovery	random	32	155	17260051773977058239	2	1	0	-	1	24	30	30	24	0	0	0	0	0	0	0	24	276	0	0	0	-	0	24	24	0	0	504	504	0	0	2208	2208	0	0	0	0	0	0	0	0	0	0	0	0	0	0	0	0	0	0	0	0	0	0
F268-D04	discovery	random	32	155	17260051773977058239	3	1	0	-	1	24	32	45	24	0	0	0	0	0	0	0	24	276	0	0	0	-	0	24	24	0	0	264	264	0	0	2208	2208	0	0	0	0	0	0	0	0	0	0	0	0	0	0	0	0	0	0	0	0	0	0
F268-D04	discovery	random	32	155	17260051773977058239	4	1	0	-	1	24	31	48	24	0	0	0	0	0	0	0	24	276	0	0	0	-	0	24	24	0	0	504	504	0	0	2208	2208	0	0	0	0	0	0	0	0	0	0	0	0	0	0	0	0	0	0	0	0	0	0
F268-D04	discovery	random	32	155	17260051773977058239	5	1	0	-	1	24	30	48	24	0	0	0	0	0	0	0	24	276	0	0	0	-	0	24	24	0	0	216	216	0	0	2208	2172	36	0	12	12	0	0	0	0	0	0	0	0	0	0	0	0	0	0	0	0	0	0
F268-D04	discovery	random	32	155	17260051773977058239	6	1	0	-	1	24	32	50	24	0	0	0	0	0	0	0	24	276	0	0	0	-	0	24	24	0	0	456	456	0	0	2208	2208	0	0	16	16	0	0	0	0	0	0	0	0	0	0	0	0	0	0	0	0	0	0
F268-D04	discovery	random	32	155	17260051773977058239	7	1	0	-	1	24	34	48	24	0	0	0	0	0	0	0	24	276	0	0	0	-	0	24	24	0	0	504	504	0	0	2208	2208	0	0	36	36	0	0	0	0	0	0	0	0	0	0	0	0	0	0	0	0	0	0
F268-D04	discovery	random	32	155	17260051773977058239	8	1	0	-	1	24	30	50	24	0	0	0	0	0	0	0	24	276	0	0	0	-	0	24	24	0	0	264	264	0	0	2208	2208	0	0	24	24	0	0	0	0	0	0	0	0	0	0	0	0	0	0	0	0	0	0
F268-D04	discovery	random	32	155	17260051773977058239	9	1	0	-	1	24	32	58	24	0	0	0	0	0	0	0	24	276	0	0	0	-	0	24	24	0	0	504	504	0	0	2208	2190	18	0	6	6	0	0	0	0	0	0	0	0	0	0	0	0	0	0	0	0	0	0
F268-D04	discovery	random	32	155	17260051773977058239	10	1	0	-	1	20	27	27	20	0	0	0	0	0	0	0	20	190	0	0	0	-	0	4	4	0	0	324	324	0	0	1520	1480	40	0	16	16	0	0	0	0	0	0	0	0	0	0	0	0	0	0	0	0	0	0
F268-D04	discovery	random	32	155	17260051773977058239	11	1	0	-	1	24	30	35	24	0	0	0	0	0	0	0	24	276	0	0	0	-	0	26	26	0	0	384	384	0	0	2208	2208	0	0	0	0	0	0	0	0	0	0	0	0	0	0	0	0	0	0	0	0	0	0
F268-D04	discovery	neighbor	32	156	13010680693069352693	0	1	0	-	1	24	30	35	24	0	0	0	0	0	0	0	24	276	0	0	0	-	0	24	24	0	0	264	264	0	0	2208	2208	0	0	0	0	0	0	0	0	0	0	0	0	0	0	0	0	0	0	0	0	0	0
F268-D04	discovery	neighbor	32	156	13010680693069352693	1	1	0	-	1	24	31	40	24	0	0	0	0	0	0	0	24	276	0	0	0	-	0	24	24	0	0	216	216	0	0	2208	2208	0	0	0	0	0	0	0	0	0	0	0	0	0	0	0	0	0	0	0	0	0	0
F268-D04	discovery	neighbor	32	156	13010680693069352693	2	1	0	-	1	24	31	50	24	0	0	0	0	0	0	0	24	276	0	0	0	-	0	24	24	0	0	312	312	0	0	2208	2208	0	0	0	0	0	0	0	0	0	0	0	0	0	0	0	0	0	0	0	0	0	0
F268-D04	discovery	neighbor	32	156	13010680693069352693	3	1	0	-	1	24	30	43	24	0	0	0	0	0	0	0	24	276	0	0	0	-	0	24	24	0	0	312	312	0	0	2208	2208	0	0	0	0	0	0	0	0	0	0	0	0	0	0	0	0	0	0	0	0	0	0
F268-D04	discovery	neighbor	32	156	13010680693069352693	4	1	0	-	1	24	35	54	24	0	0	0	0	0	0	0	24	276	0	0	0	-	0	24	24	0	0	264	264	0	0	2208	2208	0	0	0	0	0	0	0	0	0	0	0	0	0	0	0	0	0	0	0	0	0	0
F268-D04	discovery	neighbor	32	156	13010680693069352693	5	1	0	-	1	24	33	41	24	0	0	0	0	0	0	0	24	276	0	0	0	-	0	24	24	0	0	264	264	0	0	2208	2172	36	0	12	12	0	0	0	0	0	0	0	0	0	0	0	0	0	0	0	0	0	0
F268-D04	discovery	neighbor	32	156	13010680693069352693	6	1	0	-	1	24	36	53	24	0	0	0	0	0	0	0	24	276	0	0	0	-	0	24	24	0	0	216	216	0	0	2208	2208	0	0	16	16	0	0	0	0	0	0	0	0	0	0	0	0	0	0	0	0	0	0
F268-D04	discovery	neighbor	32	156	13010680693069352693	7	1	0	-	1	24	32	53	24	0	0	0	0	0	0	0	24	276	0	0	0	-	0	24	24	0	0	312	312	0	0	2208	2208	0	0	36	36	0	0	0	0	0	0	0	0	0	0	0	0	0	0	0	0	0	0
F268-D04	discovery	neighbor	32	156	13010680693069352693	8	1	0	-	1	24	31	38	24	0	0	0	0	0	0	0	24	276	0	0	0	-	0	24	24	0	0	312	312	0	0	2208	2208	0	0	24	24	0	0	0	0	0	0	0	0	0	0	0	0	0	0	0	0	0	0
F268-D04	discovery	neighbor	32	156	13010680693069352693	9	1	0	-	1	24	31	39	24	0	0	0	0	0	0	0	24	276	0	0	0	-	0	24	24	0	0	264	264	0	0	2208	2190	18	0	6	6	0	0	0	0	0	0	0	0	0	0	0	0	0	0	0	0	0	0
F268-D04	discovery	neighbor	32	156	13010680693069352693	10	1	0	-	1	20	28	28	20	0	0	0	0	0	0	0	20	190	0	0	0	-	0	4	4	0	0	228	228	0	0	1520	1480	40	0	16	16	0	0	0	0	0	0	0	0	0	0	0	0	0	0	0	0	0	0
F268-D04	discovery	neighbor	32	156	13010680693069352693	11	1	0	-	1	24	31	38	24	0	0	0	0	0	0	0	24	276	0	0	0	-	0	26	26	0	0	274	274	0	0	2208	2208	0	0	0	0	0	0	0	0	0	0	0	0	0	0	0	0	0	0	0	0	0	0
F268-D04	discovery	neighbor	32	157	11601050252013113383	0	1	0	-	1	24	34	32	24	0	0	0	0	0	0	0	24	276	0	0	0	-	0	24	24	0	0	216	216	0	0	2208	2208	0	0	0	0	0	0	0	0	0	0	0	0	0	0	0	0	0	0	0	0	0	0
F268-D04	discovery	neighbor	32	157	11601050252013113383	1	1	0	-	1	24	32	50	24	0	0	0	0	0	0	0	24	276	0	0	0	-	0	24	24	0	0	312	312	0	0	2208	2208	0	0	0	0	0	0	0	0	0	0	0	0	0	0	0	0	0	0	0	0	0	0
F268-D04	discovery	neighbor	32	157	11601050252013113383	2	1	0	-	1	24	31	35	24	0	0	0	0	0	0	0	24	276	0	0	0	-	0	24	24	0	0	360	360	0	0	2208	2208	0	0	0	0	0	0	0	0	0	0	0	0	0	0	0	0	0	0	0	0	0	0
F268-D04	discovery	neighbor	32	157	11601050252013113383	3	1	0	-	1	24	31	49	24	0	0	0	0	0	0	0	24	276	0	0	0	-	0	24	24	0	0	264	264	0	0	2208	2208	0	0	0	0	0	0	0	0	0	0	0	0	0	0	0	0	0	0	0	0	0	0
F268-D04	discovery	neighbor	32	157	11601050252013113383	4	1	0	-	1	24	31	37	24	0	0	0	0	0	0	0	24	276	0	0	0	-	0	24	24	0	0	360	360	0	0	2208	2208	0	0	0	0	0	0	0	0	0	0	0	0	0	0	0	0	0	0	0	0	0	0
F268-D04	discovery	neighbor	32	157	11601050252013113383	5	1	0	-	1	24	34	47	24	0	0	0	0	0	0	0	24	276	0	0	0	-	0	24	24	0	0	216	216	0	0	2208	2172	36	0	12	12	0	0	0	0	0	0	0	0	0	0	0	0	0	0	0	0	0	0
F268-D04	discovery	neighbor	32	157	11601050252013113383	6	1	0	-	1	24	34	55	24	0	0	0	0	0	0	0	24	276	0	0	0	-	0	24	24	0	0	312	312	0	0	2208	2208	0	0	16	16	0	0	0	0	0	0	0	0	0	0	0	0	0	0	0	0	0	0
F268-D04	discovery	neighbor	32	157	11601050252013113383	7	1	0	-	1	24	31	31	24	0	0	0	0	0	0	0	24	276	0	0	0	-	0	24	24	0	0	360	360	0	0	2208	2208	0	0	36	36	0	0	0	0	0	0	0	0	0	0	0	0	0	0	0	0	0	0
F268-D04	discovery	neighbor	32	157	11601050252013113383	8	1	0	-	1	24	34	53	24	0	0	0	0	0	0	0	24	276	0	0	0	-	0	24	24	0	0	264	264	0	0	2208	2208	0	0	24	24	0	0	0	0	0	0	0	0	0	0	0	0	0	0	0	0	0	0
F268-D04	discovery	neighbor	32	157	11601050252013113383	9	1	0	-	1	24	34	39	24	0	0	0	0	0	0	0	24	276	0	0	0	-	0	24	24	0	0	360	360	0	0	2208	2190	18	0	6	6	0	0	0	0	0	0	0	0	0	0	0	0	0	0	0	0	0	0
F268-D04	discovery	neighbor	32	157	11601050252013113383	10	1	0	-	1	20	30	33	20	0	0	0	0	0	0	0	20	190	0	0	0	-	0	4	4	0	0	252	252	0	0	1520	1480	40	0	16	16	0	0	0	0	0	0	0	0	0	0	0	0	0	0	0	0	0	0
F268-D04	discovery	neighbor	32	157	11601050252013113383	11	1	0	-	1	24	32	47	24	0	0	0	0	0	0	0	24	276	0	0	0	-	0	26	26	0	0	300	300	0	0	2208	2208	0	0	0	0	0	0	0	0	0	0	0	0	0	0	0	0	0	0	0	0	0	0
F268-D04	discovery	neighbor	32	158	13420202980101317041	0	1	0	-	1	24	33	39	24	0	0	0	0	0	0	0	24	276	0	0	0	-	0	24	24	0	0	360	360	0	0	2208	2208	0	0	0	0	0	0	0	0	0	0	0	0	0	0	0	0	0	0	0	0	0	0
F268-D04	discovery	neighbor	32	158	13420202980101317041	1	1	0	-	1	24	32	42	24	0	0	0	0	0	0	0	24	276	0	0	0	-	0	24	24	0	0	216	216	0	0	2208	2208	0	0	0	0	0	0	0	0	0	0	0	0	0	0	0	0	0	0	0	0	0	0
F268-D04	discovery	neighbor	32	158	13420202980101317041	2	1	0	-	1	24	32	40	24	0	0	0	0	0	0	0	24	276	0	0	0	-	0	24	24	0	0	408	408	0	0	2208	2208	0	0	0	0	0	0	0	0	0	0	0	0	0	0	0	0	0	0	0	0	0	0
F268-D04	discovery	neighbor	32	158	13420202980101317041	3	1	0	-	1	24	33	34	24	0	0	0	0	0	0	0	24	276	0	0	0	-	0	24	24	0	0	408	408	0	0	2208	2208	0	0	0	0	0	0	0	0	0	0	0	0	0	0	0	0	0	0	0	0	0	0
F268-D04	discovery	neighbor	32	158	13420202980101317041	4	1	0	-	1	24	32	55	24	0	0	0	0	0	0	0	24	276	0	0	0	-	0	24	24	0	0	264	264	0	0	2208	2208	0	0	0	0	0	0	0	0	0	0	0	0	0	0	0	0	0	0	0	0	0	0
F268-D04	discovery	neighbor	32	158	13420202980101317041	5	1	0	-	1	24	36	62	24	0	0	0	0	0	0	0	24	276	0	0	0	-	0	24	24	0	0	360	360	0	0	2208	2172	36	0	12	12	0	0	0	0	0	0	0	0	0	0	0	0	0	0	0	0	0	0
F268-D04	discovery	neighbor	32	158	13420202980101317041	6	1	0	-	1	24	30	43	24	0	0	0	0	0	0	0	24	276	0	0	0	-	0	24	24	0	0	216	216	0	0	2208	2208	0	0	16	16	0	0	0	0	0	0	0	0	0	0	0	0	0	0	0	0	0	0
F268-D04	discovery	neighbor	32	158	13420202980101317041	7	1	0	-	1	24	34	51	24	0	0	0	0	0	0	0	24	276	0	0	0	-	0	24	24	0	0	408	408	0	0	2208	2208	0	0	36	36	0	0	0	0	0	0	0	0	0	0	0	0	0	0	0	0	0	0
F268-D04	discovery	neighbor	32	158	13420202980101317041	8	1	0	-	1	24	32	48	24	0	0	0	0	0	0	0	24	276	0	0	0	-	0	24	24	0	0	408	408	0	0	2208	2208	0	0	24	24	0	0	0	0	0	0	0	0	0	0	0	0	0	0	0	0	0	0
F268-D04	discovery	neighbor	32	158	13420202980101317041	9	1	0	-	1	24	34	47	24	0	0	0	0	0	0	0	24	276	0	0	0	-	0	24	24	0	0	264	264	0	0	2208	2190	18	0	6	6	0	0	0	0	0	0	0	0	0	0	0	0	0	0	0	0	0	0
F268-D04	discovery	neighbor	32	158	13420202980101317041	10	1	0	-	1	20	26	26	20	0	0	0	0	0	0	0	20	190	0	0	0	-	0	4	4	0	0	276	276	0	0	1520	1480	40	0	16	16	0	0	0	0	0	0	0	0	0	0	0	0	0	0	0	0	0	0
F268-D04	discovery	neighbor	32	158	13420202980101317041	11	1	0	-	1	24	33	42	24	0	0	0	0	0	0	0	24	276	0	0	0	-	0	26	26	0	0	334	334	0	0	2208	2208	0	0	0	0	0	0	0	0	0	0	0	0	0	0	0	0	0	0	0	0	0	0
F268-D04	discovery	neighbor	32	159	15759048835419344701	0	1	0	-	1	24	32	42	24	0	0	0	0	0	0	0	24	276	0	0	0	-	0	24	24	0	0	264	264	0	0	2208	2208	0	0	0	0	0	0	0	0	0	0	0	0	0	0	0	0	0	0	0	0	0	0
F268-D04	discovery	neighbor	32	159	15759048835419344701	1	1	0	-	1	24	35	51	24	0	0	0	0	0	0	0	24	276	0	0	0	-	0	24	24	0	0	216	216	0	0	2208	2208	0	0	0	0	0	0	0	0	0	0	0	0	0	0	0	0	0	0	0	0	0	0
F268-D04	discovery	neighbor	32	159	15759048835419344701	2	1	0	-	1	24	35	48	24	0	0	0	0	0	0	0	24	276	0	0	0	-	0	24	24	0	0	312	312	0	0	2208	2208	0	0	0	0	0	0	0	0	0	0	0	0	0	0	0	0	0	0	0	0	0	0
F268-D04	discovery	neighbor	32	159	15759048835419344701	3	1	0	-	1	24	32	49	24	0	0	0	0	0	0	0	24	276	0	0	0	-	0	24	24	0	0	312	312	0	0	2208	2208	0	0	0	0	0	0	0	0	0	0	0	0	0	0	0	0	0	0	0	0	0	0
F268-D04	discovery	neighbor	32	159	15759048835419344701	4	1	0	-	1	24	31	40	24	0	0	0	0	0	0	0	24	276	0	0	0	-	0	24	24	0	0	264	264	0	0	2208	2208	0	0	0	0	0	0	0	0	0	0	0	0	0	0	0	0	0	0	0	0	0	0
F268-D04	discovery	neighbor	32	159	15759048835419344701	5	1	0	-	1	24	33	39	24	0	0	0	0	0	0	0	24	276	0	0	0	-	0	24	24	0	0	264	264	0	0	2208	2172	36	0	12	12	0	0	0	0	0	0	0	0	0	0	0	0	0	0	0	0	0	0
F268-D04	discovery	neighbor	32	159	15759048835419344701	6	1	0	-	1	24	30	54	24	0	0	0	0	0	0	0	24	276	0	0	0	-	0	24	24	0	0	216	216	0	0	2208	2208	0	0	16	16	0	0	0	0	0	0	0	0	0	0	0	0	0	0	0	0	0	0
F268-D04	discovery	neighbor	32	159	15759048835419344701	7	1	0	-	1	24	31	42	24	0	0	0	0	0	0	0	24	276	0	0	0	-	0	24	24	0	0	312	312	0	0	2208	2208	0	0	36	36	0	0	0	0	0	0	0	0	0	0	0	0	0	0	0	0	0	0
F268-D04	discovery	neighbor	32	159	15759048835419344701	8	1	0	-	1	24	29	42	24	0	0	0	0	0	0	0	24	276	0	0	0	-	0	24	24	0	0	312	312	0	0	2208	2208	0	0	24	24	0	0	0	0	0	0	0	0	0	0	0	0	0	0	0	0	0	0
F268-D04	discovery	neighbor	32	159	15759048835419344701	9	1	0	-	1	24	31	56	24	0	0	0	0	0	0	0	24	276	0	0	0	-	0	24	24	0	0	264	264	0	0	2208	2190	18	0	6	6	0	0	0	0	0	0	0	0	0	0	0	0	0	0	0	0	0	0
F268-D04	discovery	neighbor	32	159	15759048835419344701	10	1	0	-	1	20	28	41	20	0	0	0	0	0	0	0	20	190	0	0	0	-	0	4	4	0	0	228	228	0	0	1520	1480	40	0	16	16	0	0	0	0	0	0	0	0	0	0	0	0	0	0	0	0	0	0
F268-D04	discovery	neighbor	32	159	15759048835419344701	11	1	0	-	1	24	32	39	24	0	0	0	0	0	0	0	24	276	0	0	0	-	0	26	26	0	0	274	274	0	0	2208	2208	0	0	0	0	0	0	0	0	0	0	0	0	0	0	0	0	0	0	0	0	0	0
F268-D04	discovery	neighbor	32	160	4878857599062182843	0	1	0	-	1	24	34	45	24	0	0	0	0	0	0	0	24	276	0	0	0	-	0	24	24	0	0	216	216	0	0	2208	2208	0	0	0	0	0	0	0	0	0	0	0	0	0	0	0	0	0	0	0	0	0	0
F268-D04	discovery	neighbor	32	160	4878857599062182843	1	1	0	-	1	24	33	50	24	0	0	0	0	0	0	0	24	276	0	0	0	-	0	24	24	0	0	264	264	0	0	2208	2208	0	0	0	0	0	0	0	0	0	0	0	0	0	0	0	0	0	0	0	0	0	0
F268-D04	discovery	neighbor	32	160	4878857599062182843	2	1	0	-	1	24	32	37	24	0	0	0	0	0	0	0	24	276	0	0	0	-	0	24	24	0	0	312	312	0	0	2208	2208	0	0	0	0	0	0	0	0	0	0	0	0	0	0	0	0	0	0	0	0	0	0
F268-D04	discovery	neighbor	32	160	4878857599062182843	3	1	0	-	1	24	33	51	24	0	0	0	0	0	0	0	24	276	0	0	0	-	0	24	24	0	0	264	264	0	0	2208	2208	0	0	0	0	0	0	0	0	0	0	0	0	0	0	0	0	0	0	0	0	0	0
F268-D04	discovery	neighbor	32	160	4878857599062182843	4	1	0	-	1	24	30	37	24	0	0	0	0	0	0	0	24	276	0	0	0	-	0	24	24	0	0	312	312	0	0	2208	2208	0	0	0	0	0	0	0	0	0	0	0	0	0	0	0	0	0	0	0	0	0	0
F268-D04	discovery	neighbor	32	160	4878857599062182843	5	1	0	-	1	24	32	46	24	0	0	0	0	0	0	0	24	276	0	0	0	-	0	24	24	0	0	216	216	0	0	2208	2172	36	0	12	12	0	0	0	0	0	0	0	0	0	0	0	0	0	0	0	0	0	0
F268-D04	discovery	neighbor	32	160	4878857599062182843	6	1	0	-	1	24	31	52	24	0	0	0	0	0	0	0	24	276	0	0	0	-	0	24	24	0	0	264	264	0	0	2208	2208	0	0	16	16	0	0	0	0	0	0	0	0	0	0	0	0	0	0	0	0	0	0
F268-D04	discovery	neighbor	32	160	4878857599062182843	7	1	0	-	1	24	30	35	24	0	0	0	0	0	0	0	24	276	0	0	0	-	0	24	24	0	0	312	312	0	0	2208	2208	0	0	36	36	0	0	0	0	0	0	0	0	0	0	0	0	0	0	0	0	0	0
F268-D04	discovery	neighbor	32	160	4878857599062182843	8	1	0	-	1	24	31	30	24	0	0	0	0	0	0	0	24	276	0	0	0	-	0	24	24	0	0	264	264	0	0	2208	2208	0	0	24	24	0	0	0	0	0	0	0	0	0	0	0	0	0	0	0	0	0	0
F268-D04	discovery	neighbor	32	160	4878857599062182843	9	1	0	-	1	24	34	51	24	0	0	0	0	0	0	0	24	276	0	0	0	-	0	24	24	0	0	312	312	0	0	2208	2190	18	0	6	6	0	0	0	0	0	0	0	0	0	0	0	0	0	0	0	0	0	0
F268-D04	discovery	neighbor	32	160	4878857599062182843	10	1	0	-	1	20	24	40	20	0	0	0	0	0	0	0	20	190	0	0	0	-	0	4	4	0	0	228	228	0	0	1520	1480	40	0	16	16	0	0	0	0	0	0	0	0	0	0	0	0	0	0	0	0	0	0
F268-D04	discovery	neighbor	32	160	4878857599062182843	11	1	0	-	1	24	30	45	24	0	0	0	0	0	0	0	24	276	0	0	0	-	0	26	26	0	0	272	272	0	0	2208	2208	0	0	0	0	0	0	0	0	0	0	0	0	0	0	0	0	0	0	0	0	0	0
F268-D04	discovery	neighbor	32	161	9949101158855333551	0	1	0	-	1	24	31	40	24	0	0	0	0	0	0	0	24	276	0	0	0	-	0	24	24	0	0	216	216	0	0	2208	2208	0	0	0	0	0	0	0	0	0	0	0	0	0	0	0	0	0	0	0	0	0	0
F268-D04	discovery	neighbor	32	161	9949101158855333551	1	1	0	-	1	24	33	32	24	0	0	0	0	0	0	0	24	276	0	0	0	-	0	24	24	0	0	360	360	0	0	2208	2208	0	0	0	0	0	0	0	0	0	0	0	0	0	0	0	0	0	0	0	0	0	0
F268-D04	discovery	neighbor	32	161	9949101158855333551	2	1	0	-	1	24	31	49	24	0	0	0	0	0	0	0	24	276	0	0	0	-	0	24	24	0	0	408	408	0	0	2208	2208	0	0	0	0	0	0	0	0	0	0	0	0	0	0	0	0	0	0	0	0	0	0
F268-D04	discovery	neighbor	32	161	9949101158855333551	3	1	0	-	1	24	34	51	24	0	0	0	0	0	0	0	24	276	0	0	0	-	0	24	24	0	0	264	264	0	0	2208	2208	0	0	0	0	0	0	0	0	0	0	0	0	0	0	0	0	0	0	0	0	0	0
F268-D04	discovery	neighbor	32	161	9949101158855333551	4	1	0	-	1	24	34	45	24	0	0	0	0	0	0	0	24	276	0	0	0	-	0	24	24	0	0	408	408	0	0	2208	2208	0	0	0	0	0	0	0	0	0	0	0	0	0	0	0	0	0	0	0	0	0	0
F268-D04	discovery	neighbor	32	161	9949101158855333551	5	1	0	-	1	24	34	38	24	0	0	0	0	0	0	0	24	276	0	0	0	-	0	24	24	0	0	216	216	0	0	2208	2172	36	0	12	12	0	0	0	0	0	0	0	0	0	0	0	0	0	0	0	0	0	0
F268-D04	discovery	neighbor	32	161	9949101158855333551	6	1	0	-	1	24	32	43	24	0	0	0	0	0	0	0	24	276	0	0	0	-	0	24	24	0	0	360	360	0	0	2208	2208	0	0	16	16	0	0	0	0	0	0	0	0	0	0	0	0	0	0	0	0	0	0
F268-D04	discovery	neighbor	32	161	9949101158855333551	7	1	0	-	1	24	29	38	24	0	0	0	0	0	0	0	24	276	0	0	0	-	0	24	24	0	0	408	408	0	0	2208	2208	0	0	36	36	0	0	0	0	0	0	0	0	0	0	0	0	0	0	0	0	0	0
F268-D04	discovery	neighbor	32	161	9949101158855333551	8	1	0	-	1	24	32	42	24	0	0	0	0	0	0	0	24	276	0	0	0	-	0	24	24	0	0	264	264	0	0	2208	2208	0	0	24	24	0	0	0	0	0	0	0	0	0	0	0	0	0	0	0	0	0	0
F268-D04	discovery	neighbor	32	161	9949101158855333551	9	1	0	-	1	24	33	44	24	0	0	0	0	0	0	0	24	276	0	0	0	-	0	24	24	0	0	408	408	0	0	2208	2190	18	0	6	6	0	0	0	0	0	0	0	0	0	0	0	0	0	0	0	0	0	0
F268-D04	discovery	neighbor	32	161	9949101158855333551	10	1	0	-	1	20	26	37	20	0	0	0	0	0	0	0	20	190	0	0	0	-	0	4	4	0	0	276	276	0	0	1520	1480	40	0	16	16	0	0	0	0	0	0	0	0	0	0	0	0	0	0	0	0	0	0
F268-D04	discovery	neighbor	32	161	9949101158855333551	11	1	0	-	1	24	30	61	24	0	0	0	0	0	0	0	24	276	0	0	0	-	0	26	26	0	0	328	328	0	0	2208	2208	0	0	0	0	0	0	0	0	0	0	0	0	0	0	0	0	0	0	0	0	0	0
F268-D04	discovery	neighbor	32	162	8142813770751708611	0	1	0	-	1	24	30	37	24	0	0	0	0	0	0	0	24	276	0	0	0	-	0	24	24	0	0	216	216	0	0	2208	2208	0	0	0	0	0	0	0	0	0	0	0	0	0	0	0	0	0	0	0	0	0	0
F268-D04	discovery	neighbor	32	162	8142813770751708611	1	1	0	-	1	24	32	40	24	0	0	0	0	0	0	0	24	276	0	0	0	-	0	24	24	0	0	264	264	0	0	2208	2208	0	0	0	0	0	0	0	0	0	0	0	0	0	0	0	0	0	0	0	0	0	0
F268-D04	discovery	neighbor	32	162	8142813770751708611	2	1	0	-	1	24	30	38	24	0	0	0	0	0	0	0	24	276	0	0	0	-	0	24	24	0	0	312	312	0	0	2208	2208	0	0	0	0	0	0	0	0	0	0	0	0	0	0	0	0	0	0	0	0	0	0
F268-D04	discovery	neighbor	32	162	8142813770751708611	3	1	0	-	1	24	32	29	24	0	0	0	0	0	0	0	24	276	0	0	0	-	0	24	24	0	0	264	264	0	0	2208	2208	0	0	0	0	0	0	0	0	0	0	0	0	0	0	0	0	0	0	0	0	0	0
F268-D04	discovery	neighbor	32	162	8142813770751708611	4	1	0	-	1	24	31	40	24	0	0	0	0	0	0	0	24	276	0	0	0	-	0	24	24	0	0	312	312	0	0	2208	2208	0	0	0	0	0	0	0	0	0	0	0	0	0	0	0	0	0	0	0	0	0	0
F268-D04	discovery	neighbor	32	162	8142813770751708611	5	1	0	-	1	24	30	40	24	0	0	0	0	0	0	0	24	276	0	0	0	-	0	24	24	0	0	216	216	0	0	2208	2172	36	0	12	12	0	0	0	0	0	0	0	0	0	0	0	0	0	0	0	0	0	0
F268-D04	discovery	neighbor	32	162	8142813770751708611	6	1	0	-	1	24	32	52	24	0	0	0	0	0	0	0	24	276	0	0	0	-	0	24	24	0	0	264	264	0	0	2208	2208	0	0	16	16	0	0	0	0	0	0	0	0	0	0	0	0	0	0	0	0	0	0
F268-D04	discovery	neighbor	32	162	8142813770751708611	7	1	0	-	1	24	32	40	24	0	0	0	0	0	0	0	24	276	0	0	0	-	0	24	24	0	0	312	312	0	0	2208	2208	0	0	36	36	0	0	0	0	0	0	0	0	0	0	0	0	0	0	0	0	0	0
F268-D04	discovery	neighbor	32	162	8142813770751708611	8	1	0	-	1	24	32	34	24	0	0	0	0	0	0	0	24	276	0	0	0	-	0	24	24	0	0	264	264	0	0	2208	2208	0	0	24	24	0	0	0	0	0	0	0	0	0	0	0	0	0	0	0	0	0	0
F268-D04	discovery	neighbor	32	162	8142813770751708611	9	1	0	-	1	24	28	39	24	0	0	0	0	0	0	0	24	276	0	0	0	-	0	24	24	0	0	312	312	0	0	2208	2190	18	0	6	6	0	0	0	0	0	0	0	0	0	0	0	0	0	0	0	0	0	0
F268-D04	discovery	neighbor	32	162	8142813770751708611	10	1	0	-	1	20	25	32	20	0	0	0	0	0	0	0	20	190	0	0	0	-	0	4	4	0	0	228	228	0	0	1520	1480	40	0	16	16	0	0	0	0	0	0	0	0	0	0	0	0	0	0	0	0	0	0
F268-D04	discovery	neighbor	32	162	8142813770751708611	11	1	0	-	1	24	33	48	24	0	0	0	0	0	0	0	24	276	0	0	0	-	0	26	26	0	0	272	272	0	0	2208	2208	0	0	0	0	0	0	0	0	0	0	0	0	0	0	0	0	0	0	0	0	0	0
F268-D04	discovery	neighbor	32	163	11580637648698554329	0	1	0	-	1	24	31	39	24	0	0	0	0	0	0	0	24	276	0	0	0	-	0	24	24	0	0	312	312	0	0	2208	2208	0	0	0	0	0	0	0	0	0	0	0	0	0	0	0	0	0	0	0	0	0	0
F268-D04	discovery	neighbor	32	163	11580637648698554329	1	1	0	-	1	24	30	36	24	0	0	0	0	0	0	0	24	276	0	0	0	-	0	24	24	0	0	216	216	0	0	2208	2208	0	0	0	0	0	0	0	0	0	0	0	0	0	0	0	0	0	0	0	0	0	0
F268-D04	discovery	neighbor	32	163	11580637648698554329	2	1	0	-	1	24	29	40	24	0	0	0	0	0	0	0	24	276	0	0	0	-	0	24	24	0	0	360	360	0	0	2208	2208	0	0	0	0	0	0	0	0	0	0	0	0	0	0	0	0	0	0	0	0	0	0
F268-D04	discovery	neighbor	32	163	11580637648698554329	3	1	0	-	1	24	30	45	24	0	0	0	0	0	0	0	24	276	0	0	0	-	0	24	24	0	0	360	360	0	0	2208	2208	0	0	0	0	0	0	0	0	0	0	0	0	0	0	0	0	0	0	0	0	0	0
F268-D04	discovery	neighbor	32	163	11580637648698554329	4	1	0	-	1	24	31	43	24	0	0	0	0	0	0	0	24	276	0	0	0	-	0	24	24	0	0	264	264	0	0	2208	2208	0	0	0	0	0	0	0	0	0	0	0	0	0	0	0	0	0	0	0	0	0	0
F268-D04	discovery	neighbor	32	163	11580637648698554329	5	1	0	-	1	24	28	30	24	0	0	0	0	0	0	0	24	276	0	0	0	-	0	24	24	0	0	312	312	0	0	2208	2172	36	0	12	12	0	0	0	0	0	0	0	0	0	0	0	0	0	0	0	0	0	0
F268-D04	discovery	neighbor	32	163	11580637648698554329	6	1	0	-	1	24	28	42	24	0	0	0	0	0	0	0	24	276	0	0	0	-	0	24	24	0	0	216	216	0	0	2208	2208	0	0	16	16	0	0	0	0	0	0	0	0	0	0	0	0	0	0	0	0	0	0
F268-D04	discovery	neighbor	32	163	11580637648698554329	7	1	0	-	1	24	34	37	24	0	0	0	0	0	0	0	24	276	0	0	0	-	0	24	24	0	0	360	360	0	0	2208	2208	0	0	36	36	0	0	0	0	0	0	0	0	0	0	0	0	0	0	0	0	0	0
F268-D04	discovery	neighbor	32	163	11580637648698554329	8	1	0	-	1	24	34	36	24	0	0	0	0	0	0	0	24	276	0	0	0	-	0	24	24	0	0	360	360	0	0	2208	2208	0	0	24	24	0	0	0	0	0	0	0	0	0	0	0	0	0	0	0	0	0	0
F268-D04	discovery	neighbor	32	163	11580637648698554329	9	1	0	-	1	24	33	51	24	0	0	0	0	0	0	0	24	276	0	0	0	-	0	24	24	0	0	264	264	0	0	2208	2190	18	0	6	6	0	0	0	0	0	0	0	0	0	0	0	0	0	0	0	0	0	0
F268-D04	discovery	neighbor	32	163	11580637648698554329	10	1	0	-	1	20	26	26	20	0	0	0	0	0	0	0	20	190	0	0	0	-	0	4	4	0	0	252	252	0	0	1520	1480	40	0	16	16	0	0	0	0	0	0	0	0	0	0	0	0	0	0	0	0	0	0
F268-D04	discovery	neighbor	32	163	11580637648698554329	11	1	0	-	1	24	33	40	24	0	0	0	0	0	0	0	24	276	0	0	0	-	0	26	26	0	0	304	304	0	0	2208	2208	0	0	0	0	0	0	0	0	0	0	0	0	0	0	0	0	0	0	0	0	0	0
F268-D04	discovery	neighbor	32	164	12851776520412413099	0	1	0	-	1	24	29	32	24	0	0	0	0	0	0	0	24	276	0	0	0	-	0	24	24	0	0	216	216	0	0	2208	2208	0	0	0	0	0	0	0	0	0	0	0	0	0	0	0	0	0	0	0	0	0	0
F268-D04	discovery	neighbor	32	164	12851776520412413099	1	1	0	-	1	24	33	34	24	0	0	0	0	0	0	0	24	276	0	0	0	-	0	24	24	0	0	264	264	0	0	2208	2208	0	0	0	0	0	0	0	0	0	0	0	0	0	0	0	0	0	0	0	0	0	0
F268-D04	discovery	neighbor	32	164	12851776520412413099	2	1	0	-	1	24	35	44	24	0	0	0	0	0	0	0	24	276	0	0	0	-	0	24	24	0	0	312	312	0	0	2208	2208	0	0	0	0	0	0	0	0	0	0	0	0	0	0	0	0	0	0	0	0	0	0
F268-D04	discovery	neighbor	32	164	12851776520412413099	3	1	0	-	1	24	37	53	24	0	0	0	0	0	0	0	24	276	0	0	0	-	0	24	24	0	0	264	264	0	0	2208	2208	0	0	0	0	0	0	0	0	0	0	0	0	0	0	0	0	0	0	0	0	0	0
F268-D04	discovery	neighbor	32	164	12851776520412413099	4	1	0	-	1	24	32	45	24	0	0	0	0	0	0	0	24	276	0	0	0	-	0	24	24	0	0	312	312	0	0	2208	2208	0	0	0	0	0	0	0	0	0	0	0	0	0	0	0	0	0	0	0	0	0	0
F268-D04	discovery	neighbor	32	164	12851776520412413099	5	1	0	-	1	24	31	35	24	0	0	0	0	0	0	0	24	276	0	0	0	-	0	24	24	0	0	216	216	0	0	2208	2172	36	0	12	12	0	0	0	0	0	0	0	0	0	0	0	0	0	0	0	0	0	0
F268-D04	discovery	neighbor	32	164	12851776520412413099	6	1	0	-	1	24	29	34	24	0	0	0	0	0	0	0	24	276	0	0	0	-	0	24	24	0	0	264	264	0	0	2208	2208	0	0	16	16	0	0	0	0	0	0	0	0	0	0	0	0	0	0	0	0	0	0
F268-D04	discovery	neighbor	32	164	12851776520412413099	7	1	0	-	1	24	33	40	24	0	0	0	0	0	0	0	24	276	0	0	0	-	0	24	24	0	0	312	312	0	0	2208	2208	0	0	36	36	0	0	0	0	0	0	0	0	0	0	0	0	0	0	0	0	0	0
F268-D04	discovery	neighbor	32	164	12851776520412413099	8	1	0	-	1	24	32	36	24	0	0	0	0	0	0	0	24	276	0	0	0	-	0	24	24	0	0	264	264	0	0	2208	2208	0	0	24	24	0	0	0	0	0	0	0	0	0	0	0	0	0	0	0	0	0	0
F268-D04	discovery	neighbor	32	164	12851776520412413099	9	1	0	-	1	24	32	48	24	0	0	0	0	0	0	0	24	276	0	0	0	-	0	24	24	0	0	312	312	0	0	2208	2190	18	0	6	6	0	0	0	0	0	0	0	0	0	0	0	0	0	0	0	0	0	0
F268-D04	discovery	neighbor	32	164	12851776520412413099	10	1	0	-	1	20	28	34	20	0	0	0	0	0	0	0	20	190	0	0	0	-	0	4	4	0	0	228	228	0	0	1520	1480	40	0	16	16	0	0	0	0	0	0	0	0	0	0	0	0	0	0	0	0	0	0
F268-D04	discovery	neighbor	32	164	12851776520412413099	11	1	0	-	1	24	33	37	24	0	0	0	0	0	0	0	24	276	0	0	0	-	0	26	26	0	0	272	272	0	0	2208	2208	0	0	0	0	0	0	0	0	0	0	0	0	0	0	0	0	0	0	0	0	0	0
F268-D04	discovery	neighbor	32	165	17576193494397033107	0	1	0	-	1	24	32	49	24	0	0	0	0	0	0	0	24	276	0	0	0	-	0	24	24	0	0	216	216	0	0	2208	2208	0	0	0	0	0	0	0	0	0	0	0	0	0	0	0	0	0	0	0	0	0	0
F268-D04	discovery	neighbor	32	165	17576193494397033107	1	1	0	-	1	24	31	44	24	0	0	0	0	0	0	0	24	276	0	0	0	-	0	24	24	0	0	264	264	0	0	2208	2208	0	0	0	0	0	0	0	0	0	0	0	0	0	0	0	0	0	0	0	0	0	0
F268-D04	discovery	neighbor	32	165	17576193494397033107	2	1	0	-	1	24	32	56	24	0	0	0	0	0	0	0	24	276	0	0	0	-	0	24	24	0	0	312	312	0	0	2208	2208	0	0	0	0	0	0	0	0	0	0	0	0	0	0	0	0	0	0	0	0	0	0
F268-D04	discovery	neighbor	32	165	17576193494397033107	3	1	0	-	1	24	30	38	24	0	0	0	0	0	0	0	24	276	0	0	0	-	0	24	24	0	0	264	264	0	0	2208	2208	0	0	0	0	0	0	0	0	0	0	0	0	0	0	0	0	0	0	0	0	0	0
F268-D04	discovery	neighbor	32	165	17576193494397033107	4	1	0	-	1	24	31	43	24	0	0	0	0	0	0	0	24	276	0	0	0	-	0	24	24	0	0	312	312	0	0	2208	2208	0	0	0	0	0	0	0	0	0	0	0	0	0	0	0	0	0	0	0	0	0	0
F268-D04	discovery	neighbor	32	165	17576193494397033107	5	1	0	-	1	24	31	46	24	0	0	0	0	0	0	0	24	276	0	0	0	-	0	24	24	0	0	216	216	0	0	2208	2172	36	0	12	12	0	0	0	0	0	0	0	0	0	0	0	0	0	0	0	0	0	0
F268-D04	discovery	neighbor	32	165	17576193494397033107	6	1	0	-	1	24	30	44	24	0	0	0	0	0	0	0	24	276	0	0	0	-	0	24	24	0	0	264	264	0	0	2208	2208	0	0	16	16	0	0	0	0	0	0	0	0	0	0	0	0	0	0	0	0	0	0
F268-D04	discovery	neighbor	32	165	17576193494397033107	7	1	0	-	1	24	34	46	24	0	0	0	0	0	0	0	24	276	0	0	0	-	0	24	24	0	0	312	312	0	0	2208	2208	0	0	36	36	0	0	0	0	0	0	0	0	0	0	0	0	0	0	0	0	0	0
F268-D04	discovery	neighbor	32	165	17576193494397033107	8	1	0	-	1	24	31	39	24	0	0	0	0	0	0	0	24	276	0	0	0	-	0	24	24	0	0	264	264	0	0	2208	2208	0	0	24	24	0	0	0	0	0	0	0	0	0	0	0	0	0	0	0	0	0	0
F268-D04	discovery	neighbor	32	165	17576193494397033107	9	1	0	-	1	24	31	42	24	0	0	0	0	0	0	0	24	276	0	0	0	-	0	24	24	0	0	312	312	0	0	2208	2190	18	0	6	6	0	0	0	0	0	0	0	0	0	0	0	0	0	0	0	0	0	0
F268-D04	discovery	neighbor	32	165	17576193494397033107	10	1	0	-	1	20	25	30	20	0	0	0	0	0	0	0	20	190	0	0	0	-	0	4	4	0	0	228	228	0	0	1520	1480	40	0	16	16	0	0	0	0	0	0	0	0	0	0	0	0	0	0	0	0	0	0
F268-D04	discovery	neighbor	32	165	17576193494397033107	11	1	0	-	1	24	31	32	24	0	0	0	0	0	0	0	24	276	0	0	0	-	0	26	26	0	0	272	272	0	0	2208	2208	0	0	0	0	0	0	0	0	0	0	0	0	0	0	0	0	0	0	0	0	0	0
F268-D04	discovery	neighbor	32	166	6577109809403310337	0	1	0	-	1	24	31	35	24	0	0	0	0	0	0	0	24	276	0	0	0	-	0	24	24	0	0	552	552	0	0	2208	2208	0	0	0	0	0	0	0	0	0	0	0	0	0	0	0	0	0	0	0	0	0	0
F268-D04	discovery	neighbor	32	166	6577109809403310337	1	1	0	-	1	24	33	46	24	0	0	0	0	0	0	0	24	276	0	0	0	-	0	24	24	0	0	216	216	0	0	2208	2208	0	0	0	0	0	0	0	0	0	0	0	0	0	0	0	0	0	0	0	0	0	0
F268-D04	discovery	neighbor	32	166	6577109809403310337	2	1	0	-	1	24	34	49	24	0	0	0	0	0	0	0	24	276	0	0	0	-	0	24	24	0	0	600	600	0	0	2208	2208	0	0	0	0	0	0	0	0	0	0	0	0	0	0	0	0	0	0	0	0	0	0
F268-D04	discovery	neighbor	32	166	6577109809403310337	3	1	0	-	1	24	31	38	24	0	0	0	0	0	0	0	24	276	0	0	0	-	0	24	24	0	0	600	600	0	0	2208	2208	0	0	0	0	0	0	0	0	0	0	0	0	0	0	0	0	0	0	0	0	0	0
F268-D04	discovery	neighbor	32	166	6577109809403310337	4	1	0	-	1	24	30	47	24	0	0	0	0	0	0	0	24	276	0	0	0	-	0	24	24	0	0	264	264	0	0	2208	2208	0	0	0	0	0	0	0	0	0	0	0	0	0	0	0	0	0	0	0	0	0	0
F268-D04	discovery	neighbor	32	166	6577109809403310337	5	1	0	-	1	24	32	48	24	0	0	0	0	0	0	0	24	276	0	0	0	-	0	24	24	0	0	552	552	0	0	2208	2172	36	0	12	12	0	0	0	0	0	0	0	0	0	0	0	0	0	0	0	0	0	0
F268-D04	discovery	neighbor	32	166	6577109809403310337	6	1	0	-	1	24	32	48	24	0	0	0	0	0	0	0	24	276	0	0	0	-	0	24	24	0	0	216	216	0	0	2208	2208	0	0	16	16	0	0	0	0	0	0	0	0	0	0	0	0	0	0	0	0	0	0
F268-D04	discovery	neighbor	32	166	6577109809403310337	7	1	0	-	1	24	32	44	24	0	0	0	0	0	0	0	24	276	0	0	0	-	0	24	24	0	0	600	600	0	0	2208	2208	0	0	36	36	0	0	0	0	0	0	0	0	0	0	0	0	0	0	0	0	0	0
F268-D04	discovery	neighbor	32	166	6577109809403310337	8	1	0	-	1	24	33	47	24	0	0	0	0	0	0	0	24	276	0	0	0	-	0	24	24	0	0	600	600	0	0	2208	2208	0	0	24	24	0	0	0	0	0	0	0	0	0	0	0	0	0	0	0	0	0	0
F268-D04	discovery	neighbor	32	166	6577109809403310337	9	1	0	-	1	24	28	38	24	0	0	0	0	0	0	0	24	276	0	0	0	-	0	24	24	0	0	264	264	0	0	2208	2190	18	0	6	6	0	0	0	0	0	0	0	0	0	0	0	0	0	0	0	0	0	0
F268-D04	discovery	neighbor	32	166	6577109809403310337	10	1	0	-	1	20	26	36	20	0	0	0	0	0	0	0	20	190	0	0	0	-	0	4	4	0	0	372	372	0	0	1520	1480	40	0	16	16	0	0	0	0	0	0	0	0	0	0	0	0	0	0	0	0	0	0
F268-D04	discovery	neighbor	32	166	6577109809403310337	11	1	0	-	1	24	29	54	24	0	0	0	0	0	0	0	24	276	0	0	0	-	0	26	26	0	0	454	454	0	0	2208	2208	0	0	0	0	0	0	0	0	0	0	0	0	0	0	0	0	0	0	0	0	0	0
F268-D04	discovery	neighbor	32	167	16549954799729767187	0	1	0	-	1	24	33	34	24	0	0	0	0	0	0	0	24	276	0	0	0	-	0	24	24	0	0	216	216	0	0	2208	2208	0	0	0	0	0	0	0	0	0	0	0	0	0	0	0	0	0	0	0	0	0	0
F268-D04	discovery	neighbor	32	167	16549954799729767187	1	1	0	-	1	24	31	47	24	0	0	0	0	0	0	0	24	276	0	0	0	-	0	24	24	0	0	264	264	0	0	2208	2208	0	0	0	0	0	0	0	0	0	0	0	0	0	0	0	0	0	0	0	0	0	0
F268-D04	discovery	neighbor	32	167	16549954799729767187	2	1	0	-	1	24	33	47	24	0	0	0	0	0	0	0	24	276	0	0	0	-	0	24	24	0	0	312	312	0	0	2208	2208	0	0	0	0	0	0	0	0	0	0	0	0	0	0	0	0	0	0	0	0	0	0
F268-D04	discovery	neighbor	32	167	16549954799729767187	3	1	0	-	1	24	33	54	24	0	0	0	0	0	0	0	24	276	0	0	0	-	0	24	24	0	0	264	264	0	0	2208	2208	0	0	0	0	0	0	0	0	0	0	0	0	0	0	0	0	0	0	0	0	0	0
F268-D04	discovery	neighbor	32	167	16549954799729767187	4	1	0	-	1	24	33	59	24	0	0	0	0	0	0	0	24	276	0	0	0	-	0	24	24	0	0	312	312	0	0	2208	2208	0	0	0	0	0	0	0	0	0	0	0	0	0	0	0	0	0	0	0	0	0	0
F268-D04	discovery	neighbor	32	167	16549954799729767187	5	1	0	-	1	24	32	40	24	0	0	0	0	0	0	0	24	276	0	0	0	-	0	24	24	0	0	216	216	0	0	2208	2172	36	0	12	12	0	0	0	0	0	0	0	0	0	0	0	0	0	0	0	0	0	0
F268-D04	discovery	neighbor	32	167	16549954799729767187	6	1	0	-	1	24	32	30	24	0	0	0	0	0	0	0	24	276	0	0	0	-	0	24	24	0	0	264	264	0	0	2208	2208	0	0	16	16	0	0	0	0	0	0	0	0	0	0	0	0	0	0	0	0	0	0
F268-D04	discovery	neighbor	32	167	16549954799729767187	7	1	0	-	1	24	34	59	24	0	0	0	0	0	0	0	24	276	0	0	0	-	0	24	24	0	0	312	312	0	0	2208	2208	0	0	36	36	0	0	0	0	0	0	0	0	0	0	0	0	0	0	0	0	0	0
F268-D04	discovery	neighbor	32	167	16549954799729767187	8	1	0	-	1	24	30	34	24	0	0	0	0	0	0	0	24	276	0	0	0	-	0	24	24	0	0	264	264	0	0	2208	2208	0	0	24	24	0	0	0	0	0	0	0	0	0	0	0	0	0	0	0	0	0	0
F268-D04	discovery	neighbor	32	167	16549954799729767187	9	1	0	-	1	24	32	46	24	0	0	0	0	0	0	0	24	276	0	0	0	-	0	24	24	0	0	312	312	0	0	2208	2190	18	0	6	6	0	0	0	0	0	0	0	0	0	0	0	0	0	0	0	0	0	0
F268-D04	discovery	neighbor	32	167	16549954799729767187	10	1	0	-	1	20	26	34	20	0	0	0	0	0	0	0	20	190	0	0	0	-	0	4	4	0	0	228	228	0	0	1520	1480	40	0	16	16	0	0	0	0	0	0	0	0	0	0	0	0	0	0	0	0	0	0
F268-D04	discovery	neighbor	32	167	16549954799729767187	11	1	0	-	1	24	34	34	24	0	0	0	0	0	0	0	24	276	0	0	0	-	0	26	26	0	0	272	272	0	0	2208	2208	0	0	0	0	0	0	0	0	0	0	0	0	0	0	0	0	0	0	0	0	0	0
F268-D04	discovery	safe-safe	32	168	10171351336068870781	0	1	0	-	1	24	34	37	24	0	0	0	0	0	0	0	24	276	0	0	0	-	0	24	24	0	0	264	264	0	0	2208	2208	0	0	0	0	0	0	0	0	0	0	0	0	0	0	0	0	0	0	0	0	0	0
F268-D04	discovery	safe-safe	32	168	10171351336068870781	1	1	0	-	1	24	30	32	24	0	0	0	0	0	0	0	24	276	0	0	0	-	0	24	24	0	0	216	216	0	0	2208	2208	0	0	0	0	0	0	0	0	0	0	0	0	0	0	0	0	0	0	0	0	0	0
F268-D04	discovery	safe-safe	32	168	10171351336068870781	2	1	0	-	1	24	30	40	24	0	0	0	0	0	0	0	24	276	0	0	0	-	0	24	24	0	0	312	312	0	0	2208	2208	0	0	0	0	0	0	0	0	0	0	0	0	0	0	0	0	0	0	0	0	0	0
F268-D04	discovery	safe-safe	32	168	10171351336068870781	3	1	0	-	1	24	31	67	24	0	0	0	0	0	0	0	24	276	0	0	0	-	0	24	24	0	0	312	312	0	0	2208	2208	0	0	0	0	0	0	0	0	0	0	0	0	0	0	0	0	0	0	0	0	0	0
F268-D04	discovery	safe-safe	32	168	10171351336068870781	4	1	0	-	1	24	32	44	24	0	0	0	0	0	0	0	24	276	0	0	0	-	0	24	24	0	0	264	264	0	0	2208	2208	0	0	0	0	0	0	0	0	0	0	0	0	0	0	0	0	0	0	0	0	0	0
F268-D04	discovery	safe-safe	32	168	10171351336068870781	5	1	0	-	1	24	33	49	24	0	0	0	0	0	0	0	24	276	0	0	0	-	0	24	24	0	0	264	264	0	0	2208	2172	36	0	12	12	0	0	0	0	0	0	0	0	0	0	0	0	0	0	0	0	0	0
F268-D04	discovery	safe-safe	32	168	10171351336068870781	6	1	0	-	1	24	33	55	24	0	0	0	0	0	0	0	24	276	0	0	0	-	0	24	24	0	0	216	216	0	0	2208	2208	0	0	16	16	0	0	0	0	0	0	0	0	0	0	0	0	0	0	0	0	0	0
F268-D04	discovery	safe-safe	32	168	10171351336068870781	7	1	0	-	1	24	32	50	24	0	0	0	0	0	0	0	24	276	0	0	0	-	0	24	24	0	0	312	312	0	0	2208	2208	0	0	36	36	0	0	0	0	0	0	0	0	0	0	0	0	0	0	0	0	0	0
F268-D04	discovery	safe-safe	32	168	10171351336068870781	8	1	0	-	1	24	29	46	24	0	0	0	0	0	0	0	24	276	0	0	0	-	0	24	24	0	0	312	312	0	0	2208	2208	0	0	24	24	0	0	0	0	0	0	0	0	0	0	0	0	0	0	0	0	0	0
F268-D04	discovery	safe-safe	32	168	10171351336068870781	9	1	0	-	1	24	33	44	24	0	0	0	0	0	0	0	24	276	0	0	0	-	0	24	24	0	0	264	264	0	0	2208	2190	18	0	6	6	0	0	0	0	0	0	0	0	0	0	0	0	0	0	0	0	0	0
F268-D04	discovery	safe-safe	32	168	10171351336068870781	10	1	0	-	1	20	25	30	20	0	0	0	0	0	0	0	20	190	0	0	0	-	0	4	4	0	0	228	228	0	0	1520	1480	40	0	16	16	0	0	0	0	0	0	0	0	0	0	0	0	0	0	0	0	0	0
F268-D04	discovery	safe-safe	32	168	10171351336068870781	11	1	0	-	1	24	33	40	24	0	0	0	0	0	0	0	24	276	0	0	0	-	0	26	26	0	0	274	274	0	0	2208	2208	0	0	0	0	0	0	0	0	0	0	0	0	0	0	0	0	0	0	0	0	0	0
F268-D04	discovery	safe-safe	32	169	12592404448233759841	0	1	0	-	1	24	31	46	24	0	0	0	0	0	0	0	24	276	0	0	0	-	0	24	24	0	0	408	408	0	0	2208	2208	0	0	0	0	0	0	0	0	0	0	0	0	0	0	0	0	0	0	0	0	0	0
F268-D04	discovery	safe-safe	32	169	12592404448233759841	1	1	0	-	1	24	30	39	24	0	0	0	0	0	0	0	24	276	0	0	0	-	0	24	24	0	0	216	216	0	0	2208	2208	0	0	0	0	0	0	0	0	0	0	0	0	0	0	0	0	0	0	0	0	0	0
F268-D04	discovery	safe-safe	32	169	12592404448233759841	2	1	0	-	1	24	31	40	24	0	0	0	0	0	0	0	24	276	0	0	0	-	0	24	24	0	0	456	456	0	0	2208	2208	0	0	0	0	0	0	0	0	0	0	0	0	0	0	0	0	0	0	0	0	0	0
F268-D04	discovery	safe-safe	32	169	12592404448233759841	3	1	0	-	1	24	31	43	24	0	0	0	0	0	0	0	24	276	0	0	0	-	0	24	24	0	0	456	456	0	0	2208	2208	0	0	0	0	0	0	0	0	0	0	0	0	0	0	0	0	0	0	0	0	0	0
F268-D04	discovery	safe-safe	32	169	12592404448233759841	4	1	0	-	1	24	31	45	24	0	0	0	0	0	0	0	24	276	0	0	0	-	0	24	24	0	0	264	264	0	0	2208	2208	0	0	0	0	0	0	0	0	0	0	0	0	0	0	0	0	0	0	0	0	0	0
F268-D04	discovery	safe-safe	32	169	12592404448233759841	5	1	0	-	1	24	31	43	24	0	0	0	0	0	0	0	24	276	0	0	0	-	0	24	24	0	0	408	408	0	0	2208	2172	36	0	12	12	0	0	0	0	0	0	0	0	0	0	0	0	0	0	0	0	0	0
F268-D04	discovery	safe-safe	32	169	12592404448233759841	6	1	0	-	1	24	31	47	24	0	0	0	0	0	0	0	24	276	0	0	0	-	0	24	24	0	0	216	216	0	0	2208	2208	0	0	16	16	0	0	0	0	0	0	0	0	0	0	0	0	0	0	0	0	0	0
F268-D04	discovery	safe-safe	32	169	12592404448233759841	7	1	0	-	1	24	35	51	24	0	0	0	0	0	0	0	24	276	0	0	0	-	0	24	24	0	0	456	456	0	0	2208	2208	0	0	36	36	0	0	0	0	0	0	0	0	0	0	0	0	0	0	0	0	0	0
F268-D04	discovery	safe-safe	32	169	12592404448233759841	8	1	0	-	1	24	31	42	24	0	0	0	0	0	0	0	24	276	0	0	0	-	0	24	24	0	0	456	456	0	0	2208	2208	0	0	24	24	0	0	0	0	0	0	0	0	0	0	0	0	0	0	0	0	0	0
F268-D04	discovery	safe-safe	32	169	12592404448233759841	9	1	0	-	1	24	33	44	24	0	0	0	0	0	0	0	24	276	0	0	0	-	0	24	24	0	0	264	264	0	0	2208	2190	18	0	6	6	0	0	0	0	0	0	0	0	0	0	0	0	0	0	0	0	0	0
F268-D04	discovery	safe-safe	32	169	12592404448233759841	10	1	0	-	1	20	27	30	20	0	0	0	0	0	0	0	20	190	0	0	0	-	0	4	4	0	0	300	300	0	0	1520	1480	40	0	16	16	0	0	0	0	0	0	0	0	0	0	0	0	0	0	0	0	0	0
F268-D04	discovery	safe-safe	32	169	12592404448233759841	11	1	0	-	1	24	31	33	24	0	0	0	0	0	0	0	24	276	0	0	0	-	0	26	26	0	0	364	364	0	0	2208	2208	0	0	0	0	0	0	0	0	0	0	0	0	0	0	0	0	0	0	0	0	0	0
F268-D04	discovery	safe-safe	32	170	13620494089570010761	0	1	0	-	1	24	30	39	24	0	0	0	0	0	0	0	24	276	0	0	0	-	0	24	24	0	0	312	312	0	0	2208	2208	0	0	0	0	0	0	0	0	0	0	0	0	0	0	0	0	0	0	0	0	0	0
F268-D04	discovery	safe-safe	32	170	13620494089570010761	1	1	0	-	1	24	32	50	24	0	0	0	0	0	0	0	24	276	0	0	0	-	0	24	24	0	0	216	216	0	0	2208	2208	0	0	0	0	0	0	0	0	0	0	0	0	0	0	0	0	0	0	0	0	0	0
F268-D04	discovery	safe-safe	32	170	13620494089570010761	2	1	0	-	1	24	35	56	24	0	0	0	0	0	0	0	24	276	0	0	0	-	0	24	24	0	0	360	360	0	0	2208	2208	0	0	0	0	0	0	0	0	0	0	0	0	0	0	0	0	0	0	0	0	0	0
F268-D04	discovery	safe-safe	32	170	13620494089570010761	3	1	0	-	1	24	31	32	24	0	0	0	0	0	0	0	24	276	0	0	0	-	0	24	24	0	0	360	360	0	0	2208	2208	0	0	0	0	0	0	0	0	0	0	0	0	0	0	0	0	0	0	0	0	0	0
F268-D04	discovery	safe-safe	32	170	13620494089570010761	4	1	0	-	1	24	36	36	24	0	0	0	0	0	0	0	24	276	0	0	0	-	0	24	24	0	0	264	264	0	0	2208	2208	0	0	0	0	0	0	0	0	0	0	0	0	0	0	0	0	0	0	0	0	0	0
F268-D04	discovery	safe-safe	32	170	13620494089570010761	5	1	0	-	1	24	34	48	24	0	0	0	0	0	0	0	24	276	0	0	0	-	0	24	24	0	0	312	312	0	0	2208	2172	36	0	12	12	0	0	0	0	0	0	0	0	0	0	0	0	0	0	0	0	0	0
F268-D04	discovery	safe-safe	32	170	13620494089570010761	6	1	0	-	1	24	31	46	24	0	0	0	0	0	0	0	24	276	0	0	0	-	0	24	24	0	0	216	216	0	0	2208	2208	0	0	16	16	0	0	0	0	0	0	0	0	0	0	0	0	0	0	0	0	0	0
F268-D04	discovery	safe-safe	32	170	13620494089570010761	7	1	0	-	1	24	36	41	24	0	0	0	0	0	0	0	24	276	0	0	0	-	0	24	24	0	0	360	360	0	0	2208	2208	0	0	36	36	0	0	0	0	0	0	0	0	0	0	0	0	0	0	0	0	0	0
F268-D04	discovery	safe-safe	32	170	13620494089570010761	8	1	0	-	1	24	31	49	24	0	0	0	0	0	0	0	24	276	0	0	0	-	0	24	24	0	0	360	360	0	0	2208	2208	0	0	24	24	0	0	0	0	0	0	0	0	0	0	0	0	0	0	0	0	0	0
F268-D04	discovery	safe-safe	32	170	13620494089570010761	9	1	0	-	1	24	31	42	24	0	0	0	0	0	0	0	24	276	0	0	0	-	0	24	24	0	0	264	264	0	0	2208	2190	18	0	6	6	0	0	0	0	0	0	0	0	0	0	0	0	0	0	0	0	0	0
F268-D04	discovery	safe-safe	32	170	13620494089570010761	10	1	0	-	1	20	26	31	20	0	0	0	0	0	0	0	20	190	0	0	0	-	0	4	4	0	0	252	252	0	0	1520	1480	40	0	16	16	0	0	0	0	0	0	0	0	0	0	0	0	0	0	0	0	0	0
F268-D04	discovery	safe-safe	32	170	13620494089570010761	11	1	0	-	1	24	31	51	24	0	0	0	0	0	0	0	24	276	0	0	0	-	0	26	26	0	0	304	304	0	0	2208	2208	0	0	0	0	0	0	0	0	0	0	0	0	0	0	0	0	0	0	0	0	0	0
F268-D04	discovery	safe-safe	32	171	15917049437356712209	0	1	0	-	1	24	32	39	24	0	0	0	0	0	0	0	24	276	0	0	0	-	0	24	24	0	0	360	360	0	0	2208	2208	0	0	0	0	0	0	0	0	0	0	0	0	0	0	0	0	0	0	0	0	0	0
F268-D04	discovery	safe-safe	32	171	15917049437356712209	1	1	0	-	1	24	32	38	24	0	0	0	0	0	0	0	24	276	0	0	0	-	0	24	24	0	0	216	216	0	0	2208	2208	0	0	0	0	0	0	0	0	0	0	0	0	0	0	0	0	0	0	0	0	0	0
F268-D04	discovery	safe-safe	32	171	15917049437356712209	2	1	0	-	1	24	30	41	24	0	0	0	0	0	0	0	24	276	0	0	0	-	0	24	24	0	0	408	408	0	0	2208	2208	0	0	0	0	0	0	0	0	0	0	0	0	0	0	0	0	0	0	0	0	0	0
F268-D04	discovery	safe-safe	32	171	15917049437356712209	3	1	0	-	1	24	29	44	24	0	0	0	0	0	0	0	24	276	0	0	0	-	0	24	24	0	0	408	408	0	0	2208	2208	0	0	0	0	0	0	0	0	0	0	0	0	0	0	0	0	0	0	0	0	0	0
F268-D04	discovery	safe-safe	32	171	15917049437356712209	4	1	0	-	1	24	30	36	24	0	0	0	0	0	0	0	24	276	0	0	0	-	0	24	24	0	0	264	264	0	0	2208	2208	0	0	0	0	0	0	0	0	0	0	0	0	0	0	0	0	0	0	0	0	0	0
F268-D04	discovery	safe-safe	32	171	15917049437356712209	5	1	0	-	1	24	31	60	24	0	0	0	0	0	0	0	24	276	0	0	0	-	0	24	24	0	0	360	360	0	0	2208	2172	36	0	12	12	0	0	0	0	0	0	0	0	0	0	0	0	0	0	0	0	0	0
F268-D04	discovery	safe-safe	32	171	15917049437356712209	6	1	0	-	1	24	32	45	24	0	0	0	0	0	0	0	24	276	0	0	0	-	0	24	24	0	0	216	216	0	0	2208	2208	0	0	16	16	0	0	0	0	0	0	0	0	0	0	0	0	0	0	0	0	0	0
F268-D04	discovery	safe-safe	32	171	15917049437356712209	7	1	0	-	1	24	33	59	24	0	0	0	0	0	0	0	24	276	0	0	0	-	0	24	24	0	0	408	408	0	0	2208	2208	0	0	36	36	0	0	0	0	0	0	0	0	0	0	0	0	0	0	0	0	0	0
F268-D04	discovery	safe-safe	32	171	15917049437356712209	8	1	0	-	1	24	30	42	24	0	0	0	0	0	0	0	24	276	0	0	0	-	0	24	24	0	0	408	408	0	0	2208	2208	0	0	24	24	0	0	0	0	0	0	0	0	0	0	0	0	0	0	0	0	0	0
F268-D04	discovery	safe-safe	32	171	15917049437356712209	9	1	0	-	1	24	31	56	24	0	0	0	0	0	0	0	24	276	0	0	0	-	0	24	24	0	0	264	264	0	0	2208	2190	18	0	6	6	0	0	0	0	0	0	0	0	0	0	0	0	0	0	0	0	0	0
F268-D04	discovery	safe-safe	32	171	15917049437356712209	10	1	0	-	1	20	26	34	20	0	0	0	0	0	0	0	20	190	0	0	0	-	0	4	4	0	0	276	276	0	0	1520	1480	40	0	16	16	0	0	0	0	0	0	0	0	0	0	0	0	0	0	0	0	0	0
F268-D04	discovery	safe-safe	32	171	15917049437356712209	11	1	0	-	1	24	32	36	24	0	0	0	0	0	0	0	24	276	0	0	0	-	0	26	26	0	0	334	334	0	0	2208	2208	0	0	0	0	0	0	0	0	0	0	0	0	0	0	0	0	0	0	0	0	0	0
F268-D04	discovery	safe-safe	32	172	10244034476434046881	0	1	0	-	1	24	33	56	24	0	0	0	0	0	0	0	24	276	0	0	0	-	0	24	24	0	0	408	408	0	0	2208	2208	0	0	0	0	0	0	0	0	0	0	0	0	0	0	0	0	0	0	0	0	0	0
F268-D04	discovery	safe-safe	32	172	10244034476434046881	1	1	0	-	1	24	34	33	24	0	0	0	0	0	0	0	24	276	0	0	0	-	0	24	24	0	0	216	216	0	0	2208	2208	0	0	0	0	0	0	0	0	0	0	0	0	0	0	0	0	0	0	0	0	0	0
F268-D04	discovery	safe-safe	32	172	10244034476434046881	2	1	0	-	1	24	31	48	24	0	0	0	0	0	0	0	24	276	0	0	0	-	0	24	24	0	0	456	456	0	0	2208	2208	0	0	0	0	0	0	0	0	0	0	0	0	0	0	0	0	0	0	0	0	0	0
F268-D04	discovery	safe-safe	32	172	10244034476434046881	3	1	0	-	1	24	31	50	24	0	0	0	0	0	0	0	24	276	0	0	0	-	0	24	24	0	0	456	456	0	0	2208	2208	0	0	0	0	0	0	0	0	0	0	0	0	0	0	0	0	0	0	0	0	0	0
F268-D04	discovery	safe-safe	32	172	10244034476434046881	4	1	0	-	1	24	33	35	24	0	0	0	0	0	0	0	24	276	0	0	0	-	0	24	24	0	0	264	264	0	0	2208	2208	0	0	0	0	0	0	0	0	0	0	0	0	0	0	0	0	0	0	0	0	0	0
F268-D04	discovery	safe-safe	32	172	10244034476434046881	5	1	0	-	1	24	34	63	24	0	0	0	0	0	0	0	24	276	0	0	0	-	0	24	24	0	0	408	408	0	0	2208	2172	36	0	12	12	0	0	0	0	0	0	0	0	0	0	0	0	0	0	0	0	0	0
F268-D04	discovery	safe-safe	32	172	10244034476434046881	6	1	0	-	1	24	31	44	24	0	0	0	0	0	0	0	24	276	0	0	0	-	0	24	24	0	0	216	216	0	0	2208	2208	0	0	16	16	0	0	0	0	0	0	0	0	0	0	0	0	0	0	0	0	0	0
F268-D04	discovery	safe-safe	32	172	10244034476434046881	7	1	0	-	1	24	32	32	24	0	0	0	0	0	0	0	24	276	0	0	0	-	0	24	24	0	0	456	456	0	0	2208	2208	0	0	36	36	0	0	0	0	0	0	0	0	0	0	0	0	0	0	0	0	0	0
F268-D04	discovery	safe-safe	32	172	10244034476434046881	8	1	0	-	1	24	33	42	24	0	0	0	0	0	0	0	24	276	0	0	0	-	0	24	24	0	0	456	456	0	0	2208	2208	0	0	24	24	0	0	0	0	0	0	0	0	0	0	0	0	0	0	0	0	0	0
F268-D04	discovery	safe-safe	32	172	10244034476434046881	9	1	0	-	1	24	32	42	24	0	0	0	0	0	0	0	24	276	0	0	0	-	0	24	24	0	0	264	264	0	0	2208	2190	18	0	6	6	0	0	0	0	0	0	0	0	0	0	0	0	0	0	0	0	0	0
F268-D04	discovery	safe-safe	32	172	10244034476434046881	10	1	0	-	1	20	25	38	20	0	0	0	0	0	0	0	20	190	0	0	0	-	0	4	4	0	0	300	300	0	0	1520	1480	40	0	16	16	0	0	0	0	0	0	0	0	0	0	0	0	0	0	0	0	0	0
F268-D04	discovery	safe-safe	32	172	10244034476434046881	11	1	0	-	1	24	31	38	24	0	0	0	0	0	0	0	24	276	0	0	0	-	0	26	26	0	0	364	364	0	0	2208	2208	0	0	0	0	0	0	0	0	0	0	0	0	0	0	0	0	0	0	0	0	0	0
F268-D04	discovery	safe-safe	32	173	13919828103028705861	0	1	0	-	1	24	34	37	24	0	0	0	0	0	0	0	24	276	0	0	0	-	0	24	24	0	0	264	264	0	0	2208	2208	0	0	0	0	0	0	0	0	0	0	0	0	0	0	0	0	0	0	0	0	0	0
F268-D04	discovery	safe-safe	32	173	13919828103028705861	1	1	0	-	1	24	32	51	24	0	0	0	0	0	0	0	24	276	0	0	0	-	0	24	24	0	0	216	216	0	0	2208	2208	0	0	0	0	0	0	0	0	0	0	0	0	0	0	0	0	0	0	0	0	0	0
F268-D04	discovery	safe-safe	32	173	13919828103028705861	2	1	0	-	1	24	30	38	24	0	0	0	0	0	0	0	24	276	0	0	0	-	0	24	24	0	0	312	312	0	0	2208	2208	0	0	0	0	0	0	0	0	0	0	0	0	0	0	0	0	0	0	0	0	0	0
F268-D04	discovery	safe-safe	32	173	13919828103028705861	3	1	0	-	1	24	31	38	24	0	0	0	0	0	0	0	24	276	0	0	0	-	0	24	24	0	0	312	312	0	0	2208	2208	0	0	0	0	0	0	0	0	0	0	0	0	0	0	0	0	0	0	0	0	0	0
F268-D04	discovery	safe-safe	32	173	13919828103028705861	4	1	0	-	1	24	30	43	24	0	0	0	0	0	0	0	24	276	0	0	0	-	0	24	24	0	0	264	264	0	0	2208	2208	0	0	0	0	0	0	0	0	0	0	0	0	0	0	0	0	0	0	0	0	0	0
F268-D04	discovery	safe-safe	32	173	13919828103028705861	5	1	0	-	1	24	32	34	24	0	0	0	0	0	0	0	24	276	0	0	0	-	0	24	24	0	0	264	264	0	0	2208	2172	36	0	12	12	0	0	0	0	0	0	0	0	0	0	0	0	0	0	0	0	0	0
F268-D04	discovery	safe-safe	32	173	13919828103028705861	6	1	0	-	1	24	31	40	24	0	0	0	0	0	0	0	24	276	0	0	0	-	0	24	24	0	0	216	216	0	0	2208	2208	0	0	16	16	0	0	0	0	0	0	0	0	0	0	0	0	0	0	0	0	0	0
F268-D04	discovery	safe-safe	32	173	13919828103028705861	7	1	0	-	1	24	32	50	24	0	0	0	0	0	0	0	24	276	0	0	0	-	0	24	24	0	0	312	312	0	0	2208	2208	0	0	36	36	0	0	0	0	0	0	0	0	0	0	0	0	0	0	0	0	0	0
F268-D04	discovery	safe-safe	32	173	13919828103028705861	8	1	0	-	1	24	32	44	24	0	0	0	0	0	0	0	24	276	0	0	0	-	0	24	24	0	0	312	312	0	0	2208	2208	0	0	24	24	0	0	0	0	0	0	0	0	0	0	0	0	0	0	0	0	0	0
F268-D04	discovery	safe-safe	32	173	13919828103028705861	9	1	0	-	1	24	30	59	24	0	0	0	0	0	0	0	24	276	0	0	0	-	0	24	24	0	0	264	264	0	0	2208	2190	18	0	6	6	0	0	0	0	0	0	0	0	0	0	0	0	0	0	0	0	0	0
F268-D04	discovery	safe-safe	32	173	13919828103028705861	10	1	0	-	1	20	29	42	20	0	0	0	0	0	0	0	20	190	0	0	0	-	0	4	4	0	0	228	228	0	0	1520	1480	40	0	16	16	0	0	0	0	0	0	0	0	0	0	0	0	0	0	0	0	0	0
F268-D04	discovery	safe-safe	32	173	13919828103028705861	11	1	0	-	1	24	31	45	24	0	0	0	0	0	0	0	24	276	0	0	0	-	0	26	26	0	0	274	274	0	0	2208	2208	0	0	0	0	0	0	0	0	0	0	0	0	0	0	0	0	0	0	0	0	0	0
F268-D04	discovery	safe-safe	32	174	7119993711736701493	0	1	0	-	1	24	29	33	24	0	0	0	0	0	0	0	24	276	0	0	0	-	0	24	24	0	0	264	264	0	0	2208	2208	0	0	0	0	0	0	0	0	0	0	0	0	0	0	0	0	0	0	0	0	0	0
F268-D04	discovery	safe-safe	32	174	7119993711736701493	1	1	0	-	1	24	31	42	24	0	0	0	0	0	0	0	24	276	0	0	0	-	0	24	24	0	0	216	216	0	0	2208	2208	0	0	0	0	0	0	0	0	0	0	0	0	0	0	0	0	0	0	0	0	0	0
F268-D04	discovery	safe-safe	32	174	7119993711736701493	2	1	0	-	1	24	31	57	24	0	0	0	0	0	0	0	24	276	0	0	0	-	0	24	24	0	0	312	312	0	0	2208	2208	0	0	0	0	0	0	0	0	0	0	0	0	0	0	0	0	0	0	0	0	0	0
F268-D04	discovery	safe-safe	32	174	7119993711736701493	3	1	0	-	1	24	30	43	24	0	0	0	0	0	0	0	24	276	0	0	0	-	0	24	24	0	0	312	312	0	0	2208	2208	0	0	0	0	0	0	0	0	0	0	0	0	0	0	0	0	0	0	0	0	0	0
F268-D04	discovery	safe-safe	32	174	7119993711736701493	4	1	0	-	1	24	35	65	24	0	0	0	0	0	0	0	24	276	0	0	0	-	0	24	24	0	0	264	264	0	0	2208	2208	0	0	0	0	0	0	0	0	0	0	0	0	0	0	0	0	0	0	0	0	0	0
F268-D04	discovery	safe-safe	32	174	7119993711736701493	5	1	0	-	1	24	33	43	24	0	0	0	0	0	0	0	24	276	0	0	0	-	0	24	24	0	0	264	264	0	0	2208	2172	36	0	12	12	0	0	0	0	0	0	0	0	0	0	0	0	0	0	0	0	0	0
F268-D04	discovery	safe-safe	32	174	7119993711736701493	6	1	0	-	1	24	29	43	24	0	0	0	0	0	0	0	24	276	0	0	0	-	0	24	24	0	0	216	216	0	0	2208	2208	0	0	16	16	0	0	0	0	0	0	0	0	0	0	0	0	0	0	0	0	0	0
F268-D04	discovery	safe-safe	32	174	7119993711736701493	7	1	0	-	1	24	35	40	24	0	0	0	0	0	0	0	24	276	0	0	0	-	0	24	24	0	0	312	312	0	0	2208	2208	0	0	36	36	0	0	0	0	0	0	0	0	0	0	0	0	0	0	0	0	0	0
F268-D04	discovery	safe-safe	32	174	7119993711736701493	8	1	0	-	1	24	29	37	24	0	0	0	0	0	0	0	24	276	0	0	0	-	0	24	24	0	0	312	312	0	0	2208	2208	0	0	24	24	0	0	0	0	0	0	0	0	0	0	0	0	0	0	0	0	0	0
F268-D04	discovery	safe-safe	32	174	7119993711736701493	9	1	0	-	1	24	33	51	24	0	0	0	0	0	0	0	24	276	0	0	0	-	0	24	24	0	0	264	264	0	0	2208	2190	18	0	6	6	0	0	0	0	0	0	0	0	0	0	0	0	0	0	0	0	0	0
F268-D04	discovery	safe-safe	32	174	7119993711736701493	10	1	0	-	1	20	26	35	20	0	0	0	0	0	0	0	20	190	0	0	0	-	0	4	4	0	0	228	228	0	0	1520	1480	40	0	16	16	0	0	0	0	0	0	0	0	0	0	0	0	0	0	0	0	0	0
F268-D04	discovery	safe-safe	32	174	7119993711736701493	11	1	0	-	1	24	31	30	24	0	0	0	0	0	0	0	24	276	0	0	0	-	0	26	26	0	0	274	274	0	0	2208	2208	0	0	0	0	0	0	0	0	0	0	0	0	0	0	0	0	0	0	0	0	0	0
F268-D04	discovery	safe-safe	32	175	9606625973395199389	0	1	0	-	1	24	28	37	24	0	0	0	0	0	0	0	24	276	0	0	0	-	0	24	24	0	0	264	264	0	0	2208	2208	0	0	0	0	0	0	0	0	0	0	0	0	0	0	0	0	0	0	0	0	0	0
F268-D04	discovery	safe-safe	32	175	9606625973395199389	1	1	0	-	1	24	34	55	24	0	0	0	0	0	0	0	24	276	0	0	0	-	0	24	24	0	0	216	216	0	0	2208	2208	0	0	0	0	0	0	0	0	0	0	0	0	0	0	0	0	0	0	0	0	0	0
F268-D04	discovery	safe-safe	32	175	9606625973395199389	2	1	0	-	1	24	29	51	24	0	0	0	0	0	0	0	24	276	0	0	0	-	0	24	24	0	0	312	312	0	0	2208	2208	0	0	0	0	0	0	0	0	0	0	0	0	0	0	0	0	0	0	0	0	0	0
F268-D04	discovery	safe-safe	32	175	9606625973395199389	3	1	0	-	1	24	32	48	24	0	0	0	0	0	0	0	24	276	0	0	0	-	0	24	24	0	0	312	312	0	0	2208	2208	0	0	0	0	0	0	0	0	0	0	0	0	0	0	0	0	0	0	0	0	0	0
F268-D04	discovery	safe-safe	32	175	9606625973395199389	4	1	0	-	1	24	34	49	24	0	0	0	0	0	0	0	24	276	0	0	0	-	0	24	24	0	0	264	264	0	0	2208	2208	0	0	0	0	0	0	0	0	0	0	0	0	0	0	0	0	0	0	0	0	0	0
F268-D04	discovery	safe-safe	32	175	9606625973395199389	5	1	0	-	1	24	33	45	24	0	0	0	0	0	0	0	24	276	0	0	0	-	0	24	24	0	0	264	264	0	0	2208	2172	36	0	12	12	0	0	0	0	0	0	0	0	0	0	0	0	0	0	0	0	0	0
F268-D04	discovery	safe-safe	32	175	9606625973395199389	6	1	0	-	1	24	34	56	24	0	0	0	0	0	0	0	24	276	0	0	0	-	0	24	24	0	0	216	216	0	0	2208	2208	0	0	16	16	0	0	0	0	0	0	0	0	0	0	0	0	0	0	0	0	0	0
F268-D04	discovery	safe-safe	32	175	9606625973395199389	7	1	0	-	1	24	32	50	24	0	0	0	0	0	0	0	24	276	0	0	0	-	0	24	24	0	0	312	312	0	0	2208	2208	0	0	36	36	0	0	0	0	0	0	0	0	0	0	0	0	0	0	0	0	0	0
F268-D04	discovery	safe-safe	32	175	9606625973395199389	8	1	0	-	1	24	31	42	24	0	0	0	0	0	0	0	24	276	0	0	0	-	0	24	24	0	0	312	312	0	0	2208	2208	0	0	24	24	0	0	0	0	0	0	0	0	0	0	0	0	0	0	0	0	0	0
F268-D04	discovery	safe-safe	32	175	9606625973395199389	9	1	0	-	1	24	31	49	24	0	0	0	0	0	0	0	24	276	0	0	0	-	0	24	24	0	0	264	264	0	0	2208	2190	18	0	6	6	0	0	0	0	0	0	0	0	0	0	0	0	0	0	0	0	0	0
F268-D04	discovery	safe-safe	32	175	9606625973395199389	10	1	0	-	1	20	25	26	20	0	0	0	0	0	0	0	20	190	0	0	0	-	0	4	4	0	0	228	228	0	0	1520	1480	40	0	16	16	0	0	0	0	0	0	0	0	0	0	0	0	0	0	0	0	0	0
F268-D04	discovery	safe-safe	32	175	9606625973395199389	11	1	0	-	1	24	33	33	24	0	0	0	0	0	0	0	24	276	0	0	0	-	0	26	26	0	0	274	274	0	0	2208	2208	0	0	0	0	0	0	0	0	0	0	0	0	0	0	0	0	0	0	0	0	0	0
F268-D04	discovery	safe-safe	32	176	11910929814213574789	0	1	0	-	1	24	30	23	24	0	0	0	0	0	0	0	24	276	0	0	0	-	0	24	24	0	0	264	264	0	0	2208	2208	0	0	0	0	0	0	0	0	0	0	0	0	0	0	0	0	0	0	0	0	0	0
F268-D04	discovery	safe-safe	32	176	11910929814213574789	1	1	0	-	1	24	34	43	24	0	0	0	0	0	0	0	24	276	0	0	0	-	0	24	24	0	0	216	216	0	0	2208	2208	0	0	0	0	0	0	0	0	0	0	0	0	0	0	0	0	0	0	0	0	0	0
F268-D04	discovery	safe-safe	32	176	11910929814213574789	2	1	0	-	1	24	30	43	24	0	0	0	0	0	0	0	24	276	0	0	0	-	0	24	24	0	0	312	312	0	0	2208	2208	0	0	0	0	0	0	0	0	0	0	0	0	0	0	0	0	0	0	0	0	0	0
F268-D04	discovery	safe-safe	32	176	11910929814213574789	3	1	0	-	1	24	30	45	24	0	0	0	0	0	0	0	24	276	0	0	0	-	0	24	24	0	0	312	312	0	0	2208	2208	0	0	0	0	0	0	0	0	0	0	0	0	0	0	0	0	0	0	0	0	0	0
F268-D04	discovery	safe-safe	32	176	11910929814213574789	4	1	0	-	1	24	33	55	24	0	0	0	0	0	0	0	24	276	0	0	0	-	0	24	24	0	0	264	264	0	0	2208	2208	0	0	0	0	0	0	0	0	0	0	0	0	0	0	0	0	0	0	0	0	0	0
F268-D04	discovery	safe-safe	32	176	11910929814213574789	5	1	0	-	1	24	34	38	24	0	0	0	0	0	0	0	24	276	0	0	0	-	0	24	24	0	0	264	264	0	0	2208	2172	36	0	12	12	0	0	0	0	0	0	0	0	0	0	0	0	0	0	0	0	0	0
F268-D04	discovery	safe-safe	32	176	11910929814213574789	6	1	0	-	1	24	35	44	24	0	0	0	0	0	0	0	24	276	0	0	0	-	0	24	24	0	0	216	216	0	0	2208	2208	0	0	16	16	0	0	0	0	0	0	0	0	0	0	0	0	0	0	0	0	0	0
F268-D04	discovery	safe-safe	32	176	11910929814213574789	7	1	0	-	1	24	32	40	24	0	0	0	0	0	0	0	24	276	0	0	0	-	0	24	24	0	0	312	312	0	0	2208	2208	0	0	36	36	0	0	0	0	0	0	0	0	0	0	0	0	0	0	0	0	0	0
F268-D04	discovery	safe-safe	32	176	11910929814213574789	8	1	0	-	1	24	32	48	24	0	0	0	0	0	0	0	24	276	0	0	0	-	0	24	24	0	0	312	312	0	0	2208	2208	0	0	24	24	0	0	0	0	0	0	0	0	0	0	0	0	0	0	0	0	0	0
F268-D04	discovery	safe-safe	32	176	11910929814213574789	9	1	0	-	1	24	32	39	24	0	0	0	0	0	0	0	24	276	0	0	0	-	0	24	24	0	0	264	264	0	0	2208	2190	18	0	6	6	0	0	0	0	0	0	0	0	0	0	0	0	0	0	0	0	0	0
F268-D04	discovery	safe-safe	32	176	11910929814213574789	10	1	0	-	1	20	28	41	20	0	0	0	0	0	0	0	20	190	0	0	0	-	0	4	4	0	0	228	228	0	0	1520	1480	40	0	16	16	0	0	0	0	0	0	0	0	0	0	0	0	0	0	0	0	0	0
F268-D04	discovery	safe-safe	32	176	11910929814213574789	11	1	0	-	1	24	31	35	24	0	0	0	0	0	0	0	24	276	0	0	0	-	0	26	26	0	0	274	274	0	0	2208	2208	0	0	0	0	0	0	0	0	0	0	0	0	0	0	0	0	0	0	0	0	0	0
F268-D04	discovery	safe-safe	32	177	10977370536096666829	0	1	0	-	1	24	31	35	24	0	0	0	0	0	0	0	24	276	0	0	0	-	0	24	24	0	0	264	264	0	0	2208	2208	0	0	0	0	0	0	0	0	0	0	0	0	0	0	0	0	0	0	0	0	0	0
F268-D04	discovery	safe-safe	32	177	10977370536096666829	1	1	0	-	1	24	33	45	24	0	0	0	0	0	0	0	24	276	0	0	0	-	0	24	24	0	0	216	216	0	0	2208	2208	0	0	0	0	0	0	0	0	0	0	0	0	0	0	0	0	0	0	0	0	0	0
F268-D04	discovery	safe-safe	32	177	10977370536096666829	2	1	0	-	1	24	32	39	24	0	0	0	0	0	0	0	24	276	0	0	0	-	0	24	24	0	0	312	312	0	0	2208	2208	0	0	0	0	0	0	0	0	0	0	0	0	0	0	0	0	0	0	0	0	0	0
F268-D04	discovery	safe-safe	32	177	10977370536096666829	3	1	0	-	1	24	31	48	24	0	0	0	0	0	0	0	24	276	0	0	0	-	0	24	24	0	0	312	312	0	0	2208	2208	0	0	0	0	0	0	0	0	0	0	0	0	0	0	0	0	0	0	0	0	0	0
F268-D04	discovery	safe-safe	32	177	10977370536096666829	4	1	0	-	1	24	33	52	24	0	0	0	0	0	0	0	24	276	0	0	0	-	0	24	24	0	0	264	264	0	0	2208	2208	0	0	0	0	0	0	0	0	0	0	0	0	0	0	0	0	0	0	0	0	0	0
F268-D04	discovery	safe-safe	32	177	10977370536096666829	5	1	0	-	1	24	32	52	24	0	0	0	0	0	0	0	24	276	0	0	0	-	0	24	24	0	0	264	264	0	0	2208	2172	36	0	12	12	0	0	0	0	0	0	0	0	0	0	0	0	0	0	0	0	0	0
F268-D04	discovery	safe-safe	32	177	10977370536096666829	6	1	0	-	1	24	31	48	24	0	0	0	0	0	0	0	24	276	0	0	0	-	0	24	24	0	0	216	216	0	0	2208	2208	0	0	16	16	0	0	0	0	0	0	0	0	0	0	0	0	0	0	0	0	0	0
F268-D04	discovery	safe-safe	32	177	10977370536096666829	7	1	0	-	1	24	33	39	24	0	0	0	0	0	0	0	24	276	0	0	0	-	0	24	24	0	0	312	312	0	0	2208	2208	0	0	36	36	0	0	0	0	0	0	0	0	0	0	0	0	0	0	0	0	0	0
F268-D04	discovery	safe-safe	32	177	10977370536096666829	8	1	0	-	1	24	32	50	24	0	0	0	0	0	0	0	24	276	0	0	0	-	0	24	24	0	0	312	312	0	0	2208	2208	0	0	24	24	0	0	0	0	0	0	0	0	0	0	0	0	0	0	0	0	0	0
F268-D04	discovery	safe-safe	32	177	10977370536096666829	9	1	0	-	1	24	32	50	24	0	0	0	0	0	0	0	24	276	0	0	0	-	0	24	24	0	0	264	264	0	0	2208	2190	18	0	6	6	0	0	0	0	0	0	0	0	0	0	0	0	0	0	0	0	0	0
F268-D04	discovery	safe-safe	32	177	10977370536096666829	10	1	0	-	1	20	24	24	20	0	0	0	0	0	0	0	20	190	0	0	0	-	0	4	4	0	0	228	228	0	0	1520	1480	40	0	16	16	0	0	0	0	0	0	0	0	0	0	0	0	0	0	0	0	0	0
F268-D04	discovery	safe-safe	32	177	10977370536096666829	11	1	0	-	1	24	32	45	24	0	0	0	0	0	0	0	24	276	0	0	0	-	0	26	26	0	0	274	274	0	0	2208	2208	0	0	0	0	0	0	0	0	0	0	0	0	0	0	0	0	0	0	0	0	0	0
F268-D04	discovery	safe-safe	32	178	7729355743854536257	0	1	0	-	1	24	29	28	24	0	0	0	0	0	0	0	24	276	0	0	0	-	0	24	24	0	0	456	456	0	0	2208	2208	0	0	0	0	0	0	0	0	0	0	0	0	0	0	0	0	0	0	0	0	0	0
F268-D04	discovery	safe-safe	32	178	7729355743854536257	1	1	0	-	1	24	32	62	24	0	0	0	0	0	0	0	24	276	0	0	0	-	0	24	24	0	0	216	216	0	0	2208	2208	0	0	0	0	0	0	0	0	0	0	0	0	0	0	0	0	0	0	0	0	0	0
F268-D04	discovery	safe-safe	32	178	7729355743854536257	2	1	0	-	1	24	31	47	24	0	0	0	0	0	0	0	24	276	0	0	0	-	0	24	24	0	0	504	504	0	0	2208	2208	0	0	0	0	0	0	0	0	0	0	0	0	0	0	0	0	0	0	0	0	0	0
F268-D04	discovery	safe-safe	32	178	7729355743854536257	3	1	0	-	1	24	34	45	24	0	0	0	0	0	0	0	24	276	0	0	0	-	0	24	24	0	0	504	504	0	0	2208	2208	0	0	0	0	0	0	0	0	0	0	0	0	0	0	0	0	0	0	0	0	0	0
F268-D04	discovery	safe-safe	32	178	7729355743854536257	4	1	0	-	1	24	33	58	24	0	0	0	0	0	0	0	24	276	0	0	0	-	0	24	24	0	0	264	264	0	0	2208	2208	0	0	0	0	0	0	0	0	0	0	0	0	0	0	0	0	0	0	0	0	0	0
F268-D04	discovery	safe-safe	32	178	7729355743854536257	5	1	0	-	1	24	32	50	24	0	0	0	0	0	0	0	24	276	0	0	0	-	0	24	24	0	0	456	456	0	0	2208	2172	36	0	12	12	0	0	0	0	0	0	0	0	0	0	0	0	0	0	0	0	0	0
F268-D04	discovery	safe-safe	32	178	7729355743854536257	6	1	0	-	1	24	30	47	24	0	0	0	0	0	0	0	24	276	0	0	0	-	0	24	24	0	0	216	216	0	0	2208	2208	0	0	16	16	0	0	0	0	0	0	0	0	0	0	0	0	0	0	0	0	0	0
F268-D04	discovery	safe-safe	32	178	7729355743854536257	7	1	0	-	1	24	34	38	24	0	0	0	0	0	0	0	24	276	0	0	0	-	0	24	24	0	0	504	504	0	0	2208	2208	0	0	36	36	0	0	0	0	0	0	0	0	0	0	0	0	0	0	0	0	0	0
F268-D04	discovery	safe-safe	32	178	7729355743854536257	8	1	0	-	1	24	33	53	24	0	0	0	0	0	0	0	24	276	0	0	0	-	0	24	24	0	0	504	504	0	0	2208	2208	0	0	24	24	0	0	0	0	0	0	0	0	0	0	0	0	0	0	0	0	0	0
F268-D04	discovery	safe-safe	32	178	7729355743854536257	9	1	0	-	1	24	32	44	24	0	0	0	0	0	0	0	24	276	0	0	0	-	0	24	24	0	0	264	264	0	0	2208	2190	18	0	6	6	0	0	0	0	0	0	0	0	0	0	0	0	0	0	0	0	0	0
F268-D04	discovery	safe-safe	32	178	7729355743854536257	10	1	0	-	1	20	24	30	20	0	0	0	0	0	0	0	20	190	0	0	0	-	0	4	4	0	0	324	324	0	0	1520	1480	40	0	16	16	0	0	0	0	0	0	0	0	0	0	0	0	0	0	0	0	0	0
F268-D04	discovery	safe-safe	32	178	7729355743854536257	11	1	0	-	1	24	32	49	24	0	0	0	0	0	0	0	24	276	0	0	0	-	0	26	26	0	0	394	394	0	0	2208	2208	0	0	0	0	0	0	0	0	0	0	0	0	0	0	0	0	0	0	0	0	0	0
F268-D04	discovery	safe-safe	32	179	13896777785451042793	0	1	0	-	1	24	33	37	24	0	0	0	0	0	0	0	24	276	0	0	0	-	0	24	24	0	0	312	312	0	0	2208	2208	0	0	0	0	0	0	0	0	0	0	0	0	0	0	0	0	0	0	0	0	0	0
F268-D04	discovery	safe-safe	32	179	13896777785451042793	1	1	0	-	1	24	32	49	24	0	0	0	0	0	0	0	24	276	0	0	0	-	0	24	24	0	0	216	216	0	0	2208	2208	0	0	0	0	0	0	0	0	0	0	0	0	0	0	0	0	0	0	0	0	0	0
F268-D04	discovery	safe-safe	32	179	13896777785451042793	2	1	0	-	1	24	31	36	24	0	0	0	0	0	0	0	24	276	0	0	0	-	0	24	24	0	0	360	360	0	0	2208	2208	0	0	0	0	0	0	0	0	0	0	0	0	0	0	0	0	0	0	0	0	0	0
F268-D04	discovery	safe-safe	32	179	13896777785451042793	3	1	0	-	1	24	31	40	24	0	0	0	0	0	0	0	24	276	0	0	0	-	0	24	24	0	0	360	360	0	0	2208	2208	0	0	0	0	0	0	0	0	0	0	0	0	0	0	0	0	0	0	0	0	0	0
F268-D04	discovery	safe-safe	32	179	13896777785451042793	4	1	0	-	1	24	30	44	24	0	0	0	0	0	0	0	24	276	0	0	0	-	0	24	24	0	0	264	264	0	0	2208	2208	0	0	0	0	0	0	0	0	0	0	0	0	0	0	0	0	0	0	0	0	0	0
F268-D04	discovery	safe-safe	32	179	13896777785451042793	5	1	0	-	1	24	32	60	24	0	0	0	0	0	0	0	24	276	0	0	0	-	0	24	24	0	0	312	312	0	0	2208	2172	36	0	12	12	0	0	0	0	0	0	0	0	0	0	0	0	0	0	0	0	0	0
F268-D04	discovery	safe-safe	32	179	13896777785451042793	6	1	0	-	1	24	31	47	24	0	0	0	0	0	0	0	24	276	0	0	0	-	0	24	24	0	0	216	216	0	0	2208	2208	0	0	16	16	0	0	0	0	0	0	0	0	0	0	0	0	0	0	0	0	0	0
F268-D04	discovery	safe-safe	32	179	13896777785451042793	7	1	0	-	1	24	30	41	24	0	0	0	0	0	0	0	24	276	0	0	0	-	0	24	24	0	0	360	360	0	0	2208	2208	0	0	36	36	0	0	0	0	0	0	0	0	0	0	0	0	0	0	0	0	0	0
F268-D04	discovery	safe-safe	32	179	13896777785451042793	8	1	0	-	1	24	32	41	24	0	0	0	0	0	0	0	24	276	0	0	0	-	0	24	24	0	0	360	360	0	0	2208	2208	0	0	24	24	0	0	0	0	0	0	0	0	0	0	0	0	0	0	0	0	0	0
F268-D04	discovery	safe-safe	32	179	13896777785451042793	9	1	0	-	1	24	31	39	24	0	0	0	0	0	0	0	24	276	0	0	0	-	0	24	24	0	0	264	264	0	0	2208	2190	18	0	6	6	0	0	0	0	0	0	0	0	0	0	0	0	0	0	0	0	0	0
F268-D04	discovery	safe-safe	32	179	13896777785451042793	10	1	0	-	1	20	29	38	20	0	0	0	0	0	0	0	20	190	0	0	0	-	0	4	4	0	0	252	252	0	0	1520	1480	40	0	16	16	0	0	0	0	0	0	0	0	0	0	0	0	0	0	0	0	0	0
F268-D04	discovery	safe-safe	32	179	13896777785451042793	11	1	0	-	1	24	31	39	24	0	0	0	0	0	0	0	24	276	0	0	0	-	0	26	26	0	0	304	304	0	0	2208	2208	0	0	0	0	0	0	0	0	0	0	0	0	0	0	0	0	0	0	0	0	0	0
F268-D04	discovery	marker-control	12	180	11278151	0	1	0	-	1	24	33	42	24	0	0	0	0	0	0	0	24	276	0	0	0	-	0	24	24	0	0	216	216	0	0	2208	2208	0	0	0	0	0	0	0	0	0	0	0	0	0	0	0	0	0	0	0	0	0	0
F268-D04	discovery	marker-control	12	180	11278151	1	1	0	-	1	24	31	44	24	0	0	0	0	0	0	0	24	276	1	1	0	PAIR_BASE_PLUS	3467	24	24	0	0	312	312	0	0	2208	2202	0	6	0	0	0	0	0	0	0	0	0	0	0	0	0	0	0	0	0	0	0	0
F268-D04	discovery	marker-control	12	180	11278151	2	1	0	-	1	24	32	45	24	0	0	0	0	0	0	0	24	276	0	0	0	-	0	24	24	0	0	360	360	0	0	2208	2208	0	0	0	0	0	0	0	0	0	0	0	0	0	0	0	0	0	0	0	0	0	0
F268-D04	discovery	marker-control	12	180	11278151	3	1	0	-	1	24	30	47	24	0	0	0	0	0	0	0	24	276	0	0	0	-	0	24	24	0	0	264	264	0	0	2208	2208	0	0	0	0	0	0	0	0	0	0	0	0	0	0	0	0	0	0	0	0	0	0
F268-D04	discovery	marker-control	12	180	11278151	4	1	0	-	1	24	32	51	24	0	0	0	0	0	0	0	24	276	1	1	0	PAIR_HIGH_PLUS	3253	24	24	0	0	360	360	0	0	2208	2207	0	1	0	0	0	0	0	0	0	0	0	0	0	0	0	0	0	0	0	0	0	0
F268-D04	discovery	marker-control	12	180	11278151	5	1	0	-	1	24	34	65	24	0	0	0	0	0	0	0	24	276	0	0	0	-	0	24	24	0	0	216	216	0	0	2208	2172	36	0	12	12	0	0	0	0	0	0	0	0	0	0	0	0	0	0	0	0	0	0
F268-D04	discovery	marker-control	12	180	11278151	6	1	0	-	1	24	32	35	24	0	0	0	0	0	0	0	24	276	1	1	0	PAIR_HIGH_MINUS	3467	24	24	0	0	312	312	0	0	2208	2198	0	10	16	16	0	0	0	0	0	0	0	0	0	0	0	0	0	0	0	0	0	0
F268-D04	discovery	marker-control	12	180	11278151	7	1	0	-	1	24	34	36	24	0	0	0	0	0	0	0	24	276	0	0	0	-	0	24	24	0	0	360	360	0	0	2208	2208	0	0	36	36	0	0	0	0	0	0	0	0	0	0	0	0	0	0	0	0	0	0
F268-D04	discovery	marker-control	12	180	11278151	8	1	0	-	1	24	33	28	24	0	0	0	0	0	0	0	24	276	0	0	0	-	0	24	24	0	0	264	264	0	0	2208	2208	0	0	24	24	0	0	0	0	0	0	0	0	0	0	0	0	0	0	0	0	0	0
F268-D04	discovery	marker-control	12	180	11278151	9	1	0	-	1	24	32	42	24	0	0	0	0	0	0	0	24	276	1	1	0	PAIR_BASE_MINUS	3253	24	24	0	0	360	360	0	0	2208	2182	18	8	6	6	0	0	0	0	0	0	0	0	0	0	0	0	0	0	0	0	0	0
F268-D04	discovery	marker-control	12	180	11278151	10	1	0	-	1	20	26	31	20	0	0	0	0	0	0	0	20	190	0	0	0	-	0	4	4	0	0	252	252	0	0	1520	1480	40	0	16	16	0	0	0	0	0	0	0	0	0	0	0	0	0	0	0	0	0	0
F268-D04	discovery	marker-control	12	180	11278151	11	1	0	-	1	24	29	29	24	0	0	0	0	0	0	0	24	276	0	0	0	-	0	26	26	0	0	300	300	0	0	2208	2208	0	0	0	0	0	0	0	0	0	0	0	0	0	0	0	0	0	0	0	0	0	0
F268-D04	discovery	marker-control	12	181	7922687	0	1	0	-	1	24	30	31	24	0	0	0	0	0	0	0	24	276	1	1	0	PAIR_BASE_MINUS	2437	24	24	0	0	216	216	0	0	2208	2205	0	3	0	0	0	0	0	0	0	0	0	0	0	0	0	0	0	0	0	0	0	0
F268-D04	discovery	marker-control	12	181	7922687	1	1	0	-	1	24	31	48	24	0	0	0	0	0	0	0	24	276	0	0	0	-	0	24	24	0	0	648	648	0	0	2208	2208	0	0	0	0	0	0	0	0	0	0	0	0	0	0	0	0	0	0	0	0	0	0
F268-D04	discovery	marker-control	12	181	7922687	2	1	0	-	1	24	33	51	24	0	0	0	0	0	0	0	24	276	1	1	0	PAIR_ROW_MINUS	2437	24	24	0	0	696	696	0	0	2208	2205	0	3	0	0	0	0	0	0	0	0	0	0	0	0	0	0	0	0	0	0	0	0
F268-D04	discovery	marker-control	12	181	7922687	3	1	0	-	1	24	31	56	24	0	0	0	0	0	0	0	24	276	0	0	0	-	0	24	24	0	0	264	264	0	0	2208	2208	0	0	0	0	0	0	0	0	0	0	0	0	0	0	0	0	0	0	0	0	0	0
F268-D04	discovery	marker-control	12	181	7922687	4	1	0	-	1	24	31	33	24	0	0	0	0	0	0	0	24	276	0	0	0	-	0	24	24	0	0	696	696	0	0	2208	2208	0	0	0	0	0	0	0	0	0	0	0	0	0	0	0	0	0	0	0	0	0	0
F268-D04	discovery	marker-control	12	181	7922687	5	1	0	-	1	24	32	57	24	0	0	0	0	0	0	0	24	276	0	0	0	-	0	24	24	0	0	216	216	0	0	2208	2172	36	0	12	12	0	0	0	0	0	0	0	0	0	0	0	0	0	0	0	0	0	0
F268-D04	discovery	marker-control	12	181	7922687	6	1	0	-	1	24	33	35	24	0	0	0	0	0	0	0	24	276	1	1	0	PAIR_ROW_MINUS	2437	24	24	0	0	648	648	0	0	2208	2201	0	7	16	16	0	0	0	0	0	0	0	0	0	0	0	0	0	0	0	0	0	0
F268-D04	discovery	marker-control	12	181	7922687	7	1	0	-	1	24	32	42	24	0	0	0	0	0	0	0	24	276	1	1	0	PAIR_ROW_MINUS	2437	24	24	0	0	696	696	0	0	2208	2206	0	2	36	36	0	0	0	0	0	0	0	0	0	0	0	0	0	0	0	0	0	0
F268-D04	discovery	marker-control	12	181	7922687	8	1	0	-	1	24	32	42	24	0	0	0	0	0	0	0	24	276	1	1	0	PAIR_HIGH_MINUS	3251	24	24	0	0	264	264	0	0	2208	2207	0	1	24	24	0	0	0	0	0	0	0	0	0	0	0	0	0	0	0	0	0	0
F268-D04	discovery	marker-control	12	181	7922687	9	1	0	-	1	24	30	36	24	0	0	0	0	0	0	0	24	276	1	1	0	PAIR_BASE_MINUS	2437	24	24	0	0	696	696	0	0	2208	2186	18	4	6	6	0	0	0	0	0	0	0	0	0	0	0	0	0	0	0	0	0	0
F268-D04	discovery	marker-control	12	181	7922687	10	1	0	-	1	20	27	29	20	0	0	0	0	0	0	0	20	190	1	1	0	PAIR_HIGH_PLUS	2437	4	4	0	0	420	420	0	0	1520	1469	40	11	16	16	0	0	0	0	0	0	0	0	0	0	0	0	0	0	0	0	0	0
F268-D04	discovery	marker-control	12	181	7922687	11	1	0	-	1	24	34	54	24	0	0	0	0	0	0	0	24	276	1	1	0	PAIR_ROW_MINUS	3251	26	26	0	0	496	496	0	0	2208	2205	0	3	0	0	0	0	0	0	0	0	0	0	0	0	0	0	0	0	0	0	0	0
F268-D04	discovery	marker-control	16	182	1638828551	0	1	0	-	1	24	32	57	24	0	0	0	0	0	0	0	24	276	0	0	0	-	0	24	24	0	0	216	216	0	0	2208	2208	0	0	0	0	0	0	0	0	0	0	0	0	0	0	0	0	0	0	0	0	0	0
F268-D04	discovery	marker-control	16	182	1638828551	1	1	0	-	1	24	32	32	24	0	0	0	0	0	0	0	24	276	0	0	0	-	0	24	24	0	0	312	312	0	0	2208	2208	0	0	0	0	0	0	0	0	0	0	0	0	0	0	0	0	0	0	0	0	0	0
F268-D04	discovery	marker-control	16	182	1638828551	2	1	0	-	1	24	31	31	24	0	0	0	0	0	0	0	24	276	0	0	0	-	0	24	24	0	0	360	360	0	0	2208	2208	0	0	0	0	0	0	0	0	0	0	0	0	0	0	0	0	0	0	0	0	0	0
F268-D04	discovery	marker-control	16	182	1638828551	3	1	0	-	1	24	32	61	24	0	0	0	0	0	0	0	24	276	0	0	0	-	0	24	24	0	0	264	264	0	0	2208	2208	0	0	0	0	0	0	0	0	0	0	0	0	0	0	0	0	0	0	0	0	0	0
F268-D04	discovery	marker-control	16	182	1638828551	4	1	0	-	1	24	33	48	24	0	0	0	0	0	0	0	24	276	0	0	0	-	0	24	24	0	0	360	360	0	0	2208	2208	0	0	0	0	0	0	0	0	0	0	0	0	0	0	0	0	0	0	0	0	0	0
F268-D04	discovery	marker-control	16	182	1638828551	5	1	0	-	1	24	34	53	24	0	0	0	0	0	0	0	24	276	0	0	0	-	0	24	24	0	0	216	216	0	0	2208	2172	36	0	12	12	0	0	0	0	0	0	0	0	0	0	0	0	0	0	0	0	0	0
F268-D04	discovery	marker-control	16	182	1638828551	6	1	0	-	1	24	34	38	24	0	0	0	0	0	0	0	24	276	0	0	0	-	0	24	24	0	0	312	312	0	0	2208	2208	0	0	16	16	0	0	0	0	0	0	0	0	0	0	0	0	0	0	0	0	0	0
F268-D04	discovery	marker-control	16	182	1638828551	7	1	0	-	1	24	31	38	24	0	0	0	0	0	0	0	24	276	0	0	0	-	0	24	24	0	0	360	360	0	0	2208	2208	0	0	36	36	0	0	0	0	0	0	0	0	0	0	0	0	0	0	0	0	0	0
F268-D04	discovery	marker-control	16	182	1638828551	8	1	0	-	1	24	30	34	24	0	0	0	0	0	0	0	24	276	0	0	0	-	0	24	24	0	0	264	264	0	0	2208	2208	0	0	24	24	0	0	0	0	0	0	0	0	0	0	0	0	0	0	0	0	0	0
F268-D04	discovery	marker-control	16	182	1638828551	9	1	0	-	1	24	34	49	24	0	0	0	0	0	0	0	24	276	0	0	0	-	0	24	24	0	0	360	360	0	0	2208	2190	18	0	6	6	0	0	0	0	0	0	0	0	0	0	0	0	0	0	0	0	0	0
F268-D04	discovery	marker-control	16	182	1638828551	10	1	0	-	1	20	26	42	20	0	0	0	0	0	0	0	20	190	0	0	0	-	0	4	4	0	0	252	252	0	0	1520	1480	40	0	16	16	0	0	0	0	0	0	0	0	0	0	0	0	0	0	0	0	0	0
F268-D04	discovery	marker-control	16	182	1638828551	11	1	0	-	1	24	30	37	24	0	0	0	0	0	0	0	24	276	0	0	0	-	0	26	26	0	0	300	300	0	0	2208	2208	0	0	0	0	0	0	0	0	0	0	0	0	0	0	0	0	0	0	0	0	0	0
F268-D04	discovery	marker-control	16	183	2777548391	0	1	0	-	1	24	32	50	24	0	0	0	0	0	0	0	24	276	0	0	0	-	0	24	24	0	0	216	216	0	0	2208	2208	0	0	0	0	0	0	0	0	0	0	0	0	0	0	0	0	0	0	0	0	0	0
F268-D04	discovery	marker-control	16	183	2777548391	1	1	0	-	1	24	35	51	24	0	0	0	0	0	0	0	24	276	0	0	0	-	0	24	24	0	0	312	312	0	0	2208	2208	0	0	0	0	0	0	0	0	0	0	0	0	0	0	0	0	0	0	0	0	0	0
F268-D04	discovery	marker-control	16	183	2777548391	2	1	0	-	1	24	30	48	24	0	0	0	0	0	0	0	24	276	0	0	0	-	0	24	24	0	0	360	360	0	0	2208	2208	0	0	0	0	0	0	0	0	0	0	0	0	0	0	0	0	0	0	0	0	0	0
F268-D04	discovery	marker-control	16	183	2777548391	3	1	0	-	1	24	36	47	24	0	0	0	0	0	0	0	24	276	0	0	0	-	0	24	24	0	0	264	264	0	0	2208	2208	0	0	0	0	0	0	0	0	0	0	0	0	0	0	0	0	0	0	0	0	0	0
F268-D04	discovery	marker-control	16	183	2777548391	4	1	0	-	1	24	31	39	24	0	0	0	0	0	0	0	24	276	0	0	0	-	0	24	24	0	0	360	360	0	0	2208	2208	0	0	0	0	0	0	0	0	0	0	0	0	0	0	0	0	0	0	0	0	0	0
F268-D04	discovery	marker-control	16	183	2777548391	5	1	0	-	1	24	32	30	24	0	0	0	0	0	0	0	24	276	0	0	0	-	0	24	24	0	0	216	216	0	0	2208	2172	36	0	12	12	0	0	0	0	0	0	0	0	0	0	0	0	0	0	0	0	0	0
F268-D04	discovery	marker-control	16	183	2777548391	6	1	0	-	1	24	31	42	24	0	0	0	0	0	0	0	24	276	0	0	0	-	0	24	24	0	0	312	312	0	0	2208	2208	0	0	16	16	0	0	0	0	0	0	0	0	0	0	0	0	0	0	0	0	0	0
F268-D04	discovery	marker-control	16	183	2777548391	7	1	0	-	1	24	33	43	24	0	0	0	0	0	0	0	24	276	0	0	0	-	0	24	24	0	0	360	360	0	0	2208	2208	0	0	36	36	0	0	0	0	0	0	0	0	0	0	0	0	0	0	0	0	0	0
F268-D04	discovery	marker-control	16	183	2777548391	8	1	0	-	1	24	34	46	24	0	0	0	0	0	0	0	24	276	0	0	0	-	0	24	24	0	0	264	264	0	0	2208	2208	0	0	24	24	0	0	0	0	0	0	0	0	0	0	0	0	0	0	0	0	0	0
F268-D04	discovery	marker-control	16	183	2777548391	9	1	0	-	1	24	34	47	24	0	0	0	0	0	0	0	24	276	0	0	0	-	0	24	24	0	0	360	360	0	0	2208	2190	18	0	6	6	0	0	0	0	0	0	0	0	0	0	0	0	0	0	0	0	0	0
F268-D04	discovery	marker-control	16	183	2777548391	10	1	0	-	1	20	26	22	20	0	0	0	0	0	0	0	20	190	0	0	0	-	0	4	4	0	0	252	252	0	0	1520	1480	40	0	16	16	0	0	0	0	0	0	0	0	0	0	0	0	0	0	0	0	0	0
F268-D04	discovery	marker-control	16	183	2777548391	11	1	0	-	1	24	30	35	24	0	0	0	0	0	0	0	24	276	0	0	0	-	0	26	26	0	0	300	300	0	0	2208	2208	0	0	0	0	0	0	0	0	0	0	0	0	0	0	0	0	0	0	0	0	0	0
F268-D04	discovery	marker-control	20	184	999986914943	0	1	0	-	1	24	32	38	24	0	0	0	0	0	0	0	24	276	0	0	0	-	0	24	24	0	0	216	216	0	0	2208	2208	0	0	0	0	0	0	0	0	0	0	0	0	0	0	0	0	0	0	0	0	0	0
F268-D04	discovery	marker-control	20	184	999986914943	1	1	0	-	1	24	30	35	24	0	0	0	0	0	0	0	24	276	0	0	0	-	0	24	24	0	0	504	504	0	0	2208	2208	0	0	0	0	0	0	0	0	0	0	0	0	0	0	0	0	0	0	0	0	0	0
F268-D04	discovery	marker-control	20	184	999986914943	2	1	0	-	1	24	31	41	24	0	0	0	0	0	0	0	24	276	0	0	0	-	0	24	24	0	0	552	552	0	0	2208	2208	0	0	0	0	0	0	0	0	0	0	0	0	0	0	0	0	0	0	0	0	0	0
F268-D04	discovery	marker-control	20	184	999986914943	3	1	0	-	1	24	32	53	24	0	0	0	0	0	0	0	24	276	0	0	0	-	0	24	24	0	0	264	264	0	0	2208	2208	0	0	0	0	0	0	0	0	0	0	0	0	0	0	0	0	0	0	0	0	0	0
F268-D04	discovery	marker-control	20	184	999986914943	4	1	0	-	1	24	31	34	24	0	0	0	0	0	0	0	24	276	0	0	0	-	0	24	24	0	0	552	552	0	0	2208	2208	0	0	0	0	0	0	0	0	0	0	0	0	0	0	0	0	0	0	0	0	0	0
F268-D04	discovery	marker-control	20	184	999986914943	5	1	0	-	1	24	33	53	24	0	0	0	0	0	0	0	24	276	0	0	0	-	0	24	24	0	0	216	216	0	0	2208	2172	36	0	12	12	0	0	0	0	0	0	0	0	0	0	0	0	0	0	0	0	0	0
F268-D04	discovery	marker-control	20	184	999986914943	6	1	0	-	1	24	33	38	24	0	0	0	0	0	0	0	24	276	0	0	0	-	0	24	24	0	0	504	504	0	0	2208	2208	0	0	16	16	0	0	0	0	0	0	0	0	0	0	0	0	0	0	0	0	0	0
F268-D04	discovery	marker-control	20	184	999986914943	7	1	0	-	1	24	31	35	24	0	0	0	0	0	0	0	24	276	0	0	0	-	0	24	24	0	0	552	552	0	0	2208	2208	0	0	36	36	0	0	0	0	0	0	0	0	0	0	0	0	0	0	0	0	0	0
F268-D04	discovery	marker-control	20	184	999986914943	8	1	0	-	1	24	28	39	24	0	0	0	0	0	0	0	24	276	0	0	0	-	0	24	24	0	0	264	264	0	0	2208	2208	0	0	24	24	0	0	0	0	0	0	0	0	0	0	0	0	0	0	0	0	0	0
F268-D04	discovery	marker-control	20	184	999986914943	9	1	0	-	1	24	33	46	24	0	0	0	0	0	0	0	24	276	0	0	0	-	0	24	24	0	0	552	552	0	0	2208	2190	18	0	6	6	0	0	0	0	0	0	0	0	0	0	0	0	0	0	0	0	0	0
F268-D04	discovery	marker-control	20	184	999986914943	10	1	0	-	1	20	25	32	20	0	0	0	0	0	0	0	20	190	0	0	0	-	0	4	4	0	0	348	348	0	0	1520	1480	40	0	16	16	0	0	0	0	0	0	0	0	0	0	0	0	0	0	0	0	0	0
F268-D04	discovery	marker-control	20	184	999986914943	11	1	0	-	1	24	34	54	24	0	0	0	0	0	0	0	24	276	1	1	0	PAIR_HIGH_MINUS	1014131	26	26	0	0	412	412	0	0	2208	2207	0	1	0	0	0	0	0	0	0	0	0	0	0	0	0	0	0	0	0	0	0	0
F268-D04	discovery	marker-control	20	185	668991796391	0	1	0	-	1	24	33	42	24	0	0	0	0	0	0	0	24	276	0	0	0	-	0	24	24	0	0	216	216	0	0	2208	2208	0	0	0	0	0	0	0	0	0	0	0	0	0	0	0	0	0	0	0	0	0	0
F268-D04	discovery	marker-control	20	185	668991796391	1	1	0	-	1	24	31	41	24	0	0	0	0	0	0	0	24	276	0	0	0	-	0	24	24	0	0	312	312	0	0	2208	2208	0	0	0	0	0	0	0	0	0	0	0	0	0	0	0	0	0	0	0	0	0	0
F268-D04	discovery	marker-control	20	185	668991796391	2	1	0	-	1	24	32	48	24	0	0	0	0	0	0	0	24	276	0	0	0	-	0	24	24	0	0	360	360	0	0	2208	2208	0	0	0	0	0	0	0	0	0	0	0	0	0	0	0	0	0	0	0	0	0	0
F268-D04	discovery	marker-control	20	185	668991796391	3	1	0	-	1	24	34	55	24	0	0	0	0	0	0	0	24	276	0	0	0	-	0	24	24	0	0	264	264	0	0	2208	2208	0	0	0	0	0	0	0	0	0	0	0	0	0	0	0	0	0	0	0	0	0	0
F268-D04	discovery	marker-control	20	185	668991796391	4	1	0	-	1	24	29	28	24	0	0	0	0	0	0	0	24	276	0	0	0	-	0	24	24	0	0	360	360	0	0	2208	2208	0	0	0	0	0	0	0	0	0	0	0	0	0	0	0	0	0	0	0	0	0	0
F268-D04	discovery	marker-control	20	185	668991796391	5	1	0	-	1	24	32	48	24	0	0	0	0	0	0	0	24	276	0	0	0	-	0	24	24	0	0	216	216	0	0	2208	2172	36	0	12	12	0	0	0	0	0	0	0	0	0	0	0	0	0	0	0	0	0	0
F268-D04	discovery	marker-control	20	185	668991796391	6	1	0	-	1	24	32	41	24	0	0	0	0	0	0	0	24	276	0	0	0	-	0	24	24	0	0	312	312	0	0	2208	2208	0	0	16	16	0	0	0	0	0	0	0	0	0	0	0	0	0	0	0	0	0	0
F268-D04	discovery	marker-control	20	185	668991796391	7	1	0	-	1	24	32	45	24	0	0	0	0	0	0	0	24	276	1	1	0	PAIR_ROW_MINUS	739117	24	24	0	0	360	360	0	0	2208	2206	0	2	36	36	0	0	0	0	0	0	0	0	0	0	0	0	0	0	0	0	0	0
F268-D04	discovery	marker-control	20	185	668991796391	8	1	0	-	1	24	31	55	24	0	0	0	0	0	0	0	24	276	0	0	0	-	0	24	24	0	0	264	264	0	0	2208	2208	0	0	24	24	0	0	0	0	0	0	0	0	0	0	0	0	0	0	0	0	0	0
F268-D04	discovery	marker-control	20	185	668991796391	9	1	0	-	1	24	31	40	24	0	0	0	0	0	0	0	24	276	0	0	0	-	0	24	24	0	0	360	360	0	0	2208	2190	18	0	6	6	0	0	0	0	0	0	0	0	0	0	0	0	0	0	0	0	0	0
F268-D04	discovery	marker-control	20	185	668991796391	10	1	0	-	1	20	25	39	20	0	0	0	0	0	0	0	20	190	0	0	0	-	0	4	4	0	0	252	252	0	0	1520	1480	40	0	16	16	0	0	0	0	0	0	0	0	0	0	0	0	0	0	0	0	0	0
F268-D04	discovery	marker-control	20	185	668991796391	11	1	0	-	1	24	28	48	24	0	0	0	0	0	0	0	24	276	0	0	0	-	0	26	26	0	0	300	300	0	0	2208	2208	0	0	0	0	0	0	0	0	0	0	0	0	0	0	0	0	0	0	0	0	0	0
F268-D04	discovery	marker-control	24	186	134776576500359	0	1	0	-	1	24	33	56	24	0	0	0	0	0	0	0	24	276	0	0	0	-	0	24	24	0	0	216	216	0	0	2208	2208	0	0	0	0	0	0	0	0	0	0	0	0	0	0	0	0	0	0	0	0	0	0
F268-D04	discovery	marker-control	24	186	134776576500359	1	1	0	-	1	24	34	47	24	0	0	0	0	0	0	0	24	276	0	0	0	-	0	24	24	0	0	312	312	0	0	2208	2208	0	0	0	0	0	0	0	0	0	0	0	0	0	0	0	0	0	0	0	0	0	0
F268-D04	discovery	marker-control	24	186	134776576500359	2	1	0	-	1	24	31	35	24	0	0	0	0	0	0	0	24	276	0	0	0	-	0	24	24	0	0	360	360	0	0	2208	2208	0	0	0	0	0	0	0	0	0	0	0	0	0	0	0	0	0	0	0	0	0	0
F268-D04	discovery	marker-control	24	186	134776576500359	3	1	0	-	1	24	33	50	24	0	0	0	0	0	0	0	24	276	0	0	0	-	0	24	24	0	0	264	264	0	0	2208	2208	0	0	0	0	0	0	0	0	0	0	0	0	0	0	0	0	0	0	0	0	0	0
F268-D04	discovery	marker-control	24	186	134776576500359	4	1	0	-	1	24	31	40	24	0	0	0	0	0	0	0	24	276	0	0	0	-	0	24	24	0	0	360	360	0	0	2208	2208	0	0	0	0	0	0	0	0	0	0	0	0	0	0	0	0	0	0	0	0	0	0
F268-D04	discovery	marker-control	24	186	134776576500359	5	1	0	-	1	24	31	46	24	0	0	0	0	0	0	0	24	276	0	0	0	-	0	24	24	0	0	216	216	0	0	2208	2172	36	0	12	12	0	0	0	0	0	0	0	0	0	0	0	0	0	0	0	0	0	0
F268-D04	discovery	marker-control	24	186	134776576500359	6	1	0	-	1	24	34	56	24	0	0	0	0	0	0	0	24	276	0	0	0	-	0	24	24	0	0	312	312	0	0	2208	2208	0	0	16	16	0	0	0	0	0	0	0	0	0	0	0	0	0	0	0	0	0	0
F268-D04	discovery	marker-control	24	186	134776576500359	7	1	0	-	1	24	31	43	24	0	0	0	0	0	0	0	24	276	0	0	0	-	0	24	24	0	0	360	360	0	0	2208	2208	0	0	36	36	0	0	0	0	0	0	0	0	0	0	0	0	0	0	0	0	0	0
F268-D04	discovery	marker-control	24	186	134776576500359	8	1	0	-	1	24	32	43	24	0	0	0	0	0	0	0	24	276	0	0	0	-	0	24	24	0	0	264	264	0	0	2208	2208	0	0	24	24	0	0	0	0	0	0	0	0	0	0	0	0	0	0	0	0	0	0
F268-D04	discovery	marker-control	24	186	134776576500359	9	1	0	-	1	24	34	38	24	0	0	0	0	0	0	0	24	276	0	0	0	-	0	24	24	0	0	360	360	0	0	2208	2190	18	0	6	6	0	0	0	0	0	0	0	0	0	0	0	0	0	0	0	0	0	0
F268-D04	discovery	marker-control	24	186	134776576500359	10	1	0	-	1	20	26	30	20	0	0	0	0	0	0	0	20	190	0	0	0	-	0	4	4	0	0	252	252	0	0	1520	1480	40	0	16	16	0	0	0	0	0	0	0	0	0	0	0	0	0	0	0	0	0	0
F268-D04	discovery	marker-control	24	186	134776576500359	11	1	0	-	1	24	31	40	24	0	0	0	0	0	0	0	24	276	0	0	0	-	0	26	26	0	0	300	300	0	0	2208	2208	0	0	0	0	0	0	0	0	0	0	0	0	0	0	0	0	0	0	0	0	0	0
F268-D04	discovery	marker-control	24	187	176660427485447	0	1	0	-	1	24	34	48	24	0	0	0	0	0	0	0	24	276	0	0	0	-	0	24	24	0	0	216	216	0	0	2208	2208	0	0	0	0	0	0	0	0	0	0	0	0	0	0	0	0	0	0	0	0	0	0
F268-D04	discovery	marker-control	24	187	176660427485447	1	1	0	-	1	24	30	44	24	0	0	0	0	0	0	0	24	276	0	0	0	-	0	24	24	0	0	312	312	0	0	2208	2208	0	0	0	0	0	0	0	0	0	0	0	0	0	0	0	0	0	0	0	0	0	0
F268-D04	discovery	marker-control	24	187	176660427485447	2	1	0	-	1	24	31	48	24	0	0	0	0	0	0	0	24	276	0	0	0	-	0	24	24	0	0	360	360	0	0	2208	2208	0	0	0	0	0	0	0	0	0	0	0	0	0	0	0	0	0	0	0	0	0	0
F268-D04	discovery	marker-control	24	187	176660427485447	3	1	0	-	1	24	31	60	24	0	0	0	0	0	0	0	24	276	0	0	0	-	0	24	24	0	0	264	264	0	0	2208	2208	0	0	0	0	0	0	0	0	0	0	0	0	0	0	0	0	0	0	0	0	0	0
F268-D04	discovery	marker-control	24	187	176660427485447	4	1	0	-	1	24	30	33	24	0	0	0	0	0	0	0	24	276	0	0	0	-	0	24	24	0	0	360	360	0	0	2208	2208	0	0	0	0	0	0	0	0	0	0	0	0	0	0	0	0	0	0	0	0	0	0
F268-D04	discovery	marker-control	24	187	176660427485447	5	1	0	-	1	24	30	42	24	0	0	0	0	0	0	0	24	276	0	0	0	-	0	24	24	0	0	216	216	0	0	2208	2172	36	0	12	12	0	0	0	0	0	0	0	0	0	0	0	0	0	0	0	0	0	0
F268-D04	discovery	marker-control	24	187	176660427485447	6	1	0	-	1	24	33	42	24	0	0	0	0	0	0	0	24	276	0	0	0	-	0	24	24	0	0	312	312	0	0	2208	2208	0	0	16	16	0	0	0	0	0	0	0	0	0	0	0	0	0	0	0	0	0	0
F268-D04	discovery	marker-control	24	187	176660427485447	7	1	0	-	1	24	29	48	24	0	0	0	0	0	0	0	24	276	0	0	0	-	0	24	24	0	0	360	360	0	0	2208	2208	0	0	36	36	0	0	0	0	0	0	0	0	0	0	0	0	0	0	0	0	0	0
F268-D04	discovery	marker-control	24	187	176660427485447	8	1	0	-	1	24	32	40	24	0	0	0	0	0	0	0	24	276	0	0	0	-	0	24	24	0	0	264	264	0	0	2208	2208	0	0	24	24	0	0	0	0	0	0	0	0	0	0	0	0	0	0	0	0	0	0
F268-D04	discovery	marker-control	24	187	176660427485447	9	1	0	-	1	24	30	41	24	0	0	0	0	0	0	0	24	276	0	0	0	-	0	24	24	0	0	360	360	0	0	2208	2190	18	0	6	6	0	0	0	0	0	0	0	0	0	0	0	0	0	0	0	0	0	0
F268-D04	discovery	marker-control	24	187	176660427485447	10	1	0	-	1	20	26	36	20	0	0	0	0	0	0	0	20	190	0	0	0	-	0	4	4	0	0	252	252	0	0	1520	1480	40	0	16	16	0	0	0	0	0	0	0	0	0	0	0	0	0	0	0	0	0	0
F268-D04	discovery	marker-control	24	187	176660427485447	11	1	0	-	1	24	32	43	24	0	0	0	0	0	0	0	24	276	0	0	0	-	0	26	26	0	0	300	300	0	0	2208	2208	0	0	0	0	0	0	0	0	0	0	0	0	0	0	0	0	0	0	0	0	0	0
