n,bits,expected,actual,oracle_queries,enumerated_x,boxes_generated,bisection_queries
2,2,2,2,0,0,0,0
3,2,3,3,0,0,0,0
4,3,2*2,2*2,0,0,0,0
5,3,5,5,0,0,0,0
6,3,2*3,2*3,0,0,0,0
7,3,7,7,0,0,0,0
8,4,2*2*2,2*2*2,0,0,0,0
9,4,3*3,3*3,0,0,0,0
10,4,2*5,2*5,0,0,0,0
11,4,11,11,0,0,0,0
12,4,2*2*3,2*2*3,0,0,0,0
13,4,13,13,0,0,0,0
14,4,2*7,2*7,0,0,0,0
15,4,3*5,3*5,0,0,0,0
16,5,2*2*2*2,2*2*2*2,0,0,0,0
17,5,17,17,0,0,0,0
18,5,2*3*3,2*3*3,0,0,0,0
19,5,19,19,0,0,0,0
20,5,2*2*5,2*2*5,0,0,0,0
21,5,3*7,3*7,0,0,0,0
22,5,2*11,2*11,0,0,0,0
23,5,23,23,0,0,0,0
24,5,2*2*2*3,2*2*2*3,0,0,0,0
25,5,5*5,5*5,0,0,0,0
26,5,2*13,2*13,0,0,0,0
27,5,3*3*3,3*3*3,0,0,0,0
28,5,2*2*7,2*2*7,0,0,0,0
29,5,29,29,0,0,0,0
30,5,2*3*5,2*3*5,0,0,0,0
31,5,31,31,0,0,0,0
32,6,2*2*2*2*2,2*2*2*2*2,0,0,0,0
33,6,3*11,3*11,0,0,0,0
34,6,2*17,2*17,0,0,0,0
35,6,5*7,5*7,0,0,0,0
36,6,2*2*3*3,2*2*3*3,0,0,0,0
37,6,37,37,0,0,0,0
38,6,2*19,2*19,0,0,0,0
39,6,3*13,3*13,0,0,0,0
40,6,2*2*2*5,2*2*2*5,0,0,0,0
41,6,41,41,0,0,0,0
42,6,2*3*7,2*3*7,0,0,0,0
43,6,43,43,0,0,0,0
44,6,2*2*11,2*2*11,0,0,0,0
45,6,3*3*5,3*3*5,0,0,0,0
46,6,2*23,2*23,0,0,0,0
47,6,47,47,0,0,0,0
48,6,2*2*2*2*3,2*2*2*2*3,0,0,0,0
49,6,7*7,7*7,0,0,0,0
50,6,2*5*5,2*5*5,0,0,0,0
51,6,3*17,3*17,0,0,0,0
52,6,2*2*13,2*2*13,0,0,0,0
53,6,53,53,0,0,0,0
54,6,2*3*3*3,2*3*3*3,0,0,0,0
55,6,5*11,5*11,0,0,0,0
56,6,2*2*2*7,2*2*2*7,0,0,0,0
57,6,3*19,3*19,0,0,0,0
58,6,2*29,2*29,0,0,0,0
59,6,59,59,0,0,0,0
60,6,2*2*3*5,2*2*3*5,0,0,0,0
61,6,61,61,0,0,0,0
62,6,2*31,2*31,0,0,0,0
63,6,3*3*7,3*3*7,0,0,0,0
64,7,2*2*2*2*2*2,2*2*2*2*2*2,0,0,0,0
65,7,5*13,5*13,0,0,0,0
66,7,2*3*11,2*3*11,0,0,0,0
67,7,67,67,0,0,0,0
68,7,2*2*17,2*2*17,0,0,0,0
69,7,3*23,3*23,0,0,0,0
70,7,2*5*7,2*5*7,0,0,0,0
71,7,71,71,0,0,0,0
72,7,2*2*2*3*3,2*2*2*3*3,0,0,0,0
73,7,73,73,0,0,0,0
74,7,2*37,2*37,0,0,0,0
75,7,3*5*5,3*5*5,0,0,0,0
76,7,2*2*19,2*2*19,0,0,0,0
77,7,7*11,7*11,0,0,0,0
78,7,2*3*13,2*3*13,0,0,0,0
79,7,79,79,0,0,0,0
80,7,2*2*2*2*5,2*2*2*2*5,0,0,0,0
81,7,3*3*3*3,3*3*3*3,0,0,0,0
82,7,2*41,2*41,0,0,0,0
83,7,83,83,0,0,0,0
84,7,2*2*3*7,2*2*3*7,0,0,0,0
85,7,5*17,5*17,0,0,0,0
86,7,2*43,2*43,0,0,0,0
87,7,3*29,3*29,0,0,0,0
88,7,2*2*2*11,2*2*2*11,0,0,0,0
89,7,89,89,0,0,0,0
90,7,2*3*3*5,2*3*3*5,0,0,0,0
91,7,7*13,7*13,0,0,0,0
92,7,2*2*23,2*2*23,0,0,0,0
93,7,3*31,3*31,0,0,0,0
94,7,2*47,2*47,0,0,0,0
95,7,5*19,5*19,0,0,0,0
96,7,2*2*2*2*2*3,2*2*2*2*2*3,0,0,0,0
97,7,97,97,0,0,0,0
98,7,2*7*7,2*7*7,0,0,0,0
99,7,3*3*11,3*3*11,0,0,0,0
100,7,2*2*5*5,2*2*5*5,0,0,0,0
101,7,101,101,0,0,0,0
102,7,2*3*17,2*3*17,0,0,0,0
103,7,103,103,0,0,0,0
104,7,2*2*2*13,2*2*2*13,0,0,0,0
105,7,3*5*7,3*5*7,0,0,0,0
106,7,2*53,2*53,0,0,0,0
107,7,107,107,0,0,0,0
108,7,2*2*3*3*3,2*2*3*3*3,0,0,0,0
109,7,109,109,0,0,0,0
110,7,2*5*11,2*5*11,0,0,0,0
111,7,3*37,3*37,0,0,0,0
112,7,2*2*2*2*7,2*2*2*2*7,0,0,0,0
113,7,113,113,0,0,0,0
114,7,2*3*19,2*3*19,0,0,0,0
115,7,5*23,5*23,0,0,0,0
116,7,2*2*29,2*2*29,0,0,0,0
117,7,3*3*13,3*3*13,0,0,0,0
118,7,2*59,2*59,0,0,0,0
119,7,7*17,7*17,0,0,0,0
120,7,2*2*2*3*5,2*2*2*3*5,0,0,0,0
121,7,11*11,11*11,0,0,0,0
122,7,2*61,2*61,0,0,0,0
123,7,3*41,3*41,0,0,0,0
124,7,2*2*31,2*2*31,0,0,0,0
125,7,5*5*5,5*5*5,0,0,0,0
126,7,2*3*3*7,2*3*3*7,0,0,0,0
127,7,127,127,0,0,0,0
128,8,2*2*2*2*2*2*2,2*2*2*2*2*2*2,0,0,0,0
129,8,3*43,3*43,0,0,0,0
130,8,2*5*13,2*5*13,0,0,0,0
131,8,131,131,0,0,0,0
132,8,2*2*3*11,2*2*3*11,0,0,0,0
133,8,7*19,7*19,0,0,0,0
134,8,2*67,2*67,0,0,0,0
135,8,3*3*3*5,3*3*3*5,0,0,0,0
136,8,2*2*2*17,2*2*2*17,0,0,0,0
137,8,137,137,0,0,0,0
138,8,2*3*23,2*3*23,0,0,0,0
139,8,139,139,0,0,0,0
140,8,2*2*5*7,2*2*5*7,0,0,0,0
141,8,3*47,3*47,0,0,0,0
142,8,2*71,2*71,0,0,0,0
143,8,11*13,11*13,0,0,0,0
144,8,2*2*2*2*3*3,2*2*2*2*3*3,0,0,0,0
145,8,5*29,5*29,0,0,0,0
146,8,2*73,2*73,0,0,0,0
147,8,3*7*7,3*7*7,0,0,0,0
148,8,2*2*37,2*2*37,0,0,0,0
149,8,149,149,0,0,0,0
150,8,2*3*5*5,2*3*5*5,0,0,0,0
151,8,151,151,0,0,0,0
152,8,2*2*2*19,2*2*2*19,0,0,0,0
153,8,3*3*17,3*3*17,0,0,0,0
154,8,2*7*11,2*7*11,0,0,0,0
155,8,5*31,5*31,0,0,0,0
156,8,2*2*3*13,2*2*3*13,0,0,0,0
157,8,157,157,0,0,0,0
158,8,2*79,2*79,0,0,0,0
159,8,3*53,3*53,0,0,0,0
160,8,2*2*2*2*2*5,2*2*2*2*2*5,0,0,0,0
161,8,7*23,7*23,0,0,0,0
162,8,2*3*3*3*3,2*3*3*3*3,0,0,0,0
163,8,163,163,0,0,0,0
164,8,2*2*41,2*2*41,0,0,0,0
165,8,3*5*11,3*5*11,0,0,0,0
166,8,2*83,2*83,0,0,0,0
167,8,167,167,0,0,0,0
168,8,2*2*2*3*7,2*2*2*3*7,0,0,0,0
169,8,13*13,13*13,0,0,0,0
170,8,2*5*17,2*5*17,0,0,0,0
171,8,3*3*19,3*3*19,0,0,0,0
172,8,2*2*43,2*2*43,0,0,0,0
173,8,173,173,0,0,0,0
174,8,2*3*29,2*3*29,0,0,0,0
175,8,5*5*7,5*5*7,0,0,0,0
176,8,2*2*2*2*11,2*2*2*2*11,0,0,0,0
177,8,3*59,3*59,0,0,0,0
178,8,2*89,2*89,0,0,0,0
179,8,179,179,0,0,0,0
180,8,2*2*3*3*5,2*2*3*3*5,0,0,0,0
181,8,181,181,0,0,0,0
182,8,2*7*13,2*7*13,0,0,0,0
183,8,3*61,3*61,0,0,0,0
184,8,2*2*2*23,2*2*2*23,0,0,0,0
185,8,5*37,5*37,0,0,0,0
186,8,2*3*31,2*3*31,0,0,0,0
187,8,11*17,11*17,0,0,0,0
188,8,2*2*47,2*2*47,0,0,0,0
189,8,3*3*3*7,3*3*3*7,0,0,0,0
190,8,2*5*19,2*5*19,0,0,0,0
191,8,191,191,0,0,0,0
192,8,2*2*2*2*2*2*3,2*2*2*2*2*2*3,0,0,0,0
193,8,193,193,0,0,0,0
194,8,2*97,2*97,0,0,0,0
195,8,3*5*13,3*5*13,0,0,0,0
196,8,2*2*7*7,2*2*7*7,0,0,0,0
197,8,197,197,0,0,0,0
198,8,2*3*3*11,2*3*3*11,0,0,0,0
199,8,199,199,0,0,0,0
200,8,2*2*2*5*5,2*2*2*5*5,0,0,0,0
201,8,3*67,3*67,0,0,0,0
202,8,2*101,2*101,0,0,0,0
203,8,7*29,7*29,0,0,0,0
204,8,2*2*3*17,2*2*3*17,0,0,0,0
205,8,5*41,5*41,0,0,0,0
206,8,2*103,2*103,0,0,0,0
207,8,3*3*23,3*3*23,0,0,0,0
208,8,2*2*2*2*13,2*2*2*2*13,0,0,0,0
209,8,11*19,11*19,0,0,0,0
210,8,2*3*5*7,2*3*5*7,0,0,0,0
211,8,211,211,0,0,0,0
212,8,2*2*53,2*2*53,0,0,0,0
213,8,3*71,3*71,0,0,0,0
214,8,2*107,2*107,0,0,0,0
215,8,5*43,5*43,0,0,0,0
216,8,2*2*2*3*3*3,2*2*2*3*3*3,0,0,0,0
217,8,7*31,7*31,0,0,0,0
218,8,2*109,2*109,0,0,0,0
219,8,3*73,3*73,0,0,0,0
220,8,2*2*5*11,2*2*5*11,0,0,0,0
221,8,13*17,13*17,0,0,0,0
222,8,2*3*37,2*3*37,0,0,0,0
223,8,223,223,0,0,0,0
224,8,2*2*2*2*2*7,2*2*2*2*2*7,0,0,0,0
225,8,3*3*5*5,3*3*5*5,0,0,0,0
226,8,2*113,2*113,0,0,0,0
227,8,227,227,0,0,0,0
228,8,2*2*3*19,2*2*3*19,0,0,0,0
229,8,229,229,0,0,0,0
230,8,2*5*23,2*5*23,0,0,0,0
231,8,3*7*11,3*7*11,0,0,0,0
232,8,2*2*2*29,2*2*2*29,0,0,0,0
233,8,233,233,0,0,0,0
234,8,2*3*3*13,2*3*3*13,0,0,0,0
235,8,5*47,5*47,0,0,0,0
236,8,2*2*59,2*2*59,0,0,0,0
237,8,3*79,3*79,0,0,0,0
238,8,2*7*17,2*7*17,0,0,0,0
239,8,239,239,0,0,0,0
240,8,2*2*2*2*3*5,2*2*2*2*3*5,0,0,0,0
241,8,241,241,0,0,0,0
242,8,2*11*11,2*11*11,0,0,0,0
243,8,3*3*3*3*3,3*3*3*3*3,0,0,0,0
244,8,2*2*61,2*2*61,0,0,0,0
245,8,5*7*7,5*7*7,0,0,0,0
246,8,2*3*41,2*3*41,0,0,0,0
247,8,13*19,13*19,0,0,0,0
248,8,2*2*2*31,2*2*2*31,0,0,0,0
249,8,3*83,3*83,0,0,0,0
250,8,2*5*5*5,2*5*5*5,0,0,0,0
251,8,251,251,0,0,0,0
252,8,2*2*3*3*7,2*2*3*3*7,0,0,0,0
253,8,11*23,11*23,0,0,0,0
254,8,2*127,2*127,0,0,0,0
255,8,3*5*17,3*5*17,0,0,0,0
256,9,2*2*2*2*2*2*2*2,2*2*2*2*2*2*2*2,0,0,0,0
257,9,257,257,0,0,0,0
258,9,2*3*43,2*3*43,0,0,0,0
259,9,7*37,7*37,0,0,0,0
260,9,2*2*5*13,2*2*5*13,0,0,0,0
261,9,3*3*29,3*3*29,0,0,0,0
262,9,2*131,2*131,0,0,0,0
263,9,263,263,0,0,0,0
264,9,2*2*2*3*11,2*2*2*3*11,0,0,0,0
265,9,5*53,5*53,0,0,0,0
266,9,2*7*19,2*7*19,0,0,0,0
267,9,3*89,3*89,0,0,0,0
268,9,2*2*67,2*2*67,0,0,0,0
269,9,269,269,0,0,0,0
270,9,2*3*3*3*5,2*3*3*3*5,0,0,0,0
271,9,271,271,0,0,0,0
272,9,2*2*2*2*17,2*2*2*2*17,0,0,0,0
273,9,3*7*13,3*7*13,0,0,0,0
274,9,2*137,2*137,0,0,0,0
275,9,5*5*11,5*5*11,0,0,0,0
276,9,2*2*3*23,2*2*3*23,0,0,0,0
277,9,277,277,0,0,0,0
278,9,2*139,2*139,0,0,0,0
279,9,3*3*31,3*3*31,0,0,0,0
280,9,2*2*2*5*7,2*2*2*5*7,0,0,0,0
281,9,281,281,0,0,0,0
282,9,2*3*47,2*3*47,0,0,0,0
283,9,283,283,0,0,0,0
284,9,2*2*71,2*2*71,0,0,0,0
285,9,3*5*19,3*5*19,0,0,0,0
286,9,2*11*13,2*11*13,0,0,0,0
287,9,7*41,7*41,0,0,0,0
288,9,2*2*2*2*2*3*3,2*2*2*2*2*3*3,0,0,0,0
289,9,17*17,17*17,1,1,2,0
290,9,2*5*29,2*5*29,0,0,0,0
291,9,3*97,3*97,0,0,0,0
292,9,2*2*73,2*2*73,0,0,0,0
293,9,293,293,2,2,2,0
294,9,2*3*7*7,2*3*7*7,0,0,0,0
295,9,5*59,5*59,0,0,0,0
296,9,2*2*2*37,2*2*2*37,0,0,0,0
297,9,3*3*3*11,3*3*3*11,0,0,0,0
298,9,2*149,2*149,0,0,0,0
299,9,13*23,13*23,0,0,0,0
300,9,2*2*3*5*5,2*2*3*5*5,0,0,0,0
301,9,7*43,7*43,0,0,0,0
302,9,2*151,2*151,0,0,0,0
303,9,3*101,3*101,0,0,0,0
304,9,2*2*2*2*19,2*2*2*2*19,0,0,0,0
305,9,5*61,5*61,0,0,0,0
306,9,2*3*3*17,2*3*3*17,0,0,0,0
307,9,307,307,2,2,2,0
308,9,2*2*7*11,2*2*7*11,0,0,0,0
309,9,3*103,3*103,0,0,0,0
310,9,2*5*31,2*5*31,0,0,0,0
311,9,311,311,2,2,2,0
312,9,2*2*2*3*13,2*2*2*3*13,0,0,0,0
313,9,313,313,2,2,2,0
314,9,2*157,2*157,0,0,0,0
315,9,3*3*5*7,3*3*5*7,0,0,0,0
316,9,2*2*79,2*2*79,0,0,0,0
317,9,317,317,2,2,2,0
318,9,2*3*53,2*3*53,0,0,0,0
319,9,11*29,11*29,0,0,0,0
320,9,2*2*2*2*2*2*5,2*2*2*2*2*2*5,0,0,0,0
321,9,3*107,3*107,0,0,0,0
322,9,2*7*23,2*7*23,0,0,0,0
323,9,17*19,17*19,1,1,2,0
324,9,2*2*3*3*3*3,2*2*3*3*3*3,0,0,0,0
325,9,5*5*13,5*5*13,0,0,0,0
326,9,2*163,2*163,0,0,0,0
327,9,3*109,3*109,0,0,0,0
328,9,2*2*2*41,2*2*2*41,0,0,0,0
329,9,7*47,7*47,0,0,0,0
330,9,2*3*5*11,2*3*5*11,0,0,0,0
331,9,331,331,2,2,2,0
332,9,2*2*83,2*2*83,0,0,0,0
333,9,3*3*37,3*3*37,0,0,0,0
334,9,2*167,2*167,0,0,0,0
335,9,5*67,5*67,0,0,0,0
336,9,2*2*2*2*3*7,2*2*2*2*3*7,0,0,0,0
337,9,337,337,2,2,2,0
338,9,2*13*13,2*13*13,0,0,0,0
339,9,3*113,3*113,0,0,0,0
340,9,2*2*5*17,2*2*5*17,0,0,0,0
341,9,11*31,11*31,0,0,0,0
342,9,2*3*3*19,2*3*3*19,0,0,0,0
343,9,7*7*7,7*7*7,0,0,0,0
344,9,2*2*2*43,2*2*2*43,0,0,0,0
345,9,3*5*23,3*5*23,0,0,0,0
346,9,2*173,2*173,0,0,0,0
347,9,347,347,2,2,2,0
348,9,2*2*3*29,2*2*3*29,0,0,0,0
349,9,349,349,2,2,2,0
350,9,2*5*5*7,2*5*5*7,0,0,0,0
351,9,3*3*3*13,3*3*3*13,0,0,0,0
352,9,2*2*2*2*2*11,2*2*2*2*2*11,0,0,0,0
353,9,353,353,2,2,2,0
354,9,2*3*59,2*3*59,0,0,0,0
355,9,5*71,5*71,0,0,0,0
356,9,2*2*89,2*2*89,0,0,0,0
357,9,3*7*17,3*7*17,0,0,0,0
358,9,2*179,2*179,0,0,0,0
359,9,359,359,2,2,2,0
360,9,2*2*2*3*3*5,2*2*2*3*3*5,0,0,0,0
361,9,19*19,19*19,3,3,3,0
362,9,2*181,2*181,0,0,0,0
363,9,3*11*11,3*11*11,0,0,0,0
364,9,2*2*7*13,2*2*7*13,0,0,0,0
365,9,5*73,5*73,0,0,0,0
366,9,2*3*61,2*3*61,0,0,0,0
367,9,367,367,3,3,3,0
368,9,2*2*2*2*23,2*2*2*2*23,0,0,0,0
369,9,3*3*41,3*3*41,0,0,0,0
370,9,2*5*37,2*5*37,0,0,0,0
371,9,7*53,7*53,0,0,0,0
372,9,2*2*3*31,2*2*3*31,0,0,0,0
373,9,373,373,3,3,3,0
374,9,2*11*17,2*11*17,0,0,0,0
375,9,3*5*5*5,3*5*5*5,0,0,0,0
376,9,2*2*2*47,2*2*2*47,0,0,0,0
377,9,13*29,13*29,0,0,0,0
378,9,2*3*3*3*7,2*3*3*3*7,0,0,0,0
379,9,379,379,3,3,3,0
380,9,2*2*5*19,2*2*5*19,0,0,0,0
381,9,3*127,3*127,0,0,0,0
382,9,2*191,2*191,0,0,0,0
383,9,383,383,3,3,3,0
384,9,2*2*2*2*2*2*2*3,2*2*2*2*2*2*2*3,0,0,0,0
385,9,5*7*11,5*7*11,0,0,0,0
386,9,2*193,2*193,0,0,0,0
387,9,3*3*43,3*3*43,0,0,0,0
388,9,2*2*97,2*2*97,0,0,0,0
389,9,389,389,3,3,3,0
390,9,2*3*5*13,2*3*5*13,0,0,0,0
391,9,17*23,17*23,1,1,3,0
392,9,2*2*2*7*7,2*2*2*7*7,0,0,0,0
393,9,3*131,3*131,0,0,0,0
394,9,2*197,2*197,0,0,0,0
395,9,5*79,5*79,0,0,0,0
396,9,2*2*3*3*11,2*2*3*3*11,0,0,0,0
397,9,397,397,3,3,3,0
398,9,2*199,2*199,0,0,0,0
399,9,3*7*19,3*7*19,0,0,0,0
400,9,2*2*2*2*5*5,2*2*2*2*5*5,0,0,0,0
401,9,401,401,4,3,4,0
402,9,2*3*67,2*3*67,0,0,0,0
403,9,13*31,13*31,0,0,0,0
404,9,2*2*101,2*2*101,0,0,0,0
405,9,3*3*3*3*5,3*3*3*3*5,0,0,0,0
406,9,2*7*29,2*7*29,0,0,0,0
407,9,11*37,11*37,0,0,0,0
408,9,2*2*2*3*17,2*2*2*3*17,0,0,0,0
409,9,409,409,4,3,4,0
410,9,2*5*41,2*5*41,0,0,0,0
411,9,3*137,3*137,0,0,0,0
412,9,2*2*103,2*2*103,0,0,0,0
413,9,7*59,7*59,0,0,0,0
414,9,2*3*3*23,2*3*3*23,0,0,0,0
415,9,5*83,5*83,0,0,0,0
416,9,2*2*2*2*2*13,2*2*2*2*2*13,0,0,0,0
417,9,3*139,3*139,0,0,0,0
418,9,2*11*19,2*11*19,0,0,0,0
419,9,419,419,4,3,4,0
420,9,2*2*3*5*7,2*2*3*5*7,0,0,0,0
421,9,421,421,4,3,4,0
422,9,2*211,2*211,0,0,0,0
423,9,3*3*47,3*3*47,0,0,0,0
424,9,2*2*2*53,2*2*2*53,0,0,0,0
425,9,5*5*17,5*5*17,0,0,0,0
426,9,2*3*71,2*3*71,0,0,0,0
427,9,7*61,7*61,0,0,0,0
428,9,2*2*107,2*2*107,0,0,0,0
429,9,3*11*13,3*11*13,0,0,0,0
430,9,2*5*43,2*5*43,0,0,0,0
431,9,431,431,4,3,4,0
432,9,2*2*2*2*3*3*3,2*2*2*2*3*3*3,0,0,0,0
433,9,433,433,4,3,4,0
434,9,2*7*31,2*7*31,0,0,0,0
435,9,3*5*29,3*5*29,0,0,0,0
436,9,2*2*109,2*2*109,0,0,0,0
437,9,19*23,19*23,3,3,4,0
438,9,2*3*73,2*3*73,0,0,0,0
439,9,439,439,4,3,4,0
440,9,2*2*2*5*11,2*2*2*5*11,0,0,0,0
441,9,3*3*7*7,3*3*7*7,0,0,0,0
442,9,2*13*17,2*13*17,0,0,0,0
443,9,443,443,5,4,5,0
444,9,2*2*3*37,2*2*3*37,0,0,0,0
445,9,5*89,5*89,0,0,0,0
446,9,2*223,2*223,0,0,0,0
447,9,3*149,3*149,0,0,0,0
448,9,2*2*2*2*2*2*7,2*2*2*2*2*2*7,0,0,0,0
449,9,449,449,5,4,5,0
450,9,2*3*3*5*5,2*3*3*5*5,0,0,0,0
451,9,11*41,11*41,0,0,0,0
452,9,2*2*113,2*2*113,0,0,0,0
453,9,3*151,3*151,0,0,0,0
454,9,2*227,2*227,0,0,0,0
455,9,5*7*13,5*7*13,0,0,0,0
456,9,2*2*2*3*19,2*2*2*3*19,0,0,0,0
457,9,457,457,5,4,5,0
458,9,2*229,2*229,0,0,0,0
459,9,3*3*3*17,3*3*3*17,0,0,0,0
460,9,2*2*5*23,2*2*5*23,0,0,0,0
461,9,461,461,5,4,5,0
462,9,2*3*7*11,2*3*7*11,0,0,0,0
463,9,463,463,5,4,5,0
464,9,2*2*2*2*29,2*2*2*2*29,0,0,0,0
465,9,3*5*31,3*5*31,0,0,0,0
466,9,2*233,2*233,0,0,0,0
467,9,467,467,5,4,5,0
468,9,2*2*3*3*13,2*2*3*3*13,0,0,0,0
469,9,7*67,7*67,0,0,0,0
470,9,2*5*47,2*5*47,0,0,0,0
471,9,3*157,3*157,0,0,0,0
472,9,2*2*2*59,2*2*2*59,0,0,0,0
473,9,11*43,11*43,0,0,0,0
474,9,2*3*79,2*3*79,0,0,0,0
475,9,5*5*19,5*5*19,0,0,0,0
476,9,2*2*7*17,2*2*7*17,0,0,0,0
477,9,3*3*53,3*3*53,0,0,0,0
478,9,2*239,2*239,0,0,0,0
479,9,479,479,5,4,5,0
480,9,2*2*2*2*2*3*5,2*2*2*2*2*3*5,0,0,0,0
481,9,13*37,13*37,0,0,0,0
482,9,2*241,2*241,0,0,0,0
483,9,3*7*23,3*7*23,0,0,0,0
484,9,2*2*11*11,2*2*11*11,0,0,0,0
485,9,5*97,5*97,0,0,0,0
486,9,2*3*3*3*3*3,2*3*3*3*3*3,0,0,0,0
487,9,487,487,6,4,6,0
488,9,2*2*2*61,2*2*2*61,0,0,0,0
489,9,3*163,3*163,0,0,0,0
490,9,2*5*7*7,2*5*7*7,0,0,0,0
491,9,491,491,6,4,6,0
492,9,2*2*3*41,2*2*3*41,0,0,0,0
493,9,17*29,17*29,1,1,6,0
494,9,2*13*19,2*13*19,0,0,0,0
495,9,3*3*5*11,3*3*5*11,0,0,0,0
496,9,2*2*2*2*31,2*2*2*2*31,0,0,0,0
497,9,7*71,7*71,0,0,0,0
498,9,2*3*83,2*3*83,0,0,0,0
499,9,499,499,6,4,6,0
500,9,2*2*5*5*5,2*2*5*5*5,0,0,0,0
501,9,3*167,3*167,0,0,0,0
502,9,2*251,2*251,0,0,0,0
503,9,503,503,6,4,6,0
504,9,2*2*2*3*3*7,2*2*2*3*3*7,0,0,0,0
505,9,5*101,5*101,0,0,0,0
506,9,2*11*23,2*11*23,0,0,0,0
507,9,3*13*13,3*13*13,0,0,0,0
508,9,2*2*127,2*2*127,0,0,0,0
509,9,509,509,6,4,6,0
510,9,2*3*5*17,2*3*5*17,0,0,0,0
511,9,7*73,7*73,0,0,0,0
512,10,2*2*2*2*2*2*2*2*2,2*2*2*2*2*2*2*2*2,0,0,0,0
513,10,3*3*3*19,3*3*3*19,0,0,0,0
514,10,2*257,2*257,0,0,0,0
515,10,5*103,5*103,0,0,0,0
516,10,2*2*3*43,2*2*3*43,0,0,0,0
517,10,11*47,11*47,0,0,0,0
518,10,2*7*37,2*7*37,0,0,0,0
519,10,3*173,3*173,0,0,0,0
520,10,2*2*2*5*13,2*2*2*5*13,0,0,0,0
521,10,521,521,6,4,6,0
522,10,2*3*3*29,2*3*3*29,0,0,0,0
523,10,523,523,6,4,6,0
524,10,2*2*131,2*2*131,0,0,0,0
525,10,3*5*5*7,3*5*5*7,0,0,0,0
526,10,2*263,2*263,0,0,0,0
527,10,17*31,17*31,1,1,6,0
528,10,2*2*2*2*3*11,2*2*2*2*3*11,0,0,0,0
529,10,23*23,23*23,7,5,6,1
530,10,2*5*53,2*5*53,0,0,0,0
531,10,3*3*59,3*3*59,0,0,0,0
532,10,2*2*7*19,2*2*7*19,0,0,0,0
533,10,13*41,13*41,0,0,0,0
534,10,2*3*89,2*3*89,0,0,0,0
535,10,5*107,5*107,0,0,0,0
536,10,2*2*2*67,2*2*2*67,0,0,0,0
537,10,3*179,3*179,0,0,0,0
538,10,2*269,2*269,0,0,0,0
539,10,7*7*11,7*7*11,0,0,0,0
540,10,2*2*3*3*3*5,2*2*3*3*3*5,0,0,0,0
541,10,541,541,6,5,6,0
542,10,2*271,2*271,0,0,0,0
543,10,3*181,3*181,0,0,0,0
544,10,2*2*2*2*2*17,2*2*2*2*2*17,0,0,0,0
545,10,5*109,5*109,0,0,0,0
546,10,2*3*7*13,2*3*7*13,0,0,0,0
547,10,547,547,6,5,6,0
548,10,2*2*137,2*2*137,0,0,0,0
549,10,3*3*61,3*3*61,0,0,0,0
550,10,2*5*5*11,2*5*5*11,0,0,0,0
551,10,19*29,19*29,3,3,6,0
552,10,2*2*2*3*23,2*2*2*3*23,0,0,0,0
553,10,7*79,7*79,0,0,0,0
554,10,2*277,2*277,0,0,0,0
555,10,3*5*37,3*5*37,0,0,0,0
556,10,2*2*139,2*2*139,0,0,0,0
557,10,557,557,6,5,6,0
558,10,2*3*3*31,2*3*3*31,0,0,0,0
559,10,13*43,13*43,0,0,0,0
560,10,2*2*2*2*5*7,2*2*2*2*5*7,0,0,0,0
561,10,3*11*17,3*11*17,0,0,0,0
562,10,2*281,2*281,0,0,0,0
563,10,563,563,6,5,6,0
564,10,2*2*3*47,2*2*3*47,0,0,0,0
565,10,5*113,5*113,0,0,0,0
566,10,2*283,2*283,0,0,0,0
567,10,3*3*3*3*7,3*3*3*3*7,0,0,0,0
568,10,2*2*2*71,2*2*2*71,0,0,0,0
569,10,569,569,6,5,6,0
570,10,2*3*5*19,2*3*5*19,0,0,0,0
571,10,571,571,6,5,6,0
572,10,2*2*11*13,2*2*11*13,0,0,0,0
573,10,3*191,3*191,0,0,0,0
574,10,2*7*41,2*7*41,0,0,0,0
575,10,5*5*23,5*5*23,0,0,0,0
576,10,2*2*2*2*2*2*3*3,2*2*2*2*2*2*3*3,0,0,0,0
577,10,577,577,7,5,7,0
578,10,2*17*17,2*17*17,1,1,2,0
579,10,3*193,3*193,0,0,0,0
580,10,2*2*5*29,2*2*5*29,0,0,0,0
581,10,7*83,7*83,0,0,0,0
582,10,2*3*97,2*3*97,0,0,0,0
583,10,11*53,11*53,0,0,0,0
584,10,2*2*2*73,2*2*2*73,0,0,0,0
585,10,3*3*5*13,3*3*5*13,0,0,0,0
586,10,2*293,2*293,2,2,2,0
587,10,587,587,7,5,7,0
588,10,2*2*3*7*7,2*2*3*7*7,0,0,0,0
589,10,19*31,19*31,3,3,7,0
590,10,2*5*59,2*5*59,0,0,0,0
591,10,3*197,3*197,0,0,0,0
592,10,2*2*2*2*37,2*2*2*2*37,0,0,0,0
593,10,593,593,7,5,7,0
594,10,2*3*3*3*11,2*3*3*3*11,0,0,0,0
595,10,5*7*17,5*7*17,0,0,0,0
596,10,2*2*149,2*2*149,0,0,0,0
597,10,3*199,3*199,0,0,0,0
598,10,2*13*23,2*13*23,0,0,0,0
599,10,599,599,7,5,7,0
600,10,2*2*2*3*5*5,2*2*2*3*5*5,0,0,0,0
601,10,601,601,7,5,7,0
602,10,2*7*43,2*7*43,0,0,0,0
603,10,3*3*67,3*3*67,0,0,0,0
604,10,2*2*151,2*2*151,0,0,0,0
605,10,5*11*11,5*11*11,0,0,0,0
606,10,2*3*101,2*3*101,0,0,0,0
607,10,607,607,7,5,7,0
608,10,2*2*2*2*2*19,2*2*2*2*2*19,0,0,0,0
609,10,3*7*29,3*7*29,0,0,0,0
610,10,2*5*61,2*5*61,0,0,0,0
611,10,13*47,13*47,0,0,0,0
612,10,2*2*3*3*17,2*2*3*3*17,0,0,0,0
613,10,613,613,7,5,7,0
614,10,2*307,2*307,2,2,2,0
615,10,3*5*41,3*5*41,0,0,0,0
616,10,2*2*2*7*11,2*2*2*7*11,0,0,0,0
617,10,617,617,7,5,7,0
618,10,2*3*103,2*3*103,0,0,0,0
619,10,619,619,7,5,7,0
620,10,2*2*5*31,2*2*5*31,0,0,0,0
621,10,3*3*3*23,3*3*3*23,0,0,0,0
622,10,2*311,2*311,2,2,2,0
623,10,7*89,7*89,0,0,0,0
624,10,2*2*2*2*3*13,2*2*2*2*3*13,0,0,0,0
625,10,5*5*5*5,5*5*5*5,0,0,0,0
626,10,2*313,2*313,2,2,2,0
627,10,3*11*19,3*11*19,0,0,0,0
628,10,2*2*157,2*2*157,0,0,0,0
629,10,17*37,17*37,1,1,8,0
630,10,2*3*3*5*7,2*3*3*5*7,0,0,0,0
631,10,631,631,8,6,8,0
632,10,2*2*2*79,2*2*2*79,0,0,0,0
633,10,3*211,3*211,0,0,0,0
634,10,2*317,2*317,2,2,2,0
635,10,5*127,5*127,0,0,0,0
636,10,2*2*3*53,2*2*3*53,0,0,0,0
637,10,7*7*13,7*7*13,0,0,0,0
638,10,2*11*29,2*11*29,0,0,0,0
639,10,3*3*71,3*3*71,0,0,0,0
640,10,2*2*2*2*2*2*2*5,2*2*2*2*2*2*2*5,0,0,0,0
641,10,641,641,8,6,8,0
642,10,2*3*107,2*3*107,0,0,0,0
643,10,643,643,8,6,8,0
644,10,2*2*7*23,2*2*7*23,0,0,0,0
645,10,3*5*43,3*5*43,0,0,0,0
646,10,2*17*19,2*17*19,1,1,2,0
647,10,647,647,8,6,8,0
648,10,2*2*2*3*3*3*3,2*2*2*3*3*3*3,0,0,0,0
649,10,11*59,11*59,0,0,0,0
650,10,2*5*5*13,2*5*5*13,0,0,0,0
651,10,3*7*31,3*7*31,0,0,0,0
652,10,2*2*163,2*2*163,0,0,0,0
653,10,653,653,8,6,8,0
654,10,2*3*109,2*3*109,0,0,0,0
655,10,5*131,5*131,0,0,0,0
656,10,2*2*2*2*41,2*2*2*2*41,0,0,0,0
657,10,3*3*73,3*3*73,0,0,0,0
658,10,2*7*47,2*7*47,0,0,0,0
659,10,659,659,8,6,8,0
660,10,2*2*3*5*11,2*2*3*5*11,0,0,0,0
661,10,661,661,8,6,8,0
662,10,2*331,2*331,2,2,2,0
663,10,3*13*17,3*13*17,0,0,0,0
664,10,2*2*2*83,2*2*2*83,0,0,0,0
665,10,5*7*19,5*7*19,0,0,0,0
666,10,2*3*3*37,2*3*3*37,0,0,0,0
667,10,23*29,23*29,7,5,8,1
668,10,2*2*167,2*2*167,0,0,0,0
669,10,3*223,3*223,0,0,0,0
670,10,2*5*67,2*5*67,0,0,0,0
671,10,11*61,11*61,0,0,0,0
672,10,2*2*2*2*2*3*7,2*2*2*2*2*3*7,0,0,0,0
673,10,673,673,8,6,8,0
674,10,2*337,2*337,2,2,2,0
675,10,3*3*3*5*5,3*3*3*5*5,0,0,0,0
676,10,2*2*13*13,2*2*13*13,0,0,0,0
677,10,677,677,9,6,9,0
678,10,2*3*113,2*3*113,0,0,0,0
679,10,7*97,7*97,0,0,0,0
680,10,2*2*2*5*17,2*2*2*5*17,0,0,0,0
681,10,3*227,3*227,0,0,0,0
682,10,2*11*31,2*11*31,0,0,0,0
683,10,683,683,9,6,9,0
684,10,2*2*3*3*19,2*2*3*3*19,0,0,0,0
685,10,5*137,5*137,0,0,0,0
686,10,2*7*7*7,2*7*7*7,0,0,0,0
687,10,3*229,3*229,0,0,0,0
688,10,2*2*2*2*43,2*2*2*2*43,0,0,0,0
689,10,13*53,13*53,0,0,0,0
690,10,2*3*5*23,2*3*5*23,0,0,0,0
691,10,691,691,9,6,9,0
692,10,2*2*173,2*2*173,0,0,0,0
693,10,3*3*7*11,3*3*7*11,0,0,0,0
694,10,2*347,2*347,2,2,2,0
695,10,5*139,5*139,0,0,0,0
696,10,2*2*2*3*29,2*2*2*3*29,0,0,0,0
697,10,17*41,17*41,1,1,9,0
698,10,2*349,2*349,2,2,2,0
699,10,3*233,3*233,0,0,0,0
700,10,2*2*5*5*7,2*2*5*5*7,0,0,0,0
701,10,701,701,9,6,9,0
702,10,2*3*3*3*13,2*3*3*3*13,0,0,0,0
703,10,19*37,19*37,3,3,9,0
704,10,2*2*2*2*2*2*11,2*2*2*2*2*2*11,0,0,0,0
705,10,3*5*47,3*5*47,0,0,0,0
706,10,2*353,2*353,2,2,2,0
707,10,7*101,7*101,0,0,0,0
708,10,2*2*3*59,2*2*3*59,0,0,0,0
709,10,709,709,9,6,9,0
710,10,2*5*71,2*5*71,0,0,0,0
711,10,3*3*79,3*3*79,0,0,0,0
712,10,2*2*2*89,2*2*2*89,0,0,0,0
713,10,23*31,23*31,7,5,9,1
714,10,2*3*7*17,2*3*7*17,0,0,0,0
715,10,5*11*13,5*11*13,0,0,0,0
716,10,2*2*179,2*2*179,0,0,0,0
717,10,3*239,3*239,0,0,0,0
718,10,2*359,2*359,2,2,2,0
719,10,719,719,9,6,9,0
720,10,2*2*2*2*3*3*5,2*2*2*2*3*3*5,0,0,0,0
721,10,7*103,7*103,0,0,0,0
722,10,2*19*19,2*19*19,3,3,3,0
723,10,3*241,3*241,0,0,0,0
724,10,2*2*181,2*2*181,0,0,0,0
725,10,5*5*29,5*5*29,0,0,0,0
726,10,2*3*11*11,2*3*11*11,0,0,0,0
727,10,727,727,9,6,9,0
728,10,2*2*2*7*13,2*2*2*7*13,0,0,0,0
729,10,3*3*3*3*3*3,3*3*3*3*3*3,0,0,0,0
730,10,2*5*73,2*5*73,0,0,0,0
731,10,17*43,17*43,1,1,9,0
732,10,2*2*3*61,2*2*3*61,0,0,0,0
733,10,733,733,9,7,9,0
734,10,2*367,2*367,3,3,3,0
735,10,3*5*7*7,3*5*7*7,0,0,0,0
736,10,2*2*2*2*2*23,2*2*2*2*2*23,0,0,0,0
737,10,11*67,11*67,0,0,0,0
738,10,2*3*3*41,2*3*3*41,0,0,0,0
739,10,739,739,9,7,9,0
740,10,2*2*5*37,2*2*5*37,0,0,0,0
741,10,3*13*19,3*13*19,0,0,0,0
742,10,2*7*53,2*7*53,0,0,0,0
743,10,743,743,9,7,9,0
744,10,2*2*2*3*31,2*2*2*3*31,0,0,0,0
745,10,5*149,5*149,0,0,0,0
746,10,2*373,2*373,3,3,3,0
747,10,3*3*83,3*3*83,0,0,0,0
748,10,2*2*11*17,2*2*11*17,0,0,0,0
749,10,7*107,7*107,0,0,0,0
750,10,2*3*5*5*5,2*3*5*5*5,0,0,0,0
751,10,751,751,9,7,9,0
752,10,2*2*2*2*47,2*2*2*2*47,0,0,0,0
753,10,3*251,3*251,0,0,0,0
754,10,2*13*29,2*13*29,0,0,0,0
755,10,5*151,5*151,0,0,0,0
756,10,2*2*3*3*3*7,2*2*3*3*3*7,0,0,0,0
757,10,757,757,9,7,9,0
758,10,2*379,2*379,3,3,3,0
759,10,3*11*23,3*11*23,0,0,0,0
760,10,2*2*2*5*19,2*2*2*5*19,0,0,0,0
761,10,761,761,9,7,9,0
762,10,2*3*127,2*3*127,0,0,0,0
763,10,7*109,7*109,0,0,0,0
764,10,2*2*191,2*2*191,0,0,0,0
765,10,3*3*5*17,3*3*5*17,0,0,0,0
766,10,2*383,2*383,3,3,3,0
767,10,13*59,13*59,0,0,0,0
768,10,2*2*2*2*2*2*2*2*3,2*2*2*2*2*2*2*2*3,0,0,0,0
769,10,769,769,9,7,9,0
770,10,2*5*7*11,2*5*7*11,0,0,0,0
771,10,3*257,3*257,0,0,0,0
772,10,2*2*193,2*2*193,0,0,0,0
773,10,773,773,9,7,9,0
774,10,2*3*3*43,2*3*3*43,0,0,0,0
775,10,5*5*31,5*5*31,0,0,0,0
776,10,2*2*2*97,2*2*2*97,0,0,0,0
777,10,3*7*37,3*7*37,0,0,0,0
778,10,2*389,2*389,3,3,3,0
779,10,19*41,19*41,3,3,9,0
780,10,2*2*3*5*13,2*2*3*5*13,0,0,0,0
781,10,11*71,11*71,0,0,0,0
782,10,2*17*23,2*17*23,1,1,3,0
783,10,3*3*3*29,3*3*3*29,0,0,0,0
784,10,2*2*2*2*7*7,2*2*2*2*7*7,0,0,0,0
785,10,5*157,5*157,0,0,0,0
786,10,2*3*131,2*3*131,0,0,0,0
787,10,787,787,10,7,10,0
788,10,2*2*197,2*2*197,0,0,0,0
789,10,3*263,3*263,0,0,0,0
790,10,2*5*79,2*5*79,0,0,0,0
791,10,7*113,7*113,0,0,0,0
792,10,2*2*2*3*3*11,2*2*2*3*3*11,0,0,0,0
793,10,13*61,13*61,0,0,0,0
794,10,2*397,2*397,3,3,3,0
795,10,3*5*53,3*5*53,0,0,0,0
796,10,2*2*199,2*2*199,0,0,0,0
797,10,797,797,10,7,10,0
798,10,2*3*7*19,2*3*7*19,0,0,0,0
799,10,17*47,17*47,1,1,10,0
800,10,2*2*2*2*2*5*5,2*2*2*2*2*5*5,0,0,0,0
801,10,3*3*89,3*3*89,0,0,0,0
802,10,2*401,2*401,4,3,4,0
803,10,11*73,11*73,0,0,0,0
804,10,2*2*3*67,2*2*3*67,0,0,0,0
805,10,5*7*23,5*7*23,0,0,0,0
806,10,2*13*31,2*13*31,0,0,0,0
807,10,3*269,3*269,0,0,0,0
808,10,2*2*2*101,2*2*2*101,0,0,0,0
809,10,809,809,10,7,10,0
810,10,2*3*3*3*3*5,2*3*3*3*3*5,0,0,0,0
811,10,811,811,10,7,10,0
812,10,2*2*7*29,2*2*7*29,0,0,0,0
813,10,3*271,3*271,0,0,0,0
814,10,2*11*37,2*11*37,0,0,0,0
815,10,5*163,5*163,0,0,0,0
816,10,2*2*2*2*3*17,2*2*2*2*3*17,0,0,0,0
817,10,19*43,19*43,3,3,10,0
818,10,2*409,2*409,4,3,4,0
819,10,3*3*7*13,3*3*7*13,0,0,0,0
820,10,2*2*5*41,2*2*5*41,0,0,0,0
821,10,821,821,10,7,10,0
822,10,2*3*137,2*3*137,0,0,0,0
823,10,823,823,10,7,10,0
824,10,2*2*2*103,2*2*2*103,0,0,0,0
825,10,3*5*5*11,3*5*5*11,0,0,0,0
826,10,2*7*59,2*7*59,0,0,0,0
827,10,827,827,10,7,10,0
828,10,2*2*3*3*23,2*2*3*3*23,0,0,0,0
829,10,829,829,10,7,10,0
830,10,2*5*83,2*5*83,0,0,0,0
831,10,3*277,3*277,0,0,0,0
832,10,2*2*2*2*2*2*13,2*2*2*2*2*2*13,0,0,0,0
833,10,7*7*17,7*7*17,0,0,0,0
834,10,2*3*139,2*3*139,0,0,0,0
835,10,5*167,5*167,0,0,0,0
836,10,2*2*11*19,2*2*11*19,0,0,0,0
837,10,3*3*3*31,3*3*3*31,0,0,0,0
838,10,2*419,2*419,4,3,4,0
839,10,839,839,10,7,10,0
840,10,2*2*2*3*5*7,2*2*2*3*5*7,0,0,0,0
841,10,29*29,29*29,11,8,10,1
842,10,2*421,2*421,4,3,4,0
843,10,3*281,3*281,0,0,0,0
844,10,2*2*211,2*2*211,0,0,0,0
845,10,5*13*13,5*13*13,0,0,0,0
846,10,2*3*3*47,2*3*3*47,0,0,0,0
847,10,7*11*11,7*11*11,0,0,0,0
848,10,2*2*2*2*53,2*2*2*2*53,0,0,0,0
849,10,3*283,3*283,0,0,0,0
850,10,2*5*5*17,2*5*5*17,0,0,0,0
851,10,23*37,23*37,7,5,10,1
852,10,2*2*3*71,2*2*3*71,0,0,0,0
853,10,853,853,10,8,10,0
854,10,2*7*61,2*7*61,0,0,0,0
855,10,3*3*5*19,3*3*5*19,0,0,0,0
856,10,2*2*2*107,2*2*2*107,0,0,0,0
857,10,857,857,10,8,10,0
858,10,2*3*11*13,2*3*11*13,0,0,0,0
859,10,859,859,10,8,10,0
860,10,2*2*5*43,2*2*5*43,0,0,0,0
861,10,3*7*41,3*7*41,0,0,0,0
862,10,2*431,2*431,4,3,4,0
863,10,863,863,10,8,10,0
864,10,2*2*2*2*2*3*3*3,2*2*2*2*2*3*3*3,0,0,0,0
865,10,5*173,5*173,0,0,0,0
866,10,2*433,2*433,4,3,4,0
867,10,3*17*17,3*17*17,1,1,2,0
868,10,2*2*7*31,2*2*7*31,0,0,0,0
869,10,11*79,11*79,0,0,0,0
870,10,2*3*5*29,2*3*5*29,0,0,0,0
871,10,13*67,13*67,0,0,0,0
872,10,2*2*2*109,2*2*2*109,0,0,0,0
873,10,3*3*97,3*3*97,0,0,0,0
874,10,2*19*23,2*19*23,3,3,4,0
875,10,5*5*5*7,5*5*5*7,0,0,0,0
876,10,2*2*3*73,2*2*3*73,0,0,0,0
877,10,877,877,10,8,10,0
878,10,2*439,2*439,4,3,4,0
879,10,3*293,3*293,2,2,2,0
880,10,2*2*2*2*5*11,2*2*2*2*5*11,0,0,0,0
881,10,881,881,10,8,10,0
882,10,2*3*3*7*7,2*3*3*7*7,0,0,0,0
883,10,883,883,10,8,10,0
884,10,2*2*13*17,2*2*13*17,0,0,0,0
885,10,3*5*59,3*5*59,0,0,0,0
886,10,2*443,2*443,5,4,5,0
887,10,887,887,10,8,10,0
888,10,2*2*2*3*37,2*2*2*3*37,0,0,0,0
889,10,7*127,7*127,0,0,0,0
890,10,2*5*89,2*5*89,0,0,0,0
891,10,3*3*3*3*11,3*3*3*3*11,0,0,0,0
892,10,2*2*223,2*2*223,0,0,0,0
893,10,19*47,19*47,3,3,10,0
894,10,2*3*149,2*3*149,0,0,0,0
895,10,5*179,5*179,0,0,0,0
896,10,2*2*2*2*2*2*2*7,2*2*2*2*2*2*2*7,0,0,0,0
897,10,3*13*23,3*13*23,0,0,0,0
898,10,2*449,2*449,5,4,5,0
899,10,29*31,29*31,11,8,10,1
900,10,2*2*3*3*5*5,2*2*3*3*5*5,0,0,0,0
901,10,17*53,17*53,1,1,11,0
902,10,2*11*41,2*11*41,0,0,0,0
903,10,3*7*43,3*7*43,0,0,0,0
904,10,2*2*2*113,2*2*2*113,0,0,0,0
905,10,5*181,5*181,0,0,0,0
906,10,2*3*151,2*3*151,0,0,0,0
907,10,907,907,11,8,11,0
908,10,2*2*227,2*2*227,0,0,0,0
909,10,3*3*101,3*3*101,0,0,0,0
910,10,2*5*7*13,2*5*7*13,0,0,0,0
911,10,911,911,11,8,11,0
912,10,2*2*2*2*3*19,2*2*2*2*3*19,0,0,0,0
913,10,11*83,11*83,0,0,0,0
914,10,2*457,2*457,5,4,5,0
915,10,3*5*61,3*5*61,0,0,0,0
916,10,2*2*229,2*2*229,0,0,0,0
917,10,7*131,7*131,0,0,0,0
918,10,2*3*3*3*17,2*3*3*3*17,0,0,0,0
919,10,919,919,11,8,11,0
920,10,2*2*2*5*23,2*2*2*5*23,0,0,0,0
921,10,3*307,3*307,2,2,2,0
922,10,2*461,2*461,5,4,5,0
923,10,13*71,13*71,0,0,0,0
924,10,2*2*3*7*11,2*2*3*7*11,0,0,0,0
925,10,5*5*37,5*5*37,0,0,0,0
926,10,2*463,2*463,5,4,5,0
927,10,3*3*103,3*3*103,0,0,0,0
928,10,2*2*2*2*2*29,2*2*2*2*2*29,0,0,0,0
929,10,929,929,11,8,11,0
930,10,2*3*5*31,2*3*5*31,0,0,0,0
931,10,7*7*19,7*7*19,0,0,0,0
932,10,2*2*233,2*2*233,0,0,0,0
933,10,3*311,3*311,2,2,2,0
934,10,2*467,2*467,5,4,5,0
935,10,5*11*17,5*11*17,0,0,0,0
936,10,2*2*2*3*3*13,2*2*2*3*3*13,0,0,0,0
937,10,937,937,11,8,11,0
938,10,2*7*67,2*7*67,0,0,0,0
939,10,3*313,3*313,2,2,2,0
940,10,2*2*5*47,2*2*5*47,0,0,0,0
941,10,941,941,11,8,11,0
942,10,2*3*157,2*3*157,0,0,0,0
943,10,23*41,23*41,7,5,11,1
944,10,2*2*2*2*59,2*2*2*2*59,0,0,0,0
945,10,3*3*3*5*7,3*3*3*5*7,0,0,0,0
946,10,2*11*43,2*11*43,0,0,0,0
947,10,947,947,11,8,11,0
948,10,2*2*3*79,2*2*3*79,0,0,0,0
949,10,13*73,13*73,0,0,0,0
950,10,2*5*5*19,2*5*5*19,0,0,0,0
951,10,3*317,3*317,2,2,2,0
952,10,2*2*2*7*17,2*2*2*7*17,0,0,0,0
953,10,953,953,11,8,11,0
954,10,2*3*3*53,2*3*3*53,0,0,0,0
955,10,5*191,5*191,0,0,0,0
956,10,2*2*239,2*2*239,0,0,0,0
957,10,3*11*29,3*11*29,0,0,0,0
958,10,2*479,2*479,5,4,5,0
959,10,7*137,7*137,0,0,0,0
960,10,2*2*2*2*2*2*3*5,2*2*2*2*2*2*3*5,0,0,0,0
961,10,31*31,31*31,12,9,11,1
962,10,2*13*37,2*13*37,0,0,0,0
963,10,3*3*107,3*3*107,0,0,0,0
964,10,2*2*241,2*2*241,0,0,0,0
965,10,5*193,5*193,0,0,0,0
966,10,2*3*7*23,2*3*7*23,0,0,0,0
967,10,967,967,11,9,11,0
968,10,2*2*2*11*11,2*2*2*11*11,0,0,0,0
969,10,3*17*19,3*17*19,1,1,2,0
970,10,2*5*97,2*5*97,0,0,0,0
971,10,971,971,11,9,11,0
972,10,2*2*3*3*3*3*3,2*2*3*3*3*3*3,0,0,0,0
973,10,7*139,7*139,0,0,0,0
974,10,2*487,2*487,6,4,6,0
975,10,3*5*5*13,3*5*5*13,0,0,0,0
976,10,2*2*2*2*61,2*2*2*2*61,0,0,0,0
977,10,977,977,11,9,11,0
978,10,2*3*163,2*3*163,0,0,0,0
979,10,11*89,11*89,0,0,0,0
980,10,2*2*5*7*7,2*2*5*7*7,0,0,0,0
981,10,3*3*109,3*3*109,0,0,0,0
982,10,2*491,2*491,6,4,6,0
983,10,983,983,11,9,11,0
984,10,2*2*2*3*41,2*2*2*3*41,0,0,0,0
985,10,5*197,5*197,0,0,0,0
986,10,2*17*29,2*17*29,1,1,6,0
987,10,3*7*47,3*7*47,0,0,0,0
988,10,2*2*13*19,2*2*13*19,0,0,0,0
989,10,23*43,23*43,7,5,11,1
990,10,2*3*3*5*11,2*3*3*5*11,0,0,0,0
991,10,991,991,11,9,11,0
992,10,2*2*2*2*2*31,2*2*2*2*2*31,0,0,0,0
993,10,3*331,3*331,2,2,2,0
994,10,2*7*71,2*7*71,0,0,0,0
995,10,5*199,5*199,0,0,0,0
996,10,2*2*3*83,2*2*3*83,0,0,0,0
997,10,997,997,11,9,11,0
998,10,2*499,2*499,6,4,6,0
999,10,3*3*3*37,3*3*3*37,0,0,0,0
1000,10,2*2*2*5*5*5,2*2*2*5*5*5,0,0,0,0
1001,10,7*11*13,7*11*13,0,0,0,0
1002,10,2*3*167,2*3*167,0,0,0,0
1003,10,17*59,17*59,1,1,11,0
1004,10,2*2*251,2*2*251,0,0,0,0
1005,10,3*5*67,3*5*67,0,0,0,0
1006,10,2*503,2*503,6,4,6,0
1007,10,19*53,19*53,3,3,11,0
1008,10,2*2*2*2*3*3*7,2*2*2*2*3*3*7,0,0,0,0
1009,10,1009,1009,11,9,11,0
1010,10,2*5*101,2*5*101,0,0,0,0
1011,10,3*337,3*337,2,2,2,0
1012,10,2*2*11*23,2*2*11*23,0,0,0,0
1013,10,1013,1013,11,9,11,0
1014,10,2*3*13*13,2*3*13*13,0,0,0,0
1015,10,5*7*29,5*7*29,0,0,0,0
1016,10,2*2*2*127,2*2*2*127,0,0,0,0
1017,10,3*3*113,3*3*113,0,0,0,0
1018,10,2*509,2*509,6,4,6,0
1019,10,1019,1019,11,9,11,0
1020,10,2*2*3*5*17,2*2*3*5*17,0,0,0,0
1021,10,1021,1021,11,9,11,0
1022,10,2*7*73,2*7*73,0,0,0,0
1023,10,3*11*31,3*11*31,0,0,0,0
1024,11,2*2*2*2*2*2*2*2*2*2,2*2*2*2*2*2*2*2*2*2,0,0,0,0
1025,11,5*5*41,5*5*41,0,0,0,0
1026,11,2*3*3*3*19,2*3*3*3*19,0,0,0,0
1027,11,13*79,13*79,0,0,0,0
1028,11,2*2*257,2*2*257,0,0,0,0
1029,11,3*7*7*7,3*7*7*7,0,0,0,0
1030,11,2*5*103,2*5*103,0,0,0,0
1031,11,1031,1031,12,9,12,0
1032,11,2*2*2*3*43,2*2*2*3*43,0,0,0,0
1033,11,1033,1033,12,9,12,0
1034,11,2*11*47,2*11*47,0,0,0,0
1035,11,3*3*5*23,3*3*5*23,0,0,0,0
1036,11,2*2*7*37,2*2*7*37,0,0,0,0
1037,11,17*61,17*61,1,1,12,0
1038,11,2*3*173,2*3*173,0,0,0,0
1039,11,1039,1039,12,9,12,0
1040,11,2*2*2*2*5*13,2*2*2*2*5*13,0,0,0,0
1041,11,3*347,3*347,2,2,2,0
1042,11,2*521,2*521,6,4,6,0
1043,11,7*149,7*149,0,0,0,0
1044,11,2*2*3*3*29,2*2*3*3*29,0,0,0,0
1045,11,5*11*19,5*11*19,0,0,0,0
1046,11,2*523,2*523,6,4,6,0
1047,11,3*349,3*349,2,2,2,0
1048,11,2*2*2*131,2*2*2*131,0,0,0,0
1049,11,1049,1049,12,9,12,0
1050,11,2*3*5*5*7,2*3*5*5*7,0,0,0,0
1051,11,1051,1051,12,9,12,0
1052,11,2*2*263,2*2*263,0,0,0,0
1053,11,3*3*3*3*13,3*3*3*3*13,0,0,0,0
1054,11,2*17*31,2*17*31,1,1,6,0
1055,11,5*211,5*211,0,0,0,0
1056,11,2*2*2*2*2*3*11,2*2*2*2*2*3*11,0,0,0,0
1057,11,7*151,7*151,0,0,0,0
1058,11,2*23*23,2*23*23,7,5,6,1
1059,11,3*353,3*353,2,2,2,0
1060,11,2*2*5*53,2*2*5*53,0,0,0,0
1061,11,1061,1061,12,9,12,0
1062,11,2*3*3*59,2*3*3*59,0,0,0,0
1063,11,1063,1063,12,9,12,0
1064,11,2*2*2*7*19,2*2*2*7*19,0,0,0,0
1065,11,3*5*71,3*5*71,0,0,0,0
1066,11,2*13*41,2*13*41,0,0,0,0
1067,11,11*97,11*97,0,0,0,0
1068,11,2*2*3*89,2*2*3*89,0,0,0,0
1069,11,1069,1069,12,9,12,0
1070,11,2*5*107,2*5*107,0,0,0,0
1071,11,3*3*7*17,3*3*7*17,0,0,0,0
1072,11,2*2*2*2*67,2*2*2*2*67,0,0,0,0
1073,11,29*37,29*37,11,8,12,1
1074,11,2*3*179,2*3*179,0,0,0,0
1075,11,5*5*43,5*5*43,0,0,0,0
1076,11,2*2*269,2*2*269,0,0,0,0
1077,11,3*359,3*359,2,2,2,0
1078,11,2*7*7*11,2*7*7*11,0,0,0,0
1079,11,13*83,13*83,0,0,0,0
1080,11,2*2*2*3*3*3*5,2*2*2*3*3*3*5,0,0,0,0
1081,11,23*47,23*47,7,5,12,1
1082,11,2*541,2*541,6,5,6,0
1083,11,3*19*19,3*19*19,3,3,3,0
1084,11,2*2*271,2*2*271,0,0,0,0
1085,11,5*7*31,5*7*31,0,0,0,0
1086,11,2*3*181,2*3*181,0,0,0,0
1087,11,1087,1087,12,9,12,0
1088,11,2*2*2*2*2*2*17,2*2*2*2*2*2*17,0,0,0,0
1089,11,3*3*11*11,3*3*11*11,0,0,0,0
1090,11,2*5*109,2*5*109,0,0,0,0
1091,11,1091,1091,12,10,12,0
1092,11,2*2*3*7*13,2*2*3*7*13,0,0,0,0
1093,11,1093,1093,12,10,12,0
1094,11,2*547,2*547,6,5,6,0
1095,11,3*5*73,3*5*73,0,0,0,0
1096,11,2*2*2*137,2*2*2*137,0,0,0,0
1097,11,1097,1097,12,10,12,0
1098,11,2*3*3*61,2*3*3*61,0,0,0,0
1099,11,7*157,7*157,0,0,0,0
1100,11,2*2*5*5*11,2*2*5*5*11,0,0,0,0
1101,11,3*367,3*367,3,3,3,0
1102,11,2*19*29,2*19*29,3,3,6,0
1103,11,1103,1103,12,10,12,0
1104,11,2*2*2*2*3*23,2*2*2*2*3*23,0,0,0,0
1105,11,5*13*17,5*13*17,0,0,0,0
1106,11,2*7*79,2*7*79,0,0,0,0
1107,11,3*3*3*41,3*3*3*41,0,0,0,0
1108,11,2*2*277,2*2*277,0,0,0,0
1109,11,1109,1109,12,10,12,0
1110,11,2*3*5*37,2*3*5*37,0,0,0,0
1111,11,11*101,11*101,0,0,0,0
1112,11,2*2*2*139,2*2*2*139,0,0,0,0
1113,11,3*7*53,3*7*53,0,0,0,0
1114,11,2*557,2*557,6,5,6,0
1115,11,5*223,5*223,0,0,0,0
1116,11,2*2*3*3*31,2*2*3*3*31,0,0,0,0
1117,11,1117,1117,12,10,12,0
1118,11,2*13*43,2*13*43,0,0,0,0
1119,11,3*373,3*373,3,3,3,0
1120,11,2*2*2*2*2*5*7,2*2*2*2*2*5*7,0,0,0,0
1121,11,19*59,19*59,3,3,12,0
1122,11,2*3*11*17,2*3*11*17,0,0,0,0
1123,11,1123,1123,12,10,12,0
1124,11,2*2*281,2*2*281,0,0,0,0
1125,11,3*3*5*5*5,3*3*5*5*5,0,0,0,0
1126,11,2*563,2*563,6,5,6,0
1127,11,7*7*23,7*7*23,0,0,0,0
1128,11,2*2*2*3*47,2*2*2*3*47,0,0,0,0
1129,11,1129,1129,12,10,12,0
1130,11,2*5*113,2*5*113,0,0,0,0
1131,11,3*13*29,3*13*29,0,0,0,0
1132,11,2*2*283,2*2*283,0,0,0,0
1133,11,11*103,11*103,0,0,0,0
1134,11,2*3*3*3*3*7,2*3*3*3*3*7,0,0,0,0
1135,11,5*227,5*227,0,0,0,0
1136,11,2*2*2*2*71,2*2*2*2*71,0,0,0,0
1137,11,3*379,3*379,3,3,3,0
1138,11,2*569,2*569,6,5,6,0
1139,11,17*67,17*67,1,1,12,0
1140,11,2*2*3*5*19,2*2*3*5*19,0,0,0,0
1141,11,7*163,7*163,0,0,0,0
1142,11,2*571,2*571,6,5,6,0
1143,11,3*3*127,3*3*127,0,0,0,0
1144,11,2*2*2*11*13,2*2*2*11*13,0,0,0,0
1145,11,5*229,5*229,0,0,0,0
1146,11,2*3*191,2*3*191,0,0,0,0
1147,11,31*37,31*37,12,9,12,1
1148,11,2*2*7*41,2*2*7*41,0,0,0,0
1149,11,3*383,3*383,3,3,3,0
1150,11,2*5*5*23,2*5*5*23,0,0,0,0
1151,11,1151,1151,12,10,12,0
1152,11,2*2*2*2*2*2*2*3*3,2*2*2*2*2*2*2*3*3,0,0,0,0
1153,11,1153,1153,12,10,12,0
1154,11,2*577,2*577,7,5,7,0
1155,11,3*5*7*11,3*5*7*11,0,0,0,0
1156,11,2*2*17*17,2*2*17*17,1,1,2,0
1157,11,13*89,13*89,0,0,0,0
1158,11,2*3*193,2*3*193,0,0,0,0
1159,11,19*61,19*61,3,3,13,0
1160,11,2*2*2*5*29,2*2*2*5*29,0,0,0,0
1161,11,3*3*3*43,3*3*3*43,0,0,0,0
1162,11,2*7*83,2*7*83,0,0,0,0
1163,11,1163,1163,13,10,13,0
1164,11,2*2*3*97,2*2*3*97,0,0,0,0
1165,11,5*233,5*233,0,0,0,0
1166,11,2*11*53,2*11*53,0,0,0,0
1167,11,3*389,3*389,3,3,3,0
1168,11,2*2*2*2*73,2*2*2*2*73,0,0,0,0
1169,11,7*167,7*167,0,0,0,0
1170,11,2*3*3*5*13,2*3*3*5*13,0,0,0,0
1171,11,1171,1171,13,10,13,0
1172,11,2*2*293,2*2*293,2,2,2,0
1173,11,3*17*23,3*17*23,1,1,3,0
1174,11,2*587,2*587,7,5,7,0
1175,11,5*5*47,5*5*47,0,0,0,0
1176,11,2*2*2*3*7*7,2*2*2*3*7*7,0,0,0,0
1177,11,11*107,11*107,0,0,0,0
1178,11,2*19*31,2*19*31,3,3,7,0
1179,11,3*3*131,3*3*131,0,0,0,0
1180,11,2*2*5*59,2*2*5*59,0,0,0,0
1181,11,1181,1181,13,10,13,0
1182,11,2*3*197,2*3*197,0,0,0,0
1183,11,7*13*13,7*13*13,0,0,0,0
1184,11,2*2*2*2*2*37,2*2*2*2*2*37,0,0,0,0
1185,11,3*5*79,3*5*79,0,0,0,0
1186,11,2*593,2*593,7,5,7,0
1187,11,1187,1187,13,10,13,0
1188,11,2*2*3*3*3*11,2*2*3*3*3*11,0,0,0,0
1189,11,29*41,29*41,11,8,13,1
1190,11,2*5*7*17,2*5*7*17,0,0,0,0
1191,11,3*397,3*397,3,3,3,0
1192,11,2*2*2*149,2*2*2*149,0,0,0,0
1193,11,1193,1193,13,10,13,0
1194,11,2*3*199,2*3*199,0,0,0,0
1195,11,5*239,5*239,0,0,0,0
1196,11,2*2*13*23,2*2*13*23,0,0,0,0
1197,11,3*3*7*19,3*3*7*19,0,0,0,0
1198,11,2*599,2*599,7,5,7,0
1199,11,11*109,11*109,0,0,0,0
1200,11,2*2*2*2*3*5*5,2*2*2*2*3*5*5,0,0,0,0
1201,11,1201,1201,13,10,13,0
1202,11,2*601,2*601,7,5,7,0
1203,11,3*401,3*401,4,3,4,0
1204,11,2*2*7*43,2*2*7*43,0,0,0,0
1205,11,5*241,5*241,0,0,0,0
1206,11,2*3*3*67,2*3*3*67,0,0,0,0
1207,11,17*71,17*71,1,1,13,0
1208,11,2*2*2*151,2*2*2*151,0,0,0,0
1209,11,3*13*31,3*13*31,0,0,0,0
1210,11,2*5*11*11,2*5*11*11,0,0,0,0
1211,11,7*173,7*173,0,0,0,0
1212,11,2*2*3*101,2*2*3*101,0,0,0,0
1213,11,1213,1213,13,10,13,0
1214,11,2*607,2*607,7,5,7,0
1215,11,3*3*3*3*3*5,3*3*3*3*3*5,0,0,0,0
1216,11,2*2*2*2*2*2*19,2*2*2*2*2*2*19,0,0,0,0
1217,11,1217,1217,13,10,13,0
1218,11,2*3*7*29,2*3*7*29,0,0,0,0
1219,11,23*53,23*53,7,5,13,1
1220,11,2*2*5*61,2*2*5*61,0,0,0,0
1221,11,3*11*37,3*11*37,0,0,0,0
1222,11,2*13*47,2*13*47,0,0,0,0
1223,11,1223,1223,13,10,13,0
1224,11,2*2*2*3*3*17,2*2*2*3*3*17,0,0,0,0
1225,11,5*5*7*7,5*5*7*7,0,0,0,0
1226,11,2*613,2*613,7,5,7,0
1227,11,3*409,3*409,4,3,4,0
1228,11,2*2*307,2*2*307,2,2,2,0
1229,11,1229,1229,13,11,13,0
1230,11,2*3*5*41,2*3*5*41,0,0,0,0
1231,11,1231,1231,13,11,13,0
1232,11,2*2*2*2*7*11,2*2*2*2*7*11,0,0,0,0
1233,11,3*3*137,3*3*137,0,0,0,0
1234,11,2*617,2*617,7,5,7,0
1235,11,5*13*19,5*13*19,0,0,0,0
1236,11,2*2*3*103,2*2*3*103,0,0,0,0
1237,11,1237,1237,13,11,13,0
1238,11,2*619,2*619,7,5,7,0
1239,11,3*7*59,3*7*59,0,0,0,0
1240,11,2*2*2*5*31,2*2*2*5*31,0,0,0,0
1241,11,17*73,17*73,1,1,13,0
1242,11,2*3*3*3*23,2*3*3*3*23,0,0,0,0
1243,11,11*113,11*113,0,0,0,0
1244,11,2*2*311,2*2*311,2,2,2,0
1245,11,3*5*83,3*5*83,0,0,0,0
1246,11,2*7*89,2*7*89,0,0,0,0
1247,11,29*43,29*43,11,8,13,1
1248,11,2*2*2*2*2*3*13,2*2*2*2*2*3*13,0,0,0,0
1249,11,1249,1249,13,11,13,0
1250,11,2*5*5*5*5,2*5*5*5*5,0,0,0,0
1251,11,3*3*139,3*3*139,0,0,0,0
1252,11,2*2*313,2*2*313,2,2,2,0
1253,11,7*179,7*179,0,0,0,0
1254,11,2*3*11*19,2*3*11*19,0,0,0,0
1255,11,5*251,5*251,0,0,0,0
1256,11,2*2*2*157,2*2*2*157,0,0,0,0
1257,11,3*419,3*419,4,3,4,0
1258,11,2*17*37,2*17*37,1,1,8,0
1259,11,1259,1259,13,11,13,0
1260,11,2*2*3*3*5*7,2*2*3*3*5*7,0,0,0,0
1261,11,13*97,13*97,0,0,0,0
1262,11,2*631,2*631,8,6,8,0
1263,11,3*421,3*421,4,3,4,0
1264,11,2*2*2*2*79,2*2*2*2*79,0,0,0,0
1265,11,5*11*23,5*11*23,0,0,0,0
1266,11,2*3*211,2*3*211,0,0,0,0
1267,11,7*181,7*181,0,0,0,0
1268,11,2*2*317,2*2*317,2,2,2,0
1269,11,3*3*3*47,3*3*3*47,0,0,0,0
1270,11,2*5*127,2*5*127,0,0,0,0
1271,11,31*41,31*41,12,9,13,1
1272,11,2*2*2*3*53,2*2*2*3*53,0,0,0,0
1273,11,19*67,19*67,3,3,13,0
1274,11,2*7*7*13,2*7*7*13,0,0,0,0
1275,11,3*5*5*17,3*5*5*17,0,0,0,0
1276,11,2*2*11*29,2*2*11*29,0,0,0,0
1277,11,1277,1277,13,11,13,0
1278,11,2*3*3*71,2*3*3*71,0,0,0,0
1279,11,1279,1279,13,11,13,0
1280,11,2*2*2*2*2*2*2*2*5,2*2*2*2*2*2*2*2*5,0,0,0,0
1281,11,3*7*61,3*7*61,0,0,0,0
1282,11,2*641,2*641,8,6,8,0
1283,11,1283,1283,13,11,13,0
1284,11,2*2*3*107,2*2*3*107,0,0,0,0
1285,11,5*257,5*257,0,0,0,0
1286,11,2*643,2*643,8,6,8,0
1287,11,3*3*11*13,3*3*11*13,0,0,0,0
1288,11,2*2*2*7*23,2*2*2*7*23,0,0,0,0
1289,11,1289,1289,13,11,13,0
1290,11,2*3*5*43,2*3*5*43,0,0,0,0
1291,11,1291,1291,13,11,13,0
1292,11,2*2*17*19,2*2*17*19,1,1,2,0
1293,11,3*431,3*431,4,3,4,0
1294,11,2*647,2*647,8,6,8,0
1295,11,5*7*37,5*7*37,0,0,0,0
1296,11,2*2*2*2*3*3*3*3,2*2*2*2*3*3*3*3,0,0,0,0
1297,11,1297,1297,14,11,14,0
1298,11,2*11*59,2*11*59,0,0,0,0
1299,11,3*433,3*433,4,3,4,0
1300,11,2*2*5*5*13,2*2*5*5*13,0,0,0,0
1301,11,1301,1301,14,11,14,0
1302,11,2*3*7*31,2*3*7*31,0,0,0,0
1303,11,1303,1303,14,11,14,0
1304,11,2*2*2*163,2*2*2*163,0,0,0,0
1305,11,3*3*5*29,3*3*5*29,0,0,0,0
1306,11,2*653,2*653,8,6,8,0
1307,11,1307,1307,14,11,14,0
1308,11,2*2*3*109,2*2*3*109,0,0,0,0
1309,11,7*11*17,7*11*17,0,0,0,0
1310,11,2*5*131,2*5*131,0,0,0,0
1311,11,3*19*23,3*19*23,3,3,4,0
1312,11,2*2*2*2*2*41,2*2*2*2*2*41,0,0,0,0
1313,11,13*101,13*101,0,0,0,0
1314,11,2*3*3*73,2*3*3*73,0,0,0,0
1315,11,5*263,5*263,0,0,0,0
1316,11,2*2*7*47,2*2*7*47,0,0,0,0
1317,11,3*439,3*439,4,3,4,0
1318,11,2*659,2*659,8,6,8,0
1319,11,1319,1319,14,11,14,0
1320,11,2*2*2*3*5*11,2*2*2*3*5*11,0,0,0,0
1321,11,1321,1321,14,11,14,0
1322,11,2*661,2*661,8,6,8,0
1323,11,3*3*3*7*7,3*3*3*7*7,0,0,0,0
1324,11,2*2*331,2*2*331,2,2,2,0
1325,11,5*5*53,5*5*53,0,0,0,0
1326,11,2*3*13*17,2*3*13*17,0,0,0,0
1327,11,1327,1327,14,11,14,0
1328,11,2*2*2*2*83,2*2*2*2*83,0,0,0,0
1329,11,3*443,3*443,5,4,5,0
1330,11,2*5*7*19,2*5*7*19,0,0,0,0
1331,11,11*11*11,11*11*11,0,0,0,0
1332,11,2*2*3*3*37,2*2*3*3*37,0,0,0,0
1333,11,31*43,31*43,12,9,14,1
1334,11,2*23*29,2*23*29,7,5,8,1
1335,11,3*5*89,3*5*89,0,0,0,0
1336,11,2*2*2*167,2*2*2*167,0,0,0,0
1337,11,7*191,7*191,0,0,0,0
1338,11,2*3*223,2*3*223,0,0,0,0
1339,11,13*103,13*103,0,0,0,0
1340,11,2*2*5*67,2*2*5*67,0,0,0,0
1341,11,3*3*149,3*3*149,0,0,0,0
1342,11,2*11*61,2*11*61,0,0,0,0
1343,11,17*79,17*79,1,1,14,0
1344,11,2*2*2*2*2*2*3*7,2*2*2*2*2*2*3*7,0,0,0,0
1345,11,5*269,5*269,0,0,0,0
1346,11,2*673,2*673,8,6,8,0
1347,11,3*449,3*449,5,4,5,0
1348,11,2*2*337,2*2*337,2,2,2,0
1349,11,19*71,19*71,3,3,14,0
1350,11,2*3*3*3*5*5,2*3*3*3*5*5,0,0,0,0
1351,11,7*193,7*193,0,0,0,0
1352,11,2*2*2*13*13,2*2*2*13*13,0,0,0,0
1353,11,3*11*41,3*11*41,0,0,0,0
1354,11,2*677,2*677,9,6,9,0
1355,11,5*271,5*271,0,0,0,0
1356,11,2*2*3*113,2*2*3*113,0,0,0,0
1357,11,23*59,23*59,7,5,14,1
1358,11,2*7*97,2*7*97,0,0,0,0
1359,11,3*3*151,3*3*151,0,0,0,0
1360,11,2*2*2*2*5*17,2*2*2*2*5*17,0,0,0,0
1361,11,1361,1361,14,11,14,0
1362,11,2*3*227,2*3*227,0,0,0,0
1363,11,29*47,29*47,11,8,14,1
1364,11,2*2*11*31,2*2*11*31,0,0,0,0
1365,11,3*5*7*13,3*5*7*13,0,0,0,0
1366,11,2*683,2*683,9,6,9,0
1367,11,1367,1367,14,11,14,0
1368,11,2*2*2*3*3*19,2*2*2*3*3*19,0,0,0,0
1369,11,37*37,37*37,15,12,14,1
1370,11,2*5*137,2*5*137,0,0,0,0
1371,11,3*457,3*457,5,4,5,0
1372,11,2*2*7*7*7,2*2*7*7*7,0,0,0,0
1373,11,1373,1373,14,12,14,0
1374,11,2*3*229,2*3*229,0,0,0,0
1375,11,5*5*5*11,5*5*5*11,0,0,0,0
1376,11,2*2*2*2*2*43,2*2*2*2*2*43,0,0,0,0
1377,11,3*3*3*3*17,3*3*3*3*17,0,0,0,0
1378,11,2*13*53,2*13*53,0,0,0,0
1379,11,7*197,7*197,0,0,0,0
1380,11,2*2*3*5*23,2*2*3*5*23,0,0,0,0
1381,11,1381,1381,14,12,14,0
1382,11,2*691,2*691,9,6,9,0
1383,11,3*461,3*461,5,4,5,0
1384,11,2*2*2*173,2*2*2*173,0,0,0,0
1385,11,5*277,5*277,0,0,0,0
1386,11,2*3*3*7*11,2*3*3*7*11,0,0,0,0
1387,11,19*73,19*73,3,3,14,0
1388,11,2*2*347,2*2*347,2,2,2,0
1389,11,3*463,3*463,5,4,5,0
1390,11,2*5*139,2*5*139,0,0,0,0
1391,11,13*107,13*107,0,0,0,0
1392,11,2*2*2*2*3*29,2*2*2*2*3*29,0,0,0,0
1393,11,7*199,7*199,0,0,0,0
1394,11,2*17*41,2*17*41,1,1,9,0
1395,11,3*3*5*31,3*3*5*31,0,0,0,0
1396,11,2*2*349,2*2*349,2,2,2,0
1397,11,11*127,11*127,0,0,0,0
1398,11,2*3*233,2*3*233,0,0,0,0
1399,11,1399,1399,14,12,14,0
1400,11,2*2*2*5*5*7,2*2*2*5*5*7,0,0,0,0
1401,11,3*467,3*467,5,4,5,0
1402,11,2*701,2*701,9,6,9,0
1403,11,23*61,23*61,7,5,14,1
1404,11,2*2*3*3*3*13,2*2*3*3*3*13,0,0,0,0
1405,11,5*281,5*281,0,0,0,0
1406,11,2*19*37,2*19*37,3,3,9,0
1407,11,3*7*67,3*7*67,0,0,0,0
1408,11,2*2*2*2*2*2*2*11,2*2*2*2*2*2*2*11,0,0,0,0
1409,11,1409,1409,14,12,14,0
1410,11,2*3*5*47,2*3*5*47,0,0,0,0
1411,11,17*83,17*83,1,1,14,0
1412,11,2*2*353,2*2*353,2,2,2,0
1413,11,3*3*157,3*3*157,0,0,0,0
1414,11,2*7*101,2*7*101,0,0,0,0
1415,11,5*283,5*283,0,0,0,0
1416,11,2*2*2*3*59,2*2*2*3*59,0,0,0,0
1417,11,13*109,13*109,0,0,0,0
1418,11,2*709,2*709,9,6,9,0
1419,11,3*11*43,3*11*43,0,0,0,0
1420,11,2*2*5*71,2*2*5*71,0,0,0,0
1421,11,7*7*29,7*7*29,0,0,0,0
1422,11,2*3*3*79,2*3*3*79,0,0,0,0
1423,11,1423,1423,14,12,14,0
1424,11,2*2*2*2*89,2*2*2*2*89,0,0,0,0
1425,11,3*5*5*19,3*5*5*19,0,0,0,0
1426,11,2*23*31,2*23*31,7,5,9,1
1427,11,1427,1427,14,12,14,0
1428,11,2*2*3*7*17,2*2*3*7*17,0,0,0,0
1429,11,1429,1429,14,12,14,0
1430,11,2*5*11*13,2*5*11*13,0,0,0,0
1431,11,3*3*3*53,3*3*3*53,0,0,0,0
1432,11,2*2*2*179,2*2*2*179,0,0,0,0
1433,11,1433,1433,14,12,14,0
1434,11,2*3*239,2*3*239,0,0,0,0
1435,11,5*7*41,5*7*41,0,0,0,0
1436,11,2*2*359,2*2*359,2,2,2,0
1437,11,3*479,3*479,5,4,5,0
1438,11,2*719,2*719,9,6,9,0
1439,11,1439,1439,14,12,14,0
1440,11,2*2*2*2*2*3*3*5,2*2*2*2*2*3*3*5,0,0,0,0
1441,11,11*131,11*131,0,0,0,0
1442,11,2*7*103,2*7*103,0,0,0,0
1443,11,3*13*37,3*13*37,0,0,0,0
1444,11,2*2*19*19,2*2*19*19,3,3,3,0
1445,11,5*17*17,5*17*17,1,1,2,0
1446,11,2*3*241,2*3*241,0,0,0,0
1447,11,1447,1447,15,12,15,0
1448,11,2*2*2*181,2*2*2*181,0,0,0,0
1449,11,3*3*7*23,3*3*7*23,0,0,0,0
1450,11,2*5*5*29,2*5*5*29,0,0,0,0
1451,11,1451,1451,15,12,15,0
1452,11,2*2*3*11*11,2*2*3*11*11,0,0,0,0
1453,11,1453,1453,15,12,15,0
1454,11,2*727,2*727,9,6,9,0
1455,11,3*5*97,3*5*97,0,0,0,0
1456,11,2*2*2*2*7*13,2*2*2*2*7*13,0,0,0,0
1457,11,31*47,31*47,12,9,15,1
1458,11,2*3*3*3*3*3*3,2*3*3*3*3*3*3,0,0,0,0
1459,11,1459,1459,15,12,15,0
1460,11,2*2*5*73,2*2*5*73,0,0,0,0
1461,11,3*487,3*487,6,4,6,0
1462,11,2*17*43,2*17*43,1,1,9,0
1463,11,7*11*19,7*11*19,0,0,0,0
1464,11,2*2*2*3*61,2*2*2*3*61,0,0,0,0
1465,11,5*293,5*293,2,2,2,0
1466,11,2*733,2*733,9,7,9,0
1467,11,3*3*163,3*3*163,0,0,0,0
1468,11,2*2*367,2*2*367,3,3,3,0
1469,11,13*113,13*113,0,0,0,0
1470,11,2*3*5*7*7,2*3*5*7*7,0,0,0,0
1471,11,1471,1471,15,12,15,0
1472,11,2*2*2*2*2*2*23,2*2*2*2*2*2*23,0,0,0,0
1473,11,3*491,3*491,6,4,6,0
1474,11,2*11*67,2*11*67,0,0,0,0
1475,11,5*5*59,5*5*59,0,0,0,0
1476,11,2*2*3*3*41,2*2*3*3*41,0,0,0,0
1477,11,7*211,7*211,0,0,0,0
1478,11,2*739,2*739,9,7,9,0
1479,11,3*17*29,3*17*29,1,1,6,0
1480,11,2*2*2*5*37,2*2*2*5*37,0,0,0,0
1481,11,1481,1481,15,12,15,0
1482,11,2*3*13*19,2*3*13*19,0,0,0,0
1483,11,1483,1483,15,12,15,0
1484,11,2*2*7*53,2*2*7*53,0,0,0,0
1485,11,3*3*3*5*11,3*3*3*5*11,0,0,0,0
1486,11,2*743,2*743,9,7,9,0
1487,11,1487,1487,15,12,15,0
1488,11,2*2*2*2*3*31,2*2*2*2*3*31,0,0,0,0
1489,11,1489,1489,15,12,15,0
1490,11,2*5*149,2*5*149,0,0,0,0
1491,11,3*7*71,3*7*71,0,0,0,0
1492,11,2*2*373,2*2*373,3,3,3,0
1493,11,1493,1493,15,12,15,0
1494,11,2*3*3*83,2*3*3*83,0,0,0,0
1495,11,5*13*23,5*13*23,0,0,0,0
1496,11,2*2*2*11*17,2*2*2*11*17,0,0,0,0
1497,11,3*499,3*499,6,4,6,0
1498,11,2*7*107,2*7*107,0,0,0,0
1499,11,1499,1499,15,12,15,0
1500,11,2*2*3*5*5*5,2*2*3*5*5*5,0,0,0,0
1501,11,19*79,19*79,3,3,15,0
1502,11,2*751,2*751,9,7,9,0
1503,11,3*3*167,3*3*167,0,0,0,0
1504,11,2*2*2*2*2*47,2*2*2*2*2*47,0,0,0,0
1505,11,5*7*43,5*7*43,0,0,0,0
1506,11,2*3*251,2*3*251,0,0,0,0
1507,11,11*137,11*137,0,0,0,0
1508,11,2*2*13*29,2*2*13*29,0,0,0,0
1509,11,3*503,3*503,6,4,6,0
1510,11,2*5*151,2*5*151,0,0,0,0
1511,11,1511,1511,15,12,15,0
1512,11,2*2*2*3*3*3*7,2*2*2*3*3*3*7,0,0,0,0
1513,11,17*89,17*89,1,1,15,0
1514,11,2*757,2*757,9,7,9,0
1515,11,3*5*101,3*5*101,0,0,0,0
1516,11,2*2*379,2*2*379,3,3,3,0
1517,11,37*41,37*41,15,12,15,1
1518,11,2*3*11*23,2*3*11*23,0,0,0,0
1519,11,7*7*31,7*7*31,0,0,0,0
1520,11,2*2*2*2*5*19,2*2*2*2*5*19,0,0,0,0
1521,11,3*3*13*13,3*3*13*13,0,0,0,0
1522,11,2*761,2*761,9,7,9,0
1523,11,1523,1523,15,13,15,0
1524,11,2*2*3*127,2*2*3*127,0,0,0,0
1525,11,5*5*61,5*5*61,0,0,0,0
1526,11,2*7*109,2*7*109,0,0,0,0
1527,11,3*509,3*509,6,4,6,0
1528,11,2*2*2*191,2*2*2*191,0,0,0,0
1529,11,11*139,11*139,0,0,0,0
1530,11,2*3*3*5*17,2*3*3*5*17,0,0,0,0
1531,11,1531,1531,15,13,15,0
1532,11,2*2*383,2*2*383,3,3,3,0
1533,11,3*7*73,3*7*73,0,0,0,0
1534,11,2*13*59,2*13*59,0,0,0,0
1535,11,5*307,5*307,2,2,2,0
1536,11,2*2*2*2*2*2*2*2*2*3,2*2*2*2*2*2*2*2*2*3,0,0,0,0
1537,11,29*53,29*53,11,8,15,1
1538,11,2*769,2*769,9,7,9,0
1539,11,3*3*3*3*19,3*3*3*3*19,0,0,0,0
1540,11,2*2*5*7*11,2*2*5*7*11,0,0,0,0
1541,11,23*67,23*67,7,5,15,1
1542,11,2*3*257,2*3*257,0,0,0,0
1543,11,1543,1543,15,13,15,0
1544,11,2*2*2*193,2*2*2*193,0,0,0,0
1545,11,3*5*103,3*5*103,0,0,0,0
1546,11,2*773,2*773,9,7,9,0
1547,11,7*13*17,7*13*17,0,0,0,0
1548,11,2*2*3*3*43,2*2*3*3*43,0,0,0,0
1549,11,1549,1549,15,13,15,0
1550,11,2*5*5*31,2*5*5*31,0,0,0,0
1551,11,3*11*47,3*11*47,0,0,0,0
1552,11,2*2*2*2*97,2*2*2*2*97,0,0,0,0
1553,11,1553,1553,15,13,15,0
1554,11,2*3*7*37,2*3*7*37,0,0,0,0
1555,11,5*311,5*311,2,2,2,0
1556,11,2*2*389,2*2*389,3,3,3,0
1557,11,3*3*173,3*3*173,0,0,0,0
1558,11,2*19*41,2*19*41,3,3,9,0
1559,11,1559,1559,15,13,15,0
1560,11,2*2*2*3*5*13,2*2*2*3*5*13,0,0,0,0
1561,11,7*223,7*223,0,0,0,0
1562,11,2*11*71,2*11*71,0,0,0,0
1563,11,3*521,3*521,6,4,6,0
1564,11,2*2*17*23,2*2*17*23,1,1,3,0
1565,11,5*313,5*313,2,2,2,0
1566,11,2*3*3*3*29,2*3*3*3*29,0,0,0,0
1567,11,1567,1567,15,13,15,0
1568,11,2*2*2*2*2*7*7,2*2*2*2*2*7*7,0,0,0,0
1569,11,3*523,3*523,6,4,6,0
1570,11,2*5*157,2*5*157,0,0,0,0
1571,11,1571,1571,15,13,15,0
1572,11,2*2*3*131,2*2*3*131,0,0,0,0
1573,11,11*11*13,11*11*13,0,0,0,0
1574,11,2*787,2*787,10,7,10,0
1575,11,3*3*5*5*7,3*3*5*5*7,0,0,0,0
1576,11,2*2*2*197,2*2*2*197,0,0,0,0
1577,11,19*83,19*83,3,3,15,0
1578,11,2*3*263,2*3*263,0,0,0,0
1579,11,1579,1579,15,13,15,0
1580,11,2*2*5*79,2*2*5*79,0,0,0,0
1581,11,3*17*31,3*17*31,1,1,6,0
1582,11,2*7*113,2*7*113,0,0,0,0
1583,11,1583,1583,15,13,15,0
1584,11,2*2*2*2*3*3*11,2*2*2*2*3*3*11,0,0,0,0
1585,11,5*317,5*317,2,2,2,0
1586,11,2*13*61,2*13*61,0,0,0,0
1587,11,3*23*23,3*23*23,7,5,6,1
1588,11,2*2*397,2*2*397,3,3,3,0
1589,11,7*227,7*227,0,0,0,0
1590,11,2*3*5*53,2*3*5*53,0,0,0,0
1591,11,37*43,37*43,15,12,15,1
1592,11,2*2*2*199,2*2*2*199,0,0,0,0
1593,11,3*3*3*59,3*3*3*59,0,0,0,0
1594,11,2*797,2*797,10,7,10,0
1595,11,5*11*29,5*11*29,0,0,0,0
1596,11,2*2*3*7*19,2*2*3*7*19,0,0,0,0
1597,11,1597,1597,15,13,15,0
1598,11,2*17*47,2*17*47,1,1,10,0
1599,11,3*13*41,3*13*41,0,0,0,0
1600,11,2*2*2*2*2*2*5*5,2*2*2*2*2*2*5*5,0,0,0,0
1601,11,1601,1601,16,13,16,0
1602,11,2*3*3*89,2*3*3*89,0,0,0,0
1603,11,7*229,7*229,0,0,0,0
1604,11,2*2*401,2*2*401,4,3,4,0
1605,11,3*5*107,3*5*107,0,0,0,0
1606,11,2*11*73,2*11*73,0,0,0,0
1607,11,1607,1607,16,13,16,0
1608,11,2*2*2*3*67,2*2*2*3*67,0,0,0,0
1609,11,1609,1609,16,13,16,0
1610,11,2*5*7*23,2*5*7*23,0,0,0,0
1611,11,3*3*179,3*3*179,0,0,0,0
1612,11,2*2*13*31,2*2*13*31,0,0,0,0
1613,11,1613,1613,16,13,16,0
1614,11,2*3*269,2*3*269,0,0,0,0
1615,11,5*17*19,5*17*19,1,1,2,0
1616,11,2*2*2*2*101,2*2*2*2*101,0,0,0,0
1617,11,3*7*7*11,3*7*7*11,0,0,0,0
1618,11,2*809,2*809,10,7,10,0
1619,11,1619,1619,16,13,16,0
1620,11,2*2*3*3*3*3*5,2*2*3*3*3*3*5,0,0,0,0
1621,11,1621,1621,16,13,16,0
1622,11,2*811,2*811,10,7,10,0
1623,11,3*541,3*541,6,5,6,0
1624,11,2*2*2*7*29,2*2*2*7*29,0,0,0,0
1625,11,5*5*5*13,5*5*5*13,0,0,0,0
1626,11,2*3*271,2*3*271,0,0,0,0
1627,11,1627,1627,16,13,16,0
1628,11,2*2*11*37,2*2*11*37,0,0,0,0
1629,11,3*3*181,3*3*181,0,0,0,0
1630,11,2*5*163,2*5*163,0,0,0,0
1631,11,7*233,7*233,0,0,0,0
1632,11,2*2*2*2*2*3*17,2*2*2*2*2*3*17,0,0,0,0
1633,11,23*71,23*71,7,5,16,1
1634,11,2*19*43,2*19*43,3,3,10,0
1635,11,3*5*109,3*5*109,0,0,0,0
1636,11,2*2*409,2*2*409,4,3,4,0
1637,11,1637,1637,16,13,16,0
1638,11,2*3*3*7*13,2*3*3*7*13,0,0,0,0
1639,11,11*149,11*149,0,0,0,0
1640,11,2*2*2*5*41,2*2*2*5*41,0,0,0,0
1641,11,3*547,3*547,6,5,6,0
1642,11,2*821,2*821,10,7,10,0
1643,11,31*53,31*53,12,9,16,1
1644,11,2*2*3*137,2*2*3*137,0,0,0,0
1645,11,5*7*47,5*7*47,0,0,0,0
1646,11,2*823,2*823,10,7,10,0
1647,11,3*3*3*61,3*3*3*61,0,0,0,0
1648,11,2*2*2*2*103,2*2*2*2*103,0,0,0,0
1649,11,17*97,17*97,1,1,16,0
1650,11,2*3*5*5*11,2*3*5*5*11,0,0,0,0
1651,11,13*127,13*127,0,0,0,0
1652,11,2*2*7*59,2*2*7*59,0,0,0,0
1653,11,3*19*29,3*19*29,3,3,6,0
1654,11,2*827,2*827,10,7,10,0
1655,11,5*331,5*331,2,2,2,0
1656,11,2*2*2*3*3*23,2*2*2*3*3*23,0,0,0,0
1657,11,1657,1657,16,13,16,0
1658,11,2*829,2*829,10,7,10,0
1659,11,3*7*79,3*7*79,0,0,0,0
1660,11,2*2*5*83,2*2*5*83,0,0,0,0
1661,11,11*151,11*151,0,0,0,0
1662,11,2*3*277,2*3*277,0,0,0,0
1663,11,1663,1663,16,13,16,0
1664,11,2*2*2*2*2*2*2*13,2*2*2*2*2*2*2*13,0,0,0,0
1665,11,3*3*5*37,3*3*5*37,0,0,0,0
1666,11,2*7*7*17,2*7*7*17,0,0,0,0
1667,11,1667,1667,16,13,16,0
1668,11,2*2*3*139,2*2*3*139,0,0,0,0
1669,11,1669,1669,16,13,16,0
1670,11,2*5*167,2*5*167,0,0,0,0
1671,11,3*557,3*557,6,5,6,0
1672,11,2*2*2*11*19,2*2*2*11*19,0,0,0,0
1673,11,7*239,7*239,0,0,0,0
1674,11,2*3*3*3*31,2*3*3*3*31,0,0,0,0
1675,11,5*5*67,5*5*67,0,0,0,0
1676,11,2*2*419,2*2*419,4,3,4,0
1677,11,3*13*43,3*13*43,0,0,0,0
1678,11,2*839,2*839,10,7,10,0
1679,11,23*73,23*73,7,5,16,1
1680,11,2*2*2*2*3*5*7,2*2*2*2*3*5*7,0,0,0,0
1681,11,41*41,41*41,17,14,16,1
1682,11,2*29*29,2*29*29,11,8,10,1
1683,11,3*3*11*17,3*3*11*17,0,0,0,0
1684,11,2*2*421,2*2*421,4,3,4,0
1685,11,5*337,5*337,2,2,2,0
1686,11,2*3*281,2*3*281,0,0,0,0
1687,11,7*241,7*241,0,0,0,0
1688,11,2*2*2*211,2*2*2*211,0,0,0,0
1689,11,3*563,3*563,6,5,6,0
1690,11,2*5*13*13,2*5*13*13,0,0,0,0
1691,11,19*89,19*89,3,3,16,0
1692,11,2*2*3*3*47,2*2*3*3*47,0,0,0,0
1693,11,1693,1693,16,14,16,0
1694,11,2*7*11*11,2*7*11*11,0,0,0,0
1695,11,3*5*113,3*5*113,0,0,0,0
1696,11,2*2*2*2*2*53,2*2*2*2*2*53,0,0,0,0
1697,11,1697,1697,16,14,16,0
1698,11,2*3*283,2*3*283,0,0,0,0
1699,11,1699,1699,16,14,16,0
1700,11,2*2*5*5*17,2*2*5*5*17,0,0,0,0
1701,11,3*3*3*3*3*7,3*3*3*3*3*7,0,0,0,0
1702,11,2*23*37,2*23*37,7,5,10,1
1703,11,13*131,13*131,0,0,0,0
1704,11,2*2*2*3*71,2*2*2*3*71,0,0,0,0
1705,11,5*11*31,5*11*31,0,0,0,0
1706,11,2*853,2*853,10,8,10,0
1707,11,3*569,3*569,6,5,6,0
1708,11,2*2*7*61,2*2*7*61,0,0,0,0
1709,11,1709,1709,16,14,16,0
1710,11,2*3*3*5*19,2*3*3*5*19,0,0,0,0
1711,11,29*59,29*59,11,8,16,1
1712,11,2*2*2*2*107,2*2*2*2*107,0,0,0,0
1713,11,3*571,3*571,6,5,6,0
1714,11,2*857,2*857,10,8,10,0
1715,11,5*7*7*7,5*7*7*7,0,0,0,0
1716,11,2*2*3*11*13,2*2*3*11*13,0,0,0,0
1717,11,17*101,17*101,1,1,16,0
1718,11,2*859,2*859,10,8,10,0
1719,11,3*3*191,3*3*191,0,0,0,0
1720,11,2*2*2*5*43,2*2*2*5*43,0,0,0,0
1721,11,1721,1721,16,14,16,0
1722,11,2*3*7*41,2*3*7*41,0,0,0,0
1723,11,1723,1723,16,14,16,0
1724,11,2*2*431,2*2*431,4,3,4,0
1725,11,3*5*5*23,3*5*5*23,0,0,0,0
1726,11,2*863,2*863,10,8,10,0
1727,11,11*157,11*157,0,0,0,0
1728,11,2*2*2*2*2*2*3*3*3,2*2*2*2*2*2*3*3*3,0,0,0,0
1729,11,7*13*19,7*13*19,0,0,0,0
1730,11,2*5*173,2*5*173,0,0,0,0
1731,11,3*577,3*577,7,5,7,0
1732,11,2*2*433,2*2*433,4,3,4,0
1733,11,1733,1733,16,14,16,0
1734,11,2*3*17*17,2*3*17*17,1,1,2,0
1735,11,5*347,5*347,2,2,2,0
1736,11,2*2*2*7*31,2*2*2*7*31,0,0,0,0
1737,11,3*3*193,3*3*193,0,0,0,0
1738,11,2*11*79,2*11*79,0,0,0,0
1739,11,37*47,37*47,15,12,16,1
1740,11,2*2*3*5*29,2*2*3*5*29,0,0,0,0
1741,11,1741,1741,16,14,16,0
1742,11,2*13*67,2*13*67,0,0,0,0
1743,11,3*7*83,3*7*83,0,0,0,0
1744,11,2*2*2*2*109,2*2*2*2*109,0,0,0,0
1745,11,5*349,5*349,2,2,2,0
1746,11,2*3*3*97,2*3*3*97,0,0,0,0
1747,11,1747,1747,16,14,16,0
1748,11,2*2*19*23,2*2*19*23,3,3,4,0
1749,11,3*11*53,3*11*53,0,0,0,0
1750,11,2*5*5*5*7,2*5*5*5*7,0,0,0,0
1751,11,17*103,17*103,1,1,16,0
1752,11,2*2*2*3*73,2*2*2*3*73,0,0,0,0
1753,11,1753,1753,16,14,16,0
1754,11,2*877,2*877,10,8,10,0
1755,11,3*3*3*5*13,3*3*3*5*13,0,0,0,0
1756,11,2*2*439,2*2*439,4,3,4,0
1757,11,7*251,7*251,0,0,0,0
1758,11,2*3*293,2*3*293,2,2,2,0
1759,11,1759,1759,16,14,16,0
1760,11,2*2*2*2*2*5*11,2*2*2*2*2*5*11,0,0,0,0
1761,11,3*587,3*587,7,5,7,0
1762,11,2*881,2*881,10,8,10,0
1763,11,41*43,41*43,17,14,16,1
1764,11,2*2*3*3*7*7,2*2*3*3*7*7,0,0,0,0
1765,11,5*353,5*353,2,2,2,0
1766,11,2*883,2*883,10,8,10,0
1767,11,3*19*31,3*19*31,3,3,7,0
1768,11,2*2*2*13*17,2*2*2*13*17,0,0,0,0
1769,11,29*61,29*61,11,8,16,1
1770,11,2*3*5*59,2*3*5*59,0,0,0,0
1771,11,7*11*23,7*11*23,0,0,0,0
1772,11,2*2*443,2*2*443,5,4,5,0
1773,11,3*3*197,3*3*197,0,0,0,0
1774,11,2*887,2*887,10,8,10,0
1775,11,5*5*71,5*5*71,0,0,0,0
1776,11,2*2*2*2*3*37,2*2*2*2*3*37,0,0,0,0
1777,11,1777,1777,16,14,16,0
1778,11,2*7*127,2*7*127,0,0,0,0
1779,11,3*593,3*593,7,5,7,0
1780,11,2*2*5*89,2*2*5*89,0,0,0,0
1781,11,13*137,13*137,0,0,0,0
1782,11,2*3*3*3*3*11,2*3*3*3*3*11,0,0,0,0
1783,11,1783,1783,16,14,16,0
1784,11,2*2*2*223,2*2*2*223,0,0,0,0
1785,11,3*5*7*17,3*5*7*17,0,0,0,0
1786,11,2*19*47,2*19*47,3,3,10,0
1787,11,1787,1787,16,14,16,0
1788,11,2*2*3*149,2*2*3*149,0,0,0,0
1789,11,1789,1789,16,14,16,0
1790,11,2*5*179,2*5*179,0,0,0,0
1791,11,3*3*199,3*3*199,0,0,0,0
1792,11,2*2*2*2*2*2*2*2*7,2*2*2*2*2*2*2*2*7,0,0,0,0
1793,11,11*163,11*163,0,0,0,0
1794,11,2*3*13*23,2*3*13*23,0,0,0,0
1795,11,5*359,5*359,2,2,2,0
1796,11,2*2*449,2*2*449,5,4,5,0
1797,11,3*599,3*599,7,5,7,0
1798,11,2*29*31,2*29*31,11,8,10,1
1799,11,7*257,7*257,0,0,0,0
1800,11,2*2*2*3*3*5*5,2*2*2*3*3*5*5,0,0,0,0
1801,11,1801,1801,16,14,16,0
1802,11,2*17*53,2*17*53,1,1,11,0
1803,11,3*601,3*601,7,5,7,0
1804,11,2*2*11*41,2*2*11*41,0,0,0,0
1805,11,5*19*19,5*19*19,3,3,3,0
1806,11,2*3*7*43,2*3*7*43,0,0,0,0
1807,11,13*139,13*139,0,0,0,0
1808,11,2*2*2*2*113,2*2*2*2*113,0,0,0,0
1809,11,3*3*3*67,3*3*3*67,0,0,0,0
1810,11,2*5*181,2*5*181,0,0,0,0
1811,11,1811,1811,16,14,16,0
1812,11,2*2*3*151,2*2*3*151,0,0,0,0
1813,11,7*7*37,7*7*37,0,0,0,0
1814,11,2*907,2*907,11,8,11,0
1815,11,3*5*11*11,3*5*11*11,0,0,0,0
1816,11,2*2*2*227,2*2*2*227,0,0,0,0
1817,11,23*79,23*79,7,5,16,1
1818,11,2*3*3*101,2*3*3*101,0,0,0,0
1819,11,17*107,17*107,1,1,16,0
1820,11,2*2*5*7*13,2*2*5*7*13,0,0,0,0
1821,11,3*607,3*607,7,5,7,0
1822,11,2*911,2*911,11,8,11,0
1823,11,1823,1823,16,14,16,0
1824,11,2*2*2*2*2*3*19,2*2*2*2*2*3*19,0,0,0,0
1825,11,5*5*73,5*5*73,0,0,0,0
1826,11,2*11*83,2*11*83,0,0,0,0
1827,11,3*3*7*29,3*3*7*29,0,0,0,0
1828,11,2*2*457,2*2*457,5,4,5,0
1829,11,31*59,31*59,12,9,16,1
1830,11,2*3*5*61,2*3*5*61,0,0,0,0
1831,11,1831,1831,16,14,16,0
1832,11,2*2*2*229,2*2*2*229,0,0,0,0
1833,11,3*13*47,3*13*47,0,0,0,0
1834,11,2*7*131,2*7*131,0,0,0,0
1835,11,5*367,5*367,3,3,3,0
1836,11,2*2*3*3*3*17,2*2*3*3*3*17,0,0,0,0
1837,11,11*167,11*167,0,0,0,0
1838,11,2*919,2*919,11,8,11,0
1839,11,3*613,3*613,7,5,7,0
1840,11,2*2*2*2*5*23,2*2*2*2*5*23,0,0,0,0
1841,11,7*263,7*263,0,0,0,0
1842,11,2*3*307,2*3*307,2,2,2,0
1843,11,19*97,19*97,3,3,16,0
1844,11,2*2*461,2*2*461,5,4,5,0
1845,11,3*3*5*41,3*3*5*41,0,0,0,0
1846,11,2*13*71,2*13*71,0,0,0,0
1847,11,1847,1847,16,14,16,0
1848,11,2*2*2*3*7*11,2*2*2*3*7*11,0,0,0,0
1849,11,43*43,43*43,17,15,17,0
1850,11,2*5*5*37,2*5*5*37,0,0,0,0
1851,11,3*617,3*617,7,5,7,0
1852,11,2*2*463,2*2*463,5,4,5,0
1853,11,17*109,17*109,1,1,17,0
1854,11,2*3*3*103,2*3*3*103,0,0,0,0
1855,11,5*7*53,5*7*53,0,0,0,0
1856,11,2*2*2*2*2*2*29,2*2*2*2*2*2*29,0,0,0,0
1857,11,3*619,3*619,7,5,7,0
1858,11,2*929,2*929,11,8,11,0
1859,11,11*13*13,11*13*13,0,0,0,0
1860,11,2*2*3*5*31,2*2*3*5*31,0,0,0,0
1861,11,1861,1861,17,15,17,0
1862,11,2*7*7*19,2*7*7*19,0,0,0,0
1863,11,3*3*3*3*23,3*3*3*3*23,0,0,0,0
1864,11,2*2*2*233,2*2*2*233,0,0,0,0
1865,11,5*373,5*373,3,3,3,0
1866,11,2*3*311,2*3*311,2,2,2,0
1867,11,1867,1867,17,15,17,0
1868,11,2*2*467,2*2*467,5,4,5,0
1869,11,3*7*89,3*7*89,0,0,0,0
1870,11,2*5*11*17,2*5*11*17,0,0,0,0
1871,11,1871,1871,17,15,17,0
1872,11,2*2*2*2*3*3*13,2*2*2*2*3*3*13,0,0,0,0
1873,11,1873,1873,17,15,17,0
1874,11,2*937,2*937,11,8,11,0
1875,11,3*5*5*5*5,3*5*5*5*5,0,0,0,0
1876,11,2*2*7*67,2*2*7*67,0,0,0,0
1877,11,1877,1877,17,15,17,0
1878,11,2*3*313,2*3*313,2,2,2,0
1879,11,1879,1879,17,15,17,0
1880,11,2*2*2*5*47,2*2*2*5*47,0,0,0,0
1881,11,3*3*11*19,3*3*11*19,0,0,0,0
1882,11,2*941,2*941,11,8,11,0
1883,11,7*269,7*269,0,0,0,0
1884,11,2*2*3*157,2*2*3*157,0,0,0,0
1885,11,5*13*29,5*13*29,0,0,0,0
1886,11,2*23*41,2*23*41,7,5,11,1
1887,11,3*17*37,3*17*37,1,1,8,0
1888,11,2*2*2*2*2*59,2*2*2*2*2*59,0,0,0,0
1889,11,1889,1889,17,15,17,0
1890,11,2*3*3*3*5*7,2*3*3*3*5*7,0,0,0,0
1891,11,31*61,31*61,12,9,17,1
1892,11,2*2*11*43,2*2*11*43,0,0,0,0
1893,11,3*631,3*631,8,6,8,0
1894,11,2*947,2*947,11,8,11,0
1895,11,5*379,5*379,3,3,3,0
1896,11,2*2*2*3*79,2*2*2*3*79,0,0,0,0
1897,11,7*271,7*271,0,0,0,0
1898,11,2*13*73,2*13*73,0,0,0,0
1899,11,3*3*211,3*3*211,0,0,0,0
1900,11,2*2*5*5*19,2*2*5*5*19,0,0,0,0
1901,11,1901,1901,17,15,17,0
1902,11,2*3*317,2*3*317,2,2,2,0
1903,11,11*173,11*173,0,0,0,0
1904,11,2*2*2*2*7*17,2*2*2*2*7*17,0,0,0,0
1905,11,3*5*127,3*5*127,0,0,0,0
1906,11,2*953,2*953,11,8,11,0
1907,11,1907,1907,17,15,17,0
1908,11,2*2*3*3*53,2*2*3*3*53,0,0,0,0
1909,11,23*83,23*83,7,5,17,1
1910,11,2*5*191,2*5*191,0,0,0,0
1911,11,3*7*7*13,3*7*7*13,0,0,0,0
1912,11,2*2*2*239,2*2*2*239,0,0,0,0
1913,11,1913,1913,17,15,17,0
1914,11,2*3*11*29,2*3*11*29,0,0,0,0
1915,11,5*383,5*383,3,3,3,0
1916,11,2*2*479,2*2*479,5,4,5,0
1917,11,3*3*3*71,3*3*3*71,0,0,0,0
1918,11,2*7*137,2*7*137,0,0,0,0
1919,11,19*101,19*101,3,3,17,0
1920,11,2*2*2*2*2*2*2*3*5,2*2*2*2*2*2*2*3*5,0,0,0,0
1921,11,17*113,17*113,1,1,17,0
1922,11,2*31*31,2*31*31,12,9,11,1
1923,11,3*641,3*641,8,6,8,0
1924,11,2*2*13*37,2*2*13*37,0,0,0,0
1925,11,5*5*7*11,5*5*7*11,0,0,0,0
1926,11,2*3*3*107,2*3*3*107,0,0,0,0
1927,11,41*47,41*47,18,15,17,2
1928,11,2*2*2*241,2*2*2*241,0,0,0,0
1929,11,3*643,3*643,8,6,8,0
1930,11,2*5*193,2*5*193,0,0,0,0
1931,11,1931,1931,17,15,17,0
1932,11,2*2*3*7*23,2*2*3*7*23,0,0,0,0
1933,11,1933,1933,17,15,17,0
1934,11,2*967,2*967,11,9,11,0
1935,11,3*3*5*43,3*3*5*43,0,0,0,0
1936,11,2*2*2*2*11*11,2*2*2*2*11*11,0,0,0,0
1937,11,13*149,13*149,0,0,0,0
1938,11,2*3*17*19,2*3*17*19,1,1,2,0
1939,11,7*277,7*277,0,0,0,0
1940,11,2*2*5*97,2*2*5*97,0,0,0,0
1941,11,3*647,3*647,8,6,8,0
1942,11,2*971,2*971,11,9,11,0
1943,11,29*67,29*67,11,8,17,1
1944,11,2*2*2*3*3*3*3*3,2*2*2*3*3*3*3*3,0,0,0,0
1945,11,5*389,5*389,3,3,3,0
1946,11,2*7*139,2*7*139,0,0,0,0
1947,11,3*11*59,3*11*59,0,0,0,0
1948,11,2*2*487,2*2*487,6,4,6,0
1949,11,1949,1949,17,15,17,0
1950,11,2*3*5*5*13,2*3*5*5*13,0,0,0,0
1951,11,1951,1951,17,15,17,0
1952,11,2*2*2*2*2*61,2*2*2*2*2*61,0,0,0,0
1953,11,3*3*7*31,3*3*7*31,0,0,0,0
1954,11,2*977,2*977,11,9,11,0
1955,11,5*17*23,5*17*23,1,1,3,0
1956,11,2*2*3*163,2*2*3*163,0,0,0,0
1957,11,19*103,19*103,3,3,17,0
1958,11,2*11*89,2*11*89,0,0,0,0
1959,11,3*653,3*653,8,6,8,0
1960,11,2*2*2*5*7*7,2*2*2*5*7*7,0,0,0,0
1961,11,37*53,37*53,15,12,17,1
1962,11,2*3*3*109,2*3*3*109,0,0,0,0
1963,11,13*151,13*151,0,0,0,0
1964,11,2*2*491,2*2*491,6,4,6,0
1965,11,3*5*131,3*5*131,0,0,0,0
1966,11,2*983,2*983,11,9,11,0
1967,11,7*281,7*281,0,0,0,0
1968,11,2*2*2*2*3*41,2*2*2*2*3*41,0,0,0,0
1969,11,11*179,11*179,0,0,0,0
1970,11,2*5*197,2*5*197,0,0,0,0
1971,11,3*3*3*73,3*3*3*73,0,0,0,0
1972,11,2*2*17*29,2*2*17*29,1,1,6,0
1973,11,1973,1973,17,15,17,0
1974,11,2*3*7*47,2*3*7*47,0,0,0,0
1975,11,5*5*79,5*5*79,0,0,0,0
1976,11,2*2*2*13*19,2*2*2*13*19,0,0,0,0
1977,11,3*659,3*659,8,6,8,0
1978,11,2*23*43,2*23*43,7,5,11,1
1979,11,1979,1979,17,15,17,0
1980,11,2*2*3*3*5*11,2*2*3*3*5*11,0,0,0,0
1981,11,7*283,7*283,0,0,0,0
1982,11,2*991,2*991,11,9,11,0
1983,11,3*661,3*661,8,6,8,0
1984,11,2*2*2*2*2*2*31,2*2*2*2*2*2*31,0,0,0,0
1985,11,5*397,5*397,3,3,3,0
1986,11,2*3*331,2*3*331,2,2,2,0
1987,11,1987,1987,17,15,17,0
1988,11,2*2*7*71,2*2*7*71,0,0,0,0
1989,11,3*3*13*17,3*3*13*17,0,0,0,0
1990,11,2*5*199,2*5*199,0,0,0,0
1991,11,11*181,11*181,0,0,0,0
1992,11,2*2*2*3*83,2*2*2*3*83,0,0,0,0
1993,11,1993,1993,17,15,17,0
1994,11,2*997,2*997,11,9,11,0
1995,11,3*5*7*19,3*5*7*19,0,0,0,0
1996,11,2*2*499,2*2*499,6,4,6,0
1997,11,1997,1997,17,15,17,0
1998,11,2*3*3*3*37,2*3*3*3*37,0,0,0,0
1999,11,1999,1999,17,15,17,0
2000,11,2*2*2*2*5*5*5,2*2*2*2*5*5*5,0,0,0,0
2001,11,3*23*29,3*23*29,7,5,8,1
2002,11,2*7*11*13,2*7*11*13,0,0,0,0
2003,11,2003,2003,17,15,17,0
2004,11,2*2*3*167,2*2*3*167,0,0,0,0
2005,11,5*401,5*401,4,3,4,0
2006,11,2*17*59,2*17*59,1,1,11,0
2007,11,3*3*223,3*3*223,0,0,0,0
2008,11,2*2*2*251,2*2*2*251,0,0,0,0
2009,11,7*7*41,7*7*41,0,0,0,0
2010,11,2*3*5*67,2*3*5*67,0,0,0,0
2011,11,2011,2011,17,15,17,0
2012,11,2*2*503,2*2*503,6,4,6,0
2013,11,3*11*61,3*11*61,0,0,0,0
2014,11,2*19*53,2*19*53,3,3,11,0
2015,11,5*13*31,5*13*31,0,0,0,0
2016,11,2*2*2*2*2*3*3*7,2*2*2*2*2*3*3*7,0,0,0,0
2017,11,2017,2017,17,15,17,0
2018,11,2*1009,2*1009,11,9,11,0
2019,11,3*673,3*673,8,6,8,0
2020,11,2*2*5*101,2*2*5*101,0,0,0,0
2021,11,43*47,43*47,18,16,17,1
2022,11,2*3*337,2*3*337,2,2,2,0
2023,11,7*17*17,7*17*17,1,1,2,0
2024,11,2*2*2*11*23,2*2*2*11*23,0,0,0,0
2025,11,3*3*3*3*5*5,3*3*3*3*5*5,0,0,0,0
2026,11,2*1013,2*1013,11,9,11,0
2027,11,2027,2027,18,16,18,0
2028,11,2*2*3*13*13,2*2*3*13*13,0,0,0,0
2029,11,2029,2029,18,16,18,0
2030,11,2*5*7*29,2*5*7*29,0,0,0,0
2031,11,3*677,3*677,9,6,9,0
2032,11,2*2*2*2*127,2*2*2*2*127,0,0,0,0
2033,11,19*107,19*107,3,3,18,0
2034,11,2*3*3*113,2*3*3*113,0,0,0,0
2035,11,5*11*37,5*11*37,0,0,0,0
2036,11,2*2*509,2*2*509,6,4,6,0
2037,11,3*7*97,3*7*97,0,0,0,0
2038,11,2*1019,2*1019,11,9,11,0
2039,11,2039,2039,18,16,18,0
2040,11,2*2*2*3*5*17,2*2*2*3*5*17,0,0,0,0
2041,11,13*157,13*157,0,0,0,0
2042,11,2*1021,2*1021,11,9,11,0
2043,11,3*3*227,3*3*227,0,0,0,0
2044,11,2*2*7*73,2*2*7*73,0,0,0,0
2045,11,5*409,5*409,4,3,4,0
2046,11,2*3*11*31,2*3*11*31,0,0,0,0
2047,11,23*89,23*89,7,5,18,1
2048,12,2*2*2*2*2*2*2*2*2*2*2,2*2*2*2*2*2*2*2*2*2*2,0,0,0,0
2049,12,3*683,3*683,9,6,9,0
2050,12,2*5*5*41,2*5*5*41,0,0,0,0
2051,12,7*293,7*293,2,2,2,0
2052,12,2*2*3*3*3*19,2*2*3*3*3*19,0,0,0,0
2053,12,2053,2053,18,16,18,0
2054,12,2*13*79,2*13*79,0,0,0,0
2055,12,3*5*137,3*5*137,0,0,0,0
2056,12,2*2*2*257,2*2*2*257,0,0,0,0
2057,12,11*11*17,11*11*17,0,0,0,0
2058,12,2*3*7*7*7,2*3*7*7*7,0,0,0,0
2059,12,29*71,29*71,11,8,18,1
2060,12,2*2*5*103,2*2*5*103,0,0,0,0
2061,12,3*3*229,3*3*229,0,0,0,0
2062,12,2*1031,2*1031,12,9,12,0
2063,12,2063,2063,18,16,18,0
2064,12,2*2*2*2*3*43,2*2*2*2*3*43,0,0,0,0
2065,12,5*7*59,5*7*59,0,0,0,0
2066,12,2*1033,2*1033,12,9,12,0
2067,12,3*13*53,3*13*53,0,0,0,0
2068,12,2*2*11*47,2*2*11*47,0,0,0,0
2069,12,2069,2069,18,16,18,0
2070,12,2*3*3*5*23,2*3*3*5*23,0,0,0,0
2071,12,19*109,19*109,3,3,18,0
2072,12,2*2*2*7*37,2*2*2*7*37,0,0,0,0
2073,12,3*691,3*691,9,6,9,0
2074,12,2*17*61,2*17*61,1,1,12,0
2075,12,5*5*83,5*5*83,0,0,0,0
2076,12,2*2*3*173,2*2*3*173,0,0,0,0
2077,12,31*67,31*67,12,9,18,1
2078,12,2*1039,2*1039,12,9,12,0
2079,12,3*3*3*7*11,3*3*3*7*11,0,0,0,0
2080,12,2*2*2*2*2*5*13,2*2*2*2*2*5*13,0,0,0,0
2081,12,2081,2081,18,16,18,0
2082,12,2*3*347,2*3*347,2,2,2,0
2083,12,2083,2083,18,16,18,0
2084,12,2*2*521,2*2*521,6,4,6,0
2085,12,3*5*139,3*5*139,0,0,0,0
2086,12,2*7*149,2*7*149,0,0,0,0
2087,12,2087,2087,18,16,18,0
2088,12,2*2*2*3*3*29,2*2*2*3*3*29,0,0,0,0
2089,12,2089,2089,18,16,18,0
2090,12,2*5*11*19,2*5*11*19,0,0,0,0
2091,12,3*17*41,3*17*41,1,1,9,0
2092,12,2*2*523,2*2*523,6,4,6,0
2093,12,7*13*23,7*13*23,0,0,0,0
2094,12,2*3*349,2*3*349,2,2,2,0
2095,12,5*419,5*419,4,3,4,0
2096,12,2*2*2*2*131,2*2*2*2*131,0,0,0,0
2097,12,3*3*233,3*3*233,0,0,0,0
2098,12,2*1049,2*1049,12,9,12,0
2099,12,2099,2099,18,16,18,0
2100,12,2*2*3*5*5*7,2*2*3*5*5*7,0,0,0,0
2101,12,11*191,11*191,0,0,0,0
2102,12,2*1051,2*1051,12,9,12,0
2103,12,3*701,3*701,9,6,9,0
2104,12,2*2*2*263,2*2*2*263,0,0,0,0
2105,12,5*421,5*421,4,3,4,0
2106,12,2*3*3*3*3*13,2*3*3*3*3*13,0,0,0,0
2107,12,7*7*43,7*7*43,0,0,0,0
2108,12,2*2*17*31,2*2*17*31,1,1,6,0
2109,12,3*19*37,3*19*37,3,3,9,0
2110,12,2*5*211,2*5*211,0,0,0,0
2111,12,2111,2111,18,16,18,0
2112,12,2*2*2*2*2*2*3*11,2*2*2*2*2*2*3*11,0,0,0,0
2113,12,2113,2113,18,16,18,0
2114,12,2*7*151,2*7*151,0,0,0,0
2115,12,3*3*5*47,3*3*5*47,0,0,0,0
2116,12,2*2*23*23,2*2*23*23,7,5,6,1
2117,12,29*73,29*73,11,8,18,1
2118,12,2*3*353,2*3*353,2,2,2,0
2119,12,13*163,13*163,0,0,0,0
2120,12,2*2*2*5*53,2*2*2*5*53,0,0,0,0
2121,12,3*7*101,3*7*101,0,0,0,0
2122,12,2*1061,2*1061,12,9,12,0
2123,12,11*193,11*193,0,0,0,0
2124,12,2*2*3*3*59,2*2*3*3*59,0,0,0,0
2125,12,5*5*5*17,5*5*5*17,0,0,0,0
2126,12,2*1063,2*1063,12,9,12,0
2127,12,3*709,3*709,9,6,9,0
2128,12,2*2*2*2*7*19,2*2*2*2*7*19,0,0,0,0
2129,12,2129,2129,18,16,18,0
2130,12,2*3*5*71,2*3*5*71,0,0,0,0
2131,12,2131,2131,18,16,18,0
2132,12,2*2*13*41,2*2*13*41,0,0,0,0
2133,12,3*3*3*79,3*3*3*79,0,0,0,0
2134,12,2*11*97,2*11*97,0,0,0,0
2135,12,5*7*61,5*7*61,0,0,0,0
2136,12,2*2*2*3*89,2*2*2*3*89,0,0,0,0
2137,12,2137,2137,18,16,18,0
2138,12,2*1069,2*1069,12,9,12,0
2139,12,3*23*31,3*23*31,7,5,9,1
2140,12,2*2*5*107,2*2*5*107,0,0,0,0
2141,12,2141,2141,18,16,18,0
2142,12,2*3*3*7*17,2*3*3*7*17,0,0,0,0
2143,12,2143,2143,18,16,18,0
2144,12,2*2*2*2*2*67,2*2*2*2*2*67,0,0,0,0
2145,12,3*5*11*13,3*5*11*13,0,0,0,0
2146,12,2*29*37,2*29*37,11,8,12,1
2147,12,19*113,19*113,3,3,18,0
2148,12,2*2*3*179,2*2*3*179,0,0,0,0
2149,12,7*307,7*307,2,2,2,0
2150,12,2*5*5*43,2*5*5*43,0,0,0,0
2151,12,3*3*239,3*3*239,0,0,0,0
2152,12,2*2*2*269,2*2*2*269,0,0,0,0
2153,12,2153,2153,18,16,18,0
2154,12,2*3*359,2*3*359,2,2,2,0
2155,12,5*431,5*431,4,3,4,0
2156,12,2*2*7*7*11,2*2*7*7*11,0,0,0,0
2157,12,3*719,3*719,9,6,9,0
2158,12,2*13*83,2*13*83,0,0,0,0
2159,12,17*127,17*127,1,1,18,0
2160,12,2*2*2*2*3*3*3*5,2*2*2*2*3*3*3*5,0,0,0,0
2161,12,2161,2161,18,16,18,0
2162,12,2*23*47,2*23*47,7,5,12,1
2163,12,3*7*103,3*7*103,0,0,0,0
2164,12,2*2*541,2*2*541,6,5,6,0
2165,12,5*433,5*433,4,3,4,0
2166,12,2*3*19*19,2*3*19*19,3,3,3,0
2167,12,11*197,11*197,0,0,0,0
2168,12,2*2*2*271,2*2*2*271,0,0,0,0
2169,12,3*3*241,3*3*241,0,0,0,0
2170,12,2*5*7*31,2*5*7*31,0,0,0,0
2171,12,13*167,13*167,0,0,0,0
2172,12,2*2*3*181,2*2*3*181,0,0,0,0
2173,12,41*53,41*53,18,15,18,2
2174,12,2*1087,2*1087,12,9,12,0
2175,12,3*5*5*29,3*5*5*29,0,0,0,0
2176,12,2*2*2*2*2*2*2*17,2*2*2*2*2*2*2*17,0,0,0,0
2177,12,7*311,7*311,2,2,2,0
2178,12,2*3*3*11*11,2*3*3*11*11,0,0,0,0
2179,12,2179,2179,18,16,18,0
2180,12,2*2*5*109,2*2*5*109,0,0,0,0
2181,12,3*727,3*727,9,6,9,0
2182,12,2*1091,2*1091,12,10,12,0
2183,12,37*59,37*59,15,12,18,1
2184,12,2*2*2*3*7*13,2*2*2*3*7*13,0,0,0,0
2185,12,5*19*23,5*19*23,3,3,4,0
2186,12,2*1093,2*1093,12,10,12,0
2187,12,3*3*3*3*3*3*3,3*3*3*3*3*3*3,0,0,0,0
2188,12,2*2*547,2*2*547,6,5,6,0
2189,12,11*199,11*199,0,0,0,0
2190,12,2*3*5*73,2*3*5*73,0,0,0,0
2191,12,7*313,7*313,2,2,2,0
2192,12,2*2*2*2*137,2*2*2*2*137,0,0,0,0
2193,12,3*17*43,3*17*43,1,1,9,0
2194,12,2*1097,2*1097,12,10,12,0
2195,12,5*439,5*439,4,3,4,0
2196,12,2*2*3*3*61,2*2*3*3*61,0,0,0,0
2197,12,13*13*13,13*13*13,0,0,0,0
2198,12,2*7*157,2*7*157,0,0,0,0
2199,12,3*733,3*733,9,7,9,0
2200,12,2*2*2*5*5*11,2*2*2*5*5*11,0,0,0,0
2201,12,31*71,31*71,12,9,18,1
2202,12,2*3*367,2*3*367,3,3,3,0
2203,12,2203,2203,18,16,18,0
2204,12,2*2*19*29,2*2*19*29,3,3,6,0
2205,12,3*3*5*7*7,3*3*5*7*7,0,0,0,0
2206,12,2*1103,2*1103,12,10,12,0
2207,12,2207,2207,18,16,18,0
2208,12,2*2*2*2*2*3*23,2*2*2*2*2*3*23,0,0,0,0
2209,12,47*47,47*47,19,18,18,1
2210,12,2*5*13*17,2*5*13*17,0,0,0,0
2211,12,3*11*67,3*11*67,0,0,0,0
2212,12,2*2*7*79,2*2*7*79,0,0,0,0
2213,12,2213,2213,18,17,18,0
2214,12,2*3*3*3*41,2*3*3*3*41,0,0,0,0
2215,12,5*443,5*443,5,4,5,0
2216,12,2*2*2*277,2*2*2*277,0,0,0,0
2217,12,3*739,3*739,9,7,9,0
2218,12,2*1109,2*1109,12,10,12,0
2219,12,7*317,7*317,2,2,2,0
2220,12,2*2*3*5*37,2*2*3*5*37,0,0,0,0
2221,12,2221,2221,18,17,18,0
2222,12,2*11*101,2*11*101,0,0,0,0
2223,12,3*3*13*19,3*3*13*19,0,0,0,0
2224,12,2*2*2*2*139,2*2*2*2*139,0,0,0,0
2225,12,5*5*89,5*5*89,0,0,0,0
2226,12,2*3*7*53,2*3*7*53,0,0,0,0
2227,12,17*131,17*131,1,1,18,0
2228,12,2*2*557,2*2*557,6,5,6,0
2229,12,3*743,3*743,9,7,9,0
2230,12,2*5*223,2*5*223,0,0,0,0
2231,12,23*97,23*97,7,5,18,1
2232,12,2*2*2*3*3*31,2*2*2*3*3*31,0,0,0,0
2233,12,7*11*29,7*11*29,0,0,0,0
2234,12,2*1117,2*1117,12,10,12,0
2235,12,3*5*149,3*5*149,0,0,0,0
2236,12,2*2*13*43,2*2*13*43,0,0,0,0
2237,12,2237,2237,18,17,18,0
2238,12,2*3*373,2*3*373,3,3,3,0
2239,12,2239,2239,18,17,18,0
2240,12,2*2*2*2*2*2*5*7,2*2*2*2*2*2*5*7,0,0,0,0
2241,12,3*3*3*83,3*3*3*83,0,0,0,0
2242,12,2*19*59,2*19*59,3,3,12,0
2243,12,2243,2243,18,17,18,0
2244,12,2*2*3*11*17,2*2*3*11*17,0,0,0,0
2245,12,5*449,5*449,5,4,5,0
2246,12,2*1123,2*1123,12,10,12,0
2247,12,3*7*107,3*7*107,0,0,0,0
2248,12,2*2*2*281,2*2*2*281,0,0,0,0
2249,12,13*173,13*173,0,0,0,0
2250,12,2*3*3*5*5*5,2*3*3*5*5*5,0,0,0,0
2251,12,2251,2251,18,17,18,0
2252,12,2*2*563,2*2*563,6,5,6,0
2253,12,3*751,3*751,9,7,9,0
2254,12,2*7*7*23,2*7*7*23,0,0,0,0
2255,12,5*11*41,5*11*41,0,0,0,0
2256,12,2*2*2*2*3*47,2*2*2*2*3*47,0,0,0,0
2257,12,37*61,37*61,15,12,18,1
2258,12,2*1129,2*1129,12,10,12,0
2259,12,3*3*251,3*3*251,0,0,0,0
2260,12,2*2*5*113,2*2*5*113,0,0,0,0
2261,12,7*17*19,7*17*19,1,1,2,0
2262,12,2*3*13*29,2*3*13*29,0,0,0,0
2263,12,31*73,31*73,12,9,18,1
2264,12,2*2*2*283,2*2*2*283,0,0,0,0
2265,12,3*5*151,3*5*151,0,0,0,0
2266,12,2*11*103,2*11*103,0,0,0,0
2267,12,2267,2267,18,17,18,0
2268,12,2*2*3*3*3*3*7,2*2*3*3*3*3*7,0,0,0,0
2269,12,2269,2269,18,17,18,0
2270,12,2*5*227,2*5*227,0,0,0,0
2271,12,3*757,3*757,9,7,9,0
2272,12,2*2*2*2*2*71,2*2*2*2*2*71,0,0,0,0
2273,12,2273,2273,18,17,18,0
2274,12,2*3*379,2*3*379,3,3,3,0
2275,12,5*5*7*13,5*5*7*13,0,0,0,0
2276,12,2*2*569,2*2*569,6,5,6,0
2277,12,3*3*11*23,3*3*11*23,0,0,0,0
2278,12,2*17*67,2*17*67,1,1,12,0
2279,12,43*53,43*53,18,16,18,1
2280,12,2*2*2*3*5*19,2*2*2*3*5*19,0,0,0,0
2281,12,2281,2281,18,17,18,0
2282,12,2*7*163,2*7*163,0,0,0,0
2283,12,3*761,3*761,9,7,9,0
2284,12,2*2*571,2*2*571,6,5,6,0
2285,12,5*457,5*457,5,4,5,0
2286,12,2*3*3*127,2*3*3*127,0,0,0,0
2287,12,2287,2287,18,17,18,0
2288,12,2*2*2*2*11*13,2*2*2*2*11*13,0,0,0,0
2289,12,3*7*109,3*7*109,0,0,0,0
2290,12,2*5*229,2*5*229,0,0,0,0
2291,12,29*79,29*79,11,8,18,1
2292,12,2*2*3*191,2*2*3*191,0,0,0,0
2293,12,2293,2293,18,17,18,0
2294,12,2*31*37,2*31*37,12,9,12,1
2295,12,3*3*3*5*17,3*3*3*5*17,0,0,0,0
2296,12,2*2*2*7*41,2*2*2*7*41,0,0,0,0
2297,12,2297,2297,18,17,18,0
2298,12,2*3*383,2*3*383,3,3,3,0
2299,12,11*11*19,11*11*19,0,0,0,0
2300,12,2*2*5*5*23,2*2*5*5*23,0,0,0,0
2301,12,3*13*59,3*13*59,0,0,0,0
2302,12,2*1151,2*1151,12,10,12,0
2303,12,7*7*47,7*7*47,0,0,0,0
2304,12,2*2*2*2*2*2*2*2*3*3,2*2*2*2*2*2*2*2*3*3,0,0,0,0
2305,12,5*461,5*461,5,4,5,0
2306,12,2*1153,2*1153,12,10,12,0
2307,12,3*769,3*769,9,7,9,0
2308,12,2*2*577,2*2*577,7,5,7,0
2309,12,2309,2309,19,17,19,0
2310,12,2*3*5*7*11,2*3*5*7*11,0,0,0,0
2311,12,2311,2311,19,17,19,0
2312,12,2*2*2*17*17,2*2*2*17*17,1,1,2,0
2313,12,3*3*257,3*3*257,0,0,0,0
2314,12,2*13*89,2*13*89,0,0,0,0
2315,12,5*463,5*463,5,4,5,0
2316,12,2*2*3*193,2*2*3*193,0,0,0,0
2317,12,7*331,7*331,2,2,2,0
2318,12,2*19*61,2*19*61,3,3,13,0
2319,12,3*773,3*773,9,7,9,0
2320,12,2*2*2*2*5*29,2*2*2*2*5*29,0,0,0,0
2321,12,11*211,11*211,0,0,0,0
2322,12,2*3*3*3*43,2*3*3*3*43,0,0,0,0
2323,12,23*101,23*101,7,5,19,1
2324,12,2*2*7*83,2*2*7*83,0,0,0,0
2325,12,3*5*5*31,3*5*5*31,0,0,0,0
2326,12,2*1163,2*1163,13,10,13,0
2327,12,13*179,13*179,0,0,0,0
2328,12,2*2*2*3*97,2*2*2*3*97,0,0,0,0
2329,12,17*137,17*137,1,1,19,0
2330,12,2*5*233,2*5*233,0,0,0,0
2331,12,3*3*7*37,3*3*7*37,0,0,0,0
2332,12,2*2*11*53,2*2*11*53,0,0,0,0
2333,12,2333,2333,19,17,19,0
2334,12,2*3*389,2*3*389,3,3,3,0
2335,12,5*467,5*467,5,4,5,0
2336,12,2*2*2*2*2*73,2*2*2*2*2*73,0,0,0,0
2337,12,3*19*41,3*19*41,3,3,9,0
2338,12,2*7*167,2*7*167,0,0,0,0
2339,12,2339,2339,19,17,19,0
2340,12,2*2*3*3*5*13,2*2*3*3*5*13,0,0,0,0
2341,12,2341,2341,19,17,19,0
2342,12,2*1171,2*1171,13,10,13,0
2343,12,3*11*71,3*11*71,0,0,0,0
2344,12,2*2*2*293,2*2*2*293,2,2,2,0
2345,12,5*7*67,5*7*67,0,0,0,0
2346,12,2*3*17*23,2*3*17*23,1,1,3,0
2347,12,2347,2347,19,17,19,0
2348,12,2*2*587,2*2*587,7,5,7,0
2349,12,3*3*3*3*29,3*3*3*3*29,0,0,0,0
2350,12,2*5*5*47,2*5*5*47,0,0,0,0
2351,12,2351,2351,19,17,19,0
2352,12,2*2*2*2*3*7*7,2*2*2*2*3*7*7,0,0,0,0
2353,12,13*181,13*181,0,0,0,0
2354,12,2*11*107,2*11*107,0,0,0,0
2355,12,3*5*157,3*5*157,0,0,0,0
2356,12,2*2*19*31,2*2*19*31,3,3,7,0
2357,12,2357,2357,19,17,19,0
2358,12,2*3*3*131,2*3*3*131,0,0,0,0
2359,12,7*337,7*337,2,2,2,0
2360,12,2*2*2*5*59,2*2*2*5*59,0,0,0,0
2361,12,3*787,3*787,10,7,10,0
2362,12,2*1181,2*1181,13,10,13,0
2363,12,17*139,17*139,1,1,19,0
2364,12,2*2*3*197,2*2*3*197,0,0,0,0
2365,12,5*11*43,5*11*43,0,0,0,0
2366,12,2*7*13*13,2*7*13*13,0,0,0,0
2367,12,3*3*263,3*3*263,0,0,0,0
2368,12,2*2*2*2*2*2*37,2*2*2*2*2*2*37,0,0,0,0
2369,12,23*103,23*103,7,5,19,1
2370,12,2*3*5*79,2*3*5*79,0,0,0,0
2371,12,2371,2371,19,17,19,0
2372,12,2*2*593,2*2*593,7,5,7,0
2373,12,3*7*113,3*7*113,0,0,0,0
2374,12,2*1187,2*1187,13,10,13,0
2375,12,5*5*5*19,5*5*5*19,0,0,0,0
2376,12,2*2*2*3*3*3*11,2*2*2*3*3*3*11,0,0,0,0
2377,12,2377,2377,19,17,19,0
2378,12,2*29*41,2*29*41,11,8,13,1
2379,12,3*13*61,3*13*61,0,0,0,0
2380,12,2*2*5*7*17,2*2*5*7*17,0,0,0,0
2381,12,2381,2381,19,17,19,0
2382,12,2*3*397,2*3*397,3,3,3,0
2383,12,2383,2383,19,17,19,0
2384,12,2*2*2*2*149,2*2*2*2*149,0,0,0,0
2385,12,3*3*5*53,3*3*5*53,0,0,0,0
2386,12,2*1193,2*1193,13,10,13,0
2387,12,7*11*31,7*11*31,0,0,0,0
2388,12,2*2*3*199,2*2*3*199,0,0,0,0
2389,12,2389,2389,19,17,19,0
2390,12,2*5*239,2*5*239,0,0,0,0
2391,12,3*797,3*797,10,7,10,0
2392,12,2*2*2*13*23,2*2*2*13*23,0,0,0,0
2393,12,2393,2393,19,17,19,0
2394,12,2*3*3*7*19,2*3*3*7*19,0,0,0,0
2395,12,5*479,5*479,5,4,5,0
2396,12,2*2*599,2*2*599,7,5,7,0
2397,12,3*17*47,3*17*47,1,1,10,0
2398,12,2*11*109,2*11*109,0,0,0,0
2399,12,2399,2399,19,17,19,0
2400,12,2*2*2*2*2*3*5*5,2*2*2*2*2*3*5*5,0,0,0,0
2401,12,7*7*7*7,7*7*7*7,0,0,0,0
2402,12,2*1201,2*1201,13,10,13,0
2403,12,3*3*3*89,3*3*3*89,0,0,0,0
2404,12,2*2*601,2*2*601,7,5,7,0
2405,12,5*13*37,5*13*37,0,0,0,0
2406,12,2*3*401,2*3*401,4,3,4,0
2407,12,29*83,29*83,11,8,19,1
2408,12,2*2*2*7*43,2*2*2*7*43,0,0,0,0
2409,12,3*11*73,3*11*73,0,0,0,0
2410,12,2*5*241,2*5*241,0,0,0,0
2411,12,2411,2411,19,18,19,0
2412,12,2*2*3*3*67,2*2*3*3*67,0,0,0,0
2413,12,19*127,19*127,3,3,19,0
2414,12,2*17*71,2*17*71,1,1,13,0
2415,12,3*5*7*23,3*5*7*23,0,0,0,0
2416,12,2*2*2*2*151,2*2*2*2*151,0,0,0,0
2417,12,2417,2417,19,18,19,0
2418,12,2*3*13*31,2*3*13*31,0,0,0,0
2419,12,41*59,41*59,18,15,19,2
2420,12,2*2*5*11*11,2*2*5*11*11,0,0,0,0
2421,12,3*3*269,3*3*269,0,0,0,0
2422,12,2*7*173,2*7*173,0,0,0,0
2423,12,2423,2423,19,18,19,0
2424,12,2*2*2*3*101,2*2*2*3*101,0,0,0,0
2425,12,5*5*97,5*5*97,0,0,0,0
2426,12,2*1213,2*1213,13,10,13,0
2427,12,3*809,3*809,10,7,10,0
2428,12,2*2*607,2*2*607,7,5,7,0
2429,12,7*347,7*347,2,2,2,0
2430,12,2*3*3*3*3*3*5,2*3*3*3*3*3*5,0,0,0,0
2431,12,11*13*17,11*13*17,0,0,0,0
2432,12,2*2*2*2*2*2*2*19,2*2*2*2*2*2*2*19,0,0,0,0
2433,12,3*811,3*811,10,7,10,0
2434,12,2*1217,2*1217,13,10,13,0
2435,12,5*487,5*487,6,4,6,0
2436,12,2*2*3*7*29,2*2*3*7*29,0,0,0,0
2437,12,2437,2437,19,18,19,0
2438,12,2*23*53,2*23*53,7,5,13,1
2439,12,3*3*271,3*3*271,0,0,0,0
2440,12,2*2*2*5*61,2*2*2*5*61,0,0,0,0
2441,12,2441,2441,19,18,19,0
2442,12,2*3*11*37,2*3*11*37,0,0,0,0
2443,12,7*349,7*349,2,2,2,0
2444,12,2*2*13*47,2*2*13*47,0,0,0,0
2445,12,3*5*163,3*5*163,0,0,0,0
2446,12,2*1223,2*1223,13,10,13,0
2447,12,2447,2447,19,18,19,0
2448,12,2*2*2*2*3*3*17,2*2*2*2*3*3*17,0,0,0,0
2449,12,31*79,31*79,12,9,19,1
2450,12,2*5*5*7*7,2*5*5*7*7,0,0,0,0
2451,12,3*19*43,3*19*43,3,3,10,0
2452,12,2*2*613,2*2*613,7,5,7,0
2453,12,11*223,11*223,0,0,0,0
2454,12,2*3*409,2*3*409,4,3,4,0
2455,12,5*491,5*491,6,4,6,0
2456,12,2*2*2*307,2*2*2*307,2,2,2,0
2457,12,3*3*3*7*13,3*3*3*7*13,0,0,0,0
2458,12,2*1229,2*1229,13,11,13,0
2459,12,2459,2459,19,18,19,0
2460,12,2*2*3*5*41,2*2*3*5*41,0,0,0,0
2461,12,23*107,23*107,7,5,19,1
2462,12,2*1231,2*1231,13,11,13,0
2463,12,3*821,3*821,10,7,10,0
2464,12,2*2*2*2*2*7*11,2*2*2*2*2*7*11,0,0,0,0
2465,12,5*17*29,5*17*29,1,1,6,0
2466,12,2*3*3*137,2*3*3*137,0,0,0,0
2467,12,2467,2467,19,18,19,0
2468,12,2*2*617,2*2*617,7,5,7,0
2469,12,3*823,3*823,10,7,10,0
2470,12,2*5*13*19,2*5*13*19,0,0,0,0
2471,12,7*353,7*353,2,2,2,0
2472,12,2*2*2*3*103,2*2*2*3*103,0,0,0,0
2473,12,2473,2473,19,18,19,0
2474,12,2*1237,2*1237,13,11,13,0
2475,12,3*3*5*5*11,3*3*5*5*11,0,0,0,0
2476,12,2*2*619,2*2*619,7,5,7,0
2477,12,2477,2477,19,18,19,0
2478,12,2*3*7*59,2*3*7*59,0,0,0,0
2479,12,37*67,37*67,15,12,19,1
2480,12,2*2*2*2*5*31,2*2*2*2*5*31,0,0,0,0
2481,12,3*827,3*827,10,7,10,0
2482,12,2*17*73,2*17*73,1,1,13,0
2483,12,13*191,13*191,0,0,0,0
2484,12,2*2*3*3*3*23,2*2*3*3*3*23,0,0,0,0
2485,12,5*7*71,5*7*71,0,0,0,0
2486,12,2*11*113,2*11*113,0,0,0,0
2487,12,3*829,3*829,10,7,10,0
2488,12,2*2*2*311,2*2*2*311,2,2,2,0
2489,12,19*131,19*131,3,3,19,0
2490,12,2*3*5*83,2*3*5*83,0,0,0,0
2491,12,47*53,47*53,19,18,19,1
2492,12,2*2*7*89,2*2*7*89,0,0,0,0
2493,12,3*3*277,3*3*277,0,0,0,0
2494,12,2*29*43,2*29*43,11,8,13,1
2495,12,5*499,5*499,6,4,6,0
2496,12,2*2*2*2*2*2*3*13,2*2*2*2*2*2*3*13,0,0,0,0
2497,12,11*227,11*227,0,0,0,0
2498,12,2*1249,2*1249,13,11,13,0
2499,12,3*7*7*17,3*7*7*17,0,0,0,0
2500,12,2*2*5*5*5*5,2*2*5*5*5*5,0,0,0,0
2501,12,41*61,41*61,18,15,19,2
2502,12,2*3*3*139,2*3*3*139,0,0,0,0
2503,12,2503,2503,19,18,19,0
2504,12,2*2*2*313,2*2*2*313,2,2,2,0
2505,12,3*5*167,3*5*167,0,0,0,0
2506,12,2*7*179,2*7*179,0,0,0,0
2507,12,23*109,23*109,7,5,19,1
2508,12,2*2*3*11*19,2*2*3*11*19,0,0,0,0
2509,12,13*193,13*193,0,0,0,0
2510,12,2*5*251,2*5*251,0,0,0,0
2511,12,3*3*3*3*31,3*3*3*3*31,0,0,0,0
2512,12,2*2*2*2*157,2*2*2*2*157,0,0,0,0
2513,12,7*359,7*359,2,2,2,0
2514,12,2*3*419,2*3*419,4,3,4,0
2515,12,5*503,5*503,6,4,6,0
2516,12,2*2*17*37,2*2*17*37,1,1,8,0
2517,12,3*839,3*839,10,7,10,0
2518,12,2*1259,2*1259,13,11,13,0
2519,12,11*229,11*229,0,0,0,0
2520,12,2*2*2*3*3*5*7,2*2*2*3*3*5*7,0,0,0,0
2521,12,2521,2521,19,18,19,0
2522,12,2*13*97,2*13*97,0,0,0,0
2523,12,3*29*29,3*29*29,11,8,10,1
2524,12,2*2*631,2*2*631,8,6,8,0
2525,12,5*5*101,5*5*101,0,0,0,0
2526,12,2*3*421,2*3*421,4,3,4,0
2527,12,7*19*19,7*19*19,3,3,3,0
2528,12,2*2*2*2*2*79,2*2*2*2*2*79,0,0,0,0
2529,12,3*3*281,3*3*281,0,0,0,0
2530,12,2*5*11*23,2*5*11*23,0,0,0,0
2531,12,2531,2531,19,18,19,0
2532,12,2*2*3*211,2*2*3*211,0,0,0,0
2533,12,17*149,17*149,1,1,19,0
2534,12,2*7*181,2*7*181,0,0,0,0
2535,12,3*5*13*13,3*5*13*13,0,0,0,0
2536,12,2*2*2*317,2*2*2*317,2,2,2,0
2537,12,43*59,43*59,18,16,19,1
2538,12,2*3*3*3*47,2*3*3*3*47,0,0,0,0
2539,12,2539,2539,19,18,19,0
2540,12,2*2*5*127,2*2*5*127,0,0,0,0
2541,12,3*7*11*11,3*7*11*11,0,0,0,0
2542,12,2*31*41,2*31*41,12,9,13,1
2543,12,2543,2543,19,18,19,0
2544,12,2*2*2*2*3*53,2*2*2*2*3*53,0,0,0,0
2545,12,5*509,5*509,6,4,6,0
2546,12,2*19*67,2*19*67,3,3,13,0
2547,12,3*3*283,3*3*283,0,0,0,0
2548,12,2*2*7*7*13,2*2*7*7*13,0,0,0,0
2549,12,2549,2549,19,18,19,0
2550,12,2*3*5*5*17,2*3*5*5*17,0,0,0,0
2551,12,2551,2551,19,18,19,0
2552,12,2*2*2*11*29,2*2*2*11*29,0,0,0,0
2553,12,3*23*37,3*23*37,7,5,10,1
2554,12,2*1277,2*1277,13,11,13,0
2555,12,5*7*73,5*7*73,0,0,0,0
2556,12,2*2*3*3*71,2*2*3*3*71,0,0,0,0
2557,12,2557,2557,19,18,19,0
2558,12,2*1279,2*1279,13,11,13,0
2559,12,3*853,3*853,10,8,10,0
2560,12,2*2*2*2*2*2*2*2*2*5,2*2*2*2*2*2*2*2*2*5,0,0,0,0
2561,12,13*197,13*197,0,0,0,0
2562,12,2*3*7*61,2*3*7*61,0,0,0,0
2563,12,11*233,11*233,0,0,0,0
2564,12,2*2*641,2*2*641,8,6,8,0
2565,12,3*3*3*5*19,3*3*3*5*19,0,0,0,0
2566,12,2*1283,2*1283,13,11,13,0
2567,12,17*151,17*151,1,1,19,0
2568,12,2*2*2*3*107,2*2*2*3*107,0,0,0,0
2569,12,7*367,7*367,3,3,3,0
2570,12,2*5*257,2*5*257,0,0,0,0
2571,12,3*857,3*857,10,8,10,0
2572,12,2*2*643,2*2*643,8,6,8,0
2573,12,31*83,31*83,12,9,19,1
2574,12,2*3*3*11*13,2*3*3*11*13,0,0,0,0
2575,12,5*5*103,5*5*103,0,0,0,0
2576,12,2*2*2*2*7*23,2*2*2*2*7*23,0,0,0,0
2577,12,3*859,3*859,10,8,10,0
2578,12,2*1289,2*1289,13,11,13,0
2579,12,2579,2579,19,18,19,0
2580,12,2*2*3*5*43,2*2*3*5*43,0,0,0,0
2581,12,29*89,29*89,11,8,19,1
2582,12,2*1291,2*1291,13,11,13,0
2583,12,3*3*7*41,3*3*7*41,0,0,0,0
2584,12,2*2*2*17*19,2*2*2*17*19,1,1,2,0
2585,12,5*11*47,5*11*47,0,0,0,0
2586,12,2*3*431,2*3*431,4,3,4,0
2587,12,13*199,13*199,0,0,0,0
2588,12,2*2*647,2*2*647,8,6,8,0
2589,12,3*863,3*863,10,8,10,0
2590,12,2*5*7*37,2*5*7*37,0,0,0,0
2591,12,2591,2591,19,18,19,0
2592,12,2*2*2*2*2*3*3*3*3,2*2*2*2*2*3*3*3*3,0,0,0,0
2593,12,2593,2593,19,18,19,0
2594,12,2*1297,2*1297,14,11,14,0
2595,12,3*5*173,3*5*173,0,0,0,0
2596,12,2*2*11*59,2*2*11*59,0,0,0,0
2597,12,7*7*53,7*7*53,0,0,0,0
2598,12,2*3*433,2*3*433,4,3,4,0
2599,12,23*113,23*113,7,5,19,1
2600,12,2*2*2*5*5*13,2*2*2*5*5*13,0,0,0,0
2601,12,3*3*17*17,3*3*17*17,1,1,2,0
2602,12,2*1301,2*1301,14,11,14,0
2603,12,19*137,19*137,3,3,20,0
2604,12,2*2*3*7*31,2*2*3*7*31,0,0,0,0
2605,12,5*521,5*521,6,4,6,0
2606,12,2*1303,2*1303,14,11,14,0
2607,12,3*11*79,3*11*79,0,0,0,0
2608,12,2*2*2*2*163,2*2*2*2*163,0,0,0,0
2609,12,2609,2609,20,19,20,0
2610,12,2*3*3*5*29,2*3*3*5*29,0,0,0,0
2611,12,7*373,7*373,3,3,3,0
2612,12,2*2*653,2*2*653,8,6,8,0
2613,12,3*13*67,3*13*67,0,0,0,0
2614,12,2*1307,2*1307,14,11,14,0
2615,12,5*523,5*523,6,4,6,0
2616,12,2*2*2*3*109,2*2*2*3*109,0,0,0,0
2617,12,2617,2617,20,19,20,0
2618,12,2*7*11*17,2*7*11*17,0,0,0,0
2619,12,3*3*3*97,3*3*3*97,0,0,0,0
2620,12,2*2*5*131,2*2*5*131,0,0,0,0
2621,12,2621,2621,20,19,20,0
2622,12,2*3*19*23,2*3*19*23,3,3,4,0
2623,12,43*61,43*61,18,16,20,1
2624,12,2*2*2*2*2*2*41,2*2*2*2*2*2*41,0,0,0,0
2625,12,3*5*5*5*7,3*5*5*5*7,0,0,0,0
2626,12,2*13*101,2*13*101,0,0,0,0
2627,12,37*71,37*71,15,12,20,1
2628,12,2*2*3*3*73,2*2*3*3*73,0,0,0,0
2629,12,11*239,11*239,0,0,0,0
2630,12,2*5*263,2*5*263,0,0,0,0
2631,12,3*877,3*877,10,8,10,0
2632,12,2*2*2*7*47,2*2*2*7*47,0,0,0,0
2633,12,2633,2633,20,19,20,0
2634,12,2*3*439,2*3*439,4,3,4,0
2635,12,5*17*31,5*17*31,1,1,6,0
2636,12,2*2*659,2*2*659,8,6,8,0
2637,12,3*3*293,3*3*293,2,2,2,0
2638,12,2*1319,2*1319,14,11,14,0
2639,12,7*13*29,7*13*29,0,0,0,0
2640,12,2*2*2*2*3*5*11,2*2*2*2*3*5*11,0,0,0,0
2641,12,19*139,19*139,3,3,20,0
2642,12,2*1321,2*1321,14,11,14,0
2643,12,3*881,3*881,10,8,10,0
2644,12,2*2*661,2*2*661,8,6,8,0
2645,12,5*23*23,5*23*23,7,5,6,1
2646,12,2*3*3*3*7*7,2*3*3*3*7*7,0,0,0,0
2647,12,2647,2647,20,19,20,0
2648,12,2*2*2*331,2*2*2*331,2,2,2,0
2649,12,3*883,3*883,10,8,10,0
2650,12,2*5*5*53,2*5*5*53,0,0,0,0
2651,12,11*241,11*241,0,0,0,0
2652,12,2*2*3*13*17,2*2*3*13*17,0,0,0,0
2653,12,7*379,7*379,3,3,3,0
2654,12,2*1327,2*1327,14,11,14,0
2655,12,3*3*5*59,3*3*5*59,0,0,0,0
2656,12,2*2*2*2*2*83,2*2*2*2*2*83,0,0,0,0
2657,12,2657,2657,20,19,20,0
2658,12,2*3*443,2*3*443,5,4,5,0
2659,12,2659,2659,20,19,20,0
2660,12,2*2*5*7*19,2*2*5*7*19,0,0,0,0
2661,12,3*887,3*887,10,8,10,0
2662,12,2*11*11*11,2*11*11*11,0,0,0,0
2663,12,2663,2663,20,19,20,0
2664,12,2*2*2*3*3*37,2*2*2*3*3*37,0,0,0,0
2665,12,5*13*41,5*13*41,0,0,0,0
2666,12,2*31*43,2*31*43,12,9,14,1
2667,12,3*7*127,3*7*127,0,0,0,0
2668,12,2*2*23*29,2*2*23*29,7,5,8,1
2669,12,17*157,17*157,1,1,20,0
2670,12,2*3*5*89,2*3*5*89,0,0,0,0
2671,12,2671,2671,20,19,20,0
2672,12,2*2*2*2*167,2*2*2*2*167,0,0,0,0
2673,12,3*3*3*3*3*11,3*3*3*3*3*11,0,0,0,0
2674,12,2*7*191,2*7*191,0,0,0,0
2675,12,5*5*107,5*5*107,0,0,0,0
2676,12,2*2*3*223,2*2*3*223,0,0,0,0
2677,12,2677,2677,20,19,20,0
2678,12,2*13*103,2*13*103,0,0,0,0
2679,12,3*19*47,3*19*47,3,3,10,0
2680,12,2*2*2*5*67,2*2*2*5*67,0,0,0,0
2681,12,7*383,7*383,3,3,3,0
2682,12,2*3*3*149,2*3*3*149,0,0,0,0
2683,12,2683,2683,20,19,20,0
2684,12,2*2*11*61,2*2*11*61,0,0,0,0
2685,12,3*5*179,3*5*179,0,0,0,0
2686,12,2*17*79,2*17*79,1,1,14,0
2687,12,2687,2687,20,19,20,0
2688,12,2*2*2*2*2*2*2*3*7,2*2*2*2*2*2*2*3*7,0,0,0,0
2689,12,2689,2689,20,19,20,0
2690,12,2*5*269,2*5*269,0,0,0,0
2691,12,3*3*13*23,3*3*13*23,0,0,0,0
2692,12,2*2*673,2*2*673,8,6,8,0
2693,12,2693,2693,20,19,20,0
2694,12,2*3*449,2*3*449,5,4,5,0
2695,12,5*7*7*11,5*7*7*11,0,0,0,0
2696,12,2*2*2*337,2*2*2*337,2,2,2,0
2697,12,3*29*31,3*29*31,11,8,10,1
2698,12,2*19*71,2*19*71,3,3,14,0
2699,12,2699,2699,20,19,20,0
2700,12,2*2*3*3*3*5*5,2*2*3*3*3*5*5,0,0,0,0
2701,12,37*73,37*73,15,12,20,1
2702,12,2*7*193,2*7*193,0,0,0,0
2703,12,3*17*53,3*17*53,1,1,11,0
2704,12,2*2*2*2*13*13,2*2*2*2*13*13,0,0,0,0
2705,12,5*541,5*541,6,5,6,0
2706,12,2*3*11*41,2*3*11*41,0,0,0,0
2707,12,2707,2707,20,19,20,0
2708,12,2*2*677,2*2*677,9,6,9,0
2709,12,3*3*7*43,3*3*7*43,0,0,0,0
2710,12,2*5*271,2*5*271,0,0,0,0
2711,12,2711,2711,20,19,20,0
2712,12,2*2*2*3*113,2*2*2*3*113,0,0,0,0
2713,12,2713,2713,20,19,20,0
2714,12,2*23*59,2*23*59,7,5,14,1
2715,12,3*5*181,3*5*181,0,0,0,0
2716,12,2*2*7*97,2*2*7*97,0,0,0,0
2717,12,11*13*19,11*13*19,0,0,0,0
2718,12,2*3*3*151,2*3*3*151,0,0,0,0
2719,12,2719,2719,20,19,20,0
2720,12,2*2*2*2*2*5*17,2*2*2*2*2*5*17,0,0,0,0
2721,12,3*907,3*907,11,8,11,0
2722,12,2*1361,2*1361,14,11,14,0
2723,12,7*389,7*389,3,3,3,0
2724,12,2*2*3*227,2*2*3*227,0,0,0,0
2725,12,5*5*109,5*5*109,0,0,0,0
2726,12,2*29*47,2*29*47,11,8,14,1
2727,12,3*3*3*101,3*3*3*101,0,0,0,0
2728,12,2*2*2*11*31,2*2*2*11*31,0,0,0,0
2729,12,2729,2729,20,19,20,0
2730,12,2*3*5*7*13,2*3*5*7*13,0,0,0,0
2731,12,2731,2731,20,19,20,0
2732,12,2*2*683,2*2*683,9,6,9,0
2733,12,3*911,3*911,11,8,11,0
2734,12,2*1367,2*1367,14,11,14,0
2735,12,5*547,5*547,6,5,6,0
2736,12,2*2*2*2*3*3*19,2*2*2*2*3*3*19,0,0,0,0
2737,12,7*17*23,7*17*23,1,1,3,0
2738,12,2*37*37,2*37*37,15,12,14,1
2739,12,3*11*83,3*11*83,0,0,0,0
2740,12,2*2*5*137,2*2*5*137,0,0,0,0
2741,12,2741,2741,20,19,20,0
2742,12,2*3*457,2*3*457,5,4,5,0
2743,12,13*211,13*211,0,0,0,0
2744,12,2*2*2*7*7*7,2*2*2*7*7*7,0,0,0,0
2745,12,3*3*5*61,3*3*5*61,0,0,0,0
2746,12,2*1373,2*1373,14,12,14,0
2747,12,41*67,41*67,18,15,20,2
2748,12,2*2*3*229,2*2*3*229,0,0,0,0
2749,12,2749,2749,20,19,20,0
2750,12,2*5*5*5*11,2*5*5*5*11,0,0,0,0
2751,12,3*7*131,3*7*131,0,0,0,0
2752,12,2*2*2*2*2*2*43,2*2*2*2*2*2*43,0,0,0,0
2753,12,2753,2753,20,19,20,0
2754,12,2*3*3*3*3*17,2*3*3*3*3*17,0,0,0,0
2755,12,5*19*29,5*19*29,3,3,6,0
2756,12,2*2*13*53,2*2*13*53,0,0,0,0
2757,12,3*919,3*919,11,8,11,0
2758,12,2*7*197,2*7*197,0,0,0,0
2759,12,31*89,31*89,12,9,20,1
2760,12,2*2*2*3*5*23,2*2*2*3*5*23,0,0,0,0
2761,12,11*251,11*251,0,0,0,0
2762,12,2*1381,2*1381,14,12,14,0
2763,12,3*3*307,3*3*307,2,2,2,0
2764,12,2*2*691,2*2*691,9,6,9,0
2765,12,5*7*79,5*7*79,0,0,0,0
2766,12,2*3*461,2*3*461,5,4,5,0
2767,12,2767,2767,20,19,20,0
2768,12,2*2*2*2*173,2*2*2*2*173,0,0,0,0
2769,12,3*13*71,3*13*71,0,0,0,0
2770,12,2*5*277,2*5*277,0,0,0,0
2771,12,17*163,17*163,1,1,20,0
2772,12,2*2*3*3*7*11,2*2*3*3*7*11,0,0,0,0
2773,12,47*59,47*59,19,18,20,1
2774,12,2*19*73,2*19*73,3,3,14,0
2775,12,3*5*5*37,3*5*5*37,0,0,0,0
2776,12,2*2*2*347,2*2*2*347,2,2,2,0
2777,12,2777,2777,20,19,20,0
2778,12,2*3*463,2*3*463,5,4,5,0
2779,12,7*397,7*397,3,3,3,0
2780,12,2*2*5*139,2*2*5*139,0,0,0,0
2781,12,3*3*3*103,3*3*3*103,0,0,0,0
2782,12,2*13*107,2*13*107,0,0,0,0
2783,12,11*11*23,11*11*23,0,0,0,0
2784,12,2*2*2*2*2*3*29,2*2*2*2*2*3*29,0,0,0,0
2785,12,5*557,5*557,6,5,6,0
2786,12,2*7*199,2*7*199,0,0,0,0
2787,12,3*929,3*929,11,8,11,0
2788,12,2*2*17*41,2*2*17*41,1,1,9,0
2789,12,2789,2789,20,19,20,0
2790,12,2*3*3*5*31,2*3*3*5*31,0,0,0,0
2791,12,2791,2791,20,19,20,0
2792,12,2*2*2*349,2*2*2*349,2,2,2,0
2793,12,3*7*7*19,3*7*7*19,0,0,0,0
2794,12,2*11*127,2*11*127,0,0,0,0
2795,12,5*13*43,5*13*43,0,0,0,0
2796,12,2*2*3*233,2*2*3*233,0,0,0,0
2797,12,2797,2797,20,19,20,0
2798,12,2*1399,2*1399,14,12,14,0
2799,12,3*3*311,3*3*311,2,2,2,0
2800,12,2*2*2*2*5*5*7,2*2*2*2*5*5*7,0,0,0,0
2801,12,2801,2801,20,19,20,0
2802,12,2*3*467,2*3*467,5,4,5,0
2803,12,2803,2803,20,19,20,0
2804,12,2*2*701,2*2*701,9,6,9,0
2805,12,3*5*11*17,3*5*11*17,0,0,0,0
2806,12,2*23*61,2*23*61,7,5,14,1
2807,12,7*401,7*401,4,3,4,0
2808,12,2*2*2*3*3*3*13,2*2*2*3*3*3*13,0,0,0,0
2809,12,53*53,53*53,21,21,20,1
2810,12,2*5*281,2*5*281,0,0,0,0
2811,12,3*937,3*937,11,8,11,0
2812,12,2*2*19*37,2*2*19*37,3,3,9,0
2813,12,29*97,29*97,11,8,20,1
2814,12,2*3*7*67,2*3*7*67,0,0,0,0
2815,12,5*563,5*563,6,5,6,0
2816,12,2*2*2*2*2*2*2*2*11,2*2*2*2*2*2*2*2*11,0,0,0,0
2817,12,3*3*313,3*3*313,2,2,2,0
2818,12,2*1409,2*1409,14,12,14,0
2819,12,2819,2819,20,20,20,0
2820,12,2*2*3*5*47,2*2*3*5*47,0,0,0,0
2821,12,7*13*31,7*13*31,0,0,0,0
2822,12,2*17*83,2*17*83,1,1,14,0
2823,12,3*941,3*941,11,8,11,0
2824,12,2*2*2*353,2*2*2*353,2,2,2,0
2825,12,5*5*113,5*5*113,0,0,0,0
2826,12,2*3*3*157,2*3*3*157,0,0,0,0
2827,12,11*257,11*257,0,0,0,0
2828,12,2*2*7*101,2*2*7*101,0,0,0,0
2829,12,3*23*41,3*23*41,7,5,11,1
2830,12,2*5*283,2*5*283,0,0,0,0
2831,12,19*149,19*149,3,3,20,0
2832,12,2*2*2*2*3*59,2*2*2*2*3*59,0,0,0,0
2833,12,2833,2833,20,20,20,0
2834,12,2*13*109,2*13*109,0,0,0,0
2835,12,3*3*3*3*5*7,3*3*3*3*5*7,0,0,0,0
2836,12,2*2*709,2*2*709,9,6,9,0
2837,12,2837,2837,20,20,20,0
2838,12,2*3*11*43,2*3*11*43,0,0,0,0
2839,12,17*167,17*167,1,1,20,0
2840,12,2*2*2*5*71,2*2*2*5*71,0,0,0,0
2841,12,3*947,3*947,11,8,11,0
2842,12,2*7*7*29,2*7*7*29,0,0,0,0
2843,12,2843,2843,20,20,20,0
2844,12,2*2*3*3*79,2*2*3*3*79,0,0,0,0
2845,12,5*569,5*569,6,5,6,0
2846,12,2*1423,2*1423,14,12,14,0
2847,12,3*13*73,3*13*73,0,0,0,0
2848,12,2*2*2*2*2*89,2*2*2*2*2*89,0,0,0,0
2849,12,7*11*37,7*11*37,0,0,0,0
2850,12,2*3*5*5*19,2*3*5*5*19,0,0,0,0
2851,12,2851,2851,20,20,20,0
2852,12,2*2*23*31,2*2*23*31,7,5,9,1
2853,12,3*3*317,3*3*317,2,2,2,0
2854,12,2*1427,2*1427,14,12,14,0
2855,12,5*571,5*571,6,5,6,0
2856,12,2*2*2*3*7*17,2*2*2*3*7*17,0,0,0,0
2857,12,2857,2857,20,20,20,0
2858,12,2*1429,2*1429,14,12,14,0
2859,12,3*953,3*953,11,8,11,0
2860,12,2*2*5*11*13,2*2*5*11*13,0,0,0,0
2861,12,2861,2861,20,20,20,0
2862,12,2*3*3*3*53,2*3*3*3*53,0,0,0,0
2863,12,7*409,7*409,4,3,4,0
2864,12,2*2*2*2*179,2*2*2*2*179,0,0,0,0
2865,12,3*5*191,3*5*191,0,0,0,0
2866,12,2*1433,2*1433,14,12,14,0
2867,12,47*61,47*61,19,18,20,1
2868,12,2*2*3*239,2*2*3*239,0,0,0,0
2869,12,19*151,19*151,3,3,20,0
2870,12,2*5*7*41,2*5*7*41,0,0,0,0
2871,12,3*3*11*29,3*3*11*29,0,0,0,0
2872,12,2*2*2*359,2*2*2*359,2,2,2,0
2873,12,13*13*17,13*13*17,0,0,0,0
2874,12,2*3*479,2*3*479,5,4,5,0
2875,12,5*5*5*23,5*5*5*23,0,0,0,0
2876,12,2*2*719,2*2*719,9,6,9,0
2877,12,3*7*137,3*7*137,0,0,0,0
2878,12,2*1439,2*1439,14,12,14,0
2879,12,2879,2879,20,20,20,0
2880,12,2*2*2*2*2*2*3*3*5,2*2*2*2*2*2*3*3*5,0,0,0,0
2881,12,43*67,43*67,18,16,20,1
2882,12,2*11*131,2*11*131,0,0,0,0
2883,12,3*31*31,3*31*31,12,9,11,1
2884,12,2*2*7*103,2*2*7*103,0,0,0,0
2885,12,5*577,5*577,7,5,7,0
2886,12,2*3*13*37,2*3*13*37,0,0,0,0
2887,12,2887,2887,20,20,20,0
2888,12,2*2*2*19*19,2*2*2*19*19,3,3,3,0
2889,12,3*3*3*107,3*3*3*107,0,0,0,0
2890,12,2*5*17*17,2*5*17*17,1,1,2,0
2891,12,7*7*59,7*7*59,0,0,0,0
2892,12,2*2*3*241,2*2*3*241,0,0,0,0
2893,12,11*263,11*263,0,0,0,0
2894,12,2*1447,2*1447,15,12,15,0
2895,12,3*5*193,3*5*193,0,0,0,0
2896,12,2*2*2*2*181,2*2*2*2*181,0,0,0,0
2897,12,2897,2897,20,20,20,0
2898,12,2*3*3*7*23,2*3*3*7*23,0,0,0,0
2899,12,13*223,13*223,0,0,0,0
2900,12,2*2*5*5*29,2*2*5*5*29,0,0,0,0
2901,12,3*967,3*967,11,9,11,0
2902,12,2*1451,2*1451,15,12,15,0
2903,12,2903,2903,20,20,20,0
2904,12,2*2*2*3*11*11,2*2*2*3*11*11,0,0,0,0
2905,12,5*7*83,5*7*83,0,0,0,0
2906,12,2*1453,2*1453,15,12,15,0
2907,12,3*3*17*19,3*3*17*19,1,1,2,0
2908,12,2*2*727,2*2*727,9,6,9,0
2909,12,2909,2909,20,20,20,0
2910,12,2*3*5*97,2*3*5*97,0,0,0,0
2911,12,41*71,41*71,18,15,20,2
2912,12,2*2*2*2*2*7*13,2*2*2*2*2*7*13,0,0,0,0
2913,12,3*971,3*971,11,9,11,0
2914,12,2*31*47,2*31*47,12,9,15,1
2915,12,5*11*53,5*11*53,0,0,0,0
2916,12,2*2*3*3*3*3*3*3,2*2*3*3*3*3*3*3,0,0,0,0
2917,12,2917,2917,21,20,21,0
2918,12,2*1459,2*1459,15,12,15,0
2919,12,3*7*139,3*7*139,0,0,0,0
2920,12,2*2*2*5*73,2*2*2*5*73,0,0,0,0
2921,12,23*127,23*127,7,5,21,1
2922,12,2*3*487,2*3*487,6,4,6,0
2923,12,37*79,37*79,15,12,21,1
2924,12,2*2*17*43,2*2*17*43,1,1,9,0
2925,12,3*3*5*5*13,3*3*5*5*13,0,0,0,0
2926,12,2*7*11*19,2*7*11*19,0,0,0,0
2927,12,2927,2927,21,20,21,0
2928,12,2*2*2*2*3*61,2*2*2*2*3*61,0,0,0,0
2929,12,29*101,29*101,11,8,21,1
2930,12,2*5*293,2*5*293,2,2,2,0
2931,12,3*977,3*977,11,9,11,0
2932,12,2*2*733,2*2*733,9,7,9,0
2933,12,7*419,7*419,4,3,4,0
2934,12,2*3*3*163,2*3*3*163,0,0,0,0
2935,12,5*587,5*587,7,5,7,0
2936,12,2*2*2*367,2*2*2*367,3,3,3,0
2937,12,3*11*89,3*11*89,0,0,0,0
2938,12,2*13*113,2*13*113,0,0,0,0
2939,12,2939,2939,21,20,21,0
2940,12,2*2*3*5*7*7,2*2*3*5*7*7,0,0,0,0
2941,12,17*173,17*173,1,1,21,0
2942,12,2*1471,2*1471,15,12,15,0
2943,12,3*3*3*109,3*3*3*109,0,0,0,0
2944,12,2*2*2*2*2*2*2*23,2*2*2*2*2*2*2*23,0,0,0,0
2945,12,5*19*31,5*19*31,3,3,7,0
2946,12,2*3*491,2*3*491,6,4,6,0
2947,12,7*421,7*421,4,3,4,0
2948,12,2*2*11*67,2*2*11*67,0,0,0,0
2949,12,3*983,3*983,11,9,11,0
2950,12,2*5*5*59,2*5*5*59,0,0,0,0
2951,12,13*227,13*227,0,0,0,0
2952,12,2*2*2*3*3*41,2*2*2*3*3*41,0,0,0,0
2953,12,2953,2953,21,20,21,0
2954,12,2*7*211,2*7*211,0,0,0,0
2955,12,3*5*197,3*5*197,0,0,0,0
2956,12,2*2*739,2*2*739,9,7,9,0
2957,12,2957,2957,21,20,21,0
2958,12,2*3*17*29,2*3*17*29,1,1,6,0
2959,12,11*269,11*269,0,0,0,0
2960,12,2*2*2*2*5*37,2*2*2*2*5*37,0,0,0,0
2961,12,3*3*7*47,3*3*7*47,0,0,0,0
2962,12,2*1481,2*1481,15,12,15,0
2963,12,2963,2963,21,20,21,0
2964,12,2*2*3*13*19,2*2*3*13*19,0,0,0,0
2965,12,5*593,5*593,7,5,7,0
2966,12,2*1483,2*1483,15,12,15,0
2967,12,3*23*43,3*23*43,7,5,11,1
2968,12,2*2*2*7*53,2*2*2*7*53,0,0,0,0
2969,12,2969,2969,21,20,21,0
2970,12,2*3*3*3*5*11,2*3*3*3*5*11,0,0,0,0
2971,12,2971,2971,21,20,21,0
2972,12,2*2*743,2*2*743,9,7,9,0
2973,12,3*991,3*991,11,9,11,0
2974,12,2*1487,2*1487,15,12,15,0
2975,12,5*5*7*17,5*5*7*17,0,0,0,0
2976,12,2*2*2*2*2*3*31,2*2*2*2*2*3*31,0,0,0,0
2977,12,13*229,13*229,0,0,0,0
2978,12,2*1489,2*1489,15,12,15,0
2979,12,3*3*331,3*3*331,2,2,2,0
2980,12,2*2*5*149,2*2*5*149,0,0,0,0
2981,12,11*271,11*271,0,0,0,0
2982,12,2*3*7*71,2*3*7*71,0,0,0,0
2983,12,19*157,19*157,3,3,21,0
2984,12,2*2*2*373,2*2*2*373,3,3,3,0
2985,12,3*5*199,3*5*199,0,0,0,0
2986,12,2*1493,2*1493,15,12,15,0
2987,12,29*103,29*103,11,8,21,1
2988,12,2*2*3*3*83,2*2*3*3*83,0,0,0,0
2989,12,7*7*61,7*7*61,0,0,0,0
2990,12,2*5*13*23,2*5*13*23,0,0,0,0
2991,12,3*997,3*997,11,9,11,0
2992,12,2*2*2*2*11*17,2*2*2*2*11*17,0,0,0,0
2993,12,41*73,41*73,18,15,21,2
2994,12,2*3*499,2*3*499,6,4,6,0
2995,12,5*599,5*599,7,5,7,0
2996,12,2*2*7*107,2*2*7*107,0,0,0,0
2997,12,3*3*3*3*37,3*3*3*3*37,0,0,0,0
2998,12,2*1499,2*1499,15,12,15,0
2999,12,2999,2999,21,20,21,0
3000,12,2*2*2*3*5*5*5,2*2*2*3*5*5*5,0,0,0,0
3001,12,3001,3001,21,20,21,0
3002,12,2*19*79,2*19*79,3,3,15,0
3003,12,3*7*11*13,3*7*11*13,0,0,0,0
3004,12,2*2*751,2*2*751,9,7,9,0
3005,12,5*601,5*601,7,5,7,0
3006,12,2*3*3*167,2*3*3*167,0,0,0,0
3007,12,31*97,31*97,12,9,21,1
3008,12,2*2*2*2*2*2*47,2*2*2*2*2*2*47,0,0,0,0
3009,12,3*17*59,3*17*59,1,1,11,0
3010,12,2*5*7*43,2*5*7*43,0,0,0,0
3011,12,3011,3011,21,20,21,0
3012,12,2*2*3*251,2*2*3*251,0,0,0,0
3013,12,23*131,23*131,7,5,21,1
3014,12,2*11*137,2*11*137,0,0,0,0
3015,12,3*3*5*67,3*3*5*67,0,0,0,0
3016,12,2*2*2*13*29,2*2*2*13*29,0,0,0,0
3017,12,7*431,7*431,4,3,4,0
3018,12,2*3*503,2*3*503,6,4,6,0
3019,12,3019,3019,21,20,21,0
3020,12,2*2*5*151,2*2*5*151,0,0,0,0
3021,12,3*19*53,3*19*53,3,3,11,0
3022,12,2*1511,2*1511,15,12,15,0
3023,12,3023,3023,21,20,21,0
3024,12,2*2*2*2*3*3*3*7,2*2*2*2*3*3*3*7,0,0,0,0
3025,12,5*5*11*11,5*5*11*11,0,0,0,0
3026,12,2*17*89,2*17*89,1,1,15,0
3027,12,3*1009,3*1009,11,9,11,0
3028,12,2*2*757,2*2*757,9,7,9,0
3029,12,13*233,13*233,0,0,0,0
3030,12,2*3*5*101,2*3*5*101,0,0,0,0
3031,12,7*433,7*433,4,3,4,0
3032,12,2*2*2*379,2*2*2*379,3,3,3,0
3033,12,3*3*337,3*3*337,2,2,2,0
3034,12,2*37*41,2*37*41,15,12,15,1
3035,12,5*607,5*607,7,5,7,0
3036,12,2*2*3*11*23,2*2*3*11*23,0,0,0,0
3037,12,3037,3037,21,21,21,0
3038,12,2*7*7*31,2*7*7*31,0,0,0,0
3039,12,3*1013,3*1013,11,9,11,0
3040,12,2*2*2*2*2*5*19,2*2*2*2*2*5*19,0,0,0,0
3041,12,3041,3041,21,21,21,0
3042,12,2*3*3*13*13,2*3*3*13*13,0,0,0,0
3043,12,17*179,17*179,1,1,21,0
3044,12,2*2*761,2*2*761,9,7,9,0
3045,12,3*5*7*29,3*5*7*29,0,0,0,0
3046,12,2*1523,2*1523,15,13,15,0
3047,12,11*277,11*277,0,0,0,0
3048,12,2*2*2*3*127,2*2*2*3*127,0,0,0,0
3049,12,3049,3049,21,21,21,0
3050,12,2*5*5*61,2*5*5*61,0,0,0,0
3051,12,3*3*3*113,3*3*3*113,0,0,0,0
3052,12,2*2*7*109,2*2*7*109,0,0,0,0
3053,12,43*71,43*71,18,16,21,1
3054,12,2*3*509,2*3*509,6,4,6,0
3055,12,5*13*47,5*13*47,0,0,0,0
3056,12,2*2*2*2*191,2*2*2*2*191,0,0,0,0
3057,12,3*1019,3*1019,11,9,11,0
3058,12,2*11*139,2*11*139,0,0,0,0
3059,12,7*19*23,7*19*23,3,3,4,0
3060,12,2*2*3*3*5*17,2*2*3*3*5*17,0,0,0,0
3061,12,3061,3061,21,21,21,0
3062,12,2*1531,2*1531,15,13,15,0
3063,12,3*1021,3*1021,11,9,11,0
3064,12,2*2*2*383,2*2*2*383,3,3,3,0
3065,12,5*613,5*613,7,5,7,0
3066,12,2*3*7*73,2*3*7*73,0,0,0,0
3067,12,3067,3067,21,21,21,0
3068,12,2*2*13*59,2*2*13*59,0,0,0,0
3069,12,3*3*11*31,3*3*11*31,0,0,0,0
3070,12,2*5*307,2*5*307,2,2,2,0
3071,12,37*83,37*83,15,12,21,1
3072,12,2*2*2*2*2*2*2*2*2*2*3,2*2*2*2*2*2*2*2*2*2*3,0,0,0,0
3073,12,7*439,7*439,4,3,4,0
3074,12,2*29*53,2*29*53,11,8,15,1
3075,12,3*5*5*41,3*5*5*41,0,0,0,0
3076,12,2*2*769,2*2*769,9,7,9,0
3077,12,17*181,17*181,1,1,21,0
3078,12,2*3*3*3*3*19,2*3*3*3*3*19,0,0,0,0
3079,12,3079,3079,21,21,21,0
3080,12,2*2*2*5*7*11,2*2*2*5*7*11,0,0,0,0
3081,12,3*13*79,3*13*79,0,0,0,0
3082,12,2*23*67,2*23*67,7,5,15,1
3083,12,3083,3083,21,21,21,0
3084,12,2*2*3*257,2*2*3*257,0,0,0,0
3085,12,5*617,5*617,7,5,7,0
3086,12,2*1543,2*1543,15,13,15,0
3087,12,3*3*7*7*7,3*3*7*7*7,0,0,0,0
3088,12,2*2*2*2*193,2*2*2*2*193,0,0,0,0
3089,12,3089,3089,21,21,21,0
3090,12,2*3*5*103,2*3*5*103,0,0,0,0
3091,12,11*281,11*281,0,0,0,0
3092,12,2*2*773,2*2*773,9,7,9,0
3093,12,3*1031,3*1031,12,9,12,0
3094,12,2*7*13*17,2*7*13*17,0,0,0,0
3095,12,5*619,5*619,7,5,7,0
3096,12,2*2*2*3*3*43,2*2*2*3*3*43,0,0,0,0
3097,12,19*163,19*163,3,3,21,0
3098,12,2*1549,2*1549,15,13,15,0
3099,12,3*1033,3*1033,12,9,12,0
3100,12,2*2*5*5*31,2*2*5*5*31,0,0,0,0
3101,12,7*443,7*443,5,4,5,0
3102,12,2*3*11*47,2*3*11*47,0,0,0,0
3103,12,29*107,29*107,11,8,21,1
3104,12,2*2*2*2*2*97,2*2*2*2*2*97,0,0,0,0
3105,12,3*3*3*5*23,3*3*3*5*23,0,0,0,0
3106,12,2*1553,2*1553,15,13,15,0
3107,12,13*239,13*239,0,0,0,0
3108,12,2*2*3*7*37,2*2*3*7*37,0,0,0,0
3109,12,3109,3109,21,21,21,0
3110,12,2*5*311,2*5*311,2,2,2,0
3111,12,3*17*61,3*17*61,1,1,12,0
3112,12,2*2*2*389,2*2*2*389,3,3,3,0
3113,12,11*283,11*283,0,0,0,0
3114,12,2*3*3*173,2*3*3*173,0,0,0,0
3115,12,5*7*89,5*7*89,0,0,0,0
3116,12,2*2*19*41,2*2*19*41,3,3,9,0
3117,12,3*1039,3*1039,12,9,12,0
3118,12,2*1559,2*1559,15,13,15,0
3119,12,3119,3119,21,21,21,0
3120,12,2*2*2*2*3*5*13,2*2*2*2*3*5*13,0,0,0,0
3121,12,3121,3121,21,21,21,0
3122,12,2*7*223,2*7*223,0,0,0,0
3123,12,3*3*347,3*3*347,2,2,2,0
3124,12,2*2*11*71,2*2*11*71,0,0,0,0
3125,12,5*5*5*5*5,5*5*5*5*5,0,0,0,0
3126,12,2*3*521,2*3*521,6,4,6,0
3127,12,53*59,53*59,21,21,21,1
3128,12,2*2*2*17*23,2*2*2*17*23,1,1,3,0
3129,12,3*7*149,3*7*149,0,0,0,0
3130,12,2*5*313,2*5*313,2,2,2,0
3131,12,31*101,31*101,12,9,21,1
3132,12,2*2*3*3*3*29,2*2*3*3*3*29,0,0,0,0
3133,12,13*241,13*241,0,0,0,0
3134,12,2*1567,2*1567,15,13,15,0
3135,12,3*5*11*19,3*5*11*19,0,0,0,0
3136,12,2*2*2*2*2*2*7*7,2*2*2*2*2*2*7*7,0,0,0,0
3137,12,3137,3137,21,21,21,0
3138,12,2*3*523,2*3*523,6,4,6,0
3139,12,43*73,43*73,18,16,21,1
3140,12,2*2*5*157,2*2*5*157,0,0,0,0
3141,12,3*3*349,3*3*349,2,2,2,0
3142,12,2*1571,2*1571,15,13,15,0
3143,12,7*449,7*449,5,4,5,0
3144,12,2*2*2*3*131,2*2*2*3*131,0,0,0,0
3145,12,5*17*37,5*17*37,1,1,8,0
3146,12,2*11*11*13,2*11*11*13,0,0,0,0
3147,12,3*1049,3*1049,12,9,12,0
3148,12,2*2*787,2*2*787,10,7,10,0
3149,12,47*67,47*67,19,18,21,1
3150,12,2*3*3*5*5*7,2*3*3*5*5*7,0,0,0,0
3151,12,23*137,23*137,7,5,21,1
3152,12,2*2*2*2*197,2*2*2*2*197,0,0,0,0
3153,12,3*1051,3*1051,12,9,12,0
3154,12,2*19*83,2*19*83,3,3,15,0
3155,12,5*631,5*631,8,6,8,0
3156,12,2*2*3*263,2*2*3*263,0,0,0,0
3157,12,7*11*41,7*11*41,0,0,0,0
3158,12,2*1579,2*1579,15,13,15,0
3159,12,3*3*3*3*3*13,3*3*3*3*3*13,0,0,0,0
3160,12,2*2*2*5*79,2*2*2*5*79,0,0,0,0
3161,12,29*109,29*109,11,8,21,1
3162,12,2*3*17*31,2*3*17*31,1,1,6,0
3163,12,3163,3163,21,21,21,0
3164,12,2*2*7*113,2*2*7*113,0,0,0,0
3165,12,3*5*211,3*5*211,0,0,0,0
3166,12,2*1583,2*1583,15,13,15,0
3167,12,3167,3167,21,21,21,0
3168,12,2*2*2*2*2*3*3*11,2*2*2*2*2*3*3*11,0,0,0,0
3169,12,3169,3169,21,21,21,0
3170,12,2*5*317,2*5*317,2,2,2,0
3171,12,3*7*151,3*7*151,0,0,0,0
3172,12,2*2*13*61,2*2*13*61,0,0,0,0
3173,12,19*167,19*167,3,3,21,0
3174,12,2*3*23*23,2*3*23*23,7,5,6,1
3175,12,5*5*127,5*5*127,0,0,0,0
3176,12,2*2*2*397,2*2*2*397,3,3,3,0
3177,12,3*3*353,3*3*353,2,2,2,0
3178,12,2*7*227,2*7*227,0,0,0,0
3179,12,11*17*17,11*17*17,1,1,2,0
3180,12,2*2*3*5*53,2*2*3*5*53,0,0,0,0
3181,12,3181,3181,21,21,21,0
3182,12,2*37*43,2*37*43,15,12,15,1
3183,12,3*1061,3*1061,12,9,12,0
3184,12,2*2*2*2*199,2*2*2*2*199,0,0,0,0
3185,12,5*7*7*13,5*7*7*13,0,0,0,0
3186,12,2*3*3*3*59,2*3*3*3*59,0,0,0,0
3187,12,3187,3187,21,21,21,0
3188,12,2*2*797,2*2*797,10,7,10,0
3189,12,3*1063,3*1063,12,9,12,0
3190,12,2*5*11*29,2*5*11*29,0,0,0,0
3191,12,3191,3191,21,21,21,0
3192,12,2*2*2*3*7*19,2*2*2*3*7*19,0,0,0,0
3193,12,31*103,31*103,12,9,21,1
3194,12,2*1597,2*1597,15,13,15,0
3195,12,3*3*5*71,3*3*5*71,0,0,0,0
3196,12,2*2*17*47,2*2*17*47,1,1,10,0
3197,12,23*139,23*139,7,5,21,1
3198,12,2*3*13*41,2*3*13*41,0,0,0,0
3199,12,7*457,7*457,5,4,5,0
3200,12,2*2*2*2*2*2*2*5*5,2*2*2*2*2*2*2*5*5,0,0,0,0
3201,12,3*11*97,3*11*97,0,0,0,0
3202,12,2*1601,2*1601,16,13,16,0
3203,12,3203,3203,21,21,21,0
3204,12,2*2*3*3*89,2*2*3*3*89,0,0,0,0
3205,12,5*641,5*641,8,6,8,0
3206,12,2*7*229,2*7*229,0,0,0,0
3207,12,3*1069,3*1069,12,9,12,0
3208,12,2*2*2*401,2*2*2*401,4,3,4,0
3209,12,3209,3209,21,21,21,0
3210,12,2*3*5*107,2*3*5*107,0,0,0,0
3211,12,13*13*19,13*13*19,0,0,0,0
3212,12,2*2*11*73,2*2*11*73,0,0,0,0
3213,12,3*3*3*7*17,3*3*3*7*17,0,0,0,0
3214,12,2*1607,2*1607,16,13,16,0
3215,12,5*643,5*643,8,6,8,0
3216,12,2*2*2*2*3*67,2*2*2*2*3*67,0,0,0,0
3217,12,3217,3217,21,21,21,0
3218,12,2*1609,2*1609,16,13,16,0
3219,12,3*29*37,3*29*37,11,8,12,1
3220,12,2*2*5*7*23,2*2*5*7*23,0,0,0,0
3221,12,3221,3221,21,21,21,0
3222,12,2*3*3*179,2*3*3*179,0,0,0,0
3223,12,11*293,11*293,2,2,2,0
3224,12,2*2*2*13*31,2*2*2*13*31,0,0,0,0
3225,12,3*5*5*43,3*5*5*43,0,0,0,0
3226,12,2*1613,2*1613,16,13,16,0
3227,12,7*461,7*461,5,4,5,0
3228,12,2*2*3*269,2*2*3*269,0,0,0,0
3229,12,3229,3229,21,21,21,0
3230,12,2*5*17*19,2*5*17*19,1,1,2,0
3231,12,3*3*359,3*3*359,2,2,2,0
3232,12,2*2*2*2*2*101,2*2*2*2*2*101,0,0,0,0
3233,12,53*61,53*61,21,21,21,1
3234,12,2*3*7*7*11,2*3*7*7*11,0,0,0,0
3235,12,5*647,5*647,8,6,8,0
3236,12,2*2*809,2*2*809,10,7,10,0
3237,12,3*13*83,3*13*83,0,0,0,0
3238,12,2*1619,2*1619,16,13,16,0
3239,12,41*79,41*79,18,15,21,2
3240,12,2*2*2*3*3*3*3*5,2*2*2*3*3*3*3*5,0,0,0,0
3241,12,7*463,7*463,5,4,5,0
3242,12,2*1621,2*1621,16,13,16,0
3243,12,3*23*47,3*23*47,7,5,12,1
3244,12,2*2*811,2*2*811,10,7,10,0
3245,12,5*11*59,5*11*59,0,0,0,0
3246,12,2*3*541,2*3*541,6,5,6,0
3247,12,17*191,17*191,1,1,21,0
3248,12,2*2*2*2*7*29,2*2*2*2*7*29,0,0,0,0
3249,12,3*3*19*19,3*3*19*19,3,3,3,0
3250,12,2*5*5*5*13,2*5*5*5*13,0,0,0,0
3251,12,3251,3251,21,22,21,0
3252,12,2*2*3*271,2*2*3*271,0,0,0,0
3253,12,3253,3253,21,22,21,0
3254,12,2*1627,2*1627,16,13,16,0
3255,12,3*5*7*31,3*5*7*31,0,0,0,0
3256,12,2*2*2*11*37,2*2*2*11*37,0,0,0,0
3257,12,3257,3257,21,22,21,0
3258,12,2*3*3*181,2*3*3*181,0,0,0,0
3259,12,3259,3259,21,22,21,0
3260,12,2*2*5*163,2*2*5*163,0,0,0,0
3261,12,3*1087,3*1087,12,9,12,0
3262,12,2*7*233,2*7*233,0,0,0,0
3263,12,13*251,13*251,0,0,0,0
3264,12,2*2*2*2*2*2*3*17,2*2*2*2*2*2*3*17,0,0,0,0
3265,12,5*653,5*653,8,6,8,0
3266,12,2*23*71,2*23*71,7,5,16,1
3267,12,3*3*3*11*11,3*3*3*11*11,0,0,0,0
3268,12,2*2*19*43,2*2*19*43,3,3,10,0
3269,12,7*467,7*467,5,4,5,0
3270,12,2*3*5*109,2*3*5*109,0,0,0,0
3271,12,3271,3271,21,22,21,0
3272,12,2*2*2*409,2*2*2*409,4,3,4,0
3273,12,3*1091,3*1091,12,10,12,0
3274,12,2*1637,2*1637,16,13,16,0
3275,12,5*5*131,5*5*131,0,0,0,0
3276,12,2*2*3*3*7*13,2*2*3*3*7*13,0,0,0,0
3277,12,29*113,29*113,11,8,21,1
3278,12,2*11*149,2*11*149,0,0,0,0
3279,12,3*1093,3*1093,12,10,12,0
3280,12,2*2*2*2*5*41,2*2*2*2*5*41,0,0,0,0
3281,12,17*193,17*193,1,1,21,0
3282,12,2*3*547,2*3*547,6,5,6,0
3283,12,7*7*67,7*7*67,0,0,0,0
3284,12,2*2*821,2*2*821,10,7,10,0
3285,12,3*3*5*73,3*3*5*73,0,0,0,0
3286,12,2*31*53,2*31*53,12,9,16,1
3287,12,19*173,19*173,3,3,21,0
3288,12,2*2*2*3*137,2*2*2*3*137,0,0,0,0
3289,12,11*13*23,11*13*23,0,0,0,0
3290,12,2*5*7*47,2*5*7*47,0,0,0,0
3291,12,3*1097,3*1097,12,10,12,0
3292,12,2*2*823,2*2*823,10,7,10,0
3293,12,37*89,37*89,15,12,21,1
3294,12,2*3*3*3*61,2*3*3*3*61,0,0,0,0
3295,12,5*659,5*659,8,6,8,0
3296,12,2*2*2*2*2*103,2*2*2*2*2*103,0,0,0,0
3297,12,3*7*157,3*7*157,0,0,0,0
3298,12,2*17*97,2*17*97,1,1,16,0
3299,12,3299,3299,21,22,21,0
3300,12,2*2*3*5*5*11,2*2*3*5*5*11,0,0,0,0
3301,12,3301,3301,21,22,21,0
3302,12,2*13*127,2*13*127,0,0,0,0
3303,12,3*3*367,3*3*367,3,3,3,0
3304,12,2*2*2*7*59,2*2*2*7*59,0,0,0,0
3305,12,5*661,5*661,8,6,8,0
3306,12,2*3*19*29,2*3*19*29,3,3,6,0
3307,12,3307,3307,21,22,21,0
3308,12,2*2*827,2*2*827,10,7,10,0
3309,12,3*1103,3*1103,12,10,12,0
3310,12,2*5*331,2*5*331,2,2,2,0
3311,12,7*11*43,7*11*43,0,0,0,0
3312,12,2*2*2*2*3*3*23,2*2*2*2*3*3*23,0,0,0,0
3313,12,3313,3313,21,22,21,0
3314,12,2*1657,2*1657,16,13,16,0
3315,12,3*5*13*17,3*5*13*17,0,0,0,0
3316,12,2*2*829,2*2*829,10,7,10,0
3317,12,31*107,31*107,12,9,21,1
3318,12,2*3*7*79,2*3*7*79,0,0,0,0
3319,12,3319,3319,21,22,21,0
3320,12,2*2*2*5*83,2*2*2*5*83,0,0,0,0
3321,12,3*3*3*3*41,3*3*3*3*41,0,0,0,0
3322,12,2*11*151,2*11*151,0,0,0,0
3323,12,3323,3323,21,22,21,0
3324,12,2*2*3*277,2*2*3*277,0,0,0,0
3325,12,5*5*7*19,5*5*7*19,0,0,0,0
3326,12,2*1663,2*1663,16,13,16,0
3327,12,3*1109,3*1109,12,10,12,0
3328,12,2*2*2*2*2*2*2*2*13,2*2*2*2*2*2*2*2*13,0,0,0,0
3329,12,3329,3329,21,22,21,0
3330,12,2*3*3*5*37,2*3*3*5*37,0,0,0,0
3331,12,3331,3331,21,22,21,0
3332,12,2*2*7*7*17,2*2*7*7*17,0,0,0,0
3333,12,3*11*101,3*11*101,0,0,0,0
3334,12,2*1667,2*1667,16,13,16,0
3335,12,5*23*29,5*23*29,7,5,8,1
3336,12,2*2*2*3*139,2*2*2*3*139,0,0,0,0
3337,12,47*71,47*71,19,18,21,1
3338,12,2*1669,2*1669,16,13,16,0
3339,12,3*3*7*53,3*3*7*53,0,0,0,0
3340,12,2*2*5*167,2*2*5*167,0,0,0,0
3341,12,13*257,13*257,0,0,0,0
3342,12,2*3*557,2*3*557,6,5,6,0
3343,12,3343,3343,21,22,21,0
3344,12,2*2*2*2*11*19,2*2*2*2*11*19,0,0,0,0
3345,12,3*5*223,3*5*223,0,0,0,0
3346,12,2*7*239,2*7*239,0,0,0,0
3347,12,3347,3347,21,22,21,0
3348,12,2*2*3*3*3*31,2*2*3*3*3*31,0,0,0,0
3349,12,17*197,17*197,1,1,21,0
3350,12,2*5*5*67,2*5*5*67,0,0,0,0
3351,12,3*1117,3*1117,12,10,12,0
3352,12,2*2*2*419,2*2*2*419,4,3,4,0
3353,12,7*479,7*479,5,4,5,0
3354,12,2*3*13*43,2*3*13*43,0,0,0,0
3355,12,5*11*61,5*11*61,0,0,0,0
3356,12,2*2*839,2*2*839,10,7,10,0
3357,12,3*3*373,3*3*373,3,3,3,0
3358,12,2*23*73,2*23*73,7,5,16,1
3359,12,3359,3359,21,22,21,0
3360,12,2*2*2*2*2*3*5*7,2*2*2*2*2*3*5*7,0,0,0,0
3361,12,3361,3361,21,22,21,0
3362,12,2*41*41,2*41*41,17,14,16,1
3363,12,3*19*59,3*19*59,3,3,12,0
3364,12,2*2*29*29,2*2*29*29,11,8,10,1
3365,12,5*673,5*673,8,6,8,0
3366,12,2*3*3*11*17,2*3*3*11*17,0,0,0,0
3367,12,7*13*37,7*13*37,0,0,0,0
3368,12,2*2*2*421,2*2*2*421,4,3,4,0
3369,12,3*1123,3*1123,12,10,12,0
3370,12,2*5*337,2*5*337,2,2,2,0
3371,12,3371,3371,22,22,22,0
3372,12,2*2*3*281,2*2*3*281,0,0,0,0
3373,12,3373,3373,22,22,22,0
3374,12,2*7*241,2*7*241,0,0,0,0
3375,12,3*3*3*5*5*5,3*3*3*5*5*5,0,0,0,0
3376,12,2*2*2*2*211,2*2*2*2*211,0,0,0,0
3377,12,11*307,11*307,2,2,2,0
3378,12,2*3*563,2*3*563,6,5,6,0
3379,12,31*109,31*109,12,9,22,1
3380,12,2*2*5*13*13,2*2*5*13*13,0,0,0,0
3381,12,3*7*7*23,3*7*7*23,0,0,0,0
3382,12,2*19*89,2*19*89,3,3,16,0
3383,12,17*199,17*199,1,1,22,0
3384,12,2*2*2*3*3*47,2*2*2*3*3*47,0,0,0,0
3385,12,5*677,5*677,9,6,9,0
3386,12,2*1693,2*1693,16,14,16,0
3387,12,3*1129,3*1129,12,10,12,0
3388,12,2*2*7*11*11,2*2*7*11*11,0,0,0,0
3389,12,3389,3389,22,22,22,0
3390,12,2*3*5*113,2*3*5*113,0,0,0,0
3391,12,3391,3391,22,22,22,0
3392,12,2*2*2*2*2*2*53,2*2*2*2*2*2*53,0,0,0,0
3393,12,3*3*13*29,3*3*13*29,0,0,0,0
3394,12,2*1697,2*1697,16,14,16,0
3395,12,5*7*97,5*7*97,0,0,0,0
3396,12,2*2*3*283,2*2*3*283,0,0,0,0
3397,12,43*79,43*79,18,16,22,1
3398,12,2*1699,2*1699,16,14,16,0
3399,12,3*11*103,3*11*103,0,0,0,0
3400,12,2*2*2*5*5*17,2*2*2*5*5*17,0,0,0,0
3401,12,19*179,19*179,3,3,22,0
3402,12,2*3*3*3*3*3*7,2*3*3*3*3*3*7,0,0,0,0
3403,12,41*83,41*83,18,15,22,2
3404,12,2*2*23*37,2*2*23*37,7,5,10,1
3405,12,3*5*227,3*5*227,0,0,0,0
3406,12,2*13*131,2*13*131,0,0,0,0
3407,12,3407,3407,22,22,22,0
3408,12,2*2*2*2*3*71,2*2*2*2*3*71,0,0,0,0
3409,12,7*487,7*487,6,4,6,0
3410,12,2*5*11*31,2*5*11*31,0,0,0,0
3411,12,3*3*379,3*3*379,3,3,3,0
3412,12,2*2*853,2*2*853,10,8,10,0
3413,12,3413,3413,22,22,22,0
3414,12,2*3*569,2*3*569,6,5,6,0
3415,12,5*683,5*683,9,6,9,0
3416,12,2*2*2*7*61,2*2*2*7*61,0,0,0,0
3417,12,3*17*67,3*17*67,1,1,12,0
3418,12,2*1709,2*1709,16,14,16,0
3419,12,13*263,13*263,0,0,0,0
3420,12,2*2*3*3*5*19,2*2*3*3*5*19,0,0,0,0
3421,12,11*311,11*311,2,2,2,0
3422,12,2*29*59,2*29*59,11,8,16,1
3423,12,3*7*163,3*7*163,0,0,0,0
3424,12,2*2*2*2*2*107,2*2*2*2*2*107,0,0,0,0
3425,12,5*5*137,5*5*137,0,0,0,0
3426,12,2*3*571,2*3*571,6,5,6,0
3427,12,23*149,23*149,7,5,22,1
3428,12,2*2*857,2*2*857,10,8,10,0
3429,12,3*3*3*127,3*3*3*127,0,0,0,0
3430,12,2*5*7*7*7,2*5*7*7*7,0,0,0,0
3431,12,47*73,47*73,19,18,22,1
3432,12,2*2*2*3*11*13,2*2*2*3*11*13,0,0,0,0
3433,12,3433,3433,22,22,22,0
3434,12,2*17*101,2*17*101,1,1,16,0
3435,12,3*5*229,3*5*229,0,0,0,0
3436,12,2*2*859,2*2*859,10,8,10,0
3437,12,7*491,7*491,6,4,6,0
3438,12,2*3*3*191,2*3*3*191,0,0,0,0
3439,12,19*181,19*181,3,3,22,0
3440,12,2*2*2*2*5*43,2*2*2*2*5*43,0,0,0,0
3441,12,3*31*37,3*31*37,12,9,12,1
3442,12,2*1721,2*1721,16,14,16,0
3443,12,11*313,11*313,2,2,2,0
3444,12,2*2*3*7*41,2*2*3*7*41,0,0,0,0
3445,12,5*13*53,5*13*53,0,0,0,0
3446,12,2*1723,2*1723,16,14,16,0
3447,12,3*3*383,3*3*383,3,3,3,0
3448,12,2*2*2*431,2*2*2*431,4,3,4,0
3449,12,3449,3449,22,22,22,0
3450,12,2*3*5*5*23,2*3*5*5*23,0,0,0,0
3451,12,7*17*29,7*17*29,1,1,6,0
3452,12,2*2*863,2*2*863,10,8,10,0
3453,12,3*1151,3*1151,12,10,12,0
3454,12,2*11*157,2*11*157,0,0,0,0
3455,12,5*691,5*691,9,6,9,0
3456,12,2*2*2*2*2*2*2*3*3*3,2*2*2*2*2*2*2*3*3*3,0,0,0,0
3457,12,3457,3457,22,22,22,0
3458,12,2*7*13*19,2*7*13*19,0,0,0,0
3459,12,3*1153,3*1153,12,10,12,0
3460,12,2*2*5*173,2*2*5*173,0,0,0,0
3461,12,3461,3461,22,22,22,0
3462,12,2*3*577,2*3*577,7,5,7,0
3463,12,3463,3463,22,22,22,0
3464,12,2*2*2*433,2*2*2*433,4,3,4,0
3465,12,3*3*5*7*11,3*3*5*7*11,0,0,0,0
3466,12,2*1733,2*1733,16,14,16,0
3467,12,3467,3467,22,22,22,0
3468,12,2*2*3*17*17,2*2*3*17*17,1,1,2,0
3469,12,3469,3469,22,22,22,0
3470,12,2*5*347,2*5*347,2,2,2,0
3471,12,3*13*89,3*13*89,0,0,0,0
3472,12,2*2*2*2*7*31,2*2*2*2*7*31,0,0,0,0
3473,12,23*151,23*151,7,5,22,1
3474,12,2*3*3*193,2*3*3*193,0,0,0,0
3475,12,5*5*139,5*5*139,0,0,0,0
3476,12,2*2*11*79,2*2*11*79,0,0,0,0
3477,12,3*19*61,3*19*61,3,3,13,0
3478,12,2*37*47,2*37*47,15,12,16,1
3479,12,7*7*71,7*7*71,0,0,0,0
3480,12,2*2*2*3*5*29,2*2*2*3*5*29,0,0,0,0
3481,12,59*59,59*59,23,23,22,1
3482,12,2*1741,2*1741,16,14,16,0
3483,12,3*3*3*3*43,3*3*3*3*43,0,0,0,0
3484,12,2*2*13*67,2*2*13*67,0,0,0,0
3485,12,5*17*41,5*17*41,1,1,9,0
3486,12,2*3*7*83,2*3*7*83,0,0,0,0
3487,12,11*317,11*317,2,2,2,0
3488,12,2*2*2*2*2*109,2*2*2*2*2*109,0,0,0,0
3489,12,3*1163,3*1163,13,10,13,0
3490,12,2*5*349,2*5*349,2,2,2,0
3491,12,3491,3491,22,23,22,0
3492,12,2*2*3*3*97,2*2*3*3*97,0,0,0,0
3493,12,7*499,7*499,6,4,6,0
3494,12,2*1747,2*1747,16,14,16,0
3495,12,3*5*233,3*5*233,0,0,0,0
3496,12,2*2*2*19*23,2*2*2*19*23,3,3,4,0
3497,12,13*269,13*269,0,0,0,0
3498,12,2*3*11*53,2*3*11*53,0,0,0,0
3499,12,3499,3499,22,23,22,0
3500,12,2*2*5*5*5*7,2*2*5*5*5*7,0,0,0,0
3501,12,3*3*389,3*3*389,3,3,3,0
3502,12,2*17*103,2*17*103,1,1,16,0
3503,12,31*113,31*113,12,9,22,1
3504,12,2*2*2*2*3*73,2*2*2*2*3*73,0,0,0,0
3505,12,5*701,5*701,9,6,9,0
3506,12,2*1753,2*1753,16,14,16,0
3507,12,3*7*167,3*7*167,0,0,0,0
3508,12,2*2*877,2*2*877,10,8,10,0
3509,12,11*11*29,11*11*29,0,0,0,0
3510,12,2*3*3*3*5*13,2*3*3*3*5*13,0,0,0,0
3511,12,3511,3511,22,23,22,0
3512,12,2*2*2*439,2*2*2*439,4,3,4,0
3513,12,3*1171,3*1171,13,10,13,0
3514,12,2*7*251,2*7*251,0,0,0,0
3515,12,5*19*37,5*19*37,3,3,9,0
3516,12,2*2*3*293,2*2*3*293,2,2,2,0
3517,12,3517,3517,22,23,22,0
3518,12,2*1759,2*1759,16,14,16,0
3519,12,3*3*17*23,3*3*17*23,1,1,3,0
3520,12,2*2*2*2*2*2*5*11,2*2*2*2*2*2*5*11,0,0,0,0
3521,12,7*503,7*503,6,4,6,0
3522,12,2*3*587,2*3*587,7,5,7,0
3523,12,13*271,13*271,0,0,0,0
3524,12,2*2*881,2*2*881,10,8,10,0
3525,12,3*5*5*47,3*5*5*47,0,0,0,0
3526,12,2*41*43,2*41*43,17,14,16,1
3527,12,3527,3527,22,23,22,0
3528,12,2*2*2*3*3*7*7,2*2*2*3*3*7*7,0,0,0,0
3529,12,3529,3529,22,23,22,0
3530,12,2*5*353,2*5*353,2,2,2,0
3531,12,3*11*107,3*11*107,0,0,0,0
3532,12,2*2*883,2*2*883,10,8,10,0
3533,12,3533,3533,22,23,22,0
3534,12,2*3*19*31,2*3*19*31,3,3,7,0
3535,12,5*7*101,5*7*101,0,0,0,0
3536,12,2*2*2*2*13*17,2*2*2*2*13*17,0,0,0,0
3537,12,3*3*3*131,3*3*3*131,0,0,0,0
3538,12,2*29*61,2*29*61,11,8,16,1
3539,12,3539,3539,22,23,22,0
3540,12,2*2*3*5*59,2*2*3*5*59,0,0,0,0
3541,12,3541,3541,22,23,22,0
3542,12,2*7*11*23,2*7*11*23,0,0,0,0
3543,12,3*1181,3*1181,13,10,13,0
3544,12,2*2*2*443,2*2*2*443,5,4,5,0
3545,12,5*709,5*709,9,6,9,0
3546,12,2*3*3*197,2*3*3*197,0,0,0,0
3547,12,3547,3547,22,23,22,0
3548,12,2*2*887,2*2*887,10,8,10,0
3549,12,3*7*13*13,3*7*13*13,0,0,0,0
3550,12,2*5*5*71,2*5*5*71,0,0,0,0
3551,12,53*67,53*67,21,21,22,1
3552,12,2*2*2*2*2*3*37,2*2*2*2*2*3*37,0,0,0,0
3553,12,11*17*19,11*17*19,1,1,2,0
3554,12,2*1777,2*1777,16,14,16,0
3555,12,3*3*5*79,3*3*5*79,0,0,0,0
3556,12,2*2*7*127,2*2*7*127,0,0,0,0
3557,12,3557,3557,22,23,22,0
3558,12,2*3*593,2*3*593,7,5,7,0
3559,12,3559,3559,22,23,22,0
3560,12,2*2*2*5*89,2*2*2*5*89,0,0,0,0
3561,12,3*1187,3*1187,13,10,13,0
3562,12,2*13*137,2*13*137,0,0,0,0
3563,12,7*509,7*509,6,4,6,0
3564,12,2*2*3*3*3*3*11,2*2*3*3*3*3*11,0,0,0,0
3565,12,5*23*31,5*23*31,7,5,9,1
3566,12,2*1783,2*1783,16,14,16,0
3567,12,3*29*41,3*29*41,11,8,13,1
3568,12,2*2*2*2*223,2*2*2*2*223,0,0,0,0
3569,12,43*83,43*83,18,16,22,1
3570,12,2*3*5*7*17,2*3*5*7*17,0,0,0,0
3571,12,3571,3571,22,23,22,0
3572,12,2*2*19*47,2*2*19*47,3,3,10,0
3573,12,3*3*397,3*3*397,3,3,3,0
3574,12,2*1787,2*1787,16,14,16,0
3575,12,5*5*11*13,5*5*11*13,0,0,0,0
3576,12,2*2*2*3*149,2*2*2*3*149,0,0,0,0
3577,12,7*7*73,7*7*73,0,0,0,0
3578,12,2*1789,2*1789,16,14,16,0
3579,12,3*1193,3*1193,13,10,13,0
3580,12,2*2*5*179,2*2*5*179,0,0,0,0
3581,12,3581,3581,22,23,22,0
3582,12,2*3*3*199,2*3*3*199,0,0,0,0
3583,12,3583,3583,22,23,22,0
3584,12,2*2*2*2*2*2*2*2*2*7,2*2*2*2*2*2*2*2*2*7,0,0,0,0
3585,12,3*5*239,3*5*239,0,0,0,0
3586,12,2*11*163,2*11*163,0,0,0,0
3587,12,17*211,17*211,1,1,22,0
3588,12,2*2*3*13*23,2*2*3*13*23,0,0,0,0
3589,12,37*97,37*97,15,12,22,1
3590,12,2*5*359,2*5*359,2,2,2,0
3591,12,3*3*3*7*19,3*3*3*7*19,0,0,0,0
3592,12,2*2*2*449,2*2*2*449,5,4,5,0
3593,12,3593,3593,22,23,22,0
3594,12,2*3*599,2*3*599,7,5,7,0
3595,12,5*719,5*719,9,6,9,0
3596,12,2*2*29*31,2*2*29*31,11,8,10,1
3597,12,3*11*109,3*11*109,0,0,0,0
3598,12,2*7*257,2*7*257,0,0,0,0
3599,12,59*61,59*61,23,23,22,1
3600,12,2*2*2*2*3*3*5*5,2*2*2*2*3*3*5*5,0,0,0,0
3601,12,13*277,13*277,0,0,0,0
3602,12,2*1801,2*1801,16,14,16,0
3603,12,3*1201,3*1201,13,10,13,0
3604,12,2*2*17*53,2*2*17*53,1,1,11,0
3605,12,5*7*103,5*7*103,0,0,0,0
3606,12,2*3*601,2*3*601,7,5,7,0
3607,12,3607,3607,22,23,22,0
3608,12,2*2*2*11*41,2*2*2*11*41,0,0,0,0
3609,12,3*3*401,3*3*401,4,3,4,0
3610,12,2*5*19*19,2*5*19*19,3,3,3,0
3611,12,23*157,23*157,7,5,22,1
3612,12,2*2*3*7*43,2*2*3*7*43,0,0,0,0
3613,12,3613,3613,22,23,22,0
3614,12,2*13*139,2*13*139,0,0,0,0
3615,12,3*5*241,3*5*241,0,0,0,0
3616,12,2*2*2*2*2*113,2*2*2*2*2*113,0,0,0,0
3617,12,3617,3617,22,23,22,0
3618,12,2*3*3*3*67,2*3*3*3*67,0,0,0,0
3619,12,7*11*47,7*11*47,0,0,0,0
3620,12,2*2*5*181,2*2*5*181,0,0,0,0
3621,12,3*17*71,3*17*71,1,1,13,0
3622,12,2*1811,2*1811,16,14,16,0
3623,12,3623,3623,22,23,22,0
3624,12,2*2*2*3*151,2*2*2*3*151,0,0,0,0
3625,12,5*5*5*29,5*5*5*29,0,0,0,0
3626,12,2*7*7*37,2*7*7*37,0,0,0,0
3627,12,3*3*13*31,3*3*13*31,0,0,0,0
3628,12,2*2*907,2*2*907,11,8,11,0
3629,12,19*191,19*191,3,3,22,0
3630,12,2*3*5*11*11,2*3*5*11*11,0,0,0,0
3631,12,3631,3631,22,23,22,0
3632,12,2*2*2*2*227,2*2*2*2*227,0,0,0,0
3633,12,3*7*173,3*7*173,0,0,0,0
3634,12,2*23*79,2*23*79,7,5,16,1
3635,12,5*727,5*727,9,6,9,0
3636,12,2*2*3*3*101,2*2*3*3*101,0,0,0,0
3637,12,3637,3637,22,23,22,0
3638,12,2*17*107,2*17*107,1,1,16,0
3639,12,3*1213,3*1213,13,10,13,0
3640,12,2*2*2*5*7*13,2*2*2*5*7*13,0,0,0,0
3641,12,11*331,11*331,2,2,2,0
3642,12,2*3*607,2*3*607,7,5,7,0
3643,12,3643,3643,22,23,22,0
3644,12,2*2*911,2*2*911,11,8,11,0
3645,12,3*3*3*3*3*3*5,3*3*3*3*3*3*5,0,0,0,0
3646,12,2*1823,2*1823,16,14,16,0
3647,12,7*521,7*521,6,4,6,0
3648,12,2*2*2*2*2*2*3*19,2*2*2*2*2*2*3*19,0,0,0,0
3649,12,41*89,41*89,18,15,22,2
3650,12,2*5*5*73,2*5*5*73,0,0,0,0
3651,12,3*1217,3*1217,13,10,13,0
3652,12,2*2*11*83,2*2*11*83,0,0,0,0
3653,12,13*281,13*281,0,0,0,0
3654,12,2*3*3*7*29,2*3*3*7*29,0,0,0,0
3655,12,5*17*43,5*17*43,1,1,9,0
3656,12,2*2*2*457,2*2*2*457,5,4,5,0
3657,12,3*23*53,3*23*53,7,5,13,1
3658,12,2*31*59,2*31*59,12,9,16,1
3659,12,3659,3659,22,23,22,0
3660,12,2*2*3*5*61,2*2*3*5*61,0,0,0,0
3661,12,7*523,7*523,6,4,6,0
3662,12,2*1831,2*1831,16,14,16,0
3663,12,3*3*11*37,3*3*11*37,0,0,0,0
3664,12,2*2*2*2*229,2*2*2*2*229,0,0,0,0
3665,12,5*733,5*733,9,7,9,0
3666,12,2*3*13*47,2*3*13*47,0,0,0,0
3667,12,19*193,19*193,3,3,22,0
3668,12,2*2*7*131,2*2*7*131,0,0,0,0
3669,12,3*1223,3*1223,13,10,13,0
3670,12,2*5*367,2*5*367,3,3,3,0
3671,12,3671,3671,22,23,22,0
3672,12,2*2*2*3*3*3*17,2*2*2*3*3*3*17,0,0,0,0
3673,12,3673,3673,22,23,22,0
3674,12,2*11*167,2*11*167,0,0,0,0
3675,12,3*5*5*7*7,3*5*5*7*7,0,0,0,0
3676,12,2*2*919,2*2*919,11,8,11,0
3677,12,3677,3677,22,23,22,0
3678,12,2*3*613,2*3*613,7,5,7,0
3679,12,13*283,13*283,0,0,0,0
3680,12,2*2*2*2*2*5*23,2*2*2*2*2*5*23,0,0,0,0
3681,12,3*3*409,3*3*409,4,3,4,0
3682,12,2*7*263,2*7*263,0,0,0,0
3683,12,29*127,29*127,11,8,22,1
3684,12,2*2*3*307,2*2*3*307,2,2,2,0
3685,12,5*11*67,5*11*67,0,0,0,0
3686,12,2*19*97,2*19*97,3,3,16,0
3687,12,3*1229,3*1229,13,11,13,0
3688,12,2*2*2*461,2*2*2*461,5,4,5,0
3689,12,7*17*31,7*17*31,1,1,6,0
3690,12,2*3*3*5*41,2*3*3*5*41,0,0,0,0
3691,12,3691,3691,22,23,22,0
3692,12,2*2*13*71,2*2*13*71,0,0,0,0
3693,12,3*1231,3*1231,13,11,13,0
3694,12,2*1847,2*1847,16,14,16,0
3695,12,5*739,5*739,9,7,9,0
3696,12,2*2*2*2*3*7*11,2*2*2*2*3*7*11,0,0,0,0
3697,12,3697,3697,22,23,22,0
3698,12,2*43*43,2*43*43,17,15,17,0
3699,12,3*3*3*137,3*3*3*137,0,0,0,0
3700,12,2*2*5*5*37,2*2*5*5*37,0,0,0,0
3701,12,3701,3701,22,23,22,0
3702,12,2*3*617,2*3*617,7,5,7,0
3703,12,7*23*23,7*23*23,7,5,6,1
3704,12,2*2*2*463,2*2*2*463,5,4,5,0
3705,12,3*5*13*19,3*5*13*19,0,0,0,0
3706,12,2*17*109,2*17*109,1,1,17,0
3707,12,11*337,11*337,2,2,2,0
3708,12,2*2*3*3*103,2*2*3*3*103,0,0,0,0
3709,12,3709,3709,22,23,22,0
3710,12,2*5*7*53,2*5*7*53,0,0,0,0
3711,12,3*1237,3*1237,13,11,13,0
3712,12,2*2*2*2*2*2*2*29,2*2*2*2*2*2*2*29,0,0,0,0
3713,12,47*79,47*79,19,18,22,1
3714,12,2*3*619,2*3*619,7,5,7,0
3715,12,5*743,5*743,9,7,9,0
3716,12,2*2*929,2*2*929,11,8,11,0
3717,12,3*3*7*59,3*3*7*59,0,0,0,0
3718,12,2*11*13*13,2*11*13*13,0,0,0,0
3719,12,3719,3719,22,23,22,0
3720,12,2*2*2*3*5*31,2*2*2*3*5*31,0,0,0,0
3721,12,61*61,61*61,23,24,23,0
3722,12,2*1861,2*1861,17,15,17,0
3723,12,3*17*73,3*17*73,1,1,13,0
3724,12,2*2*7*7*19,2*2*7*7*19,0,0,0,0
3725,12,5*5*149,5*5*149,0,0,0,0
3726,12,2*3*3*3*3*23,2*3*3*3*3*23,0,0,0,0
3727,12,3727,3727,23,24,23,0
3728,12,2*2*2*2*233,2*2*2*2*233,0,0,0,0
3729,12,3*11*113,3*11*113,0,0,0,0
3730,12,2*5*373,2*5*373,3,3,3,0
3731,12,7*13*41,7*13*41,0,0,0,0
3732,12,2*2*3*311,2*2*3*311,2,2,2,0
3733,12,3733,3733,23,24,23,0
3734,12,2*1867,2*1867,17,15,17,0
3735,12,3*3*5*83,3*3*5*83,0,0,0,0
3736,12,2*2*2*467,2*2*2*467,5,4,5,0
3737,12,37*101,37*101,15,12,23,1
3738,12,2*3*7*89,2*3*7*89,0,0,0,0
3739,12,3739,3739,23,24,23,0
3740,12,2*2*5*11*17,2*2*5*11*17,0,0,0,0
3741,12,3*29*43,3*29*43,11,8,13,1
3742,12,2*1871,2*1871,17,15,17,0
3743,12,19*197,19*197,3,3,23,0
3744,12,2*2*2*2*2*3*3*13,2*2*2*2*2*3*3*13,0,0,0,0
3745,12,5*7*107,5*7*107,0,0,0,0
3746,12,2*1873,2*1873,17,15,17,0
3747,12,3*1249,3*1249,13,11,13,0
3748,12,2*2*937,2*2*937,11,8,11,0
3749,12,23*163,23*163,7,5,23,1
3750,12,2*3*5*5*5*5,2*3*5*5*5*5,0,0,0,0
3751,12,11*11*31,11*11*31,0,0,0,0
3752,12,2*2*2*7*67,2*2*2*7*67,0,0,0,0
3753,12,3*3*3*139,3*3*3*139,0,0,0,0
3754,12,2*1877,2*1877,17,15,17,0
3755,12,5*751,5*751,9,7,9,0
3756,12,2*2*3*313,2*2*3*313,2,2,2,0
3757,12,13*17*17,13*17*17,1,1,2,0
3758,12,2*1879,2*1879,17,15,17,0
3759,12,3*7*179,3*7*179,0,0,0,0
3760,12,2*2*2*2*5*47,2*2*2*2*5*47,0,0,0,0
3761,12,3761,3761,23,24,23,0
3762,12,2*3*3*11*19,2*3*3*11*19,0,0,0,0
3763,12,53*71,53*71,21,21,23,1
3764,12,2*2*941,2*2*941,11,8,11,0
3765,12,3*5*251,3*5*251,0,0,0,0
3766,12,2*7*269,2*7*269,0,0,0,0
3767,12,3767,3767,23,24,23,0
3768,12,2*2*2*3*157,2*2*2*3*157,0,0,0,0
3769,12,3769,3769,23,24,23,0
3770,12,2*5*13*29,2*5*13*29,0,0,0,0
3771,12,3*3*419,3*3*419,4,3,4,0
3772,12,2*2*23*41,2*2*23*41,7,5,11,1
3773,12,7*7*7*11,7*7*7*11,0,0,0,0
3774,12,2*3*17*37,2*3*17*37,1,1,8,0
3775,12,5*5*151,5*5*151,0,0,0,0
3776,12,2*2*2*2*2*2*59,2*2*2*2*2*2*59,0,0,0,0
3777,12,3*1259,3*1259,13,11,13,0
3778,12,2*1889,2*1889,17,15,17,0
3779,12,3779,3779,23,24,23,0
3780,12,2*2*3*3*3*5*7,2*2*3*3*3*5*7,0,0,0,0
3781,12,19*199,19*199,3,3,23,0
3782,12,2*31*61,2*31*61,12,9,17,1
3783,12,3*13*97,3*13*97,0,0,0,0
3784,12,2*2*2*11*43,2*2*2*11*43,0,0,0,0
3785,12,5*757,5*757,9,7,9,0
3786,12,2*3*631,2*3*631,8,6,8,0
3787,12,7*541,7*541,6,5,6,0
3788,12,2*2*947,2*2*947,11,8,11,0
3789,12,3*3*421,3*3*421,4,3,4,0
3790,12,2*5*379,2*5*379,3,3,3,0
3791,12,17*223,17*223,1,1,23,0
3792,12,2*2*2*2*3*79,2*2*2*2*3*79,0,0,0,0
3793,12,3793,3793,23,24,23,0
3794,12,2*7*271,2*7*271,0,0,0,0
3795,12,3*5*11*23,3*5*11*23,0,0,0,0
3796,12,2*2*13*73,2*2*13*73,0,0,0,0
3797,12,3797,3797,23,24,23,0
3798,12,2*3*3*211,2*3*3*211,0,0,0,0
3799,12,29*131,29*131,11,8,23,1
3800,12,2*2*2*5*5*19,2*2*2*5*5*19,0,0,0,0
3801,12,3*7*181,3*7*181,0,0,0,0
3802,12,2*1901,2*1901,17,15,17,0
3803,12,3803,3803,23,24,23,0
3804,12,2*2*3*317,2*2*3*317,2,2,2,0
3805,12,5*761,5*761,9,7,9,0
3806,12,2*11*173,2*11*173,0,0,0,0
3807,12,3*3*3*3*47,3*3*3*3*47,0,0,0,0
3808,12,2*2*2*2*2*7*17,2*2*2*2*2*7*17,0,0,0,0
3809,12,13*293,13*293,2,2,2,0
3810,12,2*3*5*127,2*3*5*127,0,0,0,0
3811,12,37*103,37*103,15,12,23,1
3812,12,2*2*953,2*2*953,11,8,11,0
3813,12,3*31*41,3*31*41,12,9,13,1
3814,12,2*1907,2*1907,17,15,17,0
3815,12,5*7*109,5*7*109,0,0,0,0
3816,12,2*2*2*3*3*53,2*2*2*3*3*53,0,0,0,0
3817,12,11*347,11*347,2,2,2,0
3818,12,2*23*83,2*23*83,7,5,17,1
3819,12,3*19*67,3*19*67,3,3,13,0
3820,12,2*2*5*191,2*2*5*191,0,0,0,0
3821,12,3821,3821,23,24,23,0
3822,12,2*3*7*7*13,2*3*7*7*13,0,0,0,0
3823,12,3823,3823,23,24,23,0
3824,12,2*2*2*2*239,2*2*2*2*239,0,0,0,0
3825,12,3*3*5*5*17,3*3*5*5*17,0,0,0,0
3826,12,2*1913,2*1913,17,15,17,0
3827,12,43*89,43*89,18,16,23,1
3828,12,2*2*3*11*29,2*2*3*11*29,0,0,0,0
3829,12,7*547,7*547,6,5,6,0
3830,12,2*5*383,2*5*383,3,3,3,0
3831,12,3*1277,3*1277,13,11,13,0
3832,12,2*2*2*479,2*2*2*479,5,4,5,0
3833,12,3833,3833,23,24,23,0
3834,12,2*3*3*3*71,2*3*3*3*71,0,0,0,0
3835,12,5*13*59,5*13*59,0,0,0,0
3836,12,2*2*7*137,2*2*7*137,0,0,0,0
3837,12,3*1279,3*1279,13,11,13,0
3838,12,2*19*101,2*19*101,3,3,17,0
3839,12,11*349,11*349,2,2,2,0
3840,12,2*2*2*2*2*2*2*2*3*5,2*2*2*2*2*2*2*2*3*5,0,0,0,0
3841,12,23*167,23*167,7,5,23,1
3842,12,2*17*113,2*17*113,1,1,17,0
3843,12,3*3*7*61,3*3*7*61,0,0,0,0
3844,12,2*2*31*31,2*2*31*31,12,9,11,1
3845,12,5*769,5*769,9,7,9,0
3846,12,2*3*641,2*3*641,8,6,8,0
3847,12,3847,3847,23,24,23,0
3848,12,2*2*2*13*37,2*2*2*13*37,0,0,0,0
3849,12,3*1283,3*1283,13,11,13,0
3850,12,2*5*5*7*11,2*5*5*7*11,0,0,0,0
3851,12,3851,3851,23,24,23,0
3852,12,2*2*3*3*107,2*2*3*3*107,0,0,0,0
3853,12,3853,3853,23,24,23,0
3854,12,2*41*47,2*41*47,18,15,17,2
3855,12,3*5*257,3*5*257,0,0,0,0
3856,12,2*2*2*2*241,2*2*2*2*241,0,0,0,0
3857,12,7*19*29,7*19*29,3,3,6,0
3858,12,2*3*643,2*3*643,8,6,8,0
3859,12,17*227,17*227,1,1,23,0
3860,12,2*2*5*193,2*2*5*193,0,0,0,0
3861,12,3*3*3*11*13,3*3*3*11*13,0,0,0,0
3862,12,2*1931,2*1931,17,15,17,0
3863,12,3863,3863,23,24,23,0
3864,12,2*2*2*3*7*23,2*2*2*3*7*23,0,0,0,0
3865,12,5*773,5*773,9,7,9,0
3866,12,2*1933,2*1933,17,15,17,0
3867,12,3*1289,3*1289,13,11,13,0
3868,12,2*2*967,2*2*967,11,9,11,0
3869,12,53*73,53*73,21,21,23,1
3870,12,2*3*3*5*43,2*3*3*5*43,0,0,0,0
3871,12,7*7*79,7*7*79,0,0,0,0
3872,12,2*2*2*2*2*11*11,2*2*2*2*2*11*11,0,0,0,0
3873,12,3*1291,3*1291,13,11,13,0
3874,12,2*13*149,2*13*149,0,0,0,0
3875,12,5*5*5*31,5*5*5*31,0,0,0,0
3876,12,2*2*3*17*19,2*2*3*17*19,1,1,2,0
3877,12,3877,3877,23,24,23,0
3878,12,2*7*277,2*7*277,0,0,0,0
3879,12,3*3*431,3*3*431,4,3,4,0
3880,12,2*2*2*5*97,2*2*2*5*97,0,0,0,0
3881,12,3881,3881,23,24,23,0
3882,12,2*3*647,2*3*647,8,6,8,0
3883,12,11*353,11*353,2,2,2,0
3884,12,2*2*971,2*2*971,11,9,11,0
3885,12,3*5*7*37,3*5*7*37,0,0,0,0
3886,12,2*29*67,2*29*67,11,8,17,1
3887,12,13*13*23,13*13*23,0,0,0,0
3888,12,2*2*2*2*3*3*3*3*3,2*2*2*2*3*3*3*3*3,0,0,0,0
3889,12,3889,3889,23,24,23,0
3890,12,2*5*389,2*5*389,3,3,3,0
3891,12,3*1297,3*1297,14,11,14,0
3892,12,2*2*7*139,2*2*7*139,0,0,0,0
3893,12,17*229,17*229,1,1,23,0
3894,12,2*3*11*59,2*3*11*59,0,0,0,0
3895,12,5*19*41,5*19*41,3,3,9,0
3896,12,2*2*2*487,2*2*2*487,6,4,6,0
3897,12,3*3*433,3*3*433,4,3,4,0
3898,12,2*1949,2*1949,17,15,17,0
3899,12,7*557,7*557,6,5,6,0
3900,12,2*2*3*5*5*13,2*2*3*5*5*13,0,0,0,0
3901,12,47*83,47*83,19,18,23,1
3902,12,2*1951,2*1951,17,15,17,0
3903,12,3*1301,3*1301,14,11,14,0
3904,12,2*2*2*2*2*2*61,2*2*2*2*2*2*61,0,0,0,0
3905,12,5*11*71,5*11*71,0,0,0,0
3906,12,2*3*3*7*31,2*3*3*7*31,0,0,0,0
3907,12,3907,3907,23,24,23,0
3908,12,2*2*977,2*2*977,11,9,11,0
3909,12,3*1303,3*1303,14,11,14,0
3910,12,2*5*17*23,2*5*17*23,1,1,3,0
3911,12,3911,3911,23,24,23,0
3912,12,2*2*2*3*163,2*2*2*3*163,0,0,0,0
3913,12,7*13*43,7*13*43,0,0,0,0
3914,12,2*19*103,2*19*103,3,3,17,0
3915,12,3*3*3*5*29,3*3*3*5*29,0,0,0,0
3916,12,2*2*11*89,2*2*11*89,0,0,0,0
3917,12,3917,3917,23,24,23,0
3918,12,2*3*653,2*3*653,8,6,8,0
3919,12,3919,3919,23,24,23,0
3920,12,2*2*2*2*5*7*7,2*2*2*2*5*7*7,0,0,0,0
3921,12,3*1307,3*1307,14,11,14,0
3922,12,2*37*53,2*37*53,15,12,17,1
3923,12,3923,3923,23,24,23,0
3924,12,2*2*3*3*109,2*2*3*3*109,0,0,0,0
3925,12,5*5*157,5*5*157,0,0,0,0
3926,12,2*13*151,2*13*151,0,0,0,0
3927,12,3*7*11*17,3*7*11*17,0,0,0,0
3928,12,2*2*2*491,2*2*2*491,6,4,6,0
3929,12,3929,3929,23,24,23,0
3930,12,2*3*5*131,2*3*5*131,0,0,0,0
3931,12,3931,3931,23,24,23,0
3932,12,2*2*983,2*2*983,11,9,11,0
3933,12,3*3*19*23,3*3*19*23,3,3,4,0
3934,12,2*7*281,2*7*281,0,0,0,0
3935,12,5*787,5*787,10,7,10,0
3936,12,2*2*2*2*2*3*41,2*2*2*2*2*3*41,0,0,0,0
3937,12,31*127,31*127,12,9,23,1
3938,12,2*11*179,2*11*179,0,0,0,0
3939,12,3*13*101,3*13*101,0,0,0,0
3940,12,2*2*5*197,2*2*5*197,0,0,0,0
3941,12,7*563,7*563,6,5,6,0
3942,12,2*3*3*3*73,2*3*3*3*73,0,0,0,0
3943,12,3943,3943,23,24,23,0
3944,12,2*2*2*17*29,2*2*2*17*29,1,1,6,0
3945,12,3*5*263,3*5*263,0,0,0,0
3946,12,2*1973,2*1973,17,15,17,0
3947,12,3947,3947,23,24,23,0
3948,12,2*2*3*7*47,2*2*3*7*47,0,0,0,0
3949,12,11*359,11*359,2,2,2,0
3950,12,2*5*5*79,2*5*5*79,0,0,0,0
3951,12,3*3*439,3*3*439,4,3,4,0
3952,12,2*2*2*2*13*19,2*2*2*2*13*19,0,0,0,0
3953,12,59*67,59*67,24,24,23,2
3954,12,2*3*659,2*3*659,8,6,8,0
3955,12,5*7*113,5*7*113,0,0,0,0
3956,12,2*2*23*43,2*2*23*43,7,5,11,1
3957,12,3*1319,3*1319,14,11,14,0
3958,12,2*1979,2*1979,17,15,17,0
3959,12,37*107,37*107,15,12,23,1
3960,12,2*2*2*3*3*5*11,2*2*2*3*3*5*11,0,0,0,0
3961,12,17*233,17*233,1,1,23,0
3962,12,2*7*283,2*7*283,0,0,0,0
3963,12,3*1321,3*1321,14,11,14,0
3964,12,2*2*991,2*2*991,11,9,11,0
3965,12,5*13*61,5*13*61,0,0,0,0
3966,12,2*3*661,2*3*661,8,6,8,0
3967,12,3967,3967,23,24,23,0
3968,12,2*2*2*2*2*2*2*31,2*2*2*2*2*2*2*31,0,0,0,0
3969,12,3*3*3*3*7*7,3*3*3*3*7*7,0,0,0,0
3970,12,2*5*397,2*5*397,3,3,3,0
3971,12,11*19*19,11*19*19,3,3,3,0
3972,12,2*2*3*331,2*2*3*331,2,2,2,0
3973,12,29*137,29*137,11,8,23,1
3974,12,2*1987,2*1987,17,15,17,0
3975,12,3*5*5*53,3*5*5*53,0,0,0,0
3976,12,2*2*2*7*71,2*2*2*7*71,0,0,0,0
3977,12,41*97,41*97,18,15,23,2
3978,12,2*3*3*13*17,2*3*3*13*17,0,0,0,0
3979,12,23*173,23*173,7,5,23,1
3980,12,2*2*5*199,2*2*5*199,0,0,0,0
3981,12,3*1327,3*1327,14,11,14,0
3982,12,2*11*181,2*11*181,0,0,0,0
3983,12,7*569,7*569,6,5,6,0
3984,12,2*2*2*2*3*83,2*2*2*2*3*83,0,0,0,0
3985,12,5*797,5*797,10,7,10,0
3986,12,2*1993,2*1993,17,15,17,0
3987,12,3*3*443,3*3*443,5,4,5,0
3988,12,2*2*997,2*2*997,11,9,11,0
3989,12,3989,3989,23,25,23,0
3990,12,2*3*5*7*19,2*3*5*7*19,0,0,0,0
3991,12,13*307,13*307,2,2,2,0
3992,12,2*2*2*499,2*2*2*499,6,4,6,0
3993,12,3*11*11*11,3*11*11*11,0,0,0,0
3994,12,2*1997,2*1997,17,15,17,0
3995,12,5*17*47,5*17*47,1,1,10,0
3996,12,2*2*3*3*3*37,2*2*3*3*3*37,0,0,0,0
3997,12,7*571,7*571,6,5,6,0
3998,12,2*1999,2*1999,17,15,17,0
3999,12,3*31*43,3*31*43,12,9,14,1
4000,12,2*2*2*2*2*5*5*5,2*2*2*2*2*5*5*5,0,0,0,0
4001,12,4001,4001,23,25,23,0
4002,12,2*3*23*29,2*3*23*29,7,5,8,1
4003,12,4003,4003,23,25,23,0
4004,12,2*2*7*11*13,2*2*7*11*13,0,0,0,0
4005,12,3*3*5*89,3*3*5*89,0,0,0,0
4006,12,2*2003,2*2003,17,15,17,0
4007,12,4007,4007,23,25,23,0
4008,12,2*2*2*3*167,2*2*2*3*167,0,0,0,0
4009,12,19*211,19*211,3,3,23,0
4010,12,2*5*401,2*5*401,4,3,4,0
4011,12,3*7*191,3*7*191,0,0,0,0
4012,12,2*2*17*59,2*2*17*59,1,1,11,0
4013,12,4013,4013,23,25,23,0
4014,12,2*3*3*223,2*3*3*223,0,0,0,0
4015,12,5*11*73,5*11*73,0,0,0,0
4016,12,2*2*2*2*251,2*2*2*2*251,0,0,0,0
4017,12,3*13*103,3*13*103,0,0,0,0
4018,12,2*7*7*41,2*7*7*41,0,0,0,0
4019,12,4019,4019,23,25,23,0
4020,12,2*2*3*5*67,2*2*3*5*67,0,0,0,0
4021,12,4021,4021,23,25,23,0
4022,12,2*2011,2*2011,17,15,17,0
4023,12,3*3*3*149,3*3*3*149,0,0,0,0
4024,12,2*2*2*503,2*2*2*503,6,4,6,0
4025,12,5*5*7*23,5*5*7*23,0,0,0,0
4026,12,2*3*11*61,2*3*11*61,0,0,0,0
4027,12,4027,4027,23,25,23,0
4028,12,2*2*19*53,2*2*19*53,3,3,11,0
4029,12,3*17*79,3*17*79,1,1,14,0
4030,12,2*5*13*31,2*5*13*31,0,0,0,0
4031,12,29*139,29*139,11,8,23,1
4032,12,2*2*2*2*2*2*3*3*7,2*2*2*2*2*2*3*3*7,0,0,0,0
4033,12,37*109,37*109,15,12,23,1
4034,12,2*2017,2*2017,17,15,17,0
4035,12,3*5*269,3*5*269,0,0,0,0
4036,12,2*2*1009,2*2*1009,11,9,11,0
4037,12,11*367,11*367,3,3,3,0
4038,12,2*3*673,2*3*673,8,6,8,0
4039,12,7*577,7*577,7,5,7,0
4040,12,2*2*2*5*101,2*2*2*5*101,0,0,0,0
4041,12,3*3*449,3*3*449,5,4,5,0
4042,12,2*43*47,2*43*47,18,16,17,1
4043,12,13*311,13*311,2,2,2,0
4044,12,2*2*3*337,2*2*3*337,2,2,2,0
4045,12,5*809,5*809,10,7,10,0
4046,12,2*7*17*17,2*7*17*17,1,1,2,0
4047,12,3*19*71,3*19*71,3,3,14,0
4048,12,2*2*2*2*11*23,2*2*2*2*11*23,0,0,0,0
4049,12,4049,4049,23,25,23,0
4050,12,2*3*3*3*3*5*5,2*3*3*3*3*5*5,0,0,0,0
4051,12,4051,4051,23,25,23,0
4052,12,2*2*1013,2*2*1013,11,9,11,0
4053,12,3*7*193,3*7*193,0,0,0,0
4054,12,2*2027,2*2027,18,16,18,0
4055,12,5*811,5*811,10,7,10,0
4056,12,2*2*2*3*13*13,2*2*2*3*13*13,0,0,0,0
4057,12,4057,4057,23,25,23,0
4058,12,2*2029,2*2029,18,16,18,0
4059,12,3*3*11*41,3*3*11*41,0,0,0,0
4060,12,2*2*5*7*29,2*2*5*7*29,0,0,0,0
4061,12,31*131,31*131,12,9,23,1
4062,12,2*3*677,2*3*677,9,6,9,0
4063,12,17*239,17*239,1,1,23,0
4064,12,2*2*2*2*2*127,2*2*2*2*2*127,0,0,0,0
4065,12,3*5*271,3*5*271,0,0,0,0
4066,12,2*19*107,2*19*107,3,3,18,0
4067,12,7*7*83,7*7*83,0,0,0,0
4068,12,2*2*3*3*113,2*2*3*3*113,0,0,0,0
4069,12,13*313,13*313,2,2,2,0
4070,12,2*5*11*37,2*5*11*37,0,0,0,0
4071,12,3*23*59,3*23*59,7,5,14,1
4072,12,2*2*2*509,2*2*2*509,6,4,6,0
4073,12,4073,4073,23,25,23,0
4074,12,2*3*7*97,2*3*7*97,0,0,0,0
4075,12,5*5*163,5*5*163,0,0,0,0
4076,12,2*2*1019,2*2*1019,11,9,11,0
4077,12,3*3*3*151,3*3*3*151,0,0,0,0
4078,12,2*2039,2*2039,18,16,18,0
4079,12,4079,4079,23,25,23,0
4080,12,2*2*2*2*3*5*17,2*2*2*2*3*5*17,0,0,0,0
4081,12,7*11*53,7*11*53,0,0,0,0
4082,12,2*13*157,2*13*157,0,0,0,0
4083,12,3*1361,3*1361,14,11,14,0
4084,12,2*2*1021,2*2*1021,11,9,11,0
4085,12,5*19*43,5*19*43,3,3,10,0
4086,12,2*3*3*227,2*3*3*227,0,0,0,0
4087,12,61*67,61*67,25,26,23,2
4088,12,2*2*2*7*73,2*2*2*7*73,0,0,0,0
4089,12,3*29*47,3*29*47,11,8,14,1
4090,12,2*5*409,2*5*409,4,3,4,0
4091,12,4091,4091,23,25,23,0
4092,12,2*2*3*11*31,2*2*3*11*31,0,0,0,0
4093,12,4093,4093,23,25,23,0
4094,12,2*23*89,2*23*89,7,5,18,1
4095,12,3*3*5*7*13,3*3*5*7*13,0,0,0,0
4096,13,2*2*2*2*2*2*2*2*2*2*2*2,2*2*2*2*2*2*2*2*2*2*2*2,0,0,0,0
